correl	nenio	无o
correl	neniu	无u
correl	nenia	无a
correl	nenie	无e
correl	neniam	无时
correl	neniom	无量
correl	nenies	无之
correl	nenial	无因
correl	neniel	无样
correl	kio	何o
correl	kiu	何u
correl	kia	何a
correl	kie	何e
correl	kiam	何时
correl	kiom	何量
correl	kies	何之
correl	kial	何因
correl	kiel	何样
correl	ĉio	全o
correl	ĉiu	全u
correl	ĉia	全a
correl	ĉie	全e
correl	ĉiam	全时
correl	ĉiom	全量
correl	ĉies	全之
correl	ĉial	全因
correl	ĉiel	全样
correl	io	某o
correl	iu	某u
correl	ia	某a
correl	ie	某e
correl	iam	某时
correl	iom	某量
correl	ies	某之
correl	ial	某因
correl	iel	某样
correl	tio	那o
correl	tiu	那u
correl	tia	那a
correl	tie	那e
correl	tiam	那时
correl	tiom	那量
correl	ties	那之
correl	tial	那因
correl	tiel	那样
prep	pri	于
prep	el	出
prep	po	每
prep	inter	间
prep	tra	穿
prep	per	以
prep	kontraŭ	对
prep	al	向
prep	por	为
prep	ĝis	至
prep	post	后
prep	pro	因
prep	laŭ	按
prep	sen	无
prep	sub	下
prep	ĉirkaŭ	围
prep	ekster	外
prep	sur	上
prep	trans	越
prep	ĉe	在
prep	apud	旁
prep	kun	共
prep	malgraŭ	不顾
prep	super	上
prep	de	从
prep	anstataŭ	代
prep	en	内
prep	krom	外
prep	da	份
prep	antaŭ	前
prep	dum	期
prep	preter	过
num	naŭ	九
num	kvar	四
num	mil	千
num	cent	百
num	tri	三
num	ses	六
num	ok	八
num	du	二
num	unu	一
num	dek	十
num	kvin	五
num	sep	七
suf	aĉ	劣
suf	an	员
suf	eg	巨
suf	ig	使
suf	ad	行
suf	ul	者
suf	ebl	可
suf	obl	倍
suf	log	学家
suf	et	小
suf	em	倾
suf	il	具
suf	end	须
suf	iĝ	成
suf	id	子
suf	on	分
suf	er	粒
suf	ej	所
suf	uj	器
suf	ar	群
suf	ec	性
suf	ind	值
suf	ing	座
suf	estr	长
suf	in	女
suf	aĵ	物
suf	ist	家
suf	ism	主义
suf	op	组
pref	fi	卑
pref	ĉef	首
pref	dis	散
pref	pra	原
pref	mis	误
pref	bo	姻
pref	re	再
pref	mal	反
pref	ek	始
pref	ge	双
pref	eks	旧
cal	april	四月
cal	aŭgust	八月
cal	oktobr	十月
cal	vendred	金
cal	januar	一月
cal	mard	火
cal	dimanĉ	日
cal	novembr	十一月
cal	decembr	十二月
cal	ĵaŭd	木
cal	mart	三月
cal	sabat	土
cal	septembr	九月
cal	merkred	水
cal	maj	五月
cal	juli	七月
cal	februar	二月
cal	juni	六月
cal	lund	月
func	ajn	任
func	almenaŭ	至
func	ambaŭ	两
func	ankaŭ	也
func	ankoraŭ	还
func	apenaŭ	才
func	aŭ	或
func	baldaŭ	将
func	ĉar	因
func	ĉu	吗
func	do	故
func	eĉ	连
func	for	离
func	ĝi	它
func	hieraŭ	昨
func	hodiaŭ	今
func	ili	他们
func	ja	确
func	jam	已
func	jen	这
func	jes	对
func	ĵus	刚
func	kaj	和
func	ke	事
func	kvankam	虽
func	kvazaŭ	如
func	li	他
func	mem	自
func	mi	我
func	morgaŭ	明
func	ne	不
func	nek	也不
func	ni	我们
func	nun	现
func	nur	仅
func	ol	比
func	oni	人
func	plej	最
func	pli	更
func	plu	还
func	preskaŭ	几
func	se	若
func	sed	但
func	si	己
func	ŝi	她
func	tamen	却
func	tre	很
func	tro	太
func	tuj	即
func	vi	你
func	adiaŭ	再见
func	he	喂
func	minus	减
func	plus	加
func	bis	再
content	rest	余
content	afer	事
content	ali	别
content	alt	高
content	am	爱
content	amik	友
content	bel	美
content	bon	良
content	ĉambr	室
content	demand	问
content	dev	应
content	dezir	欲
content	dir	说
content	don	给
content	est	是
content	facil	易
content	far	做
content	feliĉ	幸
content	fin	终
content	flank	侧
content	foj	次
content	form	形
content	fort	强
content	ĝoj	喜
content	grand	大
content	grav	重
content	hav	有
content	help	助
content	hom	人
content	infan	童
content	ir	往
content	jar	年
content	jun	幼
content	kamp	田
content	kap	头
content	kelk	些
content	klar	清
content	komenc	始
content	kompren	解
content	kon	认
content	kor	心
content	kred	信
content	labor	劳
content	land	国
content	last	末
content	leg	读
content	lern	学
content	lev	举
content	liber	自由
content	loĝ	住
content	lok	处
content	long	长
content	man	手
content	met	置
content	milit	战
content	mond	界
content	montr	示
content	mort	死
content	mov	动
content	mult	多
content	naci	族
content	nom	名
content	nov	新
content	okaz	生
content	parol	话
content	patr	父
content	pet	求
content	plen	满
content	port	运
content	pov	能
content	pren	拿
content	proksim	近
content	rapid	速
content	respond	答
content	riĉ	富
content	ricev	收
content	rid	笑
content	ruĝ	红
content	ŝajn	像
content	sam	同
content	sci	知
content	sekv	随
content	send	送
content	sid	坐
content	sinjor	君
content	skrib	书
content	star	立
content	tag	日
content	temp	时
content	ten	持
content	ter	地
content	tut	整
content	ven	来
content	vetur	乘
content	vid	见
content	vir	男
content	viv	活
content	voj	路
content	vol	愿
content	vort	词
content	daŭr	续
content	kolekt	集
content	nul	零
content	aĉet	买
content	akv	水
content	arb	树
content	art	艺
content	atend	待
content	aŭd	听
content	bat	打
content	bezon	需
content	bild	画
content	bird	鸟
content	blank	白
content	brul	燃
content	buŝ	口
content	cert	确
content	dank	谢
content	dekstr	右
content	dolĉ	甘
content	dom	屋
content	dorm	睡
content	edz	夫
content	fal	落
content	famili	家
content	fenestr	窗
content	ferm	闭
content	fil	儿
content	fingr	指
content	flug	飞
content	frat	兄
content	fraŭl	单
content	frukt	果
content	har	毛
content	hejm	家
content	hor	钟
content	interes	趣
content	ĵet	投
content	kant	唱
content	knab	郎
content	kolor	色
content	konsil	议
content	konstru	建
content	kost	费
content	kresk	育
content	kri	叫
content	kuraĝ	勇
content	kur	跑
content	las	留
content	leter	信
content	libr	书
content	lingv	语
content	lit	床
content	lum	光
content	manĝ	食
content	mank	缺
content	mar	海
content	maten	晨
content	memor	记
content	mir	惊
content	mon	钱
content	mont	山
content	mur	壁
content	nask	生
content	neces	必
content	nigr	黑
content	okul	目
content	okup	占
content	pac	和
content	pag	付
content	part	部
content	pas	过
content	pec	片
content	pens	思
content	perd	失
content	permes	许
content	person	人
content	pied	足
content	popol	民
content	pord	门
content	prem	压
content	prezent	呈
content	propr	己
content	prov	试
content	punkt	点
content	pur	纯
content	rajt	权
content	rakont	述
content	reg	治
content	renkont	遇
content	rigard	看
content	rimark	觉
content	ŝanĝ	变
content	semajn	周
content	sent	感
content	serĉ	寻
content	simpl	简
content	sol	唯
content	son	声
content	sun	阳
content	tabl	桌
content	tim	怕
content	tir	拉
content	trankvil	静
content	trink	饮
content	turn	转
content	urb	市
content	uz	用
content	valor	值
content	varm	暖
content	vent	风
content	ver	真
content	vesper	晚
content	vest	衣
content	vizaĝ	颜
content	vojaĝ	旅
content	fru	早
content	aer	气
content	aĝ	岁
content	agrabl	快
content	akcept	受
content	amas	堆
content	aper	现
content	atent	注
content	aŭskult	听
content	aŭtun	秋
content	best	兽
content	blu	蓝
content	bril	亮
content	cel	标
content	dent	齿
content	dik	厚
content	direkt	方
content	divers	杂
content	dolor	痛
content	dub	疑
content	elekt	选
content	erar	错
content	esper	望
content	fiŝ	鱼
content	flor	花
content	forges	忘
content	fremd	异
content	gaj	欢
content	ĝarden	园
content	gazet	报
content	glas	杯
content	ĝust	正
content	histori	史
content	hund	犬
content	ide	意
content	kalkul	算
content	kapt	捕
content	kar	亲
content	kaŝ	藏
content	kat	猫
content	kaŭz	因
content	koler	怒
content	komerc	商
content	komun	共
content	konduk	导
content	konsent	赞
content	kontent	满
content	korp	体
content	kovr	盖
content	kuir	烹
content	kuŝ	躺
content	lac	疲
content	lakt	乳
content	larĝ	宽
content	lav	洗
content	lig	结
content	lud	玩
content	mark	标
content	mez	中
content	minut	分
content	monat	月
content	natur	然
content	naz	鼻
content	neĝ	雪
content	nokt	夜
content	nub	云
content	onkl	叔
content	opini	想
content	orel	耳
content	pan	面包
content	paper	纸
content	pardon	恕
content	plor	哭
content	pluv	雨
content	pret	备
content	printemp	春
content	ripoz	休
content	river	河
content	romp	破
content	salut	问
content	san	健
content	sat	饱
content	seĝ	椅
content	serv	务
content	silent	默
content	ŝip	船
content	somer	夏
content	ŝton	石
content	strat	街
content	sufiĉ	够
content	tranĉ	切
content	tuŝ	触
content	util	益
content	vend	卖
content	verd	绿
content	vintr	冬
content	vok	呼
content	zorg	护
content	ag	办
content	ating	到
content	ban	浴
content	decid	决
content	ekzist	存
content	fiks	定
content	flu	流
content	grup	团
content	instru	教
content	invit	邀
content	klas	级
content	mol	软
content	paĝ	页
content	pend	挂
content	pez	重
content	plaĉ	悦
content	poŝt	邮
content	puŝ	推
content	saĝ	智
content	ŝat	喜
content	simil	似
content	stud	研
content	sukces	成
content	verk	作
content	vizit	访
content	precip	主
content	supr	顶
content	bedaŭr	憾
content	gvid	导
content	miks	混
content	par	偶
content	publik	公
content	spert	验
content	te	茶
content	trov	找
content	venk	胜
content	volv	卷
content	afabl	善
content	ĉeval	马
content	halt	停
content	kort	院
content	postul	求
content	rimed	法
content	dat	期
content	angul	角
content	apart	独
content	av	爷
content	batal	战
content	bord	岸
content	brak	臂
content	bru	噪
content	ĉapel	帽
content	ekzempl	例
content	fajr	火
content	fer	铁
content	fest	庆
content	frap	敲
content	gajn	赢
content	hel	亮
content	intern	内
content	just	公
content	kol	颈
content	kutim	习
content	lign	木
content	lini	线
content	mezur	测
content	moment	刻
content	nombr	数
content	ord	序
content	ordon	令
content	paŝ	步
content	pen	努
content	plank	板
content	plend	诉
content	plezur	乐
content	plum	羽
content	prav	理
content	profund	深
content	rond	圆
content	roz	玫
content	salt	跳
content	sang	血
content	spec	种
content	staci	站
content	stat	态
content	sufer	苦
content	suker	糖
content	vagon	厢
content	vek	醒
content	veter	气
content	vilaĝ	村
content	vitr	玻
content	produkt	产
content	prunt	借
content	rul	卷
content	aŭt	车
content	adres	址
content	amuz	娱
content	anim	魂
content	aranĝ	整
content	arĝent	银
content	benk	凳
content	bov	牛
content	brun	褐
content	brust	胸
content	buter	黄油
content	ĉes	止
content	ceter	余
content	danĝer	危
content	donac	礼
content	dors	背
content	efektiv	实
content	efik	效
content	egal	等
content	estim	尊
content	flav	黄
content	foli	叶
content	font	泉
content	freŝ	鲜
content	fund	底
content	gard	守
content	genu	膝
content	glaci	冰
content	griz	灰
content	herb	草
content	horloĝ	钟
content	ink	墨
content	insekt	虫
content	intenc	意
content	juĝ	判
content	kapabl	能
content	klin	斜
content	kok	鸡
content	kompat	怜
content	konserv	存
content	kovert	封
content	krajon	笔
content	kre	创
content	kruc	十字
content	krur	腿
content	kuk	糕
content	kuler	勺
content	kulp	罪
content	kurac	医
content	kuz	堂
content	lag	湖
content	lang	舌
content	leĝ	律
content	lert	巧
content	lim	界
content	lun	月
content	manier	式
content	marŝ	步
content	mastr	主
content	mok	嘲
content	muzik	乐
content	numer	号
content	objekt	物
content	ofic	职
content	ombr	影
content	ordinar	普
content	ov	卵
content	pak	包
content	plafon	顶
content	pork	猪
content	poŝ	袋
content	prefer	宁
content	prepar	备
content	promen	步
content	promes	诺
content	radi	射
content	region	区
content	reĝ	王
content	rekt	直
content	religi	宗
content	ripet	复
content	ŝaf	羊
content	sak	袋
content	sek	干
content	senc	意
content	serioz	严
content	ŝlos	锁
content	spir	息
content	spirit	灵
content	ŝtat	国
content	ŝtel	偷
content	stel	星
content	ŝtup	阶
content	sum	总
content	teler	盘
content	terur	恐
content	tond	剪
content	traf	击
content	tru	穴
content	vapor	汽
content	vast	广
content	vin	酒
content	voĉ	声
content	di	神
content	fend	裂
content	fot	拍
content	inkluziv	含
content	koleg	伴
content	komput	算
content	kontakt	接
content	kotiz	纳
content	Krist	未対応
content	novel	篇
content	registr	录
content	rezerv	储
content	sonor	响
content	strek	划
content	taŭg	适
content	akir	获
content	akompan	伴
content	akr	锐
content	anonc	宣
content	aparten	属
content	apog	支
content	aprob	赞
content	arm	武
content	atak	攻
content	avert	警
content	bar	障
content	baston	棒
content	blov	吹
content	bol	沸
content	botel	瓶
content	branĉ	枝
content	buton	扣
content	ĉapitr	章
content	ĉas	猎
content	ĉemiz	衫
content	cifer	数
content	danc	舞
content	defend	防
content	delikat	细
content	dens	密
content	desegn	绘
content	diferenc	异
content	doktor	博
content	eben	平
content	eduk	育
content	esting	灭
content	evit	避
content	faden	丝
content	fak	专
content	fakt	事
content	fals	伪
content	fam	名
content	fidel	忠
content	fier	骄
content	firm	坚
content	flag	旗
content	fork	叉
content	fum	烟
content	gas	气
content	gast	客
content	ĝeneral	总
content	ĝen	扰
content	ĝentil	礼
content	gras	脂
content	gut	滴
content	haŭt	皮
content	hejt	热
content	honest	诚
content	honor	誉
content	hont	耻
content	imag	想
content	imit	仿
content	industri	业
content	inform	告
content	insul	岛
content	jak	服
content	kajer	册
content	kest	箱
content	kis	吻
content	komfort	舒
content	kompar	较
content	kondiĉ	件
content	kondut	举
content	konsci	觉
content	konsist	成
content	konstant	恒
content	konven	适
content	korespond	通
content	kultur	耕
content	kviet	静
content	lamp	灯
content	lecion	课
content	legom	菜
content	lip	唇
content	liter	字
content	maŝin	机
content	matur	熟
content	mebl	具
content	mend	订
content	mensog	谎
content	merit	值
content	metal	金
content	mien	容
num	milion	百万
content	minac	胁
content	naĝ	游
content	najbar	邻
content	nep	孙
content	nev	侄
content	oft	常
content	nepr	必
content	volont	愿
content	nord	北
content	not	记
content	obe	服
content	okcident	西
content	ole	油
content	ond	波
content	or	金
content	organiz	组
content	orient	东
content	ost	骨
content	pacienc	忍
content	paf	射
content	pantalon	裤
content	parenc	亲
content	past	糊
content	pel	驱
content	pentr	描
content	pik	刺
content	pilk	球
content	pint	尖
content	plant	植
content	plur	多
content	polic	警
content	pom	苹
content	pont	桥
content	posed	有
content	praktik	践
content	preciz	准
content	preĝ	祈
content	premi	奖
content	pres	印
content	prez	价
content	progres	进
content	pun	罚
content	rad	轮
content	regul	规
content	rekomend	荐
content	respekt	敬
content	ret	网
content	rezult	果
content	rifuz	拒
content	rikolt	获
content	rilat	关
content	ripar	修
content	riproĉ	责
content	sal	盐
content	ŝanc	机
content	sankt	圣
content	sap	皂
content	sav	救
content	scienc	科
content	sekret	秘
content	sem	种
content	seri	列
content	sezon	季
content	sign	符
content	ŝir	裂
content	skatol	盒
content	soif	渴
content	soldat	兵
content	special	特
content	spez	兑
content	ŝrank	柜
content	strang	奇
content	streĉ	紧
content	ŝtrump	袜
content	ŝu	鞋
content	subit	突
content	sud	南
content	sup	汤
content	tabul	板
content	tas	杯
content	tegment	顶
content	tol	布
content	trem	颤
content	tromp	骗
content	tuk	巾
content	val	谷
content	vang	颊
content	viand	肉
content	vic	列
content	vigl	活
content	viŝ	拭
content	vund	伤
content	fos	掘
content	polur	磨
content	ŝarĝ	载
content	akcident	祸
content	aparat	器
content	arme	军
content	artikol	文
content	aspekt	显
content	babil	聊
content	bank	银
content	bier	酒
content	bilet	票
content	blind	盲
content	ĉap	帽
content	ĉarm	魅
content	centr	央
content	des	愈
content	detru	毁
content	difekt	损
content	difin	定
content	diligent	勤
content	diskut	论
content	divid	分
content	ekskurs	游
content	ekzamen	检
content	ekzerc	练
content	elektr	电
content	embaras	窘
content	energi	能
content	epok	纪
content	esplor	探
content	esprim	表
content	etaĝ	层
content	etend	伸
content	etern	永
content	evident	显
content	evolu	展
content	fald	折
content	fand	熔
content	fart	体
content	favor	利
content	feri	假
content	fianĉ	婚
content	fid	信
content	figur	形
content	film	影
content	flam	焰
content	fortik	坚
content	fulm	闪
content	glat	滑
content	grad	度
content	ĝu	享
content	gust	味
content	haven	港
content	hezit	犹
content	hotel	馆
content	humil	谦
content	humor	情
content	jup	裙
content	kamarad	伴
content	karakter	格
content	kav	洞
content	kler	文
content	komunik	传
content	koncern	涉
content	kongres	会
content	konsider	虑
content	konsol	慰
content	konstat	确
content	krud	粗
content	kudr	缝
content	kurs	课
content	kvalit	质
content	kvant	量
content	lan	毛
content	laŭd	赞
content	laŭt	响
content	litr	升
content	lu	租
content	luks	奢
content	magazen	仓
content	mantel	披
content	membr	员
content	meti	艺
content	metr	米
content	mild	柔
content	mizer	惨
content	mod	式
content	mor	俗
content	murmur	咕
content	mut	哑
content	nebul	雾
content	nest	巢
content	nud	裸
content	nutr	养
content	odor	气
content	oportun	便
content	oranĝ	橙
content	organ	器
content	origin	源
content	ornam	饰
content	pal	苍
content	plac	场
content	plan	划
content	politik	政
content	potenc	力
content	prezid	主
content	privat	私
content	protest	抗
content	prudent	慎
content	radik	根
content	rajd	骑
content	rel	轨
content	reprezent	表
content	restoraci	餐
content	ring	环
content	riz	米
content	ruz	狡
content	sabl	沙
content	scen	场
content	sekund	秒
content	sever	严
content	signif	意
content	sincer	诚
content	soci	社
content	societ	社
content	solv	解
content	sonĝ	梦
content	spac	空
content	ŝpar	省
content	stomak	胃
content	ŝtop	堵
content	stult	愚
content	suk	汁
content	ŝuld	欠
content	ŝultr	肩
content	supoz	设
content	surpriz	惊
content	ŝvel	肿
content	ŝvit	汗
content	tabel	表
content	taks	评
content	task	务
content	tem	题
content	titol	题
content	toler	忍
content	tomb	墓
content	tondr	雷
content	traduk	译
content	tur	塔
content	urĝ	急
content	valiz	箱
content	van	徒
content	ventr	腹
content	verŝ	浇
content	zon	带
content	abon	订
content	admir	佩
content	asoci	联
content	baz	基
content	bibliotek	库
content	bicikl	车
content	boat	舟
content	butik	店
content	ced	让
content	cerb	脑
content	disting	辨
content	ekonomi	经济
content	ekstrem	极
content	ekvilibr	衡
content	escept	除
content	esenc	质
content	fabrik	厂
content	fervor	热
content	fleks	弯
content	funkci	功
content	gratul	贺
content	hospital	医
content	ideal	想
content	influ	影
content	ju	越
content	ĵurnal	记
content	kas	库
content	kontrol	检
content	kritik	评
content	literatur	文
content	map	图
content	metod	法
content	modern	现
content	modest	谦
content	motor	动
content	normal	正
content	ofer	献
content	oficial	官
content	original	原
content	park	园
content	pejzaĝ	景
content	penetr	穿
content	perfekt	完
content	poem	诗
content	problem	题
content	profesi	职
content	profit	利
content	rab	抢
content	raport	报
content	reciprok	互
content	rev	幻
content	revu	刊
content	salon	厅
content	sistem	系
content	ŝov	推
content	sovaĝ	野
content	sport	体
content	student	学
content	ŝut	撒
content	teatr	剧
content	temperatur	温
content	tip	型
content	ton	调
content	tord	拧
content	trakt	理
content	tren	拖
content	var	货
content	vari	变
content	azen	驴
content	gren	谷
content	korb	篮
content	abi	杉
content	acid	酸
content	agl	雕
content	agord	调
content	bot	靴
content	burĝ	资
content	domaĝ	惜
content	fojn	干草
content	fotograf	照
content	glu	胶
content	kling	刃
content	mason	砌
content	pajl	草
content	pip	烟斗
content	solid	固
content	telegraf	报
content	absolut	绝
content	aktiv	活
content	aktor	演
content	aŭtor	作
content	bend	带
content	blok	块
content	dec	宜
content	dispon	处
content	dokument	档
content	element	素
content	familiar	熟
content	fantazi	幻
content	fraz	句
content	fuŝ	拙
content	gum	胶
content	klasik	典
content	klopod	尽
content	klub	社
content	kompani	伴
content	konversaci	谈
content	korekt	改
content	menci	提
content	ministr	臣
content	muze	馆
content	preleg	讲
content	procent	率
content	prononc	音
content	propon	议
content	rabat	折
content	redakt	编
content	rol	角
content	roman	小说
content	situaci	况
content	televid	视
content	trafik	交
content	trud	强
content	universal	普
content	universitat	学
content	avar	吝
content	bala	扫
content	barb	胡
content	bek	嘴
content	bros	刷
content	fleg	护
content	forn	炉
content	fromaĝ	酪
content	frunt	额
content	glit	滑
content	kamen	炉
content	kapr	羊
content	karb	炭
content	kel	窖
content	komb	梳
content	konfes	认
content	korn	角
content	kravat	领带
content	krim	罪
content	kuv	桶
content	muŝ	蝇
content	pingl	针
content	plat	扁
content	plug	耕
content	polv	尘
content	pot	壶
content	rand	边
content	regn	国
content	ŝerc	逗
content	serpent	蛇
content	skrap	刮
content	ŝnur	绳
content	sort	命
content	ŝovel	铲
content	spegul	镜
content	spic	香
content	surd	聋
content	tualet	妆
content	tus	咳
content	ung	爪
content	vost	尾
content	abund	丰
content	alumet	柴
content	aŭtomat	动
content	aventur	冒
content	balon	球
content	ber	浆果
content	bien	庄
content	blond	金
content	brasik	菜
content	bret	板
content	brik	砖
content	bul	团
content	ĉifon	破
content	cigared	烟
content	cikl	环
content	dekliv	坡
content	dezert	漠
content	direktor	导
content	distanc	距
content	distr	散
content	diven	猜
content	drat	线
content	dron	溺
content	ekscit	激
content	enu	厌
content	fajf	笛
content	farm	租
content	farun	粉
content	fask	束
content	flos	筏
content	forĝ	锻
content	frand	品
content	frenez	狂
content	frost	霜
content	frot	擦
content	ĝem	呻
content	glob	球
content	gorĝ	喉
content	graci	雅
content	grimp	爬
content	grund	土
content	hak	砍
content	hirund	燕
content	instinkt	本
content	kadr	框
content	karot	胡萝卜
content	kaserol	锅
content	katar	炎
content	kaŭĉuk	胶
content	kelner	侍
content	komitat	委
content	koton	棉
content	krem	酪
content	krev	裂
content	kroĉ	钩
content	kurb	曲
content	kurioz	奇
content	kvadrat	方
content	lam	跛
content	larm	泪
content	led	革
content	leon	狮
content	lepor	兔
content	majstr	师
content	makul	污
content	manik	袖
content	martel	锤
content	material	材
content	matrac	垫
content	menton	下巴
content	mord	咬
content	muel	磨
content	najl	钉
content	ofert	供
content	parti	党
content	pasport	护照
content	pastr	牧
content	pek	罪
content	persekut	迫
content	pes	衡
content	petol	玩
content	pin	松
content	piz	豌
content	plad	皿
content	poet	诗
content	protekt	护
content	pugn	拳
content	put	井
content	raz	剃
content	renvers	翻
content	rok	岩
content	salajr	薪
content	serur	锁
content	ŝirm	庇
content	skal	度
content	skulpt	雕
content	stal	马棚
content	standard	旗
content	stern	铺
content	tabak	烟
content	tapiŝ	毯
content	teks	织
content	tent	诱
content	tritik	麦
content	tub	管
content	vat	棉
content	vaz	器
content	verm	虫
content	vers	句
content	viol	紫花
content	abomen	厌
content	ard	热
content	betul	桦
content	bulvard	道
content	desert	点
content	detal	细
content	diabl	魔
content	drap	呢
content	emoci	情
content	ezok	鱼
content	fonograf	声
content	fulg	烟灰
content	funt	磅
content	garaĝ	库
content	gest	姿
content	glor	荣
content	hajl	雹
content	ĥemi	化学
content	huf	蹄
content	kapric	任
content	kilometr	千
content	kitel	罩
content	komplez	惠
content	konfit	糖
content	kopi	复
content	kork	塞
content	kukol	鹃
content	lamen	片
content	meĥanik	械
content	meĥanism	械
content	melk	挤
content	milimetr	毫
content	munt	装
content	net	清
content	oliv	橄榄
content	operaci	操
content	orf	孤
content	ort	直角
content	Pask	庆
content	paŭz	歇
content	pioĉ	镐
content	plet	盘
content	proviz	供
content	reklam	宣
content	rekompenc	酬
content	rekord	记
content	ribel	叛
content	sitel	桶
content	stamp	印
content	strik	罢
content	stump	桩
content	telegram	报
content	tempest	暴风
content	traktor	拖
content	tribunal	法院
content	verg	枝
content	vert	顶
content	vit	葡
content	abel	蜂
content	adici	加
content	adjektiv	形
content	administr	管
content	admon	劝
content	adopt	收
content	advokat	辩
content	afiŝ	贴
content	afrank	贴
content	akcel	促
content	akurat	准
content	album	册
content	alkohol	醇
content	almoz	施
content	ampleks	广
content	anas	鸭
content	anĝel	天使
content	animal	兽
content	apartament	寓
content	apetit	欲
content	apotek	药
content	arane	蛛
content	ark	弧
content	asekur	保
content	atest	证
content	aŭtomobil	车
content	aŭtoritat	权
content	avenu	道
content	avid	贪
content	bak	烤
content	balanc	摇
content	barakt	挣
content	barel	桶
content	bazar	市
content	beb	婴
content	ben	祝
content	benzin	汽油
content	bluz	衫
content	boj	吠
content	bombon	糖
content	bor	钻
content	brav	勇
content	brems	刹
content	broŝur	册
content	brov	眉
content	bub	顽
content	bud	棚
content	ĉagren	恼
content	ĉek	票
content	cement	水泥
content	ĉen	链
content	ĉeriz	樱
content	ĉerp	舀
content	cirkonstanc	况
content	cit	引
content	civiliz	教
content	dediĉ	献
content	deficit	欠
content	degel	融
content	deklar	宣
content	dekoraci	饰
content	deleg	委
content	destin	定
content	disk	盘
content	disput	争
content	distribu	配
content	dram	剧
content	dung	雇
content	duŝ	淋
content	ebri	醉
content	eksperiment	验
content	eksplod	爆
content	elefant	象
content	elegant	雅
content	eminent	杰
content	enigm	谜
content	entrepren	办
content	envi	羡
content	fanfaron	夸
content	farb	颜
content	faŭk	口
content	febr	烧
content	fel	皮
content	festen	宴
content	financ	财
content	fizik	物理
content	flar	嗅
content	flirt	飘
content	foir	集
content	fond	建
content	fost	柱
content	frakas	碎
content	frit	炸
content	friz	卷
content	fundament	基
content	funebr	丧
content	gant	手套
content	garanti	保
content	geni	才
content	glad	烫
content	glut	吞
content	golf	湾
content	grajn	粒
content	hered	继
content	hero	杰
content	hok	钩
content	humid	湿
content	ident	同
content	ilustr	图
content	imperi	帝
content	import	进
content	impost	税
content	impres	印
content	indiferent	冷
content	inĝenier	技
content	inklin	倾
content	insist	坚
content	instal	装
content	instig	唆
content	instrument	器
content	insult	侮
content	intelekt	智
content	inteligent	聪
content	ĵaluz	妒
content	jur	法
content	ĵur	誓
content	juvel	宝
content	kabinet	阁
content	kalendar	历
content	recept	方
content	regal	款
content	rem	划
content	respublik	共和
content	rezign	弃
content	rezist	抗
content	rifuĝ	避
content	rip	肋
content	risk	险
content	ritm	律
content	rob	袍
content	ronk	哼
content	rost	烤
content	sagac	敏
content	saŭc	酱
content	seg	锯
content	sekretari	秘
content	seks	性
content	ŝel	壳
content	sens	感
content	seren	宁
content	signal	号
content	silk	丝
content	simi	猿
content	simpati	亲
content	sklav	奴
content	sku	摇
content	ŝmir	涂
content	sobr	醒
content	ŝofor	驾
content	sojl	槛
content	sopir	慕
content	sorĉ	魔
content	sprit	智
content	ŝraŭb	螺
content	ŝtal	钢
content	stang	杆
content	stil	风
content	ŝtof	布
content	stri	条
content	struktur	构
content	sufok	窒
content	surfac	面
content	suspekt	疑
content	sven	昏
content	sving	挥
content	tajl	裁
content	tajlor	裁
content	ted	烦
content	teg	覆
content	tend	帐
content	teori	论
content	teren	地
content	trajn	车
content	trajt	特
content	tremp	浸
content	trezor	宝
content	trikot	织
content	trotuar	径
content	trunk	干
content	turment	虐
content	urs	熊
content	vakcin	疫苗
content	vel	帆
content	velk	枯
content	venen	毒
content	verb	动
content	veŝt	坎
content	vidv	寡
content	virt	德
content	vual	纱
content	vulp	狐
content	abstrakt	抽
content	akuŝ	产
content	akuzativ	宾
content	alarm	警
content	alternativ	替
content	ambici	志
content	amor	性
content	analiz	析
content	antarkt	南
content	antikv	古
content	antologi	选
content	arest	逮
content	arkt	极
content	arogant	傲
content	asimil	同
content	astr	星
content	astronomi	天
content	atmosfer	气
content	aŭdac	敢
content	aŭror	晓
content	aviad	航
content	balen	鲸
content	banal	俗
content	bateri	电
content	biologi	生
content	biskvit	饼
content	bomb	弹
content	botanik	植
content	budh	佛
content	burokrat	官
content	bus	车
content	ĉampion	冠
content	celebr	庆
content	ceramik	陶
content	ceremoni	式
content	damaĝ	损
content	demokrati	民
content	dialekt	言
content	diamant	钻
content	dign	尊
content	dinamit	炸
content	diplom	证
content	diplomat	交
content	diskriminaci	歧
content	distrikt	区
content	kalkan	跟
content	kalson	裤
content	kamion	车
content	kandel	烛
content	kanzon	曲
content	kapital	资
content	kares	抚
content	kastel	城
content	katen	链
content	kemi	化学
content	kin	映
content	klient	客
content	kned	揉
content	kolon	柱
content	kom	逗
content	komand	令
content	komik	笑
content	komisi	委
content	komision	委
content	komplet	全
content	koncert	奏
content	kondamn	判
content	konferenc	会
content	konfid	信
content	konfirm	确
content	konfuz	乱
content	konjekt	猜
content	konklud	结
content	konkur	竞
content	konscienc	良
content	kontrakt	约
content	konvink	服
content	kord	弦
content	kot	泥
content	krad	栅
content	kran	栓
content	krepusk	昏
content	kret	白石
content	kripl	残
content	kriz	危
content	kron	冠
content	kruĉ	壶
content	kruel	残
content	krust	壳
content	krut	陡
content	kubut	肘
content	kugl	弹
content	kupr	铜
content	kurten	帘
content	kvartal	区
content	kverk	橡
content	lek	舔
content	lift	梯
content	list	表
content	lup	狼
content	maĉ	嚼
content	mam	乳
content	mandat	委
content	marĉ	沼
content	mast	柱
content	medikament	药
content	medit	思
content	mekanik	械
content	mekanism	械
content	migr	迁
num	miliard	十亿
content	min	矿
content	mister	谜
content	model	模
content	moder	适
content	moskit	蚊
content	mus	鼠
content	muskol	筋
content	nadl	针
content	naiv	朴
content	naŭz	呕
content	nerv	神经
content	nivel	平
content	nobl	贵
content	nod	结
content	observ	观
content	ombrel	伞
content	osced	欠
content	palac	宫
content	parfum	香
content	pasi	情
content	paŝt	牧
content	pat	锅
content	patron	保
content	pelt	皮
content	penik	笔
content	pent	悔
content	perfid	叛
content	petrol	油
content	pil	电
content	pinĉ	掐
content	pir	梨
content	plekt	编
content	plumb	铅
content	poezi	诗
content	posten	岗
content	pozici	位
content	pretekst	借口
content	pretend	称
content	probabl	概
content	proced	办
content	proces	程
content	prokrast	延
content	proz	散文
content	pruv	证
content	pulm	肺
content	pulv	火药
content	pulvor	粉
content	pump	泵
content	pup	偶
content	putr	腐
content	ramp	爬
content	rang	级
content	rat	鼠
content	rav	醉
content	dosier	档
content	drink	饮
content	ekologi	态
content	ekonomik	经济
content	ekskluziv	排
content	ekspres	速
content	ekstr	特
content	ekzempler	册
content	elimin	除
content	elokvent	辩
content	emfaz	强
content	enciklopedi	典
content	enket	查
content	entuziasm	热
content	epizod	段
content	erotik	色
content	ese	论
content	etik	伦
content	etn	族
content	eventual	偶
content	faktor	因
content	faktur	账
content	fantom	幽
content	fatal	命
content	fekund	肥
content	feminism	女
content	femur	股
content	festival	庆
content	fiask	败
content	filatel	邮
content	fili	支
content	filozofi	哲
content	filtr	滤
content	firma	商
content	fon	底
content	fonetik	音
content	formal	形
content	format	版
content	fortun	运
content	forum	坛
content	frakci	分
content	futbal	球
content	gamb	腿
content	gastronomi	烹
content	giĉet	窗
content	gigant	巨
content	gimnastik	操
content	gimnazi	校
content	ĝir	转
content	grimac	皱
content	grotesk	怪
content	guberni	省
content	hobi	好
content	horizontal	横
content	humur	谐
content	ideologi	观
content	idiot	愚
content	iluzi	幻
content	impon	威
content	inaŭgur	开
content	indeks	索
content	indic	指
content	institut	院
content	integr	全
content	intens	烈
content	interez	利
content	intervju	访
content	invers	逆
content	irit	恼
content	jakt	艇
content	jet	喷
content	kalk	灰
content	kanari	雀
content	kancer	癌
content	karakteriz	特
content	karavan	队
content	karbon	碳
content	karcer	牢
content	karier	职
content	karikatur	讽
content	kased	盒
content	katastrof	灾
content	kaŭr	蹲
content	klaĉ	谣
content	klak	响
content	klasifik	类
content	klav	键
content	klimatiz	调
content	kod	码
content	koks	股
content	kolbas	肠
content	koloni	殖
content	koment	评
content	komentari	注
content	kompil	编
content	kompleks	复
content	kompliment	赞
content	konciz	简
content	kondolenc	哀
content	konflikt	冲
content	konform	合
content	konk	贝
content	konkret	具
content	konsili	议
content	konsonant	辅
content	konsult	询
content	kont	账
content	kontinent	陆
content	kontrast	对
content	kontribu	贡
content	konvenci	约
content	kooperativ	协
content	krab	蟹
content	kramp	夹
content	ŝveb	翔
content	tabu	禁
content	tajd	潮
content	tajfun	风
content	taktik	术
content	talent	才
content	tambur	鼓
content	tavol	层
content	team	队
content	teknologi	技
content	teleskop	镜
content	templ	庙
content	tenis	网
content	term	热
content	termin	词
content	testament	嘱
content	tez	题
content	tost	祝
content	total	总
content	tropik	热带
content	tulip	郁
content	uni	联
content	univers	宇
content	uragan	暴风
content	urin	尿
content	uzin	厂
content	vak	空
content	valut	币
content	varb	募
content	veget	茂
content	versi	版
content	vertikal	竖
content	veteran	老
content	virus	毒
content	viz	证
content	vokal	元
content	volupt	色
content	vulgar	俗
content	zo	兽
content	absurd	谬
content	adapt	适
content	ador	拜
content	adverb	副
content	aflikt	悲
content	ajl	蒜
content	akademi	院
content	akcent	重
content	akord	和
content	akt	幕
content	aktual	现
content	akuz	诉
content	alfabet	字
content	altern	替
content	alud	暗
content	amar	苦
content	amator	好
content	ambasador	使
content	anekdot	闻
content	aplaŭd	鼓
content	aplik	用
content	arbitr	擅
content	asert	断
content	atom	子
content	bagatel	琐
content	bal	舞
content	balbut	结巴
content	balot	票
content	bambu	竹
content	banan	蕉
content	bandaĝ	包
content	bind	装
content	blek	鸣
content	bred	养
content	buĝet	预算
content	bukl	卷
content	bulk	包
content	bulten	报
content	burĝon	芽
content	ĉel	胞
content	central	央
content	cep	葱
content	cerv	鹿
content	cign	天鹅
content	cindr	灰
content	cirkl	圆
content	cirkul	环
content	cirkuler	信
content	civil	民
content	civit	市
content	deĵor	当
content	depon	存
content	deput	派
content	determin	定
content	dialog	话
content	digest	消
content	dimensi	维
content	dogan	关
content	dorn	刺
content	eĥ	回
content	ekip	备
content	eklezi	教
content	ekran	屏
content	ekspluat	采
content	eksport	出
content	ekspozici	展
content	ekzakt	精
content	emerit	退
content	establ	设
content	event	事
content	fab	豆
content	fabel	童
content	federaci	联
content	fenomen	现
content	krizantem	菊
content	kverel	吵
content	kvitanc	证
content	lanc	矛
content	lanĉ	发
content	legend	传
content	liberal	宽
content	lingvistik	学
content	lumb	腰
content	lupe	镜
content	magi	魔
content	magnet	磁
content	magnetofon	磁
content	majuskl	大
content	mani	狂
content	manifestaci	示
content	manuskript	稿
content	masaĝ	摩
content	mask	罩
content	matĉ	赛
content	medi	境
content	mejl	里
content	melodi	调
content	merkat	市
content	mesaĝ	信
content	mev	鸥
content	miaŭ	咪
content	minuskl	小
content	miop	近
content	mirakl	奇
content	molekul	分
content	monopol	垄
content	moŝt	阁
content	motiv	由
content	mustard	芥
content	negativ	否
content	neologism	新
content	neŭtral	中
content	nominativ	主
content	norm	范
content	nuanc	微
content	nukle	核
content	numeral	数
content	objektiv	客
proper	Oceani	未対応
content	opozici	对
content	panic	粟
content	panik	慌
content	panoram	景
content	paradoks	悖
content	paralel	并
content	parentez	括
content	pasiv	被
content	pelv	盆
content	pension	宿
content	piĵam	睡
content	piknik	野餐
content	pilol	丸
content	pled	辩
content	podi	台
content	poent	点
content	pokal	杯
content	pozitiv	正
content	prefiks	缀
content	prezident	统
content	primitiv	原
content	propagand	传
content	proporci	比
content	protestant	抗
content	protokol	录
content	provizor	暂
content	purpur	紫
content	raci	理
content	raked	拍
content	redakci	部
content	redaktor	编
content	referenc	参
content	refut	驳
content	respektiv	各
content	resum	概
content	revoluci	革
content	rezoluci	决
content	rub	废
content	rubrik	栏
content	ŝak	棋
content	ŝalt	开
content	ŝampu	沐
content	ŝarg	装
content	ŝark	鲨
content	satan	魔
content	satelit	星
content	sfer	球
content	sigel	印
content	silab	节
content	simbol	符
content	situ	位
content	skandal	丑
content	skeĉ	剧
content	skelet	骨
content	skiz	草
content	ŝok	震
content	ŝose	路
content	specif	特
content	spit	逆
content	stab	参
content	stabil	稳
content	statistik	计
content	stimul	激
content	stok	储
content	ŝtorm	暴
content	stov	炉
content	strof	节
content	subjektiv	主
content	sufiks	缀
content	sugest	示
content	superstiĉ	迷
content	manipul	操
content	mas	团
content	mat	席
content	matematik	数学
content	materi	质
content	medicin	医
content	melon	瓜
content	mens	心
content	menu	单
content	miel	蜜
content	mineral	矿
content	minimum	最小
content	ministeri	部
content	modif	改
content	monstr	怪
content	monument	碑
content	moral	德
content	multiplik	乘
content	musk	苔
content	neglekt	忽
content	nuks	果
content	oblikv	斜
content	obstakl	障
content	obstin	顽
content	ocean	洋
content	ofend	侮
content	orkestr	乐
content	ortografi	拼
content	palp	摸
content	palpebr	目皮
content	palt	大衣
content	pane	瘫
content	pantofl	拖鞋
content	pap	教皇
content	papag	鹦
content	papili	蝶
content	paradiz	天
content	parlament	议
content	pasaĝer	客
content	paser	雀
content	pensi	养老
content	pere	亡
content	period	期
content	perl	珠
content	persik	桃
content	persist	坚
content	pi	敬
content	pian	琴
content	pionir	拓
content	pipr	椒
content	planed	星
content	plast	塑
content	popular	众
content	porci	份
content	portret	肖
content	princ	侯
content	princip	则
content	profesor	授
content	program	程
content	projekt	案
content	pronom	代
content	prosper	荣
content	proverb	谚
content	provinc	省
content	psikologi	心
content	rafan	萝卜
content	ran	蛙
content	real	实
content	recenz	评
content	redukt	减
content	reĝim	制
content	relativ	相
content	ren	肾
content	rendevu	约
content	revizi	审
content	rezon	推
content	rigid	硬
content	rim	韵
content	rimen	带
content	ruband	带
content	ruin	废
content	sag	矢
content	salik	柳
content	ŝancel	摇
content	sandviĉ	夹
content	ŝaŭm	沫
content	sekci	科
content	sekur	安
content	sindikat	盟
content	ŝink	火腿
content	ski	滑
content	social	社
content	solen	庄
content	solidar	团
content	sorb	吸
content	specimen	样
content	spik	穗
content	ŝpruc	喷
content	spur	迹
content	stadi	阶
content	stan	锡
content	statu	像
content	statur	材
content	subjekt	主
content	substantiv	名
content	subtrah	减
content	suĉ	吸
content	sulk	沟
content	surtut	袍
content	tajp	打
content	tali	腰
content	tarif	价
content	teknik	技
content	tekst	文
content	tendenc	倾
content	teritori	领
content	termometr	计
content	testud	龟
content	tig	茎
content	tigr	虎
content	tikl	痒
content	tomat	茄
content	tradici	统
content	tragedi	悲
content	trejn	训
content	trik	织
content	trup	团
content	tuber	隆
content	tumult	闹
content	tun	吨
content	tunel	隧
content	turism	游
content	turist	旅
content	uniform	制服
content	unik	独
content	vag	荡
content	valid	效
content	vart	养
content	vegetal	植
content	vegetar	素
content	venĝ	仇
content	vet	赌
content	viktim	牺
content	vip	鞭
content	virg	贞
content	volum	册
content	volumen	积
content	vom	吐
content	zink	锌
content	zoologi	兽
content	zum	嗡
content	abrikot	杏
content	abrupt	陡
content	abstin	戒
content	agent	代
content	agit	搅
content	akci	股
content	akn	痘
content	akrid	蝗
content	aks	轴
content	alaŭd	雀
content	ale	林
content	alg	藻
content	alumini	铝
content	ambasad	使
content	ampol	泡
content	anser	鹅
content	apertur	孔
content	apostol	使
content	apr	猪
content	arteri	脉
content	artik	节
content	asemble	会
content	asist	辅
content	avantaĝ	优
content	aven	燕麦
content	bacil	菌
content	bakteri	菌
content	bant	结
content	bapt	洗
content	barbir	剃
content	bark	舶
content	bask	摆
content	bet	甜菜
content	bifstek	牛排
content	blasfem	辱
content	bonvol	愿
content	bors	市
content	bovl	碗
content	bracelet	环
content	brand	酒
content	brid	勒
content	brokant	贩
content	brut	畜
content	buĉ	屠
content	budĝet	预算
content	buk	扣
content	buked	束
content	bulb	球
content	centimetr	厘
content	ĉerk	棺
content	ĉif	皱
content	cikad	蝉
content	cikatr	疤
content	cinam	桂
content	cir	膏
content	cirkel	规
content	cirkvit	路
content	daktil	枣
content	dand	俏
content	debet	欠
content	delir	狂
content	denunc	揭
content	diant	石
content	diet	节
content	dikt	述
content	dorlot	宠
content	dot	嫁妆
content	dres	驯
content	efekt	效
content	egoist	己
content	eksped	送
content	ekvator	赤
content	ekzekut	执
content	elast	弹
content	elektronik	电
content	epidemi	疫
content	eskap	逃
content	etap	段
content	fikci	虚
content	flik	补
content	flustr	悄
content	formul	式
content	fripon	骗
content	front	前
content	fuĝ	逃
content	fung	菌
content	furioz	狂
content	ĝemel	双胎
content	generaci	代
content	gent	族
content	geografi	地
content	ĝerm	芽
content	glav	剑
content	gram	克
content	gramatik	语法
content	grandioz	宏
content	grat	抓
content	graved	孕
content	gru	鹤
content	grumbl	诉
content	hal	厅
content	harmoni	谐
content	hazard	偶
content	helikopter	直升机
content	hepat	肝
content	herold	告
content	higien	卫
content	himn	颂
content	ĥor	合唱
content	horde	麦
content	horizont	界
content	human	仁
content	ignor	忽
content	implik	缠
content	imun	免
content	incit	惹
content	indign	愤
content	indik	指
content	individu	个
content	indulg	饶
content	infekt	染
content	infer	狱
content	iniciat	创
content	injekt	注
content	insign	徽
content	inspir	启
content	interpret	译
content	intest	肠
content	intim	亲
content	inund	淹
content	invent	创
content	ironi	反
content	izol	隔
content	jubile	庆典
content	kaban	庐
content	kaĉ	粥
content	kaduk	朽
content	kaĝ	笼
content	kaldron	锅
content	kalumni	谤
content	kanal	渠
content	kandidat	候
content	karn	肉
content	karton	板
content	kaŝtan	栗
content	katalog	录
content	kategori	类
content	kaz	例
content	kern	核
content	kirurgi	外科
content	klimat	气候
content	koket	媚
content	kolegi	院
content	kolektiv	集
content	kolizi	撞
content	kolomb	鸽
content	kolumn	栏
content	kombin	合
content	komedi	剧
content	kompetent	能
content	komplik	复
content	kompon	组
content	koncept	概
content	konfidenc	秘
content	konkurs	竞
content	konsekvenc	果
content	konstituci	宪
content	konsum	耗
content	kontant	现
content	koridor	廊
content	korv	鸦
content	kosm	宇
content	kostum	装
content	kraĉ	吐
content	krani	颅
content	kredit	贷
content	kristal	晶
content	krokodil	鳄
content	kub	方
content	kukum	瓜
content	kukurb	瓜
content	kunikl	兔
content	kupon	券
content	kusen	垫
content	lad	板
content	lard	脂
content	lekci	讲
content	lice	校
content	lili	百合
content	liver	供
content	logik	理
content	lojal	忠
content	lot	签
content	lukt	搏
content	lul	摇
content	maiz	玉米
content	maksimum	极
content	malic	恶
content	palat	口顶
content	palis	桩
content	palm	棕
content	peron	台
content	plag	灾
suf	logi	学
pref	geo	地
content	etat	表
content	fac	面
content	fajenc	陶土
content	falĉ	收割
content	fasad	正面
content	fason	款
content	fast	斋
content	fazeol	豆
content	fe	妖精
content	feĉ	渣
content	felt	毡
content	fig	无花果
content	flagr	闪
content	flat	媚
content	fluid	流体
content	fontan	喷泉
content	formik	蚁
content	fotel	扶椅
content	frak	燕尾
content	funel	漏斗
content	furaĝ	饲
content	gal	胆
content	galoŝ	套鞋
content	garb	束
content	garn	装
content	gelaten	明胶
content	ĝendarm	宪兵
content	general	将
content	ĝib	凸
content	girland	花环
content	gobi	鱼
content	greg	群
content	grinc	轧
content	grip	流感
content	grot	洞
content	gudr	焦油
content	gvardi	卫
content	hangar	棚库
content	heĝ	篱
content	hektar	公顷
content	impet	突
content	impuls	冲
content	insid	陷
content	inspektor	检
content	instanc	当局
content	interpelaci	质询
content	invalid	残疾
content	jug	束缚
content	juk	痒
content	jung	套
content	kahel	瓷砖
content	kajut	舱
content	kakt	仙人掌
content	kal	茧
content	kamel	驼
content	kankr	虾
content	karaf	瓶
content	karnaval	狂欢
content	karp	鲤
content	kasked	帽
content	kavern	洞
content	kejl	钉
content	kirurg	外科
content	klinik	诊
content	kokos	椰
content	kolonel	上校
content	komisar	专员
content	kompens	补
content	komplement	补
content	kompromit	损
content	koncentr	集
content	konkord	和合
content	konsul	领事
content	kontest	异议
content	konval	铃兰
content	kornik	鸦
content	krest	冠
content	kult	拜
content	kurent	电流
content	laboratori	实验室
content	laĉ	带
content	lacert	壁虎
content	lak	漆
content	lantern	灯笼
content	larv	幼虫
content	latitud	纬
content	latun	黄铜
content	laŭb	棚
content	lesiv	碱
content	leŭtenant	尉
content	licenc	许
content	likv	液
content	limak	螺
content	lin	亚麻
content	lokomotiv	机车
content	longitud	经度
content	lotus	莲
content	lubrik	润滑
content	luk	口
content	majest	庄严
content	maleol	脚腕
content	malv	葵
content	manovr	操
content	marmelad	果酱
content	metalurgi	冶金
content	mistifik	骗
content	muĝ	吼
content	muzel	口鼻
content	najtingal	夜莺
content	nervoz	躁
content	nuk	项
content	oficir	军官
content	oper	歌剧
content	opon	反
content	orator	演说
content	oval	椭圆
content	paraŝut	伞
content	pav	孔雀
content	pekl	盐浸
content	pendol	摆
content	pice	云杉
content	pig	鹊
content	pilot	领航
content	pland	足底
content	plastik	塑
content	platan	悬铃木
content	plonĝ	潜
content	plural	复数
content	porcelan	瓷
content	preskrib	规
content	profet	先知
content	prolet	无产
content	proletari	无产
content	propozici	句
content	provok	挑
content	prun	李
content	pudr	粉
content	punt	花边
content	pupil	瞳
content	pus	脓
content	radiator	散热
content	raŭk	沙哑
content	raŭp	毛虫
content	reakci	反应
content	reflekt	反射
content	regiment	团
content	rent	租
content	rib	醋栗
content	rivel	揭
content	riverenc	拜
content	rivolu	转
content	ros	露
content	rust	锈
content	ŝakal	胡狼
content	sark	耘
content	satir	讽刺
content	sciur	松鼠
content	sekal	黑麦
content	senat	上院
content	sin	怀
content	singular	单
content	skorpi	蝎
content	sled	雪车
content	sorg	高粱
content	spektakl	戏
content	ŝpin	纺
content	spinac	菠菜
content	split	片
content	spong	海绵
content	stadion	赛场
content	stamen	雄蕊
content	start	起
content	sterk	粪
content	ŝtip	圆木
content	strig	猫头鹰
content	strut	鸵鸟
content	substanc	质
content	subtil	精细
content	suplement	补
content	susur	沙响
content	svat	媒
content	takt	拍
content	tapet	壁纸
content	tegol	瓦
content	teĥnik	技
content	tener	柔
content	teras	台
content	tern	喷
content	tinktur	染
content	tint	鸣
content	torent	激流
content	tort	饼
content	tragik	悲
content	traktat	条约
content	tram	电车
content	trumpet	小号
content	tuf	丛
content	vad	涉
content	vaks	蜡
content	vant	虚
content	vejn	脉
content	velur	绒
content	vertic	顶
content	veruk	瘤
content	vesp	蜂
content	vezik	囊
content	viadukt	旱桥
content	vind	裹
content	vulkan	火山
content	vultur	秃鹰
suf	ant	在
suf	int	过
suf	ont	将
suf	at	被
suf	it	受
suf	ot	待
suf	iz	化
suf	oz	富
suf	iv	能
suf	oid	似
suf	emi	血
suf	tomi	切
suf	ektomi	除
suf	algi	痛
suf	estez	感
suf	liz	解
suf	nomi	学
suf	pati	情
sci	graf	记
sci	grafi	志
sci	skop	镜
sci	metri	测
sci	terapi	疗
sci	gen	生
sci	genez	源
sci	morf	形
sci	oksi	氧
sci	oksid	氧化
sci	klor	氯
sci	sulf	硫
sci	nitr	氮
pref	hidr	水
pref	tele	远
pref	mikro	微
pref	anti	抗
pref	retro	逆
pref	poli	多
pref	mono	单
pref	izo	等
pref	hipo	亚
pref	hiper	超
pref	epi	表
pref	endo	内
pref	pseŭdo	伪
sci	pod	足
sci	pter	翅
sci	derm	皮
sci	gastr	胃
sci	kardi	心
sci	neŭr	神经
sci	toks	毒
sci	inflam	炎
sci	polus	极
sci	polar	极
sci	frekvenc	频
sci	kondukt	导
sci	kontinu	续
sci	sekc	切
sci	trab	梁
sci	kanon	炮
sci	bio	生
sci	fibr	纤
sci	polu	污
sci	edr	面
sci	ras	种
proper	ĉin	未対応
proper	german	未対応
proper	rus	未対応
proper	angl	未対応
proper	eŭrop	未対応
proper	Petr	未対応
proper	esperant	未対応
sci	psik	心
pref	homo	同
sci	konekt	连
suf	um	未対応
sci	kaf	未対応
proper	latin	未対応
elem	mangan	锰
elem	kalci	钙
elem	natri	钠
elem	kali	钾
elem	silici	硅
elem	fosfor	磷
elem	jod	碘
elem	uran	天王星
rel	islam	未対応
num	bilion	兆
pejvo	kultiv	栽
pejvo	meta	超
pejvo	klap	瓣
pejvo	stir	驾
pejvo	spor	胞子
pejvo	indukt	诱
pejvo	dia	通
pejvo	trop	喻
pejvo	dilat	膨
pejvo	kabl	缆
pejvo	gener	生
pejvo	s^im	霉
pejvo	arbust	灌木
pejvo	karg	货
pejvo	krak	啪
pejvo	kurz	价
pejvo	risort	弹簧
pejvo	frajt	货
pejvo	tensi	压
pejvo	faz	相
pejvo	galaksi	星系
pejvo	ed	科
pejvo	micet	菌
pejvo	c^ast	洁
pejvo	oscil	振
pejvo	korol	花冠
pejvo	antrop	人
pejvo	ekspon	展
pejvo	uter	宫
pejvo	malt	麦芽
pejvo	vaku	空
pejvo	konus	锥
pejvo	gravur	刻
pejvo	cefal	头
pejvo	valv	阀
pejvo	eklips	食
pejvo	statik	静
pejvo	kirl	涡
pejvo	lens	镜
pejvo	optik	光学
pejvo	mer	链节
pejvo	fosf	磷
pejvo	kromat	色
pejvo	sintez	合
pejvo	frid	冷
pejvo	puf	胀
pejvo	gips	石膏
pejvo	feu^d	封
pejvo	kard	刺草
pejvo	ser	血清
pejvo	kadavr	尸
pejvo	sel	鞍
pejvo	boben	圈
pejvo	kiras	甲
pejvo	gami	配
pejvo	vibr	振
pejvo	spektr	谱
pejvo	erc	矿
pejvo	distil	馏
pejvo	seps	腐
pejvo	spekt	观
pejvo	agr	农
pejvo	refrakt	折
pejvo	gravit	引
pejvo	petal	瓣
pejvo	argil	粘土
pejvo	afekt	装
pejvo	kvantum	量子
pejvo	falk	鹰
pejvo	kluc^	合
pejvo	jon	离子
pejvo	kupl	连
pejvo	ankr	锚
pejvo	kan	苇
pejvo	satur	饱
pejvo	spiral	旋
pejvo	mobil	挂饰
pejvo	muk	粘
pejvo	membran	膜
pejvo	deriv	派
pejvo	merg	沉
pejvo	vide	视
pejvo	s^ild	盾
pejvo	ferment	酵
pejvo	morfi	形
pejvo	speci	种
pejvo	hemi	半
pejvo	peri	围
pejvo	skarab	甲
pejvo	baskul	跷
pejvo	embri	胚
pejvo	koncip	孕
pejvo	skvam	鳞
pejvo	sond	探
pejvo	rafin	精
pejvo	diboc^	荡
pejvo	ozon	臭氧
pejvo	kompost	排
pejvo	eko	境
pejvo	cilindr	圆柱
pejvo	makro	宏
pejvo	doz	量
pejvo	porn	淫
pejvo	mas^	眼
pejvo	projekci	射
pejvo	bit	位
pejvo	teror	怖
pejvo	daten	数据
pejvo	dukt	管
pejvo	rotaci	旋
pejvo	kamer	室
pejvo	bi	生
pejvo	ik	学
pejvo	hard	硬
pejvo	s^lim	泥
pejvo	rezin	脂
pejvo	kartoc^	壳
pejvo	abort	堕
pejvo	likvid	清
pejvo	onim	名
pejvo	ferdek	甲板
pejvo	turbin	涡
pejvo	harmon	谐
pejvo	kavalir	士
pejvo	plasm	浆
pejvo	demokrat	民
pejvo	galvan	电
pejvo	gland	腺
pejvo	alp	峰
pejvo	plak	板
pejvo	fakultat	系
pejvo	brod	绣
pejvo	menstru	月经
pejvo	tuc^	墨
pejvo	potencial	势
pejvo	kompakt	密
pejvo	perturb	扰
pejvo	detekt	检
pejvo	fokus	焦点
pejvo	konvert	转
pejvo	medol	髓
pejvo	grafik	图
pejvo	kask	盔
pejvo	monah^	僧
pejvo	junt	接
pejvo	bibli	经
pejvo	episkop	主教
pejvo	tron	座
pejvo	trofi	养
pejvo	ekvaci	方程
pejvo	stereo	立体
pejvo	patent	特许
pejvo	mes	祭
pejvo	hetero	异
pejvo	neu^tr	中
pejvo	nefr	肾
pejvo	gist	酵母
pejvo	korupt	贿
pejvo	sperm	精液
pejvo	dinamik	力
pejvo	alkal	碱
pejvo	klik	爪
pejvo	ve	哀
pejvo	kurier	信使
pejvo	implic	含
pejvo	kau^ter	灼
pejvo	gis	铸
pejvo	enter	肠
pejvo	ekvivalent	等
pejvo	fek	粪
pejvo	komut	换
pejvo	laring	喉
pejvo	modul	调
pejvo	lagr	承
pejvo	encefal	脑
pejvo	generator	发电
pejvo	esk	风
pejvo	beton	混凝
pejvo	rasp	粗
pejvo	c^iz	雕
pejvo	kotiledon	子叶
pejvo	sublim	崇
pejvo	logaritm	对数
pejvo	pedal	踏板
pejvo	konkav	凹
pejvo	tau^r	牡牛
pejvo	paraliz	瘫
pejvo	predik	讲
pejvo	organik	有机
pejvo	sulfur	硫
pejvo	prevent	防
pejvo	torn	车
pejvo	kloak	沟
pejvo	holo	全
pejvo	flut	笛
pejvo	invest	投资
pejvo	kondens	凝
pejvo	ikon	圣像
pejvo	fit	植
pejvo	nobel	贵
pejvo	polen	粉
pejvo	arom	香
pejvo	lut	焊
pejvo	hidrat	水合
pejvo	ultra	极
pejvo	diverg^	散
pejvo	boks	拳击
pejvo	icid	杀
pejvo	au^gur	占
pejvo	kales^	车
pejvo	rembur	填
pejvo	are	面
pejvo	flok	絮
pejvo	soj	大豆
pejvo	vinagr	醋
pejvo	eg^	棱
pejvo	pist	捣
pejvo	agres	攻
pejvo	momant	矩
pejvo	konveks	凸
pejvo	skem	图
pejvo	c^ifr	密
pejvo	protein	蛋白
pejvo	helio	日
pejvo	incens	香
pejvo	navig	航
pejvo	induk	感
pejvo	mikrob	细菌
pejvo	valent	价
pejvo	neni	无
pejvo	kampanj	役
pejvo	blast	胚
pejvo	greft	嫁接
pejvo	stift	销
pejvo	migdal	扁桃
pejvo	sediment	沉
pejvo	puls	脉
pejvo	koeficient	系数
pejvo	meteor	陨
pejvo	ilumin	照
pejvo	koher	贯
pejvo	drak	龙
pejvo	termik	热
pejvo	kluz	闸
pejvo	tiroid	甲状
pejvo	volb	拱
pejvo	pilgrim	拜
pejvo	parazit	寄生
pejvo	konkurenc	竞
pejvo	ego	吾
pejvo	racional	理
pejvo	atenc	害
pejvo	brigad	旅
pejvo	c^art	租
pejvo	kov	孵
pejvo	kilo	千
pejvo	meteo	气
pejvo	kole	胆
pejvo	akumul	累
pejvo	pul	蚤
pejvo	laks	泻
pejvo	koalici	盟
pejvo	disciplin	律
pejvo	lombard	当
pejvo	sakarid	糖
pejvo	vor	贪食
pejvo	bazidi	担子
pejvo	eksterm	歼
pejvo	lau^r	桂
pejvo	muld	型
pejvo	kau^stik	蚀
pejvo	mit	神话
pejvo	ploid	倍
pejvo	triumf	凯
pejvo	tank	战车
pejvo	fajn	精
pejvo	intermit	断
pejvo	kanel	槽
pejvo	domin	治
pejvo	konvulsi	抽风
pejvo	inerci	惯
pejvo	amel	糊
pejvo	jamb	抑扬
pejvo	tortur	虐
pejvo	procesi	列
pejvo	orto	直
pejvo	dam	妃
pejvo	likvor	酒
pejvo	marmor	大理石
pejvo	argument	论
pejvo	pale	内壳
pejvo	akut	锐
pejvo	aktin	射
pejvo	mega	百万
pejvo	kaze	凝
pejvo	sieg^	围
pejvo	angi	脉
pejvo	kroz	巡
pejvo	tonal	调
pejvo	latis	格
pejvo	minor	小
pejvo	devi	偏
pejvo	prostitu	妓
pejvo	promoci	升
pejvo	artr	节
pejvo	diurez	多尿
pejvo	feder	联
pejvo	sinus	洞
pejvo	justic	义
pejvo	filik	羊齿
pejvo	osmoz	渗
pejvo	kojl	结肠
pejvo	ortodoks	正统
pejvo	propag	播
pejvo	rabot	刨
pejvo	kronik	慢
pejvo	romb	菱
pejvo	fajl	磨
pejvo	benzo	安息香
pejvo	demon	魔
pejvo	evangeli	福音
pejvo	gruz	砾
pejvo	demonstr	证
pejvo	ald	中音
pejvo	tiran	暴
pejvo	spion	谍
pejvo	mutaci	突变
pejvo	lat	条
pejvo	s^into	神道
pejvo	driv	漂
pejvo	kalik	杯
pejvo	granul	粒
pejvo	skan	扫
pejvo	kriminal	刑
pejvo	centrifug	离心
pejvo	gam	阶
pejvo	tek	包
pejvo	ameb	变形虫
pejvo	kribr	筛
pejvo	bronk	支
pejvo	dogm	教条
pejvo	s^mink	妆
pejvo	radikal	彻
pejvo	ekvinoks	分
pejvo	seb	脂
pejvo	sterol	固醇
pejvo	masturb	手淫
pejvo	pulp	瓤
pejvo	adult	奸
pejvo	dispers	散
pejvo	c^arpent	架
pejvo	ekspansi	膨
pejvo	fizi	物理
pejvo	rigor	严
pejvo	kvot	额
pejvo	spasm	抽筋
pejvo	parad	炫
pejvo	hirt	蓬
pejvo	viskoz	粘
pejvo	staz	滞
pejvo	kari	蛀牙
pejvo	konverg^	汇
pejvo	smirg	砂
pejvo	definitiv	确
pejvo	maj^or	大
pejvo	pivot	旋
pejvo	kooper	协
pejvo	topo	地
pejvo	pug	臀
pejvo	pavim	铺
pejvo	rekrut	征募
pejvo	interfer	涉
pejvo	obskur	暗
pejvo	koordinat	坐标
pejvo	spin	脊
pejvo	bufr	缓冲
pejvo	ekzo	外
pejvo	fobi	症
pejvo	siliciat	硅盐
pejvo	halucin	幻
pejvo	hist	织
pejvo	virtual	虚
pejvo	hipotek	抵
pejvo	drog	药
pejvo	panel	板
pejvo	emulsi	乳
pejvo	frang^	纹
pejvo	ac	科
pejvo	modl	塑
pejvo	plau^d	溅
pejvo	oftalm	目
pejvo	ekzalt	扬
pejvo	rutin	惯
pejvo	ment	薄荷
pejvo	unit	单位
pejvo	dren	排
pejvo	kardinal	枢机
pejvo	ebon	乌
pejvo	propriet	己
pejvo	toni	张
pejvo	helik	螺
pejvo	tuberkul	结
pejvo	sintaks	句法
pejvo	tau^z	揉
pejvo	troke	扬抑
pejvo	percept	觉
pejvo	metil	甲
pejvo	jekci	射
pejvo	diktator	独裁
pejvo	lakon	简
pejvo	parok	堂区
pejvo	konstern	惊
pejvo	fluks	通量
pejvo	gol	球门
pejvo	kontag^	染
pejvo	alianc	盟
pejvo	sakar	蔗
pejvo	variol	痘
pejvo	dinam	发电
pejvo	strikt	严
pejvo	konspir	谋
pejvo	arog	傲
pejvo	galant	殷勤
pejvo	indig	蓝
pejvo	nan	矮
pejvo	cistern	池
pejvo	pub	耻骨
pejvo	forc	促
pejvo	tetra	野鸡
pejvo	balzam	膏
pejvo	hipnot	催眠
pejvo	aritmetik	算
pejvo	deklam	诵
pejvo	artifik	诈
pejvo	torc^	炬
pejvo	profil	廓
pejvo	marg^en	边
pejvo	uzurp	篡
pejvo	neo	新
pejvo	protez	假肢
pejvo	ure	尿素
pejvo	relief	雕
pejvo	cenzur	审
pejvo	kalv	秃
pejvo	kinez	动
pejvo	gvat	监
pejvo	negr	黑
pejvo	incid	射
pejvo	aken	瘦果
pejvo	scintil	闪
pejvo	klos^	罩
pejvo	negoc	商
pejvo	korod	蚀
pejvo	forst	林
pejvo	bolt	栓
pejvo	grapol	串
pejvo	steril	不育
pejvo	ergot	麦角
pejvo	iris	虹膜
pejvo	reaktor	反应堆
pejvo	ebur	象牙
pejvo	korpus	军团
pejvo	stuk	涂
pejvo	celeri	芹
pejvo	degener	退
pejvo	gajl	树瘤
pejvo	handikap	障
pejvo	vitriol	矾
pejvo	skolt	侦
pejvo	spekul	投
pejvo	admiral	提督
pejvo	dras^	打
pejvo	tret	踏
pejvo	varp	经
pejvo	inspekt	检
pejvo	idol	偶像
pejvo	saliv	唾
pejvo	patrol	巡
pejvo	bankrot	破产
pejvo	kaper	劫
pejvo	kapsul	囊
pejvo	procedur	程
pejvo	furor	热
pejvo	first	脊
pejvo	pec^	沥青
pejvo	blazon	徽
pejvo	lanug	绒
pejvo	pterig	翅
pejvo	pis	尿
pejvo	cim	臭虫
pejvo	tumor	瘤
pejvo	bas	低
pejvo	lik	漏
pejvo	rigl	栓
pejvo	enzim	酵素
pejvo	vertebr	椎
pejvo	hemo	血
pejvo	intendant	管
pejvo	inhib	抑
pejvo	spontane	自发
pejvo	rudr	舵
pejvo	au^tonom	自治
pejvo	sapr	腐
pejvo	gril	蟋
pejvo	opi	鸦片
pejvo	sput	吐
pejvo	hemoragi	出血
pejvo	harmonik	琴
pejvo	vaskul	脉
pejvo	ulcer	疮
pejvo	strab	斜
pejvo	solstic	至
pejvo	helic	螺
pejvo	bilard	台球
pejvo	profan	俗
pejvo	empiri	验
pejvo	simetri	称
pejvo	lipid	脂
pejvo	acet	醋
pejvo	incendi	焚
pejvo	diafan	透
pejvo	lob	叶
pejvo	skerm	击剑
pejvo	prefekt	督
pejvo	fad	淡
pejvo	legitim	正
pejvo	administraci	管
pejvo	narkot	麻
pejvo	embusk	伏
pejvo	pneu^mon	肺
pejvo	inkandesk	白热
pejvo	tan	制革
pejvo	medal	牌
pejvo	mjel	髓
pejvo	haladz	臭
pejvo	trivial	卑
pejvo	pistol	枪
pejvo	his	升
pejvo	transvers	横
pejvo	mosk	香
pejvo	krisp	皱
pejvo	arbitraci	裁
pejvo	diskont	减
pejvo	raket	火箭
pejvo	monak	僧
pejvo	partikl	粒
pejvo	vektor	矢量
pejvo	mud	蜕
pejvo	permeabl	穿
pejvo	proto	原
pejvo	impertinent	放肆
pejvo	fok	海豹
pejvo	krit	临界
pejvo	genr	属
pejvo	bir	测
pejvo	delikt	违
pejvo	prunus	李
pejvo	lirik	抒
pejvo	difrakt	衍射
pejvo	alveol	槽
pejvo	hibrid	杂
pejvo	verticil	轮
pejvo	fars	剧
pejvo	karaktr	字
pejvo	niel	乌银
pejvo	vulv	外阴
pejvo	torped	鱼雷
pejvo	militar	军
pejvo	sifilis	梅毒
pejvo	permut	换
pejvo	desinfekt	消毒
pejvo	kongru	合
pejvo	noc^	刻
pejvo	globin	珠蛋白
pejvo	obligaci	务
pejvo	kanajl	恶棍
pejvo	eksces	滥
pejvo	trau^mat	创
pejvo	kosmopolit	泛
pejvo	retin	网膜
pejvo	fagopir	麦
pejvo	s^elk	背带
pejvo	s^akt	竖井
pejvo	hidrau^lik	液压
pejvo	perkut	撞
pejvo	kegl	柱
pejvo	dizel	柴油
pejvo	martir	殉
pejvo	paroh^	堂区
pejvo	duel	决斗
pejvo	grenad	手雷
pejvo	tromb	龙卷
pejvo	muf	套
pejvo	s^alm	管
pejvo	fraj	鱼卵
pejvo	kapsik	辣
pejvo	koktel	鸡尾酒
pejvo	latent	潜
pejvo	pudor	羞
pejvo	relajs	转
pejvo	trot	小跑
pejvo	obtur	堵
pejvo	brec^	裂
pejvo	cidoni	木瓜
pejvo	baron	爵
pejvo	s^os	芽
pejvo	glos	注
pejvo	meh^an	械
pejvo	ful	缩
pejvo	rif	礁
pejvo	mistik	秘
pejvo	eluvi	淋
pejvo	bitum	沥青
pejvo	piramid	锥
pejvo	linear	线
pejvo	naved	梭
pejvo	ponard	匕
pejvo	kariofil	丁香
pejvo	simptom	症
pejvo	improviz	即兴
pejvo	cito	胞
pejvo	instituci	构
pejvo	reu^mat	风湿
pejvo	proklam	宣
pejvo	detonaci	轰
pejvo	apelaci	上诉
pejvo	frivol	轻浮
pejvo	skist	片岩
pejvo	miniatur	缩
pejvo	ovari	卵巢
pejvo	endemi	地方
pejvo	kvalifik	称
pejvo	klab	棍
pejvo	prud	假正
pejvo	dok	船渠
pejvo	luminesk	荧
pejvo	blink	闪
pejvo	testik	丸
pejvo	seism	震
pejvo	hekto	百
pejvo	rak	架
pejvo	aviz	告
pejvo	indikator	指
pejvo	fabl	寓
pejvo	kalibr	径
pejvo	drast	猛
pejvo	lament	哀
pejvo	ventol	风
pejvo	rabi	狂
pejvo	herez	异端
pejvo	marn	泥灰
pejvo	proviant	粮
pejvo	dig	拦
pejvo	macer	浸
pejvo	koagul	凝
pejvo	refleks	反射
pejvo	fold	槽
pejvo	fram	框
pejvo	stuf	煮
pejvo	frau^d	诈
pejvo	trip	肚
pejvo	sekt	派
pejvo	gros^	分
pejvo	skler	硬
pejvo	trog	槽
pejvo	spark	火花
pejvo	kompas	罗盘
pejvo	pram	渡
pejvo	hipokrit	伪善
pejvo	emancip	放
pejvo	hidrarg	汞
pejvo	trib	族
pejvo	diabet	糖尿
pejvo	analog	似
pejvo	kancelari	办公
pejvo	krep	皱绸
pejvo	stomat	口
pejvo	anus	肛
pejvo	kambi	汇
pejvo	enantio	映
pejvo	ermit	隐
pejvo	instrukci	训
pejvo	murd	杀
pejvo	orbit	轨
pejvo	sod	碱
pejvo	prognoz	预测
pejvo	diskret	谨
pejvo	trake	气管
pejvo	vagin	阴道
pejvo	orden	修会
pejvo	plastid	质体
pejvo	ovol	卵
pejvo	miko	菌
pejvo	ksil	木
pejvo	privilegi	特权
pejvo	bed	圃
pejvo	later	边
pejvo	dielektrik	介电
pejvo	pest	疫
pejvo	turbul	乱
pejvo	fisk	国库
pejvo	tar	皮重
pejvo	decimal	十
pejvo	sekreci	泌
pejvo	spad	剑
pejvo	graten	烤
pejvo	s^ot	射
pejvo	tartr	酒石
pejvo	indig^en	土著
pejvo	perkol	浸
pejvo	noc	害
pejvo	algebr	代数
pejvo	arkeo	古
pejvo	rin	鼻
pejvo	difuz	散
pejvo	skab	疮疤
pejvo	poez	生
pejvo	psalm	咏
pejvo	hast	匆
pejvo	vand	隔
pejvo	rap	萝卜
pejvo	sugesti	暗示
pejvo	fluoresk	荧光
pejvo	barbar	蛮
pejvo	dual	双
pejvo	koncesi	特许
pejvo	kript	墓窖
pejvo	suflor	提
pejvo	kulot	短裤
pejvo	mili	毫
pejvo	stagn	滞
pejvo	amortiz	偿
pejvo	atenu	衰
pejvo	absorb	吸
pejvo	pirat	海盗
pejvo	procez	程
pejvo	sifon	虹吸
pejvo	eman	散
pejvo	hamstr	仓鼠
pejvo	konservativ	存
pejvo	glace	泽
pejvo	gau^g^	测
pejvo	emerg^	出
pejvo	eksponent	指数
pejvo	komiz	员
pejvo	akcesor	副
pejvo	inic	授
pejvo	bastard	庶
pejvo	karen	龙骨
pejvo	nekr	死
pejvo	koloid	胶
pejvo	kvocient	商
pejvo	nomad	牧
pejvo	dermat	皮
pejvo	kanonik	会士
pejvo	bu	浮
pejvo	s^aft	轴
pejvo	umbilik	脐
pejvo	eu^	良
pejvo	morus	桑
pejvo	sturm	突
pejvo	marc^and	讲价
pejvo	tatu	纹
pejvo	termi	温
pejvo	fondus	基金
pejvo	predikat	谓
pejvo	alun	矾
pejvo	krat	治
pejvo	sukur	急救
pejvo	efemer	短
pejvo	veld	焊
pejvo	rig	索
pejvo	bobel	泡
pejvo	stres	压力
pejvo	folklor	民俗
pejvo	translaci	移
pejvo	duk	公爵
pejvo	zodiak	黄道
pejvo	violent	暴
pejvo	aneks	并
pejvo	lake	媚
pejvo	rekrement	渣
pejvo	ciklon	旋
pejvo	deprim	沮丧
pejvo	mitr	冠
pejvo	kerat	角
pejvo	framason	共济会
pejvo	dehisk	裂
pejvo	c^arlatan	骗
pejvo	nominal	名
pejvo	uzur	高利
pejvo	lir	琴
pejvo	agav	龙舌兰
pejvo	kil	龙骨
pejvo	sket	滑
pejvo	harp	琴
pejvo	hoke	曲棍球
pejvo	harpun	叉
pejvo	lagun	泻湖
pejvo	spron	刺
pejvo	endokrin	内分泌
pejvo	sald	余
pejvo	dec^ifr	密
pejvo	s^ablon	模
pejvo	rezid	驻
pejvo	glan	橡
pejvo	natural	自然
pejvo	burlesk	谐
pejvo	rival	敌
pejvo	selekt	选
pejvo	ezofag	食管
pejvo	pio	脓
pejvo	kataliz	催
pejvo	suspensi	悬
pejvo	restau^r	复
pejvo	kusp	倒
pejvo	beletr	文
pejvo	klister	灌
pejvo	flagel	鞭
pejvo	tenden	筋
pejvo	etim	源
pejvo	kontur	廓
pejvo	fuze	引信
pejvo	kand	糖
pejvo	defi	挑战
pejvo	substitu	替
pejvo	h^imer	幻
pejvo	fuz	信管
pejvo	vafl	饼
pejvo	fascin	魅
pejvo	klostr	修院
pejvo	steb	缝
pejvo	infloresk	花序
pejvo	final	终
pejvo	aksel	腋
pejvo	metabol	代谢
pejvo	manifest	显
pejvo	agraf	扣
pejvo	gangren	坏死
pejvo	kast	种姓
pejvo	erot	色
pejvo	erekt	勃
pejvo	kateh^iz	诲
pejvo	glis	滑翔
pejvo	intrig	谋
pejvo	komat	昏
pejvo	klorofil	叶绿
pejvo	afrodizi	催情
pejvo	gir	旋
pejvo	skrupul	谨
pejvo	halter	哑铃
pejvo	persvad	服
pejvo	stoik	忍
pejvo	sepult	葬
pejvo	tenor	男高音
pejvo	kurt	短
pejvo	sabr	刀
pejvo	amplif	扩
pejvo	leksik	词汇
pejvo	alien	让
pejvo	kolos	巨
pejvo	ask	囊
pejvo	malari	疟
pejvo	rit	仪
pejvo	integral	积分
pejvo	kulmin	顶
pejvo	kontuz	挫伤
pejvo	katiz	压
pejvo	goni	角
pejvo	citoz	胞
pejvo	diakon	助祭
pejvo	futur	未
pejvo	anarki	无政
pejvo	j^ongl	耍
pejvo	prujn	霜
pejvo	dilu	稀
pejvo	foment	敷
pejvo	nudel	面
pejvo	krank	曲柄
pejvo	pankreat	胰
pejvo	stabl	架
pejvo	akciz	税
pejvo	eu^tanazi	安乐死
pejvo	intuici	直觉
pejvo	falt	皱
pejvo	h^oler	霍乱
pejvo	ci	尔
pejvo	parcel	块
pejvo	strategi	略
pejvo	inokul	种
pejvo	fav	黄癣
pejvo	inhal	吸
pejvo	stilz	跷
pejvo	rektum	直肠
pejvo	klad	支
pejvo	deka	十
pejvo	turnir	赛
pejvo	disoci	解
pejvo	svarm	拥
pejvo	sanitar	卫
pejvo	segment	段
pejvo	basen	盆
pejvo	diferencial	异
pejvo	meduz	水母
pejvo	zom	变焦
pejvo	reg^isor	导演
pejvo	tonel	吨
pejvo	tars	足根
pejvo	plazi	生
pejvo	datum	数据
pejvo	adolesk	青春
pejvo	latir	香豌豆
pejvo	line	线
pejvo	krio	冻
pejvo	ekzil	逐
pejvo	sopran	女高音
pejvo	elips	椭圆
pejvo	parafin	石蜡
pejvo	kamfor	樟
pejvo	magm	岩浆
pejvo	toksin	毒
pejvo	kromosom	染色体
pejvo	kamufl	伪
pejvo	fleksi	屈
pejvo	karbur	碳
pejvo	rar	稀
pejvo	hermafrodit	两性
pejvo	servut	役
pejvo	fosili	化石
pejvo	agrikultur	农
pejvo	obtuz	钝
pejvo	glim	云母
pejvo	ekstaz	醉
pejvo	evaku	疏散
pejvo	kapilar	毛细
pejvo	interval	间隔
pejvo	step	草原
pejvo	trust	垄断
pejvo	jugland	核桃
pejvo	kumulus	积
pejvo	narcis	水仙
pejvo	metafor	喻
pejvo	poz	姿
pejvo	mutual	互
pejvo	abat	院长
pejvo	fosfo	磷
pejvo	ftiz	结核
pejvo	banked	宴
pejvo	kapitel	柱头
pejvo	ribosom	核糖体
pejvo	print	印
pejvo	kapacit	容
pejvo	misi	使
pejvo	garnizon	守
pejvo	konstip	便秘
pejvo	punktur	刺
pejvo	timpan	鼓室
pejvo	folikl	囊
pejvo	transmisi	传
pejvo	kalandr	压光
pejvo	perspektiv	望
pejvo	adiabat	隔
pejvo	bufed	台
pejvo	mortez	卯眼
pejvo	centi	厘
pejvo	cervik	颈
pejvo	higr	湿
pejvo	sept	隔
pejvo	suveren	权
pejvo	krenel	垛
pejvo	metan	沼气
pejvo	bergamot	香柑
pejvo	zigzag	折
pejvo	infuz	泡
pejvo	kalfatr	填
pejvo	nap	油菜
pejvo	anemi	贫血
pejvo	ostr	蚌
pejvo	pred	猎
pejvo	kalabas	葫芦
pejvo	lant	缓
pejvo	fanatik	狂
pejvo	faring	咽
pejvo	amfibi	两栖
pejvo	genetik	遗传
pejvo	kvarc	石英
pejvo	bran	糠
pejvo	talp	地鼠
pejvo	kobold	精灵
pejvo	kapitan	长
pejvo	s^akr	贩
pejvo	estetik	美学
pejvo	parker	背
pejvo	simbioz	共生
pejvo	oligo	寡
pejvo	magistrat	官
pejvo	angor	忧
pejvo	debat	辩
pejvo	grafit	石墨
pejvo	skism	裂
pejvo	drag	挖泥
pejvo	ume	梅
pejvo	kuri	廷
pejvo	pluk	摘
pejvo	altar	坛
pejvo	makler	介
pejvo	galer	桨船
pejvo	polemik	辩
pejvo	asembl	汇编
pejvo	deven	源
pejvo	aberaci	差
pejvo	elektrod	极
pejvo	karo	方块
pejvo	espart	茅
pejvo	tribord	右边
pejvo	respons	责
pejvo	pneu^matik	气
pejvo	violonc^el	大提琴
pejvo	femin	女
pejvo	pron	俯
pejvo	diafragm	光圈
pejvo	peg	啄木
pejvo	bil	券
pejvo	kogn	认
pejvo	moks	艾
pejvo	falang	阵
pejvo	sokl	墩
pejvo	turb	旋
pejvo	rezistanc	抗
pejvo	halogen	卤
pejvo	grif	狮鹰
pejvo	stomp	晕染
pejvo	anticip	预
pejvo	konsekr	献
pejvo	infarkt	梗
pejvo	mec^	芯
pejvo	asign	配
pejvo	invad	侵
pejvo	prunel	野李
pejvo	afin	缘
pejvo	korpuskl	粒
pejvo	orgen	琴
pejvo	maniok	薯
pejvo	trole	触轮
pejvo	kver	咕
pejvo	stapl	囤
pejvo	kontempl	思
pejvo	invert	转
pejvo	arkitekt	建筑
pejvo	top	帆楼
pejvo	absint	苦艾
pejvo	geril	游击
pejvo	saten	缎
pejvo	orgi	纵欲
pejvo	analogi	类
pejvo	kondr	软骨
pejvo	timon	车杆
pejvo	anten	触角
pejvo	ratifik	批
pejvo	lapar	腹
pejvo	aline	换行
pejvo	delt	三角洲
pejvo	flegm	淡
pejvo	dubl	替
pejvo	gain	套
pejvo	precipit	沉
pejvo	faks	传真
pejvo	konfekci	成衣
pejvo	s^pur	距
pejvo	melan	黑
pejvo	babord	船左
pejvo	skorbut	坏血
pejvo	sider	星
pejvo	regres	退
pejvo	vimen	柳
pejvo	ho	喂
pejvo	granat	榴
pejvo	kolport	贩
pejvo	kvit	偿
pejvo	vot	誓
pejvo	kanton	州
pejvo	frez	削
pejvo	dekret	颁
pejvo	progresi	进
pejvo	kapok	木棉
pejvo	erupci	喷
pejvo	krement	变
pejvo	striptiz	脱衣舞
pejvo	emisi	发
pejvo	hum	腐土
pejvo	plomb	填
pejvo	smerald	绿玉
pejvo	spat	石
pejvo	larik	落松
pejvo	brog	烫
pejvo	kapitulac	降
pejvo	efloresk	风化
pejvo	degrad	降
pejvo	prior	院长
pejvo	matrikul	籍
pejvo	miria	万
pejvo	notari	公证
pejvo	kremaci	火葬
pejvo	anatomi	剖
pejvo	amalgam	汞齐
pejvo	klitor	阴蒂
pejvo	efluv	辉
pejvo	kamera	摄
pejvo	aluvi	淤
pejvo	splis	接
pejvo	semestr	期
pejvo	variete	杂耍
pejvo	koroid	脉膜
pejvo	test	测
pejvo	albumin	白蛋白
pejvo	kapel	祈堂
pejvo	arke	方舟
pejvo	supin	仰
pejvo	revelaci	启
pejvo	tenajl	钳
pejvo	skol	派
pejvo	gang	脉石
pejvo	pep	鸣
pejvo	insulin	胰岛素
pejvo	defil	分列
pejvo	incident	附
pejvo	bias	偏
pejvo	apendic	虫垂
pejvo	stupor	昏
pejvo	eskort	护
pejvo	agac	烦
pejvo	skip	队
pejvo	eksklud	排
pejvo	kazern	营
pejvo	sindrom	症
pejvo	galop	驰
pejvo	prostat	前列腺
pejvo	kortik	皮
pejvo	kinet	动
pejvo	dializ	透析
pejvo	adip	脂
pejvo	avel	坚果
pejvo	grop	臀
pejvo	ferl	收
pejvo	disert	论
pejvo	spontan	自发
pejvo	omag^	敬
pejvo	kaskad	级
pejvo	markiz	侯
pejvo	ricel	窝
pejvo	salubr	健
pejvo	galeri	廊
pejvo	centripet	向心
pejvo	vepr	丛
pejvo	labirint	迷宫
pejvo	sodomi	肛交
pejvo	retorik	修辞
pejvo	kofr	箱
pejvo	halo	晕
pejvo	titan	巨
pejvo	aj^ur	透空
pejvo	hosti	圣饼
pejvo	transpon	转
pejvo	kontingent	额
pejvo	laminat	轧
pejvo	silic	硅
pejvo	marin	浸
pejvo	transfuz	输
pejvo	parabol	抛
pejvo	naft	原油
pejvo	inciz	切
pejvo	akcipitr	鹰
pejvo	balast	压舱
pejvo	dedukt	演绎
pejvo	katec^u	儿茶
pejvo	tampon	棉塞
pejvo	surogat	代
pejvo	jul	圣诞
pejvo	karamel	焦糖
pejvo	sekvestr	查封
pejvo	akrobat	杂技
pejvo	rast	耙
pejvo	hac^	划
pejvo	trol	拖网
pejvo	drup	核果
pejvo	armatur	配筋
pejvo	ekskreci	排
pejvo	azil	庇
content	motacil	鸟
pejvo	rod	啃
pejvo	kalvari	受难
pejvo	tuberkulin	结核素
pejvo	inkognit	匿
pejvo	verv	劲
pejvo	margarin	人造油
pejvo	devot	敬
pejvo	anabol	合成
pejvo	infanteri	步兵
pejvo	orkid	兰
pejvo	ha	啊
pejvo	sinoptik	概
pejvo	klast	屑
pejvo	cinabr	朱
pejvo	debut	初
pejvo	monark	君主
pejvo	h^ord	脊索
pejvo	etiked	标
pejvo	pans	敷
pejvo	asteni	弱
pejvo	pas^tel	淡
pejvo	s^rump	缩
pejvo	urtik	痒
pejvo	ekstravaganc	怪
pejvo	krater	坑
pejvo	mesi	救世
pejvo	fornel	炉
pejvo	muar	波纹
pejvo	sinovi	滑
pejvo	solvent	偿
pejvo	kornic	檐
pejvo	klau^z	款
pejvo	arka	古
pejvo	bigot	偏执
pejvo	gros	醋栗
pejvo	diletant	好
pejvo	morb	病
pejvo	pretor	法官
pejvo	bunt	彩
pejvo	genea	系
pejvo	vermic^el	粉丝
pejvo	revizor	审
pejvo	particip	分词
pejvo	sabot	破坏
pejvo	pigr	懒
pejvo	teni	条虫
pejvo	knar	吱
pejvo	koincid	巧合
pejvo	uskl	字
pejvo	glot	声门
pejvo	katod	阴
pejvo	helmint	蠕
pejvo	alez	钻
pejvo	monitor	监
pejvo	magistr	硕
pejvo	mirt	香桃
pejvo	gap	呆
pejvo	inert	惰
pejvo	sau^r	爬虫
pejvo	stik	插
pejvo	izomer	异构
pejvo	kontraband	走私
pejvo	pic^	阴户
pejvo	cizel	雕
pejvo	tunik	袍
pejvo	sibl	嘶
pejvo	steto	胸
pejvo	damask	缎
pejvo	insil	窖藏
pejvo	opal	蛋白石
pejvo	lof	迎
pejvo	divizi	师
pejvo	male	锤
pejvo	komparativ	较
pejvo	tif	疹
pejvo	trat	汇
pejvo	trombon	长号
pejvo	mening	脑膜
pejvo	klerik	教士
pejvo	brutal	暴
pejvo	aspir	渴
pejvo	artileri	炮兵
pejvo	bolet	菇
pejvo	gamet	配子
pejvo	leopard	豹
pejvo	puli	滑轮
pejvo	kadenc	律
pejvo	ekzorc	驱魔
pejvo	bute	鹰
pejvo	kaj^ol	媚
pejvo	dekadenc	退
pejvo	elu	淋
pejvo	ekin	海胆
pejvo	bajonet	刺刀
pejvo	kotlet	排
pejvo	servir	发球
pejvo	skapol	肩
pejvo	ortopedi	矫
pejvo	sekular	俗
pejvo	komuni	圣餐
pejvo	komplot	谋
pejvo	mitral	机枪
pejvo	sakrilegi	辱
pejvo	drakon	严
pejvo	deklinaci	格
pejvo	doktrin	教义
pejvo	fusil	枪
pejvo	prompt	敏
pejvo	konjunkci	合
pejvo	nit	钉
pejvo	raviol	饺
pejvo	stratus	层
pejvo	senil	老
pejvo	zingibr	姜
pejvo	dekolt	低领
pejvo	prism	棱镜
pejvo	konjunktur	景气
pejvo	cinik	冷笑
pejvo	insert	插
pejvo	somat	体
pejvo	turg	胀
pejvo	periferi	周边
pejvo	edif	教化
pejvo	pigment	色素
pejvo	kursiv	斜
pejvo	dekant	倾析
pejvo	romantik	浪漫
pejvo	fiktiv	虚
pejvo	trapez	梯
pejvo	konkub	内缘
pejvo	j^ud	柔道
pejvo	tekton	硬木
pejvo	perpleks	乱
pejvo	truk	骗
pejvo	kac	阳具
pejvo	fik	操
pejvo	aristokrat	贵
pejvo	staj	索
pejvo	gilos^	编纹
pejvo	jasp	玉
pejvo	radius	半径
pejvo	dodeka	十二
pejvo	s^unt	分流
pejvo	barier	栏
pejvo	kontor	所
pejvo	kulas	尾
pejvo	kanab	麻
pejvo	obus	弹
pejvo	apert	开
pejvo	aplanat	无差
pejvo	string	勒
pejvo	aglomer	团
pejvo	truf	菌
pejvo	fragment	碎
pejvo	vener	性病
pejvo	akaci	金合欢
pejvo	konker	克
pejvo	globul	血球
pejvo	infinit	无
pejvo	akaj^u	腰果
pejvo	adstring	涩
pejvo	sezam	芝麻
content	stopl	茬
content	brok	锦
content	amplifik	扩
content	g^in	酒
content	kastr	去势
content	sor	腾
content	separ	隔
content	gluk	糖
content	vernis	漆
content	sakr	骂
content	salping	卵管
content	snob	势利
content	pau^s	复
content	jujub	枣
content	kluk	咕
content	demenc	痴
content	obsed	缠
content	paled	托盘
content	despot	专制
content	eklektik	折衷
content	skarifik	划
content	adher	附
content	laik	俗
content	opt	视
content	glac^er	冰川
content	steat	脂
content	amoniak	氨
content	lab	皱胃
content	glicerin	甘油
content	medium	媒
content	rilaks	缓
content	acer	枫
content	observatori	天文台
content	premis	前提
content	depresi	低
content	prizon	狱
content	skeptik	疑
content	jogurt	酸乳
content	ardez	板岩
content	licenci	士
content	cedr	雪松
content	apret	整
content	farmaci	药
content	uta	歌
content	alegr	快
content	diagnoz	诊断
content	gnostik	知
content	relikv	遗物
content	arkiv	档
content	varik	瘤
content	amput	切
content	g^emin	双
content	cintr	拱架
content	urn	缸
content	arorut	葛
content	sfigm	脉
content	somnol	眠
content	modal	式
content	abolici	废
content	konglomer	团
content	molar	臼
content	agnostik	不可知
content	cirk	圈
content	skafald	架
content	metropol	都
content	vanil	香兰
content	s^pal	枕
content	araknoid	蛛膜
content	lukr	赚
content	tribut	贡
content	spindel	纺锤
content	maron	栗
content	dut	二度
content	gingiv	牙肉
content	artez	自流
content	oniks	玛瑙
content	spele	洞
content	kalend	初一
content	vampir	吸血鬼
content	fini	限
content	buda	佛
content	kuret	刮匙
content	natr	钠
content	kodon	密码子
content	trace	轴线
content	brez	煮
content	pustul	脓泡
content	plag^	滩
content	abol	废
content	cikut	毒芹
content	glicerol	甘油
content	lord	卿
content	dekor	饰
content	azot	氮
content	karob	角豆
content	kaligraf	书法
content	erik	石南
content	tin	桶
content	fau^lt	断层
content	frond	叶
content	strobo	闪
content	biceps	二头肌
content	akustik	音
content	peruk	假发
content	katedr	座
content	glutam	谷氨
content	punkci	穿刺
content	markot	压
content	granit	花岗岩
content	dispozici	处
content	altitud	高
content	limon	柠檬
content	transmutaci	变
content	fluktu	荡
content	uro	尿
content	bluf	骗
content	bodi	觉
content	makadam	碎石
content	poc^	煮
content	lar	鸥
content	sutur	缝合
content	induktanc	电感
content	oktav	八度
content	marketr	嵌
content	turkis	碧
content	entjer	整
content	vertig^	晕
content	kandid	菌
content	gres	牧草
content	basbal	棒球
content	puritan	清教
content	prepuci	包皮
content	metro	地铁
content	pure	泥
content	kongest	淤
content	kalcitr	踢
content	onk	肿瘤
content	nic^	壁凹
content	c^ur	精液
content	inkvizici	审判
content	flavin	黄
content	pontifik	主祭
content	semi	半
content	flot	舰
content	citrus	柑
content	retikul	网
content	eritrocit	红胞
content	korelativ	相关
content	intra	内
content	g^et	堤
content	anem	风
content	celom	体腔
content	pesticid	农药
content	empir	验
content	kulis	幕
content	koneks	连
content	kramf	抽筋
content	zebr	斑马
content	pis^t	活塞
content	batu	围猎
content	c^am	羚
content	ekskrement	粪
content	cefalaspid	头甲
content	penta	五
content	fazan	野鸡
content	s^rot	粗粉
content	eksud	渗
content	trad	信风
content	renesanc	复兴
content	prolifer	殖
content	hegemoni	霸
content	apanag^	封
content	kardan	万向
content	esoter	秘
content	ornit	鸟
content	pagan	异
content	retrospektiv	顾
content	municip	市
content	lez	伤
content	kser	干
content	amorfofal	魔芋
content	apostrof	省
content	fregat	舰
content	duoden	十二指肠
content	karoten	萝卜素
content	siring	丁香
content	infest	患
content	kuf	帽
content	fetor	臭
content	sape	掘
content	vobl	摇
content	fetic^	物神
content	spiril	螺菌
content	obez	胖
content	gavi	潜鸟
content	travesti	戏仿
content	epitom	概
content	haspel	绕
content	katastr	地籍
content	s^agrin	鲨皮
content	krisol	熔锅
content	atut	王牌
content	idl	空
content	forniks	脑弓
content	krop	食袋
content	reviz	审
content	ananas	菠萝
content	skafandr	潜衣
content	gangli	节
content	tangent	切
content	imperial	顶
content	kartilag	软骨
content	knik	座屈
content	remork	拖车
content	sink	沉
content	spurt	冲
content	c^ambelan	侍臣
content	h^an	汗
content	kartel	盟
content	verdigr	铜绿
content	ofensiv	攻
content	tonik	主
content	tempi	侧头
content	parodi	戏仿
content	bagag^	行李
content	introspekt	内省
content	brig	双帆船
content	gaz	纱
content	gliciriz	甘草
content	tabet	脊髓病
content	korbel	托
content	taki	速
content	deprec	贬
content	cekum	盲肠
content	stigmat	痕
content	klau^n	丑
content	tau^tomer	互变
content	parotid	腮腺
content	mercer	针线
content	kapuc^	帽
content	procelari	海燕
content	kist	囊肿
content	pteraspid	翼甲
content	iriz	虹
content	cens	普
content	etos	氛
content	setl	居
content	hurd	栅
content	silik	硅
content	silvi	莺
content	racem	消旋
content	lokal	室
content	molusk	软体
content	altru	他
content	ekzantem	疹
content	hips	高
content	histerez	滞
content	ladan	香脂
content	klis^	铸版
content	kliv	裂
content	goril	猩
content	ion	离子
content	pariet	壁
content	napalm	凝油
content	terciar	三
content	serp	割
content	polm	掌
content	penis	阴茎
content	but	培
content	tac^ment	队
content	sensaci	轰动
content	hurl	嚎
content	iredent	待收
content	deflaci	缩
content	kalistegi	旋花
content	analitik	析
content	lami	野芝麻
content	gumigut	藤黄
content	s^mac	吸
content	c^ant	咏
content	punik	榴
content	arakid	花生
content	ulul	嚎
content	atribu	归
content	raki	脊
content	sarkom	肉瘤
content	public	公
content	pasament	饰带
content	gonokok	淋菌
content	brankard	担架
content	svelt	苗条
content	hajk	短诗
content	mitul	蚌
content	torak	胸
content	tranc	附身
content	transpir	蒸
content	izotop	同位素
content	streb	奋
content	hierarki	级
content	papir	纸草
content	strangol	绞
content	bordel	妓院
content	meleagr	火鸡
content	hiperbol	曲
content	kvest	募
content	globulin	球蛋白
content	kabal	秘
content	kiv	猴桃
content	neg	否
content	meger	悍妇
content	liliput	微
content	prestidigit	戏法
content	j^argon	黑话
content	kopul	交配
content	kontener	箱
content	depes^	报
content	trigonometri	三角
content	ektopi	异位
content	providenc	神
content	peristalt	蠕
content	korelaci	相关
content	trepan	钻颅
content	cetac	鲸
content	abism	渊
content	supl	柔
content	jakv	菠萝蜜
content	trinitr	三硝
content	facet	刻面
content	au^tonomi	自治
content	kolesterol	胆醇
content	inkrust	嵌
content	mimik	仿
content	arbut	红果
content	histeri	狂
content	dama	鹿
content	hipofiz	垂体
content	bent	底栖
content	serpenten	蛇纹石
content	c^antag^	讹
content	trul	铲
content	preskript	时效
content	somnambul	梦游
content	saturn	土
content	adjunkt	助
content	dizert	逃
content	falus	阳具
content	sponsor	援
content	miring	鼓膜
content	stokast	随机
content	domicil	住所
content	vekt	杠
content	debil	弱
content	klarion	嘹
content	ekstrakt	抽
content	transit	过
content	manufaktur	造
content	meridian	子午
content	dendro	树
content	kaolin	瓷土
content	rot	队
content	viscer	脏
content	lind	娇
content	limfat	淋
content	diamagnet	反磁
content	hemat	血
content	dinasti	朝
content	monarki	君主
content	tarz	眼板
content	ur	原牛
content	merd	屎
content	kalcin	烧
content	misil	导弹
content	zefir	微风
content	ranc	哈喇
content	arleken	丑
content	irigaci	水渠
content	inklud	含
content	kokr	奸
content	karmin	洋红
content	munici	弹药
content	stek	肉排
content	prohibici	禁
content	rektifik	整
content	volatil	挥发
content	filament	丝
content	ordin	叙
content	plantag	车前
content	alotrop	异形
content	ogiv	尖拱
content	cic	乳
content	fring	燕雀
content	lepr	麻风
content	rabarb	大黄
content	leu^kocit	白胞
content	stipendi	助学
content	kameli	茶
content	medikag	牧草
content	buljon	高汤
content	mote	蛾
content	parget	拼
content	efervesk	泡
content	aklam	欢呼
content	s^vabr	拭
content	rabd	枝
content	refer	报
content	treponem	密螺旋体
content	mastik	腻子
content	surf	冲浪
content	filari	丝虫
content	panter	豹
content	novic	初
content	ekzegez	释
content	prodig	慷
content	muz	诗
content	lien	脾
content	eti	因
content	au^tentik	真
content	erozi	蚀
content	koit	交
content	flakon	瓶
content	juniper	杜松
content	impetig	脓疮
content	deci	分
content	averag^	均
content	konstelaci	星座
content	plegi	瘫
content	albin	白
content	psikiatri	心医
content	sentimental	感伤
content	avan	前
content	sampl	样
content	feromagnet	铁磁
content	antagon	敌
content	krati	治
content	atrop	颠
content	iski	坐骨
content	dental	齿
content	kontingenc	偶
content	perpendikular	垂
content	turt	鸽
content	primar	原
content	makaroni	管面
content	inflaci	胀
content	pralin	仁糖
content	tik	布
content	frok	袍
content	retort	锅
content	blaz	泡
content	konjunktiv	结膜
content	pedagogi	教
content	aort	主脉
content	elize	福
content	kupel	炼
content	sinu	湾
content	vring	拧
content	patriot	爱国
content	loteri	彩
content	heks	六
content	musked	火枪
content	siren	警笛
content	defet	败
content	neu^rolept	安神
content	dialektik	辩证
content	pelmel	乱
content	amni	羊膜
content	recidiv	复
content	regi	治
content	signifikanc	著
content	ipek	吐根
content	sankci	制裁
content	disdegn	蔑
content	vinc^	绞
content	kakinok	柿
content	s^tanc	冲压
content	dikro	二色
content	nektar	蜜
content	malign	恶
content	balte	带
content	prokariot	原核
content	protozo	原兽
content	sortiment	品类
content	askarid	回虫
content	glicer	甘油
content	pomp	豪
content	rektif	整
content	plis	折
content	s^ik	雅
content	akomod	适
content	helm	盔
content	diplo	板障
content	artikulaci	发音
content	buks	黄杨
content	fiakr	马车
content	obstrukc	障
content	transcend	超
content	horor	怖
content	sambuk	接骨
content	endivi	苦菜
content	pesim	悲
content	sektor	域
content	optim	乐
content	iteraci	复
content	infinitezim	微
content	mang	芒果
content	dril	钻
content	kompos^t	堆肥
content	pedant	迂
content	rikur	递归
content	petrosel	香芹
content	paramagnet	顺磁
content	korus	合唱
content	bariton	男中音
content	bos	凸
content	konced	让
content	penal	罚
content	border	缘
content	lobi	游说
content	nupt	婚
content	vizi	幻
content	akapar	囤
content	uretr	尿道
content	turbid	浊
content	astigmat	散光
content	melis	蜂草
content	apel	诉
content	diagonal	斜
content	guvern	教养
content	arki	首
content	kondiment	佐
content	lorn	镜
content	megalo	巨
content	ekstens	伸
content	hibisk	芙蓉
content	absces	脓肿
content	klerikal	教权
content	ured	锈
content	linc^	刑
content	ekzot	异
content	renegat	叛
content	anastomoz	吻合
content	obscen	淫
content	rong^	啃
content	kalm	静
content	mandarin	橘
content	nimf	精
content	vil	蓬
content	karpel	心皮
content	kolaps	崩
content	melankoli	郁
content	flus	涨
content	vinkt	钉
content	platen	白金
content	plasti	塑
content	grumel	块
content	glik	糖
content	simul	拟
content	ans	柄
content	replik	驳
content	inventar	盘
content	prokur	代
content	koc^	红虫
content	vizier	檐
content	etiket	礼
content	c^ikan	刁
content	gurd	摇琴
content	gasteroste	刺鱼
content	stafet	接力
content	puber	发育
content	asiz	审
content	cirus	卷
content	s^ed	棚
content	anemon	银莲
content	placent	胎盘
content	anglikan	圣公
content	parvenu	升
content	pneu^mat	气
content	sesi	会
content	prote	帝王花
content	lic^i	荔
content	ekskomunik	开除
content	restrikt	限
content	aglutin	胶
content	kantonment	营
content	mentor	导师
content	suna	圣行
content	beat	福
content	stup	填
content	departement	部
content	sinistr	灾
content	simfoni	交响
content	mile	黄米
content	eu^kariot	真核
content	resurs	资源
content	peoni	牡丹
content	rendiment	效率
content	papaj	木瓜
content	bizon	野牛
content	sagu	西米
content	afekci	情
content	vals	圆舞
content	kreozot	木馏
content	pedunkl	梗
content	nu	嘿
content	pedo	童
content	vehikl	载体
content	kontrah	缩
content	kroc^et	钩
content	kardj	胃门
content	apologi	辩
content	libertin	荡
content	terat	畸
content	pleokro	多色
content	kalejdoskop	万花筒
content	avanc	进
content	eskal	梯
content	tonsil	扁桃
content	amnesti	赦
content	agnosk	认
content	oficin	药
content	prokuror	检察
content	avangard	前卫
content	nekton	自游
content	volan	羽
content	engag^	聘
content	patos	情
content	interpunkci	标点
content	kvartir	营
content	edikt	令
content	emfizem	气肿
content	balkon	阳台
content	revers	翻
content	pleu^ronekt	比目鱼
content	plane	翼
content	ekscelenc	阁
content	vink	蔓春
content	j^ib	帆
content	s^pat	耕
content	astm	喘
content	erod	磨
content	idiom	语
content	arek	棕
content	virulent	毒
content	stereotip	套
content	klem	夹
content	bevel	斜
content	plus^	绒
content	arnik	羊菊
content	veft	纬
content	trah^e	气管
content	kapreol	鹿
content	cirkumcid	割礼
content	erudici	博
content	farc^	填
content	stak	垛
content	lazur	蓝
content	fungus	菌
content	tore	斗牛
content	pervers	邪
content	debit	销
content	spiroket	螺旋体
content	simpat	交感
content	kurator	监护
content	kolin	胆碱
content	penicilin	青霉素
content	avokad	鳄梨
content	modlur	线脚
content	lancin	刺
content	unitari	一神
content	kordon	带
content	manikur	美甲
content	permitiv	介电
content	bosk	林
content	vital	命
content	s^us	滑
content	hidrid	氢化
content	ensembl	套
content	verdikt	判
content	laktuk	生菜
content	pelag	浮
content	kamomil	甘菊
content	rezignaci	顺
content	mung	擦鼻
content	rizom	根茎
content	alteraci	蚀变
content	porfir	斑岩
content	patriark	族长
content	mezomer	共振
content	kolik	绞痛
content	rur	乡
content	bajt	字节
content	kvaranten	隔
content	safran	藏红花
content	kimon	和服
content	radikl	根
content	ekspertiz	鉴
content	bombard	轰
content	singult	逆气
content	filistr	俗
content	ahims	不害
content	tang	颠
content	fosforesk	磷光
content	spekulativ	猜
content	delekt	悦
content	gargar	漱
content	padel	涉
content	subvenci	补贴
content	lofi	蛤蟆鱼
content	ferut	驮
content	trist	悲
content	cereal	谷
content	plagiat	窃
content	partikular	私
content	zigot	合子
content	fibrin	纤蛋白
content	mizogin	厌女
content	velar	帆
content	abandon	弃
content	kam	凸轮
content	banus	督
content	paleont	古
content	sinap	芥
content	au^kci	拍卖
content	gehen	狱
content	fret	纹
content	inversi	倒
content	sism	震
content	ejakul	射
content	bok	牡
content	orgasm	高潮
content	kopal	脂
content	hortikultur	园艺
content	rastr	锄
content	anzu	杏
content	zizif	枣
content	kvestor	财务官
content	ekvizet	问荆
content	teri	兽
content	bigarel	脆樱
content	rostr	鼻
content	kapucen	帽
content	falun	贝岩
content	plankton	浮游
content	hup	鸣
content	akvarel	水彩
content	langvor	倦
content	psitak	鹦鹉
content	polip	息肉
content	sterling	镑
content	kuspid	尖
content	peon	卒
content	dezajn	设计
content	gazon	草坪
content	le	背风
content	telfer	缆路
content	ostag^	人质
content	tang^	接
content	aprior	先
content	trus	架
content	geodezi	测地
content	blend	甲
content	panegir	颂
content	talus	坡
content	lavend	香草
content	eu^genik	优生
content	stim	估
content	ambos	铁床
content	hura	万岁
content	ekzekuci	执
content	bum	帆杆
content	kras^	坠
content	embol	栓
content	pistak	开心果
content	dur	硬
content	rikan	讥
content	dun	沙丘
content	demisi	辞
content	preri	草原
content	prot	质子
content	bojkot	抵制
content	galb	凸
content	istm	峡
content	kokon	茧
content	knid	刺胞
content	labil	易变
content	celsius	摄氏
content	gliptik	玉雕
content	pic	饼
content	visk	寄
content	hul	壳
content	laf	熔岩
content	sfinks	狮面
content	morter	浆
content	pekan	山核桃
content	retrat	取
content	fasm	竹节虫
content	solfeg^	唱名
content	karcinom	癌
content	supe	餐
content	kompuls	逼
content	megom	兆
content	s^ibu	柿涩
content	bifid	叉
content	au^reol	光环
content	polis	保单
content	astat	无定
content	anopsi	盲
content	grak	啼
content	sakrament	圣礼
content	cimbal	铜盘
content	rojal	王
content	groc	罗
content	paleo	古
content	pojn	腕
content	tamburin	铃鼓
content	lisp	咬舌
content	apostat	叛
content	vezir	相
content	eu^roparlament	欧议
content	glac	玻
content	muskardin	僵病
content	mikoz	菌症
content	retor	辩
content	vac^	值
content	grenat	石榴
content	epik	史诗
content	obstetrik	产科
content	toast	烤包
content	kompres	敷
content	kape	停
content	g^iraf	颈鹿
content	sfing	天蛾
content	dierez	分音
content	demagog	煽动
content	satirus	羊神
content	pag^i	侍
content	matriark	母系
content	pedikur	修脚
content	piet	敬
content	gri	碎粒
content	lime	青柠
content	laser	激光
content	predikt	预
content	bemol	降
content	rozari	念珠
content	sumo	相扑
content	antilop	羚
content	makrop	袋鼠
content	pubi	耻骨
content	nazal	鼻
content	mandaren	官
content	podagr	痛风
content	j^am	扰
content	proskrib	逐
content	stau^l	失速
content	repudi	离
content	konfesi	派
content	hemisfer	半球
content	operator	算子
content	sporad	散
content	arc^	弓
content	letargi	嗜睡
content	trigon	三角
content	romanc	曲
content	reflektor	镜
content	kapitol	议堂
content	lol	毒麦
content	ptoz	垂
content	benign	良
content	ejgen	特征
content	damp	抑
content	sake	酒
content	grac	恩
content	dajmon	神灵
content	koni	毒参
content	numen	神
content	jard	码
content	statut	章程
content	angin	咽炎
content	aprez	赏
content	enurez	遗尿
content	tor	环
content	lakmus	石蕊
content	prajm	引爆
content	labial	唇
content	presuriz	压
content	atm	我
content	volovan	酥盒
content	gimnosperm	裸子
content	hermetik	封
content	deterg	洗
content	inkub	梦魔
content	labi	唇
content	papilom	乳头瘤
content	streptokok	链球菌
content	cerebr	脑
content	marionet	偶
content	adag^	慢
content	virtuoz	匠
content	stumbl	绊
content	resus	猴
content	platform	台
content	barit	重晶石
content	kosmetik	妆
content	anamorfoz	变形
content	spermat	精
content	monofizit	一性
content	skrofol	结核
content	timian	百里香
content	enukle	摘
content	narkotik	麻
content	skold	责
content	mime	印
content	aspiraci	送气
content	s^ort	短裤
content	pletor	多血
content	rota	皇院
content	bust	胸
content	skizoid	分裂
content	makis	丛
content	bravur	炫
content	sternum	胸骨
content	balg	风箱
content	veksil	旗
content	decidu	落
content	eskar	焦疤
content	editor	编
content	ambigu	歧义
content	fint	假
content	nunci	使
content	uncial	书体
content	pupitr	案
content	mileni	千年
content	duplikat	副本
content	agreg	团
content	gondol	舟
content	prospektor	探矿
content	ikt	拍
content	kiropraktik	整脊
content	bilanc	衡
content	simultan	同时
content	elizi	省
content	sofism	诡辩
content	iktio	鱼
content	asidu	勤
content	cug	铁杉
content	epoksi	环氧
content	diazoni	重氮
content	klaft	寻
content	infiltr	浸
content	j^artel	吊袜
content	oratori	清唱剧
content	junkr	地主
content	arier	后卫
content	fikus	榕
content	harmonium	风琴
content	kolh^oz	农社
content	kvorum	足数
content	adiant	铁线草
content	veterinar	兽医
content	lagoftalm	兔眼
content	emigr	迁
content	mamon	财魔
content	j^akard	提花
content	benjet	炸糕
content	karmezin	深红
content	niz	鹰
content	trogon	咬鹃
content	separat	隔
content	mecenat	庇
content	dog	犬
content	stertor	喘
content	ancilostom	钩虫
content	stomi	漏
content	kolimat	准直
content	polem	战
content	propil	丙
content	demagogi	煽动
content	iktiosau^r	鱼龙
content	investitur	任
content	pumik	磨
content	eksplic	释
content	koluzi	谋
content	buf	蛤蟆
content	stafilokok	葡萄球菌
content	sufuz	渗
content	deviaci	偏
content	korak	渡鸦
content	filum	门
content	kantarel	鸡油菌
content	duet	二重
content	entom	虫
content	inferenc	推
content	koopt	增补
content	bonz	僧
content	markez	棚
content	serenad	小夜曲
content	dafn	瑞香
content	legionel	军团菌
content	konvoj	护
content	skurg^	鞭
content	kolb	托
content	kontumac	缺席
content	hag^	朝拜
content	bilg^	舱底
content	mejoz	减分
content	iskiat	坐神
content	skulptur	雕
content	kornet	短号
content	konfront	对质
content	arpeg^	散音
content	feniks	凤
content	eu^trof	富养
content	orakol	占
content	foni	声
content	aleksi	失读
content	lic	许
content	poligon	多角
content	aloj	合金
content	sonet	十四行诗
content	katekiz	诲
content	divorc	离婚
content	strongil	圆虫
content	marsupi	袋
content	presbiterian	长老
content	seroz	浆膜
content	okta	八
content	verumontan	精丘
content	numulit	钱虫
content	tamtam	锣
content	filadelf	山梅花
content	klimaks	顶
content	tab	签
content	gofr	压花
content	anhel	喘
content	s^raman	苦僧
content	salpetr	硝
content	krokiz	草
content	ekto	外
content	kameleon	变色龙
content	temperament	禀
content	smut	黑穗病
content	bigarad	酸橙
content	rang^	调车
content	ankiloz	关节强直
content	car	帝
content	dentin	齿质
content	titr	滴定
content	kulm	茎
content	glikol	醇
content	impregn	浸
content	zen	禅
content	upas	毒木
content	rangifer	驯鹿
content	konsign	寄
content	sesdeknau^	舔吸
content	morfem	语素
content	remont	补马
content	docent	讲师
content	kanu	舟
content	atas^e	随员
content	epiteli	上皮
content	spatel	铲
content	regurgit	反流
content	gencian	龙胆
content	hesperornit	黄昏鸟
content	anaglif	雕
content	homotet	位似
content	sufle	蛋奶酥
content	belon	针鱼
content	sued	草
content	dipso	渴
content	leandr	虾
content	retret	退
content	sinergi	协同作用
content	rezident	驻官
content	balistik	弹道
content	cipre	宝贝
content	hen	嘶
content	televizi	视
content	paraf	签
content	miasm	毒气
content	arkegoni	颈卵器
content	alergi	过敏
content	meriz	樱
content	perfor	穿
content	prestig^	威望
content	serg^ent	军士
content	masakr	屠
content	psok	咬虫
content	briz	微风
content	fulmin	轰
content	ekstemporal	即
content	hoj	喂
content	korvet	护舰
content	giro	旋
content	kompozit	菊
content	neritik	浅海
content	konklav	秘会
content	fag^	吞
content	homoteti	位似
content	drapir	帷
content	dromedar	单峰驼
content	hidatid	包虫
content	gajak	愈疮木
content	apokrif	伪
content	minoritat	少数
content	bugr	肛交
content	peritone	腹膜
content	c^ir	卷须
content	karaben	马枪
content	efedrin	麻黄碱
content	kapstan	绞盘
content	fonet	音
content	anatem	咒
content	fideikomis	信委
content	susceptibl	率
content	fen	焚风
content	mumi	干尸
content	lentan	五色梅
content	amfor	罐
content	centau^r	半人马
content	lem	引理
content	fau^l	违规
content	aksiom	公理
content	fau^n	兽相
content	stimulin	激素
content	vegan	素
content	ekstrapol	外推
content	atri	厅
content	nef	云
content	agoni	垂死
content	kompiler	编译
content	greb	潜鸟
content	profilaktik	防
content	kaprimulg	夜鹰
content	alte	立葵
content	skrot	阴囊
content	barg^	驳
content	ovi	羊
content	melas	糖蜜
content	semio	符
content	strigl	刷
content	limb	叶
content	file	里脊
content	tetanos	破伤风
content	krabl	爬
content	putin	妓
content	asonanc	韵
content	frog	辙叉
content	burg	堡
content	vikari	副祭
content	areol	晕
content	amend	改
content	koron	日光环
content	insinu	影射
content	terminal	终端
content	alburn	白鱼
content	kastor	河狸
content	disident	异
content	heksa	六
content	pastern	系部
content	presbiop	老花
content	kalkulus	结石
content	regent	摄政
content	emeritur	退休金
content	anafor	复
content	embarg	禁
content	spros	芽
content	piton	巨蛇
content	protrud	凸
content	pamp	原
content	tepid	温
content	karis	假虎刺
content	apokalips	末启
content	koklus^	百日咳
content	g^el	凝胶
content	s^kop	勺
content	vipur	毒蛇
content	minera	矿
content	puding	奶冻
content	ekvipotencial	等势
content	vermiljon	朱
content	semafor	号
content	sena	决明
content	heliant	向日葵
content	rabet	槽
content	nekromanci	招魂
content	ukij	浮世绘
content	advers	敌
content	muestr	样
content	gvajak	愈疮木
content	sizigi	大潮
content	timid	怯
content	c^izoj	剪
content	suspensori	吊带
content	legac	遗赠
content	anduj	肚肠
content	tentakl	触手
content	spil	钻
content	adjekt	状
content	pirit	黄铁矿
content	verben	鞭草
content	fet	胎
content	kakemon	挂轴
content	vasal	臣
content	apretur	整
content	turban	头巾
content	skabi	癣
content	klepto	偷
content	limed	甜柠
content	pru	头
content	mamut	巨象
content	piment	多香果
content	povr	贫
content	kulvert	暗渠
content	spok	辐
content	skorpen	蝎鱼
content	vitral	彩窗
content	okcipit	后脑
content	tetr	琴鸡
content	liken	地衣
content	involukr	总苞
content	dinosau^r	恐龙
content	cis	此
content	gonad	性腺
content	ekspresion	表
content	karj	山核桃
content	salam	腊肠
content	kurkuli	象甲
content	mim	仿
content	bistr	褐
content	skadr	队
content	eksplik	释
content	cili	纤毛
content	knal	啪
content	kaos	混乱
content	korset	束腰
content	skovel	刷
content	kori	绒膜
content	fizionomi	相
content	ksantom	黄瘤
content	epiornit	隆鸟
content	dekokt	煎
content	resurekt	复活
content	mulc^	覆
content	pulc^inel	丑
content	fritilari	贝母
content	riport	报
content	manometr	压计
content	pum	砰
content	bac	响
content	brig^	桥牌
content	konfisk	没收
content	ependim	室膜
content	divan	长椅
content	kvik	麦草
content	s^aman	巫
content	heterodin	外差
content	elit	优
content	metilen	亚甲
content	c^ement	牙骨质
content	ciklop	巨
content	tribunus	官
content	oktant	八分
content	au^toklav	高压锅
content	splen	郁
content	prim	质数
content	teba	鸦片
content	vojevod	督
content	barikad	路障
content	skalen	斜角
content	sfenisk	企鹅
content	kic^	俗
content	guas^	水粉
content	api	芹
content	egret	冠羽
content	primordi	原基
content	koc^er	驾
content	leksikon	词典
content	glomerul	球
content	kraken	饼
content	kataplasm	膏
content	plektr	拨
content	emberiz	雀
content	afazi	失语
content	bordun	低音
content	ksen	外
content	enkau^stik	蜡画
content	zenit	天顶
content	silt	粉砂
content	antraks	炭疮
content	konvekt	对流
content	defens	封
content	kanap	长椅
content	celuloz	纤素
content	dau^b	桶板
content	glicin	大豆
content	apozici	位
content	lontan	远
content	madz	钉头锤
content	petici	求
content	faeton	马车
content	troposfer	对流层
content	faci	颜
content	disertaci	论文
content	rustik	朴
content	tard	迟
content	federal	联
content	asket	苦行
content	dekrement	减
content	dietik	节
content	elim	麦
content	leu^cin	亮
content	fol	愚
content	secesi	脱
content	ametrop	屈光
content	kapus	航向
content	bombast	夸
content	portik	柱廊
content	tof	凝灰
content	fleb	脉
content	sold	钱
content	rea	美洲鸵
content	ileks	冬青
content	pomad	膏
content	pleb	民
content	kladik	支学
content	skoli	注
content	tak	倾
content	miom	肌瘤
content	paletr	调色板
content	esamen	蜂群
content	veto	否
content	silog	论
content	rudiment	初
content	sekundar	次
content	terapeu^tik	疗
content	mering	蛋白霜
content	uv	葡萄
content	difeomorf	微分同胚
content	sangvin	乐
content	adolt	成
content	delic	珍
content	igx	成
content	slum	贫窟
content	marki	疆
content	metazo	后生
content	kvartet	四重
content	gug^	凿
content	most	汁
content	pirol	雀
content	fronton	山花
content	reporter	记者
content	gem	玉
content	sekvenc	序
content	centuri	百队
content	sapot	人心果
content	sinkop	切分
content	rekvizici	征用
content	razi	攻
content	alk	驼鹿
content	sinekur	闲职
content	fob	怕
content	diurn	日
content	tiktak	滴答
content	afust	炮架
content	bilharzi	血虫
content	lampir	萤
content	puntili	面子
content	introvertit	内向
content	topik	题
content	redund	冗
content	hirud	吸血虫
content	kep	军帽
content	tref	梅花
content	poplit	膝窝
content	petard	炮
content	nihil	无
content	gimnot	电鱼
content	midriaz	散瞳
content	s^utr	百叶窗
content	mizantrop	厌人
content	kreten	痴
content	mumps	腮
content	rasl	啰音
content	studi	室
content	skrutini	检
content	kadrat	空铅
content	asteri	海星
content	uve	葡萄膜
content	damasken	嵌
content	ambr	龙香
content	glum	颖
content	oblat	饼
content	galin	鸡
content	gazel	羚
content	abrazi	磨蚀
content	soldanel	雪铃
content	kak	屎
content	robot	机器人
content	kokcidi	球虫
content	korm	茎叶体
content	cejan	蓝菊
content	homotopi	同伦
content	diospir	柿
content	reprezali	报复
content	tranc^e	沟
content	aft	疮
content	pergamen	羊皮纸
content	spermati	精
content	pedagog	教
content	karbonar	烧炭党
content	rugin	刮
content	sistol	缩
content	reo	流
content	patric	印
content	baktri	双驼
content	nikotin	烟碱
content	abdik	退位
content	dakriocist	泪囊
content	kokle	耳蜗
content	erinac	猬
content	honorari	酬
content	jut	黄麻
content	ordinat	纵标
content	imanent	内
content	meloman	乐迷
content	filozof	哲
content	amonit	菊石
content	bombak	木棉
content	timbal	鼓
content	reprograf	复
content	bivak	营
content	salp	海桶
content	elegi	挽歌
content	polo	马球
content	ocel	单眼
content	pacif	和
content	ristorn	偿
content	palanken	轿
content	seminari	研讨
content	kazu	疑难
content	kurar	箭毒
content	vitel	蛋黄
content	notakant	刺背
content	tionat	硫
content	ekscentrik	偏心
content	eh^in	海胆
content	nova	新星
content	hieroglif	象形
content	persimon	柿
content	steven	首柱
content	prokavi	蹄兔
content	sinklinal	向斜
content	rek	单杠
content	splint	夹板
content	propedeu^tik	预科
content	orkide	兰
content	lupol	蛇麻
content	desapont	失望
content	ciroz	硬
content	nau^til	鹦螺
content	koronari	冠
content	termit	白蚁
content	kariljon	钟琴
content	mitoz	等分
content	pantomim	哑剧
content	eu^fau^zi	磷虾
content	miso	豆酱
content	furier	军需
content	salangan	金丝燕
content	vici	野豌豆
content	maroken	软革
content	ekzistencial	存
content	mag	巫
content	epitet	修饰
content	iliak	盆骨
content	klif	崖
content	pad	径
content	granulom	粒瘤
content	sob	下
content	postic^	伪
content	amanit	鹅膏
content	pilor	幽门
content	litiaz	结石
content	grapl	钩
content	konvikt	判
content	eu^metrop	正视
content	s^oh^t	屠
content	samuraj	武士
content	ruf	赤褐
content	stiv	装
content	mimoz	含羞
content	diod	二极管
content	ovaci	赞
content	imbecil	痴
content	farmak	药
content	lazaret	检疫院
content	dies	升
content	prod	杰
content	anomali	异
content	idili	田园
content	mangl	红树
content	propriocept	体感
content	iperit	芥气
content	sedativ	静
content	patrici	贵
content	bokal	罐
content	hif	菌丝
content	marabut	隐
content	feldspat	长石
content	gratifik	赏
content	kopulaci	配
content	albugine	白膜
content	luksaci	脱臼
content	homeopati	顺势
content	aposterior	后
content	vajd	蓝
content	kloroz	萎黄
content	kiral	手
content	saltier	带
content	hierodul	庙奴
content	jor	偏
content	barak	棚
content	poltron	怯
content	oliban	乳香
content	celul	胞
content	s^am	鹿皮
content	jodl	假声
content	aval	背书
content	maksim	格言
content	aneroid	无液
content	ditiramb	颂
content	kakofoni	噪
content	impotent	性无能
content	dracen	龙血树
content	ravin	峡
content	tul	网纱
content	apoteoz	神化
content	metodik	法
content	gilotin	断头
content	paleozoik	古生
content	pavilon	馆
content	tandem	串联
content	prospekt	册
content	urat	尿酸盐
content	binar	二进
content	bleni	滑鱼
content	ametist	紫晶
content	dikotom	叉
content	arkad	拱廊
content	ake	树懒
content	azo	无生
content	fanfar	号角
content	nav	廊
content	c^evron	梁
content	divertikul	囊室
content	heksagon	六角
content	olfakt	嗅
content	kidnap	拐
content	fove	窝
content	klozet	厕
content	manis	穿山甲
content	furz	屁
content	hipermetrop	远
content	sarkasm	讽
content	kiromanci	手相
content	almanak	历书
content	funikl	索
content	bav	口水
content	bras	帆索
content	interstic	隙
content	metrik	量
content	bes^amel	白汁
content	faradiz	电疗
content	kolocint	药瓜
content	kompromis	妥协
content	pre	前
content	amnezi	忘
content	kateter	管
content	draj^	根芽
content	nokau^t	击倒
content	cisticerk	囊尾虫
content	cerebel	小脑
content	frustr	挫
content	atlet	选手
content	inhibici	抑
content	kapor	山柑
content	bolus	团
content	apoge	远
content	eu^karisti	圣餐
content	c^uk	夹头
content	kanibal	食人
content	brag^	炭
content	batat	甘薯
content	rag^	王
content	tenebr	暗
content	signatur	签
content	preg	压
content	androgin	雌雄
content	paliativ	缓
content	dubel	栓
content	barbaden	西番莲
content	skerc	谐
content	remit	缓
content	jad	玉
content	vokoid	元
content	klip	夹
content	pund	镑
content	pleu^r	胸膜
content	unison	同
content	apopleksi	卒中
content	stret	窄
content	amfibrak	短长短
content	stalaktit	乳石
content	cedrat	香柑
content	remiz	库
content	zelot	迷
content	sakristi	圣器
content	potas	钾碱
content	binom	二项
content	palatin	宫伯
content	krin	颈毛
content	lucern	灯
content	okt	八度
content	imaginar	虚
content	interpol	插
content	delfen	海豚
content	aplomb	稳
content	raj	鱼
content	skut	滑
content	anc^	簧
content	trimestr	期
content	ligustr	女贞
content	pemikan	干肉
content	molest	虐
content	ambl	踱
content	komet	扫星
content	nekropsi	检尸
content	impresion	印象
content	pau^t	翘嘴
content	histrion	丑
content	tire	甲状
content	j^uri	陪审
content	alce	立葵
content	steg	撑
content	arkitektur	建筑
content	pederasti	童色
content	pudl	搅炼
content	stratosfer	平流层
content	etil	乙
content	lop	翻
content	kolc^ik	秋水仙
content	arh^e	古
content	jah^t	艇
content	herpet	泡疹
content	pentagon	五角
content	til	碎麻
content	noci	概
content	kromatin	染色质
content	onkocerk	盘尾
content	kojon	卵
content	grajl	雹
content	brakte	苞
content	kaki	土黄
content	abnegaci	弃
content	au^reli	海月
content	salvi	鼠尾草
content	eskalon	梯队
content	kapacitanc	容
content	s^ankr	毒疮
content	reglament	规
content	vesel	舰
content	anksi	忧虑
content	stag^	实习
content	sklerot	巩膜
content	dipsak	续断
content	mancinel	毒苹
content	oestr	发情
content	teleks	电传
content	kolerik	怒
content	nebuloz	星云
content	marod	偷
content	kanguru	袋鼠
content	inocent	无罪
content	filigran	丝
content	frigid	冷
content	seraf	天使
content	korpulent	胖
content	meretrik	蛤
content	tonsur	剃
content	tred	穿
content	siluet	剪影
content	maneg^	驯马
content	mastoid	乳突
content	sprint	冲
content	flan	蛋奶
content	aboc	字
content	brisur	标
content	arkipelag	群岛
content	enkliz	附
content	eu^fori	欣快
content	ratif	批
content	duktil	延展
content	heraldik	徽
content	skun	帆船
content	koder	码元
content	uzukap	时效
content	klejstogam	闭花
content	sien	红土
content	oriental	东
content	nelg	不长
content	flanel	毛绒
content	deont	义
content	komplic	同谋
content	strid	刺
content	neglig^	便袍
content	mucilag	粘液
content	pagaj	划
content	ambliop	弱视
content	karambol	撞
content	pone	矮马
content	tukan	巨嘴鸟
content	listel	边
content	reformaci	改革
content	kobr	眼镜蛇
content	silen	蝇子草
content	kolier	项链
content	grifel	石笔
content	sulfam	氨硫
content	staki	水苏
content	katapult	射
content	kokerik	啼
content	slang	俗语
content	epistol	信
content	c^ic^eron	导
content	ostrak	陶片
content	alabastr	雪花石膏
content	prelud	前奏
content	aperitiv	开胃酒
content	ekzoftalmi	凸眼
content	zepelin	硬式飞艇
content	subaltern	下
content	sekstant	六分仪
content	ekshibici	露
content	stekio	配比
content	board	迎风
content	sinkret	混
content	uvul	小舌
content	karoseri	车身
content	adept	徒
content	tiravir	缆
content	faksimil	复
content	sirop	糖浆
content	lizin	赖
content	lozang^	菱
content	alegori	寓
content	konik	锥线
content	holoturi	海参
content	nandin	天竹
content	vikun	小羊驼
content	suspend	停
content	konjugaci	变位
content	agor	场
content	niks	精
content	perlamot	珠层
content	fasc^in	柴束
content	skolastik	经院
content	limonad	柠檬水
content	akcidenc	偶
content	tenon	凸
content	karak	商舶
content	ciprin	鲤
content	vaginal	套
content	hals	帆索
content	grunt	哼
content	spam	垃圾
content	mediastin	纵隔
content	ginek	女
content	andant	行
content	trikofit	毛癣菌
content	gluten	面筋
content	senjor	主
content	kalot	冠
content	individual	个
content	stuc	剪
content	katabol	分解
content	ambulatori	廊
content	sakral	圣
content	kric^	尖叫
content	karakal	耳猫
content	prozelit	改宗
content	palavr	议
content	papirus	纸草
content	fantast	幻
content	meretric	妓
content	akvafort	蚀刻
content	sepi	墨鱼
content	promulg	颁
content	hieratik	祭
content	alb	白袍
content	glucid	糖
content	meandr	蛇
content	apeks	尖
content	frekvent	访
content	h^ameleon	变色龙
content	tenar	鱼际
content	aktini	海葵
content	kasi	腊肠树
content	kebab	烤肉
content	nj	女
content	kason	沉箱
content	okzal	酸模
content	elan	冲
content	ral	秧鸡
content	galon	饰带
content	diastol	舒
content	bakalau^r	学士
content	liv	左
content	konfirmaci	坚信礼
content	kibic	多嘴
content	piruet	旋
content	bart	鲸须
content	midz	舔吸
content	sulfin	硫
content	vortic	涡
content	abak	算盘
content	eroto	色情
content	band	队
content	sabin	杜松
content	kalikot	布
content	detrit	碎屑
content	spiritual	灵
content	primat	灵长
content	apercept	统觉
content	turne	巡
content	knedlik	面团
content	flameng	火烈鸟
content	nostalgi	怀旧
content	jalap	泻块根
content	kongel	冻
content	suspir	叹
content	paprik	甜椒
content	hub	田
content	hormon	激素
content	furunk	毒疮
content	skizofreni	精神分裂
content	skalp	头皮
content	kokolit	颗石
content	kvast	穗
content	imperator	帝
content	liturgi	礼拜
content	halebard	矛
content	spaget	面
content	lamprid	月鱼
content	marmit	锅
content	skand	析
content	vajr	松鼠皮
content	etuv	炉
content	umbel	伞
content	disenteri	痢
content	konvalesk	愈
content	kut	袍
content	mikot	菌
content	plosiv	塞
content	h^elicer	钳
content	c^irp	鸣
content	tombak	黄铜
content	anal	史
content	domen	骨牌
content	ekskuz	辩
content	depozici	证
content	ekt	外
content	hagi	圣
content	balist	弓炮
content	devalut	贬
content	kanot	舟
content	suber	木栓
content	livid	青
content	adjudant	准尉
content	dinornit	恐鸟
content	koncili	宗会
content	navigaci	航
content	cibet	灵猫香
content	kloroform	氯形
content	alvus	鱼苗
content	rung	横档
content	mufl	炉
content	s^al	披肩
content	pajac	丑
content	sarment	蔓
content	koriandr	香菜
content	procesor	处理器
content	knut	鞭
content	epope	史诗
content	kvaternar	四
content	noval	荒
content	torf	泥炭
content	influenc	感
content	skarlatin	猩红热
content	abrog	废
content	anark	无政
content	livi	鸽
content	spalir	系
content	ament	穗
content	paranoj	偏执
content	tetan	强直
content	ru	浸
content	akredit	信任
content	puerper	产后
content	frakt	分形
content	vitre	玻
content	tal	距
content	rizofor	红树
content	pastic^	仿
content	didaktik	教
content	pitiat	劝愈
content	operac	作战
content	balan	藤壶
content	kau^ci	保
content	kolazion	加餐
content	asperg	洒
content	leu^kemi	白血病
content	rund	巡
content	asbest	石棉
content	absid	后殿
content	imagin	成虫
content	tini	头癣
content	precedenc	先例
content	lapil	火砾
content	imperfekt	未完
content	homotop	同伦
content	tikso	触
content	h^aos	混乱
content	provincial	省
content	linotip	铸排
content	alism	泽泻
content	kolz	油菜
content	skarlat	红
content	stink	臭
content	kontralt	女低
content	stevard	侍
content	teorem	定理
content	apne	止
content	ekspedici	远征
content	averi	损
content	disonanc	不谐
content	hu	吓
content	plint	础
content	larg	宽
content	ligatur	结扎
content	servic	餐具
content	tektonik	构造
content	madrigal	情歌
content	glukoz	糖
content	gej	同性
content	neoten	幼
content	opilion	盲蛛
content	kopr	椰干
content	partner	伴
content	stencil	蜡纸
content	mioz	缩瞳
content	kaprifoli	忍冬
content	metakarp	掌骨
content	scil	绵枣儿
content	livre	制服
content	patn	梁
content	skori	渣
content	sekant	割
content	krasul	厚叶
content	rimors	悔
content	blag	吹
content	femal	雌
content	anastigmat	无散光
content	pudend	阴部
content	ofiur	蛇尾
content	celakant	矛尾鱼
content	resonanc	共鸣
content	galen	方铅矿
content	pase	过
content	sacerdot	祭司
content	mehar	赛驼
content	kodeks	典
content	kupol	圆顶
content	metamer	段
content	petazit	蜂斗菜
content	vodevil	歌舞剧
content	cum	聚伞
content	nimfe	睡莲
content	afinaci	炼
content	talam	丘脑
content	ureter	输尿管
content	hedon	乐
content	stukac^	奸
content	podicip	潜鸟
content	hihi	嘻
content	skistosom	血虫
content	seton	引流
content	celenter	腔肠
content	hiacint	风信子
content	tantiem	红利
content	imperativ	令
content	frikas	煮
content	konzol	台
content	fulgor	蜡蝉
content	akumulator	蓄电
content	neu^trin	中微子
content	radial	径
content	puc^	政变
content	sibarit	享乐
content	som	体
content	rempar	垒
content	pragmat	实
content	knokau^t	击倒
content	loz	散
content	atav	祖
content	infrarug^	红外
content	citr	琴
content	impos^t	拱座
content	alize	信风
content	centezimal	百
content	korsar	劫
content	pipet	移液
content	sukijak	牛锅
content	j^ak	插孔
content	metoksi	甲氧
content	reel	实
content	neoti	鸟巢兰
content	eksplicit	明
content	panikl	圆锥
content	reklamaci	诉
content	holoste	硬骨
content	koaks	焦
content	kancelier	首相
content	aspart	天冬
content	kazuar	鹤鸵
content	korne	角膜
content	kvivit	鸣
content	prokliz	附
content	algid	冷
content	fagot	大管
content	brusk	暴躁
content	ag^i	升水
content	lukan	锹甲
content	garol	松鸦
content	spekulaci	投机
content	cipres	柏
content	kah^eksi	衰
content	fuzi	聚变
content	ork	虎鲸
content	propuls	推
content	talk	滑石
content	banderol	带
content	kvadratur	求积
content	angiom	血管瘤
content	sinod	宗议
content	kompendi	概
content	asfiksi	窒
content	orgojl	傲
content	perpendikl	垂
content	kompot	糖煮
content	varianc	方差
content	bau^	梁
content	prepost	主祭
content	paradize	极乐鸟
content	pavez	船壁
content	fonem	音位
content	ruben	红宝
content	hepatik	肝草
content	gobius	虾虎
content	rekvizit	道具
content	deviz	铭
content	benefic	益
content	katgut	肠线
content	vrak	残船
content	gimnast	操
content	elitr	硬翅
content	kresp	饼
content	eritroni	猪牙花
content	difteri	白喉
content	likvesk	潮解
content	feston	花环
content	alkemi	炼金
content	glikogen	糖原
content	karbunkl	毒疮
content	lokust	蝗
content	katarakt	白内障
content	divizor	约数
content	ekspektor	咳痰
content	kvi	静
content	finis^	终
content	premium	费
content	epifiz	骨端
content	gracil	纤
content	tramp	游
content	katafor	下指
content	diluv	洪
content	brec^i	角砾岩
content	aktinidi	猴桃
content	lugr	帆船
content	gulas^	煮牛
content	vernaliz	春化
content	febl	弱
content	splend	灿
content	himen	处女膜
content	od	颂
content	polit	政
content	optimum	优
content	kul	蚊
content	diskrimin	辨
content	psikedel	迷幻
content	polikromi	彩
content	kolofon	松香
content	siest	午睡
content	besti	兽
content	difeomorfi	微分同胚
content	pjel	肾盆
content	hipokondri	疑病
content	era	代
content	likopodi	石松
content	alcion	翠鸟
content	komoci	震荡
content	aliteraci	头韵
content	ekstradici	引渡
content	azale	杜鹃
content	s^malc	猪油
content	envult	咒
content	stip	柄
content	citronel	香茅
content	signifik	著
content	pastel	含片
content	bukan	熏
content	petiol	叶柄
content	piore	脓漏
content	kreml	城堡
content	musket	火枪
content	promontor	海角
content	skalar	标量
content	nau^tik	航
content	nau^t	航
content	eskarp	坡
content	perversi	邪
content	pamflet	批文
content	zip	拉链
content	heder	藤
content	tetrark	分王
content	uln	尺
content	paroks	极
content	kontra	反
content	vagabond	荡
content	redoks	氧减
content	kapriol	跳
content	tril	颤歌
content	batrak	蛙
content	ekskori	擦伤
content	milic	民兵
content	urus^i	漆
content	maskl	雄
content	pingven	企鹅
content	lug^	雪车
content	kavaleri	骑
content	sial	硅铝
content	erp	耙
content	flau^r	植相
content	burs	囊
content	kraks	冠鸡
content	lavang	雪崩
content	karik	木瓜
content	sozi	替身
content	tindr	火绒
content	goliard	游学
content	garnitur	饰
content	s^us^	嘶
content	tao	道
content	sil	仓
content	link	山猫
content	orl	缝边
content	fuort	堡
content	glir	睡鼠
content	roj	溪
content	gejs^	艺妓
content	omar	龙虾
content	kristalin	晶体
content	perdrik	鸟
content	koril	木
content	mugil	鱼
content	mel	鼠
content	lap	菜
content	sorp	木
content	kenopodi	草
content	kalmar	鱼
content	ciper	草
content	vizon	鼠
content	bram	鱼
content	akar	虫
content	haring	鱼
content	rut	草
content	frag	果
content	ermen	鼠
content	mirtel	果
content	koral	虫
content	kivi	鸟
content	anchov	鱼
content	kurm	果
content	klupe	鱼
content	apterig	鸟
content	sole	鱼
content	salm	鱼
content	eu^forbi	草
content	kobitid	鱼
content	majn	鸟
content	miksin	鱼
content	mespil	果
content	pelikan	鸟
content	angelik	伞
content	aspleni	羊齿
content	skolop	鸟
content	pedik	虫
content	anet	伞
content	ricin	麻
content	alcioni	虫
content	irid	花
content	silur	鱼
content	demodeks	虫
content	angil	鱼
content	gad	鱼
content	artis^ok	菜
content	veratr	草
content	kornus	木
content	lici	果
content	petromiz	鱼
content	aliz	果
content	tinus	鱼
content	tili	木
content	simbrank	鱼
content	argonau^t	虫
content	muskat	木
content	kareks	草
content	cikoni	鸟
content	cist	草
content	karadri	鸟
content	mefit	鼠
content	framb	果
content	trombidi	虫
content	gerani	花
content	acipenser	鱼
content	oks	牛
content	pluvi	鸟
content	zibel	鼠
content	rubus	果
content	aniz	果
content	papav	草
content	skombr	鱼
content	grapfrukt	果
content	betel	草
content	amarant	菜
content	mustel	鼠
content	kokleari	草
content	akant	草
content	putor	鼠
content	arde	鸟
content	salmon	鱼
content	alo	草
content	fag	树
content	anc^ov	鱼
content	perk	鱼
content	moru	鱼
content	sporotrik	菌
content	helebor	草
content	lau^s	虫
content	pampelmus	果
content	blat	虫
pejvo	citron	果
pejvo	turd	鸟
pejvo	kres	草
pejvo	merin	羊
pejvo	gujav	果
piv	graviol	果
piv	c^erimoli	果
pejvo	kola	木
pejvo	terebint	木
pejvo	c^ampan	酒
piv	kopaiv	木
pejvo	mate	茶
piv	loganber	果
pejvo	viburn	木
pejvo	anagal	草
piv	tinam	鸟
pejvo	ranunkol	草
pejvo	tragant	草
piv	karakul	羊
piv	oksiur	虫
piv	fic	藻
piv	bangi	藻
pejvo	fuk	藻
piv	ulv	藻
piv	bri	苔
pejvo	gramin	禾
piv	psilot	羊齿
piv	apocin	草
piv	aizo	草
piv	psilofit	草
pejvo	umbelifer	伞
pejvo	asklepiad	草
pejvo	solan	茄
piv	arum	草
piv	lentibulari	草
pejvo	borag	草
piv	niktag	草
piv	akvifoli	木
pejvo	magnoli	木
pejvo	evonim	木
pejvo	berberis	木
piv	fenik	木
piv	dipterokarp	木
piv	kupres	木
piv	hipokastan	木
piv	anakardi	木
piv	simarub	木
piv	burser	木
piv	grosulari	木
pejvo	gnet	木
piv	kluzi	木
pejvo	amarilid	花
pejvo	balzamin	花
pejvo	enoter	花
pejvo	aster	菊
pejvo	lekant	菊
piv	piper	椒
pejvo	kajen	辣
pejvo	legumen	豆
pejvo	c^ot	鱼
piv	trigl	鱼
piv	mola	鱼
piv	labr	鱼
pejvo	spar	鱼
piv	seran	鱼
piv	cinkl	鸟
piv	alced	鸟
pejvo	galbul	鸟
pejvo	tetraon	鸟
piv	au^k	鸟
pejvo	oriol	鸟
piv	ploce	鸟
pejvo	upup	鸟
piv	katart	鸟
pejvo	sturn	鸟
pejvo	paru	鸟
piv	ptilonorink	鸟
pejvo	harpal	虫
pejvo	geotrup	虫
piv	karab	虫
piv	frigan	虫
piv	cerambik	虫
pejvo	anobi	虫
pejvo	elater	虫
pejvo	afid	虫
piv	aleu^rod	虫
piv	krizomel	虫
piv	tortrik	虫
piv	drozofil	虫
pejvo	taban	虫
pejvo	tine	虫
pejvo	ojstr	虫
pejvo	tipul	虫
piv	alveolin	虫
piv	fuzulin	虫
pejvo	papilion	蝶
piv	pierid	蝶
piv	terafoz	蛛
piv	cinip	蜂
pejvo	hil	蛙
pejvo	salamandr	蛙
piv	emid	龟
pejvo	keloni	龟
pejvo	didelf	鼠
pejvo	sorik	鼠
piv	kavi	鼠
piv	ceb	猴
piv	hapal	猴
piv	kalitriks	猴
piv	kolob	猴
piv	cerkopitek	猴
pejvo	felis	猫
pejvo	pand	熊猫
piv	kanis	犬
piv	onagr	马
piv	su	猪
piv	tragol	鹿
pejvo	rinocer	犀
piv	filostom	蝠
piv	vespertilion	蝠
piv	dazipod	兽
pejvo	mirmekofag	兽
piv	falanger	兽
pejvo	lutr	兽
piv	viver	兽
pejvo	otari	兽
pejvo	kolubr	蛇
piv	elap	蛇
pejvo	viper	毒蛇
pejvo	pagur	蟹
pejvo	limul	蟹
pejvo	salikok	虾
piv	pandal	虾
piv	pene	虾
pejvo	folad	贝
piv	botul	菌
piv	leptospir	菌
pejvo	ile	肠
pejvo	fuel	燃
pejvo	okult	秘
pejvo	diskurs	辩
pejvo	laz	套
piv	hebet	钝
pejvo	erizipel	丹毒
pejvo	varan	龙
pejvo	igvan	龙
pejvo	berili	金
pejvo	bismut	金
pejvo	ceri	金
pejvo	cezi	金
pejvo	erbi	金
pejvo	eu^ropi	金
pejvo	gadolini	金
pejvo	gali	金
pejvo	germanium	金
pejvo	indi	金
pejvo	iridi	金
pejvo	iterbi	金
pejvo	itri	金
pejvo	kadmi	金
pejvo	kaliforni	金
pejvo	kobalt	金
pejvo	kromi	金
pejvo	lantan	金
pejvo	liti	金
pejvo	luteci	金
pejvo	magnezi	金
pejvo	molibden	金
pejvo	nikel	金
pejvo	osmi	金
pejvo	plutoni	金
pejvo	poloni	金
pejvo	radium	金
pejvo	skandi	金
pejvo	stronci	金
pejvo	tantal	金
pejvo	tori	金
pejvo	urani	金
pejvo	vanad	金
pejvo	volfram	金
pejvo	zirkoni	金
pejvo	heli	气
pejvo	helium	气
pejvo	argon	气
piv	ksenon	气
pejvo	neon	气
pejvo	kripton	气
pejvo	radon	气
pejvo	fluor	气
pejvo	selen	矿
pejvo	telur	矿
pejvo	brom	卤
pejvo	antimon	矿
pejvo	arsen	矿
func	c^i	此
pejvo	violon	琴
pejvo	bronz	青铜
piv	bakter	菌
pejvo	leu^ko	白
pejvo	cian	青
pejvo	limf	淋
piv	notofag	树
piv	bufag	鸟
piv	poefag	牛
basic	aŭtobus	车
basic	asfalt	沥青
basic	kart	卡
piv	aden	腺
piv	petr	岩
pejvo	trak	轨
piv	bari	金
piv	americi	金
piv	berkeli	金
piv	ejns^tejni	金
piv	fermi	金
piv	lau^renci	金
piv	mendelevi	金
piv	neptuni	金
piv	nobeli	金
piv	protaktini	金
piv	tekneci	金
piv	disprozi	金
piv	hafni	金
piv	holmi	金
piv	neodim	金
piv	niob	金
piv	prazeodim	金
piv	prometi	金
piv	reni	金
piv	rodi	金
piv	rubidi	金
piv	terbi	金
piv	tuli	金
piv	astaten	卤
piv	antiklinal	背斜
piv	procion	兽
piv	agam	龙
piv	koraci	鸟
piv	scink	龙
piv	zeu^s	鱼
piv	sargas	藻
piv	abutil	草
piv	agami	鸟
piv	agatid	木
piv	agerat	菊
piv	aguti	鼠
piv	agvara	兽
piv	air	草
piv	ajapan	菊
piv	ajug	草
piv	akantias	鱼
piv	akebi	木
piv	akeronti	虫
piv	akonti	龙
piv	akor	草
piv	akroh^ord	蛇
piv	aksolotl	蛙
piv	akte	草
piv	alatern	木
piv	albizi	木
piv	alcelaf	兽
piv	alektor	鸟
piv	aleu^rit	木
piv	aliari	草
piv	alis	草
piv	alit	蛙
piv	alium	葱
piv	alkekeng	茄
piv	alokazi	草
piv	alopekur	草
piv	alpini	姜
piv	aluat	猴
piv	ambistom	蛙
piv	amelanc^	木
piv	ami	伞
piv	amirid	木
piv	amofil	草
piv	amom	姜
piv	ampelopraz	葱
piv	anagir	木
piv	anakond	蛇
piv	anamirt	木
piv	anarik	鱼
piv	anastatik	草
piv	andropogon	草
piv	androzac	草
piv	angostur	木
piv	angrek	兰
piv	anil	草
piv	anodont	贝
piv	anon	木
piv	antedon	虫
piv	antenari	菊
piv	antiar	木
piv	antilid	豆
piv	antoksant	草
piv	antrisk	伞
piv	anturi	草
piv	aot	猴
piv	apatosau^r	龙
piv	apios	豆
piv	arabidops	草
piv	arabis	草
piv	arali	木
piv	arenari	草
piv	argani	木
piv	argemon	草
piv	argiop	蛛
piv	argironet	蛛
piv	arkiteu^t	贝
piv	arkte	菊
piv	arkti	虫
piv	arktostafil	木
piv	armadel	兽
piv	armadilidi	虾
piv	armeri	草
piv	armilari	菌
piv	armoraci	草
piv	artokarp	木
piv	arund	草
piv	arunk	草
piv	arvikol	鼠
piv	aspidistr	草
piv	astilb	草
piv	astrakant	木
piv	astre	菌
piv	atel	猴
piv	atropos	虫
piv	au^brieti	草
piv	au^kub	木
piv	au^kume	木
piv	au^rikulari	菌
piv	au^stralopitek	猴
piv	avero	木
piv	aviceni	木
piv	avikulari	蛛
piv	avocet	鸟
piv	azarol	木
piv	azimen	木
piv	azol	羊齿
piv	balat	木
piv	balote	草
piv	balzamit	菊
piv	bambuz	竹
piv	banjan	木
piv	bantam	鸟
piv	barbare	草
piv	barbi	鱼
piv	bau^hini	木
piv	bazili	草
piv	bekabung	草
piv	belis	菊
piv	bemeri	草
piv	bernikl	鸟
piv	bertoleti	木
piv	bignoni	木
piv	biks	木
piv	birg	虾
piv	biskutel	草
piv	bistort	草
piv	blakbas	鱼
piv	blapt	虫
piv	blastocer	兽
piv	bleti	兰
piv	bobolink	鸟
piv	bold	木
piv	bomben	蛙
piv	bombicil	鸟
piv	bonazi	鸟
piv	bonit	鱼
piv	bops	鱼
piv	boselaf	兽
piv	bostrik	虫
piv	bosveli	木
piv	botrit	菌
piv	botrop	蛇
piv	boviste	菌
piv	brakin	虫
piv	brioni	瓜
piv	bromeli	草
piv	bromus	草
piv	brosm	鱼
piv	brunel	草
piv	brunfelsi	木
piv	brusoneti	木
piv	bucer	鸟
piv	budle	木
piv	buftalm	菊
piv	bugenvil	木
piv	bungar	蛇
piv	bupleu^r	伞
piv	buprest	虫
piv	butom	草
piv	cece	虫
piv	cecidomi	虫
piv	cedrel	木
piv	ceib	木
piv	celastr	木
piv	celtid	木
piv	centau^ri	草
piv	centrant	草
piv	cepol	鱼
piv	cerami	藻
piv	cerast	蛇
piv	cerasti	草
piv	ceratofil	草
piv	ceratoni	木
piv	cercid	木
piv	cercidifil	木
piv	cerkari	虫
piv	certi	鸟
piv	cestr	木
piv	ceterak	羊齿
piv	cetoni	虫
piv	cetrari	菌
piv	cezalpini	木
piv	cicindel	虫
piv	cikas	木
piv	cimbalari	草
piv	cimbidi	兰
piv	cimbopogon	草
piv	cimicifug	草
piv	cinamom	木
piv	cinar	草
piv	cinerari	菊
piv	cinodont	草
piv	cinoglos	草
piv	cinozur	草
piv	cipripedi	兰
piv	circe	草
piv	cirkaet	鸟
piv	cirku	鸟
piv	cirsi	菊
piv	cistopterid	羊齿
piv	citin	草
piv	citrol	瓜
piv	civetikt	兽
piv	c^ampinjon	菌
piv	c^at	木
piv	c^eti	鸟
piv	c^ifc^af	鸟
piv	c^ik	虫
piv	c^inc^il	鼠
piv	dafni	虾
piv	dafodil	草
piv	daktilis	草
piv	dalbergi	木
piv	damar	木
piv	dau^k	伞
piv	davali	羊齿
piv	delonik	木
piv	dendrolag	兽
piv	densteti	羊齿
piv	deodar	木
piv	der	木
piv	dermest	虫
piv	desmod	兽
piv	did	鸟
piv	difenbaki	草
piv	difilobotri	虫
piv	digitari	草
piv	diktamn	草
piv	dileni	木
piv	ding	兽
piv	diodont	鱼
piv	diomede	鸟
piv	dione	草
piv	dioskore	草
piv	dipterik	木
piv	ditisk	虫
piv	dolikot	鼠
piv	donak	草
piv	dorid	贝
piv	drab	草
piv	drimi	草
piv	drimis	木
piv	driopterid	羊齿
piv	dromi	虾
piv	dromice	鸟
piv	drozer	草
piv	dugong	兽
piv	duri	木
piv	eci	菌
piv	ecidi	菌
piv	efedr	木
piv	egilop	草
piv	eglanteri	草
piv	ejs^horni	草
piv	ekbali	瓜
piv	ekidn	兽
piv	ekinokok	虫
piv	ekinops	菊
piv	ekv	兽
piv	ekzocet	鱼
piv	elafr	虫
piv	elani	鸟
piv	elatin	草
piv	ele	木
piv	eledon	贝
piv	eleokarit	草
piv	eletari	姜
piv	elitrigi	草
piv	elode	草
piv	empetr	木
piv	entel	猴
piv	entolom	菌
piv	epakrid	木
piv	eperlan	鱼
piv	epidendr	兰
piv	epipaktid	兰
piv	ereti	木
piv	erigeron	菊
piv	eritren	木
piv	eritroksil	木
piv	erizif	菌
piv	erodi	草
piv	erofil	草
piv	eskul	木
piv	es^olzi	草
piv	etlinger	姜
piv	etuz	伞
piv	eu^frazi	草
piv	eu^geni	木
piv	eu^patori	菊
piv	eu^ripterigi	龙
piv	falangi	蛛
piv	falarid	草
piv	falen	虫
piv	falenops	兰
piv	fazeolus	豆
piv	fenikur	鸟
piv	fenugrek	豆
piv	ferolag	伞
piv	fikari	草
piv	filipendul	草
piv	filodendr	草
piv	fistulin	菌
piv	fiteu^m	草
piv	fitis	鸟
piv	fitoftor	菌
piv	fitolak	草
piv	fizalid	茄
piv	fle	草
piv	flebotom	虫
piv	flog	木
piv	floks	草
piv	focen	兽
piv	foksen	鱼
piv	foliot	菌
piv	foradendr	木
piv	formi	草
piv	fortunel	木
piv	fragari	草
piv	fraksinel	草
piv	frezi	草
piv	ftir	虫
piv	fulmar	鸟
piv	gage	草
piv	galang	姜
piv	galeops	草
piv	galg	豆
piv	galinag	鸟
piv	gamar	虾
piv	garcini	木
piv	gari	木
piv	gau^lteri	木
piv	gau^r	兽
piv	geastr	菌
piv	geris	虫
piv	gesneri	草
piv	gibon	猴
piv	ginseng	草
piv	gip	鸟
piv	giromitr	菌
piv	gledic^i	木
piv	glorioz	草
piv	glosin	虫
piv	glosopterid	草
piv	gnafali	菊
piv	gnidi	草
piv	gomb	草
piv	gonidi	藻
piv	gosipi	草
piv	gratiol	草
piv	grindeli	菊
piv	grumis^am	木
piv	gujdak	贝
piv	guta	木
piv	gvanak	兽
piv	gvaran	木
piv	gvemul	兽
piv	haliaet	鸟
piv	haliker	兽
piv	halofit	草
piv	hamamelid	木
piv	harpagofit	草
piv	hedizar	豆
piv	helikoni	草
piv	hemant	草
piv	hematoksil	木
piv	hematop	鸟
piv	herniari	草
piv	herpest	兽
piv	hesperid	草
piv	heve	木
piv	hidn	菌
piv	hidrastid	草
piv	hidrokarit	草
piv	hidroker	鼠
piv	hidrokotil	伞
piv	hieraci	菊
piv	hifolom	菌
piv	higrocib	菌
piv	higrofor	菌
piv	hikori	木
piv	himantop	鸟
piv	himene	木
piv	hin	兽
piv	hiosciam	茄
piv	hipeastr	草
piv	hipn	苔
piv	hipofe	木
piv	hipola	鸟
piv	hipoman	木
piv	hipurid	草
piv	holk	草
piv	holost	草
piv	hordelim	草
piv	hulman	猴
piv	humul	草
piv	hur	木
piv	iberis	草
piv	idus	鱼
piv	ikneu^mon	虫
piv	iksi	草
piv	iksor	木
piv	imortel	草
piv	impatient	草
piv	indri	猴
piv	inocib	菌
piv	inul	菊
piv	ip	虫
piv	ipome	草
piv	izatid	草
piv	izatis	兽
piv	izolepid	草
piv	jabiru	鸟
piv	jaborand	木
piv	jakarand	木
piv	jambos	木
piv	jazion	草
piv	jing	鸟
piv	johimb	木
piv	kacur	木
piv	kad	木
piv	kaguang	兽
piv	kairin	鸟
piv	kajeput	木
piv	kala	草
piv	kaladi	草
piv	kalamagrostid	草
piv	kalamint	草
piv	kalate	草
piv	kalceolari	草
piv	kaliceb	猴
piv	kalidr	鸟
piv	kalitrik	草
piv	kalitris	木
piv	kalosom	虫
piv	kalt	草
piv	kalun	木
piv	kameciparis	木
piv	kamemel	菊
piv	kamemor	草
piv	kamerops	木
piv	kanang	木
piv	kantalup	瓜
piv	kara	藻
piv	karagan	木
piv	karcin	虾
piv	kardamom	姜
piv	kardu	菊
piv	karduel	鸟
piv	karet	龟
piv	karibu	兽
piv	karite	木
piv	kartam	菊
piv	karum	伞
piv	kaskaril	木
piv	kastane	木
piv	katalp	木
piv	katarant	草
piv	katari	草
piv	katlej	兰
piv	katokal	虫
piv	kau^kalid	伞
piv	kau^lerp	藻
piv	kau^ri	木
piv	kava	木
piv	kazuaren	木
piv	kebrac^	木
piv	keir	草
piv	kenomel	木
piv	kiang	兽
piv	kironekt	兽
piv	kiti	鸟
piv	klatr	菌
piv	klavari	菌
piv	klematit	草
piv	kleom	草
piv	klerodendr	木
piv	klitocib	菌
piv	klitori	豆
piv	klorel	藻
piv	knau^ti	草
piv	koendu	兽
piv	kofe	木
piv	kokl	木
piv	kokolob	木
piv	kokotrau^st	鸟
piv	kolibi	菌
piv	kolokazi	草
piv	kolute	木
piv	kombret	木
piv	kombu	藻
piv	komelin	草
piv	komifor	木
piv	kondrostom	鱼
piv	kongr	鱼
piv	koniz	菊
piv	konsolid	草
piv	kopaifer	木
piv	kopren	菌
piv	kopris	虫
piv	koralin	藻
piv	koraloriz	兰
piv	koreops	菊
piv	koridal	草
piv	koriks	虫
piv	korkor	草
piv	koronel	蛇
piv	koronil	豆
piv	korsak	兽
piv	kortici	菌
piv	kortinari	菌
piv	krajt	蛇
piv	krangon	虾
piv	kraterel	菌
piv	krek	鸟
piv	kreks	鸟
piv	krescenti	木
piv	kril	虾
piv	krinum	草
piv	kriptogram	羊齿
piv	kritm	伞
piv	krizop	虫
piv	krotalari	豆
piv	kroton	草
piv	krozofor	草
piv	ksantosom	草
piv	ksestobi	虫
piv	ksiloste	木
piv	kubeb	木
piv	kukumis	瓜
piv	kumar	木
piv	kuruk	鸟
piv	kus	木
piv	kuskut	草
piv	kvasi	木
piv	kvecal	鸟
piv	labrusk	草
piv	laburn	木
piv	lagop	鸟
piv	lagostom	鼠
piv	lagotrik	猴
piv	lakari	菌
piv	laktari	菌
piv	lamn	鱼
piv	lampetr	鱼
piv	lani	鸟
piv	lapsan	菊
piv	larici	木
piv	latimeri	鱼
piv	latre	草
piv	lavandul	草
piv	lavsoni	木
piv	lecide	菌
piv	lecitid	木
piv	leguzi	草
piv	lekanor	菌
piv	lemn	草
piv	lentisk	木
piv	leontodon	菊
piv	lepad	虾
piv	lepidi	草
piv	lepiot	菌
piv	lepist	菌
piv	lept	虫
piv	leptinotars	虫
piv	leptocefal	鱼
piv	leu^cisk	鱼
piv	leu^kant	菊
piv	leu^koj	草
piv	levistik	伞
piv	licen	虫
piv	lige	草
piv	lig^e	虫
piv	likoperd	菌
piv	likopersik	茄
piv	likvidambar	木
piv	limne	贝
piv	limoni	草
piv	limoz	鸟
piv	linari	草
piv	liriodendr	木
piv	litops	草
piv	litorn	鸟
piv	litosperm	草
piv	litrum	草
piv	ljam	兽
piv	lobari	菌
piv	logani	草
piv	lokustel	鸟
piv	loli	草
piv	longan	木
piv	lorant	木
piv	lori	鸟
piv	loris	猴
piv	lutreol	兽
piv	luzul	草
piv	madi	菊
piv	maduk	木
piv	magot	猴
piv	makaon	虫
piv	makeri	木
piv	malus	木
piv	mandril	猴
piv	mangifer	木
piv	mangostan	木
piv	mangrov	木
piv	manihot	草
piv	manilkar	木
piv	marant	草
piv	marasmi	菌
piv	marmoz	兽
piv	martagon	草
piv	martes	兽
piv	marubi	草
piv	matiol	草
piv	matrikari	菊
piv	mazam	兽
piv	megateri	兽
piv	melaleu^k	木
piv	melo	虫
piv	melopsitak	鸟
piv	meniant	草
piv	menisperm	草
piv	merg^	鸟
piv	merluc^	鱼
piv	meruli	菌
piv	metroksil	木
piv	mezembriant	草
piv	mezere	木
piv	miceli	菌
piv	migal	蛛
piv	mikoriz	菌
piv	mikrot	鼠
piv	mimul	草
piv	miokastor	鼠
piv	mirabil	草
piv	mirik	木
piv	miristik	木
piv	miroksil	木
piv	mish^ant	草
piv	moldavik	草
piv	moli	木
piv	molini	草
piv	molok	龙
piv	molv	鱼
piv	momordik	瓜
piv	monard	草
piv	monili	菌
piv	monodelf	兽
piv	monodor	木
piv	monster	草
piv	mozasau^r	龙
piv	mug	木
piv	mukor	菌
piv	mureks	贝
piv	musend	木
piv	muskarden	鼠
piv	naj	蛇
piv	nandu	鸟
piv	napel	草
piv	nardostaki	草
piv	nasturti	草
piv	natrik	蛇
piv	nau^krat	鱼
piv	nau^l	木
piv	nau^pli	虾
piv	nazu	兽
piv	nefrolepid	羊齿
piv	negund	木
piv	nekrofor	虫
piv	nelumb	莲
piv	nemakejl	鱼
piv	neofron	鸟
piv	nepa	虫
piv	nepent	草
piv	nepet	草
piv	nereid	虫
piv	nikte	鸟
piv	nitel	藻
piv	nopal	草
piv	notonekt	虫
piv	nucifrag	鸟
piv	numeni	鸟
piv	ocelot	兽
piv	ocim	草
piv	ofri	兰
piv	ojdi	菌
piv	okapi	兽
piv	okrom	木
piv	oncidi	兰
piv	ondatr	鼠
piv	ononid	豆
piv	onopord	菊
piv	opul	木
piv	opunti	草
piv	orangutan	猴
piv	orcin	兽
piv	orikterop	兽
piv	oriz	草
piv	orn	木
piv	ornitogal	草
piv	orobank	草
piv	oronti	草
piv	osmer	鱼
piv	pagel	鱼
piv	pajen	木
piv	paksil	菌
piv	palakvi	木
piv	panak	草
piv	pandan	木
piv	pankrati	草
piv	panope	贝
piv	papau^	木
piv	papaver	草
piv	parantrop	猴
piv	parietari	草
piv	parmeli	菌
piv	paroniki	草
piv	parteni	菊
piv	partenocis	草
piv	pasiflor	草
piv	pau^lini	木
piv	pau^lovni	木
piv	pecaj	草
piv	pedali	草
piv	pedikular	草
piv	pejotl	草
piv	penicil	菌
piv	pense	草
piv	pepon	瓜
piv	perilj	草
piv	perisore	鸟
piv	peronospor	菌
piv	persikari	草
piv	petrel	鸟
piv	petuni	茄
piv	peziz	菌
piv	pilokarp	木
piv	pilozel	菊
piv	pimpinel	伞
piv	pina	贝
piv	pinastr	木
piv	pingvikul	草
piv	pinikol	鸟
piv	pinktad	贝
piv	pipi	鸟
piv	pipistrel	兽
piv	pirakant	木
piv	piral	虫
piv	piranj	鱼
piv	piretr	菊
piv	pirokorak	鸟
piv	pirul	鸟
piv	pirus	木
piv	pistaci	木
piv	pitang	木
piv	piteci	猴
piv	plasmopar	菌
piv	platale	鸟
piv	platiceri	羊齿
piv	plektrant	草
piv	pleu^rot	菌
piv	pleziosau^r	龙
piv	plumbag	草
piv	plute	菌
piv	podokarp	木
piv	pogostemon	草
piv	polemoni	草
piv	poliant	草
piv	poligal	草
piv	poligonat	草
piv	poliplektr	鸟
piv	polipor	菌
piv	polistik	羊齿
piv	pontederi	草
piv	porfiri	鸟
piv	porfur	藻
piv	portulak	草
piv	potentil	草
piv	potiron	瓜
piv	pozidoni	草
piv	prenantes	菊
piv	presbit	猴
piv	prist	鱼
piv	pronel	鸟
piv	psidi	木
piv	ptarmik	菊
piv	pteranodont	龙
piv	pterodaktil	龙
piv	pterokarp	木
piv	pterokl	鸟
piv	pterop	兽
piv	pudu	兽
piv	pufin	鸟
piv	pukcini	菌
piv	pulmonari	草
piv	pulsatil	草
piv	pumili	木
piv	rafanistr	草
piv	rafi	木
piv	raflezi	草
piv	rambutan	木
piv	ramforink	龙
piv	rami	草
piv	ramn	木
piv	ramonc^	木
piv	rapunkol	草
piv	rau^volfi	草
piv	ravenal	木
piv	read	草
piv	remor	鱼
piv	reum	草
piv	rinant	草
piv	rizokarp	菌
piv	ro	木
piv	robini	木
piv	robur	木
piv	rokcel	菌
piv	rubetr	鸟
piv	rubi	草
piv	rudbeki	菊
piv	rumeks	草
piv	rusk	木
piv	rusul	菌
piv	rutel	鱼
piv	sajmiri	猴
piv	saksikol	鸟
piv	salikorni	草
piv	salsol	草
piv	salvelen	鱼
piv	samol	草
piv	sangvisorb	草
piv	sanikl	伞
piv	sanpau^li	草
piv	sansevier	草
piv	sapind	木
piv	saponari	草
piv	saraceni	草
piv	sarak	木
piv	sarkopt	虫
piv	sasafras	木
piv	sature	草
piv	saturni	虫
piv	scirp	草
piv	sebast	鱼
piv	seki	瓜
piv	sekvojadendr	木
piv	selaginel	羊齿
piv	selin	伞
piv	semekarp	木
piv	sensitiv	草
piv	serasalm	鱼
piv	seratul	菊
piv	serin	鸟
piv	serpentari	鸟
piv	serpul	菌
piv	serval	兽
piv	sesleri	草
piv	sezel	伞
piv	sfagn	苔
piv	sfeg	虫
piv	sfenodont	龙
piv	sigilari	草
piv	silib	菊
piv	simfalang	猴
piv	simfit	草
piv	simuli	虫
piv	sirapt	鸟
piv	sit	鸟
piv	sium	伞
piv	sizar	伞
piv	sizimbri	草
piv	skandik	伞
piv	skin	木
piv	sklare	草
piv	sklerant	草
piv	skolim	菊
piv	skolopendri	羊齿
piv	skorpiur	豆
piv	skrofulari	草
piv	skutelari	草
piv	skvaten	鱼
piv	smilak	草
piv	smilodont	兽
piv	sofor	木
piv	somateri	鸟
piv	sonk	菊
piv	sorbus	木
piv	spargani	草
piv	sparti	木
piv	spatang	虫
piv	spergul	草
piv	spergulari	草
piv	spirantes	兰
piv	spire	木
piv	sporotrikum	菌
piv	stapeli	草
piv	stegosau^r	龙
piv	stelari	草
piv	stelion	龙
piv	sterkorari	鸟
piv	sterkuli	木
piv	stramoni	茄
piv	stratiot	草
piv	strelici	草
piv	streptopeli	鸟
piv	strikn	木
piv	strob	木
piv	strofant	木
piv	strofari	菌
piv	sul	鸟
piv	sumak	木
piv	surmulet	鱼
piv	sviteni	木
piv	s^tern	鸟
piv	tadorn	鸟
piv	tag^et	菊
piv	taksodi	木
piv	taliktr	草
piv	tam	草
piv	tamandu	兽
piv	tangar	鸟
piv	taps	草
piv	tapsi	伞
piv	taraksak	菊
piv	tarsi	猴
piv	tazet	草
piv	tegenari	蛛
piv	telope	木
piv	tenebri	虫
piv	teobrom	木
piv	tered	贝
piv	terminali	木
piv	testacel	贝
piv	tetragoni	草
piv	tetraklin	木
piv	teu^kri	草
piv	tibus^en	木
piv	tife	草
piv	tilandsi	草
piv	timal	鱼
piv	timele	草
piv	tinunkol	鸟
piv	tipuan	木
piv	titi	猴
piv	tlasp	草
piv	tonk	木
piv	topinambur	菊
piv	tormentil	草
piv	tradeskanti	草
piv	tragelaf	兽
piv	tragopog	菊
piv	tragopogon	菊
piv	trakeli	草
piv	trakin	鱼
piv	tremel	菌
piv	triceratop	龙
piv	tridakn	贝
piv	trigonel	豆
piv	trikolom	菌
piv	trili	草
piv	tring	鸟
piv	trips	虫
piv	trogi	虫
piv	troli	草
piv	tujops	木
piv	tuku	鼠
piv	turbot	鱼
piv	ulmari	草
piv	umbilikari	菌
piv	umbr	鱼
piv	unau^	兽
piv	unci	兽
piv	undari	藻
piv	uri	鸟
piv	usne	菌
piv	ustilag	菌
piv	utrikulari	草
piv	vakame	藻
piv	vakari	草
piv	valabi	兽
piv	valerianel	草
piv	vanda	兰
piv	vanes	虫
piv	venad	兽
piv	verbask	草
piv	verbezen	草
piv	verticili	菌
piv	vign	豆
piv	vikstremi	木
piv	vincetoksik	草
piv	voandze	豆
piv	volvariel	菌
piv	vukeri	虫
piv	ze	草
piv	zelkov	木
piv	zibet	兽
piv	zigen	虫
piv	zigofil	草
piv	zoarc	鱼
piv	falaropod	鸟
piv	himantopod	鸟
piv	lagopod	鸟
piv	orikteropod	兽
piv	afrodit	虫
piv	andre	苔
piv	andromed	木
piv	as^ok	木
piv	bas^o	草
piv	eritre	草
piv	goliat	虫
piv	gordi	虫
piv	klementin	木
piv	kobe	木
piv	korifen	鱼
piv	Leandr	虾
piv	micen	菌
piv	paris	草
piv	perse	木
piv	sagitari	草
piv	trap	草
piv	veronik	草
piv	galag	猴
piv	kalam	木
piv	ksanti	菊
piv	patienc	草
piv	talitr	虾
piv	volvok	藻
piv	klamidomonad	藻
pejvo	fero	铁
pejvo	lokaliz	位
content	drom	道
content	potam	河
content	eritr	红
content	gaster	胃
pejvo	anatom	剖
content	psikiatr	心医
pejvo	ĥirurg	外科
suf	ator	具
pejvo	dramaturg	剧作
pejvo	teozof	神智
pejvo	pediatr	儿医
piv	geriatr	老医
piv	taksonom	分类
piv	nomenklatur	命名
piv	tenur	封
pejvo	afiks	缀
piv	infiks	缀
pejvo	slip	卡
pejvo	negaci	否
pejvo	prohib	禁
pejvo	au^tent	真
pejvo	arkaik	古
pejvo	bizar	奇
pejvo	konvers	谈
pejvo	mucid	霉
pejvo	opci	选
pejvo	insurekci	叛
pejvo	emblem	徽
pejvo	au^tomaci	动
pejvo	vokt	督
piv	uest	西
piv	kompan	伴
piv	anakoret	隐
piv	pietat	敬
pejvo	adekvat	适
pejvo	avers	前
pejvo	latrin	厕
pejvo	stand	台
pejvo	narak	狱
pejvo	nimb	晕
pejvo	apik	垂
pejvo	atribut	归
pejvo	disc^ipl	徒
pejvo	hord	群
pejvo	mav	恶
piv	diminu	减
piv	kumul	累
piv	limin	槛
piv	disjunkci	或
piv	piktur	描
piv	minc	薄
piv	blizard	雪暴
pejvo	balustrad	栏
pejvo	atol	环礁
pejvo	asterisk	星号
pejvo	avatar	化身
pejvo	bastion	棱堡
pejvo	bubal	水牛
pejvo	atletik	田径
pejvo	armistic	停战
pejvo	batalion	营
pejvo	au^ditori	讲堂
pejvo	au^l	礼堂
pejvo	au^todidakt	自学
pejvo	au^dienc	接见
pejvo	incest	乱伦
pejvo	kolostr	初乳
piv	arid	旱
piv	fragil	脆
piv	hort	果园
piv	ror	吼
piv	stop	停
piv	suicid	自杀
pejvo	kik	踢
pejvo	gong	锣
pejvo	klan	族
pejvo	stele	碑
piv	lasciv	淫
pejvo	snuf	嗅
pejvo	jubil	喜
pejvo	kanoniz	圣
pejvo	absolv	赦
pejvo	sarkofag	棺
pejvo	kataklism	灾
pejvo	strand	滩
pejvo	g^angal	林
piv	grafem	字
piv	orific	孔
pejvo	muflon	羊
pejvo	adob	砖
piv	oriel	凸窗
piv	rampl	坡道
piv	porc^	门廊
pejvo	pagod	佛塔
pejvo	adjutant	副官
piv	instruktor	教官
pejvo	epolet	肩章
pejvo	salv	齐射
piv	konskripci	征兵
piv	okupaci	占领
pejvo	log^istik	后勤
pejvo	c^an	击锤
piv	parlamentari	军使
pejvo	fortres	堡垒
pejvo	damn	咒
pejvo	metempsikoz	轮回
pejvo	talisman	护符
pejvo	duramatr	硬膜
pejvo	piamatr	软膜
pejvo	fasci	筋膜
piv	korteks	皮质
pejvo	pou^p	船尾
pejvo	s^anel	航道
pejvo	hold	货舱
pejvo	ref	缩帆
pejvo	envergur	翼展
pejvo	ekart	偏
pejvo	ekscepci	抗辩
piv	diskreci	裁量
piv	mediaci	调解
pejvo	jurisprudenc	判例
pejvo	genocid	灭族
pejvo	tembr	音色
pejvo	moviment	乐章
pejvo	nokturn	夜曲
pejvo	uvertur	序曲
pejvo	partitur	总谱
pejvo	refren	副歌
pejvo	variaci	变奏
pejvo	kle	谱号
pejvo	dirigent	指挥
pejvo	ofsajd	越位
pejvo	rau^nd	回合
pejvo	remi	平局
pejvo	kren	辣根
pejvo	pakt	约
pejvo	demarkaci	划界
pejvo	oligark	寡头
pejvo	memorand	备忘
pejvo	plebiscit	公投
pejvo	j^os	假植
pejvo	ajut	喷嘴
pejvo	rotor	转子
pejvo	intajl	凹雕
pejvo	vajc	台钳
piv	bufon	丑
piv	au^ster	严
piv	hepta	七
pejvo	median	中
pejvo	nimbus	雨云
pejvo	legat	使
piv	rekognosk	侦
piv	vendet	仇
pejvo	kolokv	会
piv	rezidu	余
piv	simpozi	会
pejvo	ukaz	令
pejvo	miting	会
piv	aleator	偶
piv	cenobit	僧
pejvo	komod	柜
pejvo	aliment	养费
pejvo	diadem	冠
pejvo	tiar	冠
pejvo	taburet	凳
pejvo	magazin	刊
pejvo	pleonasm	冗
piv	cimitar	刀
piv	jatagan	刀
piv	talon	券
pejvo	rapir	剑
pejvo	stilet	匕
pejvo	melodram	剧
pejvo	kupe	厢
pejvo	vestibl	厅
pejvo	au^tokton	原住
pejvo	dement	否
piv	sapor	味
pejvo	kantik	咏
piv	dispne	喘
pejvo	metonimi	喻
pejvo	kodicil	嘱
pejvo	kohort	团
pejvo	redut	垒
pejvo	tenac	坚
pejvo	aren	场
piv	utrikl	囊
pejvo	matric	型
pejvo	gradient	坡
piv	bazament	基
pejvo	karapac	壳
pejvo	mole	堤
pejvo	piedestal	墩
pejvo	postament	墩
pejvo	pilon	塔
pejvo	katakomb	墓
pejvo	nekropol	墓
pejvo	trofe	奖
piv	okluzi	堵
pejvo	hetajr	妓
pejvo	enorm	巨
pejvo	fjord	峡湾
pejvo	mirag^	幻
pejvo	kasaci	废
pejvo	arsenal	库
pejvo	moratori	延
pejvo	persien	帘
piv	beret	帽
piv	latifundi	庄
piv	permanent	恒
pejvo	kokard	徽
piv	kontrici	悔
pejvo	s^rapnel	弹
pejvo	repertuar	录
pejvo	sentiment	感
pejvo	pelerin	披
piv	trakci	拉
piv	ram	撞
pejvo	prerogativ	权
piv	feroc	暴
piv	lucid	明
piv	slab	板
pejvo	lintel	梁
pejvo	pilastr	柱
pejvo	parapet	栏
pejvo	c^asi	架
piv	jovial	欢
piv	letal	死
piv	mutil	残
piv	pulul	殖
piv	pergol	棚
piv	antr	洞
pejvo	kulinar	烹
pejvo	kandelabr	烛台
piv	fiol	瓶
piv	bagn	牢
pejvo	medalion	牌
piv	amok	狂
piv	parez	瘫
pejvo	ekzem	疹
pejvo	satrap	督
pejvo	litani	祈
pejvo	interdikt	禁
piv	arkan	秘
pejvo	alopeci	秃
piv	viktuali	粮
pejvo	arabesk	纹
piv	lakun	缺
piv	hant	缠
pejvo	jejun	肠
pejvo	ungvent	膏
pejvo	liniment	膏
pejvo	varang	肋板
pejvo	monokl	镜
pejvo	bolid	陨
pejvo	protuberanc	隆
piv	emigraci	迁
pejvo	portal	门
piv	segregaci	隔
pejvo	trajektori	轨
pejvo	hiat	隙
piv	brum	雾
piv	akme	顶
piv	sukub	魔
pejvo	spelt	麦
pejvo	narkoz	麻
pejvo	kanin	齿
piv	deport	逐
pejvo	binokl	镜
pejvo	kardel	雀
pejvo	itiner	旅程
pejvo	kanjon	峡
pejvo	bard	诗
pejvo	gepard	豹
pejvo	sentenc	谚
pejvo	jaguar	豹
pejvo	erupt	喷
piv	obten	获
piv	ingest	吞
pejvo	mek	鸣
piv	gak	鸣
pejvo	kvak	鸣
piv	kuku	鸣
pejvo	rukul	鸣
piv	hat	厌
piv	opres	迫
pejvo	pseu^d	伪
pejvo	old	老
pejvo	leg^er	轻
pejvo	magr	瘦
piv	glau^k	青
piv	aspr	粗
piv	dokt	博
pejvo	vespert	蝠
pejvo	aligator	鳄
pejvo	frugileg	鸦
pejvo	skval	鲨
pejvo	narval	鲸
pejvo	astak	虾
pejvo	pekten	贝
pejvo	biret	帽
pejvo	aloz	鱼
pejvo	eglefin	鱼
pejvo	engrau^l	鱼
pejvo	sardin	鱼
pejvo	kanistr	罐
pejvo	denominator	分母
pejvo	hipotenuz	斜边
pejvo	nadir	天底
pejvo	timus	胸腺
pejvo	klavikl	锁骨
pejvo	cigar	烟
pejvo	erudit	博
pejvo	ordinaci	叙
piv	kombinaci	合
piv	prolaps	垂
piv	prezerv	存
pejvo	deklaraci	宣
pejvo	hermet	封
pejvo	empen	尾
pejvo	evoluci	展
piv	cintur	带
pejvo	halucinaci	幻
piv	abrogaci	废
piv	vibraci	振
pejvo	diare	泻
piv	iluminaci	照
piv	kulminaci	顶
piv	tifon	风
piv	indukci	诱
pejvo	gratifikaci	赏
pejvo	proskripci	逐
pejvo	filateli	邮
pejvo	eskadron	队
pejvo	skadron	队
piv	mume	梅
piv	paludism	疟
pejvo	fifr	笛
pejvo	kasket	帽
piv	zonul	带
piv	kanalizaci	渠
pejvo	diferenci	异
pejvo	regeneraci	再生
piv	supermarkt	市
pejvo	kajman	鳄
pejvo	gavial	鳄
pejvo	kakatu	鹦
pejvo	konur	鹦
pejvo	krabr	蜂
pejvo	moned	鸦
pejvo	luciol	萤
pejvo	kac^alot	鲸
pejvo	pizang	蕉
pejvo	pini	松
pejvo	misgurn	鱼
pejvo	pilc^ard	鱼
pejvo	perc^	鱼
pejvo	keks	饼
pejvo	kajak	舟
pejvo	pirog	舟
pejvo	vodk	酒
piv	mortadel	肠
pejvo	gitar	琴
pejvo	fortepian	琴
pejvo	apolog	寓
pejvo	tanka	歌
pejvo	grum	侍
pejvo	sordin	抑
pejvo	ogr	魔
pejvo	rebus	谜
pejvo	velociped	车
piv	koriz	炎
pejvo	pastor	牧
pejvo	reputaci	名
pejvo	adz	砍
pejvo	topor	砍
pejvo	tomahok	砍
pejvo	ekzotik	异
piv	lamel	片
pejvo	mazut	重油
piv	turgesk	胀
pejvo	plastr	膏
piv	prognat	凸
pejvo	anofel	蚊
pejvo	boac	鹿
pejvo	melopep	瓜
piv	kulan	马
piv	skunk	鼠
pejvo	oposum	鼠
pejvo	frankolin	鸟
pejvo	kolibr	鸟
pejvo	taksi	车
pejvo	pterid	羊齿
pejvo	mekan	械
pejvo	abdomen	腹
pejvo	pankreas	胰
piv	profilakt	防
pejvo	specifik	特
piv	versal	大
piv	prostituci	妓
pejvo	trau^m	创
pejvo	strobil	锥
piv	tonus	张
piv	knot	结
piv	karenc	缺
piv	rati	比
piv	mezant	中
piv	ah^eronti	虫
pejvo	alh^emi	炼金
pejvo	amfibrah^	短长短
pejvo	anarh^i	无政
pejvo	arh^a	古
pejvo	arh^aik	古
pejvo	arh^ipelag	群岛
pejvo	arh^itekt	建筑
pejvo	arh^itektur	建筑
pejvo	arh^iv	档
piv	brah^in	虫
piv	dolih^ot	鼠
piv	eh^idn	兽
piv	eh^inokok	虫
piv	h^aradri	鸟
pejvo	h^eloni	龟
piv	h^ironekt	兽
piv	h^ondrostom	鱼
piv	halih^er	兽
piv	hidroh^er	鼠
pejvo	hierarh^i	级
pejvo	hipoh^ondri	疑病
piv	ih^tio	鱼
pejvo	ih^tiosau^r	鱼龙
pejvo	kimer	幻
piv	moloh^	龙
pejvo	monarh^	君主
pejvo	monarh^i	君主
pejvo	oligarh^	寡头
piv	trah^in	鱼
piv	trih^ofit	毛癣菌
piv	kakeksi	衰
piv	kelicer	钳
pejvo	afis	虫
piv	aland	鱼
piv	alka	鸟
piv	alsin	草
pejvo	amiant	石棉
pejvo	anastrof	倒
piv	antus	鸟
pejvo	aprec	赏
basic	arkus	弧
pejvo	armori	徽
pejvo	bandolier	带
pejvo	born	夹
pejvo	celsi	摄氏
basic	ciklogir	直升机
basic	cirkonferenc	圆
piv	delikvesk	潮解
pejvo	difterit	白喉
pejvo	disel	柴油
piv	dromaj	鸟
basic	ebul	草
pejvo	ekzekv	执
pejvo	ekzorciz	驱魔
pejvo	elatr	虫
piv	emetrop	正视
piv	emu	鸟
pejvo	espoz	展
basic	fat	命
basic	g^eni	才
pejvo	galium	金
basic	gel	霜
pejvo	glicine	大豆
pejvo	glucini	金
piv	gnoz	知
pejvo	goelet	帆船
pejvo	granol	粒
pejvo	gratif	赏
pejvo	gveril	游击
basic	hau^l	拉
pejvo	hemati	红胞
piv	hidrast	草
piv	hidrokarid	草
pejvo	hipnoz	催眠
piv	hirak	蹄兔
piv	impetigin	脓疮
pejvo	indium	金
piv	ipekakuan	吐根
piv	isat	草
piv	isolep	草
pejvo	jahurt	酸乳
piv	jaroviz	春化
pejvo	kadastr	地籍
basic	kalorifer	炉
piv	kariokinez	等分
pejvo	kasuar	鹤鸵
piv	kim	聚伞
pejvo	klau^str	修院
pejvo	kolera	霍乱
pejvo	kolesterin	胆醇
pejvo	kolimb	潜鸟
pejvo	kolokint	药瓜
pejvo	konsistenc	贯
pejvo	krampf	抽筋
piv	kurl	鸟
pejvo	kvalif	称
piv	levkoj	草
pejvo	lilak	丁香
piv	limet	甜柠
piv	mergul	鸟
pejvo	meringel	蛋白霜
pejvo	metakarpe	掌骨
pejvo	meten	亚甲
basic	mistif	骗
piv	nasturci	草
pejvo	navet	梭
piv	nere	虫
pejvo	niton	气
piv	pankraci	草
piv	pasat	信风
pejvo	paskvil	批文
pejvo	patat	甘薯
piv	piel	肾盆
piv	pieris	蝶
pejvo	pingvin	企鹅
piv	polikro	多色
pejvo	precedent	先例
pejvo	raj^a	王
pejvo	ramfast	巨嘴鸟
pejvo	rau^f	架
pejvo	razen	草坪
piv	rekursi	递归
pejvo	relaj	转
piv	rocel	菌
pejvo	s^lak	渣
piv	sarkopsil	虫
pejvo	sekestr	查封
pejvo	sekvestraci	查封
piv	skirp	草
basic	solo	唯
basic	stadium	赛场
basic	striat	条
piv	taget	菊
cal	talium	金
piv	tanagr	鸟
basic	tetragon	方
pejvo	tinn	鱼
pejvo	tungsten	金
piv	urinat	尿酸盐
pejvo	urli	腮
pejvo	venere	性病
piv	verbesin	菊
basic	vespr	晚
basic	aleksin	补
piv	amblistom	蛙
pejvo	bedeli	脂
piv	bombinator	蛙
piv	bukorak	鸟
basic	cukcukcikad	蝉
piv	fiber	鼠
piv	helode	草
pejvo	hematit	矿
basic	hiziki	藻
pejvo	jaspis	玉
basic	kanacikad	蝉
pejvo	karbamid	尿素
basic	konfidenci	秘
pejvo	konkir	克
piv	krakt	鸟
piv	meleagren	贝
pejvo	merl	鸟
pejvo	metropoliten	地铁
basic	mincikad	蝉
piv	palemon	虾
basic	parcial	部
piv	pitek	猴
piv	pituitari	垂体
pejvo	proteid	蛋白
pejvo	psor	癣
basic	ŝpic	犬
basic	sabelik	菜
pejvo	sazank	茶
pejvo	serpil	百里香
basic	skizofit	菌
piv	spekulari	草
piv	tropidonot	蛇
piv	zoster	草
piv	stakis	草
pejvo	kaŭpoks	痘
piv	leming	鼠
basic	lunatik	狂
piv	gink	木
piv	baobab	木
piv	eŭkalipt	木
piv	palisandr	木
piv	mahagon	木
piv	kriptomeri	木
piv	ulm	木
piv	sekvoj	木
piv	tamarind	木
piv	forsiti	木
piv	lagerstrom	木
piv	gardeni	木
piv	sakur	樱
piv	popl	柳
piv	macutak	菌
piv	ŝitak	菌
piv	morkel	菌
piv	penicili	菌
piv	kormoran	鸟
piv	fenikopter	鸟
piv	albatros	鸟
piv	kondor	鸟
piv	ibis	鸟
piv	guf	鸟
piv	hipsipet	鸟
piv	koturn	鸟
piv	ugvis	莺
piv	ara	鹦
piv	milv	鹰
piv	trut	鱼
piv	pagr	鱼
piv	muren	鱼
piv	sturg	鱼
piv	seriol	鱼
piv	labrak	鱼
piv	karas	鲤
piv	mant	虫
piv	kokcinel	虫
piv	libel	虫
piv	bombiks	蛾
piv	ĵiĵicikad	蝉
piv	burd	蜂
piv	korbikul	贝
piv	skafark	贝
piv	ruditap	蛤
piv	brokol	菜
piv	vasabi	辣根
piv	miog	姜
piv	kurkum	姜
piv	pore	葱
piv	ŝalot	葱
piv	rosmaren	香草
piv	origan	香草
piv	azuki	豆
piv	melongen	茄
piv	kolokasi	草
piv	akonit	草
piv	ciklamen	花
piv	krokus	花
piv	dali	菊
piv	kosmos	菊
piv	stratum	层
pejvo	civilizaci	民化态
piv	organizaci	器化
piv	hemiceluloz	半胞糖
suf	aci	态
piv	abiogenez	无生源
piv	acetat	醋盐
piv	acidimetr	酸计
piv	adaptometri	适测
piv	adenoidit	腺似炎
piv	adenom	腺瘤
piv	adenpati	腺病
piv	adipogenez	脂源
piv	administrator	管员
piv	aeremi	气血
piv	aerodrom	气道
piv	aerogram	气图
piv	aerolit	气石
piv	aerolog	气学家
piv	aerologi	气学
piv	aerometr	气计
piv	aerometri	气测
piv	aeronau^t	气航
piv	aeronau^tik	气航学
piv	aeroplan	气划
piv	aerostat	气态
piv	afoni	无声
piv	agend	办须
piv	agorafobi	场症
piv	agrafi	无志
piv	agronom	农学
piv	akantocefal	刺头
piv	akinezi	无动
piv	aklimatiz	气候化
piv	akrocefal	锐头
piv	akrocianoz	锐青症
piv	akromat	无色
piv	akronim	锐名
piv	aksiometr	轴计
piv	aktinometr	射计
piv	aktinoterapi	射疗
piv	akus^ologi	产学
piv	albugineit	白膜炎
piv	albuminuri	白蛋白尿
piv	algiolog	痛学家
piv	algiologi	痛学
piv	algolog	藻学家
piv	algologi	藻学
piv	alkaloid	碱似
piv	alkalometri	碱测
piv	alkoholat	醇盐
piv	alkoholemi	醇血
piv	alkoholometr	醇计
piv	alofon	异声
piv	alomorf	异形
piv	alopati	异病
piv	alotrofi	异养
piv	alternator	替具
piv	altimetr	高计
piv	altometr	高计
piv	altometri	高测
piv	altruism	他主义
piv	altruist	他家
piv	aluminiat	铝盐
piv	ameboid	变形虫似
piv	amplifikator	扩具
piv	anaerobi	无气生
piv	anarkism	无政主义
piv	anarkist	无政家
piv	aneksit	并炎
piv	anemogram	风图
piv	anemometr	风计
piv	anemometri	风测
piv	angiologi	脉学
piv	angiosperm	脉种
piv	anhidr	无水
piv	anizotrop	无等向
piv	anoksemi	无氧血
piv	anoksi	无氧
piv	antagonism	敌主义
piv	antagonist	敌家
piv	antibiotik	抗生布
piv	anticiklon	抗旋
piv	antifon	抗声
piv	antifraz	抗句
piv	antigen	抗原
piv	antikorp	抗体
piv	antikorpuskl	抗粒
piv	antineu^trin	抗中微子
piv	antinomi	抗律
piv	antipartikl	抗粒
piv	antipati	抗情
piv	antistrof	抗节
piv	antitez	抗题
piv	antitoksin	抗毒
piv	antonim	反名
piv	antropocentr	人央
piv	antropoid	人似
piv	antropolog	人学家
piv	antropologi	人学
piv	antropometri	人测
piv	antropomorf	人形
piv	antropomorfism	人形主义
piv	anuri	无尿
piv	aortit	主脉炎
piv	apendicektomi	虫垂除
piv	apendicit	虫垂炎
piv	apetal	无瓣
piv	araknoidit	蛛膜炎
piv	arbologi	树学
piv	arh^aism	古主义
piv	arh^eolog	古学家
piv	arh^eologi	古学
piv	arkaism	古主义
piv	arkeolog	古学家
piv	arkeologi	古学
piv	arketip	原型
piv	arsenid	矿化
piv	arteriektomi	脉除
piv	arteriit	脉炎
piv	artralgi	节痛
piv	artrit	节炎
piv	artritism	节炎主义
piv	artrologi	节学
piv	artropod	节足
piv	artroz	节症
piv	aseps	无腐
piv	askomicet	囊菌
piv	askomikot	囊菌
piv	aspartat	天冬盐
piv	astigmatism	散光主义
piv	astrolog	星学家
piv	astrologi	星学
piv	astronau^t	星航
piv	astronau^tik	星航学
piv	astronom	星学
piv	atavism	祖主义
piv	ateism	无神主义
piv	ateist	无神家
piv	atmosferografi	气志
piv	atmosferologi	气学
piv	atoni	无张
piv	au^dometr	听计
piv	au^tobiografi	自生志
piv	au^togen	自生
piv	au^tograf	自记
piv	au^tografi	自志
piv	au^tokrati	专制
piv	au^toliz	自解
piv	azotemi	氮血
piv	azoturi	氮尿
piv	baktericid	菌杀
piv	bakteriofag	菌吞
piv	bakteriofag^	菌吞
piv	bakteriolog	菌学家
piv	bakteriologi	菌学
piv	balanit	藤壶炎
piv	barbarism	蛮主义
piv	barograf	压记
piv	barometr	压计
piv	baroskop	压镜
piv	batometr	深计
piv	batometri	深测
piv	bazidimicet	担子菌
piv	bazidimikot	担子菌
piv	bazidiomicet	担子菌
piv	bazidiomikot	担子菌
piv	benzinometr	汽油计
piv	benzoil	安息香基
piv	bibliofil	经爱
piv	bibliofili	经爱
piv	bibliograf	经记
piv	bibliografi	经志
piv	bibliomani	经狂
piv	bident	二齿
piv	bimetal	二金
piv	bimetalism	二金主义
piv	biofizik	生物理
piv	biogenez	生源
piv	biogeografi	生地志
piv	biograf	生记
piv	biokemi	生化学
piv	biolog	生学家
piv	biomas	生团
piv	biometri	生测
piv	biont	生将
piv	biontologi	生在学
piv	biosfer	生球
piv	bioterapi	生疗
piv	biotop	生境
piv	bismutat	金盐
piv	blastoderm	胚皮
piv	bolometr	沸计
piv	brifit	苔植
piv	briofit	苔植
piv	bromoform	卤形
piv	bronkit	支炎
piv	bronkoskop	支镜
piv	bronkoskopi	支镜
piv	bursit	囊炎
piv	buterat	黄油被
piv	buterometr	黄油计
piv	c^elologi	胞学
piv	cefalaspidomorf	头甲形
piv	cefalopod	头足
piv	cefalospin	头脊
piv	cefalotorak	头胸
piv	cekumit	盲肠炎
piv	celulit	胞炎
piv	centifoli	百叶
piv	centigrad	厘度
piv	centigram	厘克
piv	centilitr	厘升
piv	centromer	央链节
piv	centrosom	央体
piv	cianat	青盐
piv	cianfit	青植
piv	cianid	青化
piv	cianofit	青植
piv	cikadomorf	蝉形
piv	ciklometr	环计
piv	ciklometri	环测
piv	citolog	胞学家
piv	citologi	胞学
piv	citoplasm	胞浆
piv	citoskelet	胞骨
piv	citosol	胞液
piv	citotrop	胞向
piv	citrat	柑盐
piv	dakriocistit	泪囊炎
piv	daktilograf	指记
piv	daktiloskopi	指镜
piv	decigram	分克
piv	decilitr	分升
piv	decimetr	分米
piv	deflor	从花
piv	deism	从主义
piv	deist	从家
piv	dekagram	十克
piv	dekalitr	十升
piv	dekalog	十戒
piv	dekametr	十米
piv	dekapod	十足
piv	deltoid	三角洲似
piv	demonologi	魔学
piv	demonomani	魔狂
piv	demonstrativ	证被能
piv	dendrokronolog	树时学家
piv	dendrokronologi	树时学
piv	dendrologi	树学
piv	densometri	密测
piv	deontologi	义学
piv	dermapter	皮翅
piv	dermatit	皮炎
piv	dermatolog	皮学家
piv	dermatologi	皮学
piv	dermatoz	皮症
piv	dermit	皮炎
piv	dermopter	皮翅
piv	diafanoskopi	透镜
piv	diagenez	通源
piv	diakron	通时
piv	dialektolog	言学家
piv	dialektologi	言学
piv	diaskop	通镜
piv	diaterm	通热
piv	diatermi	通温
piv	diazot	二氮
piv	diazotat	二氮盐
piv	dielektrikmetr	介电计
piv	digram	二字
piv	diklorid	二氯化
piv	dikotiledon	二子叶
piv	dikromiat	二金盐
piv	diktafon	述声
piv	dilatator	膨具
piv	dimer	二链节
piv	dinamism	力主义
piv	diploid	二倍
piv	diplokok	双菌
piv	diplomologi	证学
piv	diplopod	双足
piv	dipter	二翅
piv	disakarid	二蔗子
piv	diskomicet	盘菌
piv	diskredit	散信受
piv	disom	二体
piv	disulfid	二硫化
piv	ditionat	二硫
piv	divalent	二价
piv	divertikulektomi	囊室除
piv	dividend	分须
piv	dodekaedr	十二面
piv	dodekafoni	十二声
piv	dolc^amar	甘苦
piv	dozologi	量学
piv	dozometr	量计
piv	drakocefal	龙头
piv	efemeropter	短翅
piv	eh^inoderm	海胆皮
piv	eksponometr	展计
piv	ekspresionism	表主义
piv	ekspresionist	表家
piv	ektoderm	外皮
piv	ektoplasm	外浆
piv	ekzistencialism	存主义
piv	ekzistencialist	存家
piv	ekzogami	外配
piv	ekzogen	外生
piv	ekzoterm	外热
piv	elastomer	弹链节
piv	elektrofon	电声
piv	elektrolit	电解
piv	elektrometr	电计
piv	elektroskop	电镜
piv	elektrotip	电型
piv	elektrotipi	电型
piv	elektrovalent	电价
piv	emboloz	栓症
piv	embrifit	胚植
piv	embrigenez	胚源
piv	embriofit	胚植
piv	embriogenez	胚源
piv	embriolog	胚学家
piv	embriologi	胚学
piv	embriotomi	胚切
piv	embritomi	胚切
piv	empirism	验主义
piv	empirist	验家
piv	encefalalgi	脑痛
piv	encefalografi	脑志
piv	encefalogram	脑图
piv	encefalopati	脑病
piv	endoderm	内皮
piv	endogami	内配
piv	endogen	内生
piv	endokard	内心
piv	endokardit	内心炎
piv	endokrinologi	内分泌学
piv	endomorfi	内形
piv	endoplasm	内浆
piv	endoskop	内镜
piv	endosmoz	内渗
piv	endosperm	内种
piv	endoterm	内热
piv	enteralgi	肠痛
piv	entomolog	虫学家
piv	entomologi	虫学
piv	enzimologi	酵素学
piv	ependimit	室膜炎
piv	epicentr	表央
piv	epidemiologi	疫学
piv	epiderm	表皮
piv	epidiaskop	表通镜
piv	epifenomen	表现
piv	epifit	表植
piv	epifizit	骨端炎
piv	epigastr	表胃
piv	epigenez	表源
piv	epiglot	表声门
piv	epilog	后话
piv	epimorfi	表形
piv	epipaleolitik	后古石学
piv	epiteliom	上皮瘤
piv	eritroblast	红胚
piv	eritropoez	红生
piv	eritropoezin	红生素
piv	erotogen	色生
piv	erotologi	色情学
piv	erotomani	色情狂
piv	eskalator	梯具
piv	estezometr	感计
piv	estrad	长行
piv	etimolog	源学家
piv	etimologi	源学
piv	etiolog	因学家
piv	etiologi	因学
piv	etnograf	族记
piv	etnografi	族志
piv	etnolog	族学家
piv	etnologi	族学
piv	etoksi	乙氧
piv	eu^ritm	良律
piv	ezofagit	食管炎
piv	ezofagoskop	食管镜
piv	ezofagoskopi	食管镜
piv	falc^ator	收割具
piv	faringit	咽炎
piv	faringoskop	咽镜
piv	faringoskopi	咽镜
piv	farmakolog	药学家
piv	farmakologi	药学
piv	fekul	粪者
piv	feminist	女家
piv	fenomenologi	现学
piv	fenotip	现型
piv	ferocian	铁青
piv	fibrinogen	纤蛋白生
piv	fibrom	纤瘤
piv	fibroskop	纤镜
piv	filantrop	爱人
piv	filantropi	爱人
piv	filogenez	儿源
piv	filolog	爱学家
piv	fitogeografi	植地志
piv	fitoterapi	植疗
piv	fiziografi	物理志
piv	fiziolog	生理学家
piv	flebit	脉炎
piv	flebotomi	脉切
piv	fluometr	流计
piv	fluorid	气化
piv	fokusterapi	焦点疗
piv	foliklit	囊炎
piv	fonetism	音主义
piv	fonetist	音家
piv	fonogram	声字
piv	fonologi	声学
piv	fonometr	声计
piv	fonometri	声测
piv	fonon	声子
piv	fonoskop	声镜
piv	formiat	形盐
piv	formiil	形基
piv	fosfatemi	磷盐血
piv	fosfaturi	磷盐尿
piv	fosfid	磷化
piv	fotoc^el	光胞
piv	fotogliptik	拍玉雕
piv	fotografi	拍志
piv	fotogravur	拍刻
piv	fotokemi	光化学
piv	fotokromi	拍色
piv	fotolitografi	拍石志
piv	fotometri	光测
piv	fotosfer	光球
piv	fotosintez	光合
piv	fotostat	拍态
piv	fototelegraf	拍远记
piv	fototerapi	光疗
piv	fototip	拍型
piv	fototipi	拍型
piv	fototropism	光向主义
piv	frekvencometr	频计
piv	fridoterapi	冷疗
piv	fruktolog	果学家
piv	fruktologi	果学
piv	ftizolog	结核学家
piv	ftizologi	结核学
piv	fulgoromorf	蜡蝉形
piv	fungicid	菌杀
piv	fungolog	菌学家
piv	fungologi	菌学
piv	futurolog	未学家
piv	futurologi	未学
piv	galvanometr	电计
piv	galvanoplastik	电塑
piv	galvanoskop	电镜
piv	galvanoterapi	电疗
piv	gametofit	配子植
piv	gangliit	节炎
piv	ganglion	节
piv	gasmetr	气计
piv	gasogen	气生
piv	gasometr	气计
piv	gasteromicet	胃菌
piv	gastralgi	胃痛
piv	gastrektomi	胃除
piv	gastrenterit	胃肠炎
piv	gastrit	胃炎
piv	gastrofil	胃爱
piv	gastrokamer	胃室
piv	gastronom	胃学
piv	gastropod	胃足
piv	gastroskop	胃镜
piv	gastroskopi	胃镜
piv	gastrospasm	胃抽筋
piv	gastrostomi	胃漏
piv	gastrotomi	胃切
piv	genealog	系学家
piv	genealogi	系学
piv	genotip	生型
piv	geocentr	地央
piv	geodinamik	地力
piv	geofizik	地物理
piv	geograf	地记
piv	geokemi	地化学
piv	geokronologi	地时学
piv	geolog	地学家
piv	geologi	地学
piv	geometri	地测
piv	geomorfologi	地形学
piv	geopolitik	地政
piv	geosfer	地球
piv	geosinklinal	地向斜
piv	geoteknik	地技
piv	geotermik	地热学
piv	geotropism	地向主义
piv	ginekolog	女学家
piv	ginekologi	女学
piv	gingivit	牙肉炎
piv	gipsofil	石膏爱
piv	giromagnet	旋磁
piv	girometr	旋计
piv	giroskop	旋镜
piv	glaciolog	冰学家
piv	glaciologi	冰学
piv	glikogenogenez	糖原源
piv	glikogenoliz	糖原解
piv	globoskop	球镜
piv	glosektomi	舌除
piv	glosit	舌炎
piv	glukemi	糖血
piv	glukozemi	糖血
piv	glukozuri	糖尿
piv	glukuri	糖尿
piv	glutamat	谷氨盐
piv	goniometri	角测
piv	gonokokemi	淋菌血
piv	grafism	记主义
piv	grafolog	记学家
piv	grafologi	记学
piv	grafospasm	记抽筋
piv	granulocit	粒胞
piv	gravimetri	重测
piv	gravitometr	引计
piv	gravitometri	引测
piv	grundgenez	土源
piv	grundolog	土学家
piv	grundologi	土学
piv	hagiograf	圣记
piv	hagiografi	圣志
piv	halogenid	卤化
piv	haloo	晕
piv	hedonism	乐主义
piv	hedonist	乐家
piv	heksaedr	六面
piv	heksametr	六米
piv	hektograf	百记
piv	hektogram	百克
piv	hektolitr	百升
piv	hektometr	百米
piv	heliocentr	日央
piv	heliograf	日记
piv	heliografi	日志
piv	heliogravur	日刻
piv	helioskop	日镜
piv	heliostat	日态
piv	helioterapi	日疗
piv	heliotropism	日向主义
piv	helmintologi	蠕学
piv	hematopod	血足
piv	hematoz	血症
piv	hemianopsi	半盲
piv	hemikrani	半颅
piv	hemiplegi	半瘫
piv	hemipter	半翅
piv	hemoliz	血解
piv	hemostaz	血滞
piv	hepatit	肝炎
piv	herbicid	草杀
piv	heterogamet	异配子
piv	heteronomi	异学
piv	heteropter	异翅
piv	heterozigot	异合子
piv	hidracid	水酸
piv	hidroaeroplan	水气划
piv	hidrodinamik	水力
piv	hidroelektr	水电
piv	hidrofil	水爱
piv	hidrofob	水怕
piv	hidrofobi	水症
piv	hidrofon	水声
piv	hidrogeolog	水地学家
piv	hidrogeologi	水地学
piv	hidrograf	水记
piv	hidrografi	水志
piv	hidrokarbid	水炭子
piv	hidrokarbon	水碳
piv	hidroksi	水氧
piv	hidroksid	水氧化
piv	hidroliz	水解
piv	hidrolog	水学家
piv	hidrologi	水学
piv	hidrometr	水计
piv	hidrometri	水测
piv	hidroplan	水划
piv	hidrosfer	水球
piv	hidrostatik	水静
piv	hidrosulfit	水硫盐
piv	hidroterapi	水疗
piv	higrograf	湿记
piv	higrometr	湿计
piv	higrometri	湿测
piv	higroskop	湿镜
piv	himenomicet	膜菌
piv	himenopter	膜翅
piv	hiperemi	超血
piv	hiperestez	超感
piv	hiperestezi	超感
piv	hiperkrit	超临界
piv	hiperonim	超名
piv	hipertensi	超压
piv	hipertrofi	超养
piv	hipnototerapi	催眠疗
piv	hipocentr	亚央
piv	hipoderm	亚皮
piv	hipodrom	马道
piv	hipoestez	亚感
piv	hipogastr	亚胃
piv	hipoglos	亚舌
piv	hipogrif	马狮鹰
piv	hipokas^tan	马栗
piv	hipokondr	亚软骨
piv	hiponim	亚名
piv	hipopotam	马河
piv	hipostaz	亚滞
piv	hipotalam	亚丘脑
piv	hipotenar	亚鱼际
piv	hipotensi	亚压
piv	hipotez	亚题
piv	hipsogram	高图
piv	hipsometr	高计
piv	hipsometri	高测
piv	histogenez	织源
piv	histolog	织学家
piv	historiograf	史记
piv	historiografi	史志
piv	holocefal	全头
piv	holograf	全记
piv	holografi	全志
piv	hologram	全图
piv	homofon	同声
piv	homokromi	同色
piv	homomorf	同形
piv	homomorfi	同形
piv	homonim	同名
piv	homopter	同翅
piv	homozigot	同合子
piv	horoskop	钟镜
piv	ideogram	意字
piv	ideolog	意学家
piv	idiotism	愚主义
piv	ih^tiolog	鱼学家
piv	ikonografi	圣像志
piv	ikonoklast	圣像屑
piv	ikonologi	圣像学
piv	ikonoskop	圣像镜
piv	ikonostaz	圣像滞
piv	iktiolog	鱼学家
piv	iktiologi	鱼学
piv	ileit	肠炎
piv	impresionism	印象主义
piv	impresionist	印象家
piv	impulsometr	冲计
piv	imunologi	免学
piv	individualism	个主义
piv	individualist	个家
piv	infarktogen	梗生
piv	insekticid	虫杀
piv	insulinoterapi	胰岛素疗
piv	interfac	间面
piv	interferometr	涉计
piv	interferometri	涉测
piv	interfon	间声
piv	interlingvist	间语家
piv	interlingvistik	间学
piv	irisektomi	虹膜除
piv	irisit	虹膜炎
piv	irisotomi	虹膜切
piv	iskiatalgi	坐神痛
piv	izobar	等压
piv	izocianat	等青盐
piv	izodinam	等力
piv	izoelektr	等电
piv	izoglos	等注
piv	izoklin	等斜
piv	izoleu^cin	等亮
piv	izolmetr	隔计
piv	izometr	等米
piv	izometri	等测
piv	izomorfi	等形
piv	izopod	等足
piv	izopter	等翅
piv	izos^unt	等分流
piv	izospin	等旋
piv	izostaz	等滞
piv	izoterm	等热
piv	jodat	碘盐
piv	jodid	碘化
piv	jodil	碘基
piv	jodoform	碘形
piv	jodometri	碘测
piv	jonosfer	离子球
piv	kablogram	缆图
piv	kakografi	屎志
piv	kalkulmetr	算计
piv	kanaliz	渠化
piv	kancerogen	癌生
piv	kancerologi	癌学
piv	karakterologi	格学
piv	karbid	炭化
piv	karboni	碳
piv	karbonid	碳化
piv	karbonil	碳基
piv	karburator	碳具
piv	kardimiopati	心肌病
piv	kardioid	心似
piv	kardiolog	心学家
piv	kardiologi	心学
piv	kardiopati	心病
piv	kardiotomi	心切
piv	kardjalgi	胃门痛
piv	kardjotomi	胃门切
piv	kartograf	卡记
piv	kartografi	卡志
piv	kazuist	疑难家
piv	kemiterapi	化学疗
piv	keratit	角炎
piv	kilobajt	千字节
piv	kilobit	千位
piv	kilocikl	千环
piv	kilolitr	千升
piv	kilopod	千足
piv	kinezopati	动病
piv	kinoskop	映镜
piv	kladogenez	支源
piv	klimatolog	气候学家
piv	klimatoterapi	气候疗
piv	klinometr	斜计
piv	klitorektomi	阴蒂除
piv	kloremi	氯血
piv	klorofic	氯藻
piv	klorofit	氯植
piv	kojlektomi	结肠除
piv	kojlostomi	结肠漏
piv	koksalgi	股痛
piv	koksit	股炎
piv	koksopati	股病
piv	kolapsoterapi	崩疗
piv	kolecistit	胆囊炎
piv	koleemi	胆血
piv	kolesterolemi	胆醇血
piv	kolormetr	色计
piv	kolormetri	色测
piv	kolorometr	色计
piv	kolorometri	色测
piv	komatogen	昏生
piv	kompensator	补具
piv	komutator	换具
piv	kondensator	凝具
piv	kondrektomi	软骨除
piv	kondrit	软骨炎
piv	kondrom	软骨瘤
piv	konjunktivit	结膜炎
piv	konkologi	贝学
piv	konvulsiterapi	抽风疗
piv	kordit	弦炎
piv	kormofit	茎叶体植
piv	koronariit	冠炎
piv	kortikoterapi	皮疗
piv	kortikotrop	皮向
piv	kosmogoni	宇源
piv	kosmograf	宇记
piv	kosmografi	宇志
piv	kosmolog	宇学家
piv	kosmologi	宇学
piv	kosmonau^t	宇航
piv	kosmonau^tik	宇航学
piv	kraniologi	颅学
piv	kraniometri	颅测
piv	kremometr	酪计
piv	krimolog	罪学家
piv	krimologi	罪学
piv	kriogenik	冻生学
piv	kriometri	冻测
piv	krioskopi	冻镜
piv	kriostat	冻态
piv	krioterapi	冻疗
piv	kriptonim	墓窖名
piv	kristalograf	晶记
piv	kristalografi	晶志
piv	kromatografi	色志
piv	kromiflav	金黄
piv	kromofotografi	色拍志
piv	kromolitografi	色石志
piv	kromosfer	色球
piv	kronograf	时记
piv	kronologi	时学
piv	kronometri	时测
piv	kronostratigrafi	时层志
piv	ksenofob	外怕
piv	ksenofobi	外症
piv	kseroderm	干皮
piv	kserofit	干植
piv	kseroftalmi	干目
piv	kserografi	干志
piv	ksilofon	木声
piv	ksilograf	木记
piv	ksilografi	木志
piv	kultivator	栽具
piv	kumarat	木盐
piv	kuriterapi	kuri疗
piv	laparoskopi	腹镜
piv	laparotomi	腹切
piv	laringit	喉炎
piv	laringolog	喉学家
piv	laringologi	喉学
piv	laringoskopi	喉镜
piv	laringotomi	喉切
piv	leksikograf	词汇记
piv	leksikografi	词汇志
piv	leksikolog	词汇学家
piv	leksikologi	词汇学
piv	lensometr	镜计
piv	leu^kopoez	白生
piv	levator	举具
piv	lienektomi	脾除
piv	lienit	脾炎
piv	limfatism	淋主义
piv	limfocit	淋胞
piv	lipoliz	脂解
piv	lipom	脂瘤
piv	lipoprotein	脂蛋白
piv	litografi	石志
piv	litologi	石学
piv	litosfer	石球
piv	litoskop	石镜
piv	litotomi	石切
piv	lizosom	解体
piv	lokomobil	处动
piv	lumbalgi	腰痛
piv	lumterapi	光疗
piv	magnetometr	磁计
piv	magneton	磁子
piv	magnetosfer	磁球
piv	magnetoskop	磁镜
piv	magnetostring	磁勒
piv	magnolifit	木植
piv	magnoliofit	木植
piv	makrocefal	宏头
piv	makrofag	宏吞
piv	makrokosm	宏宇
piv	makrometr	宏计
piv	makropod	宏足
piv	makroskop	宏镜
piv	malariologi	疟学
piv	malarioterapi	疟疗
piv	mamalgi	乳痛
piv	mamektomi	乳除
piv	mamografi	乳志
piv	manipulator	操具
piv	mapotek	图包
piv	mastoidit	乳突炎
piv	mediastinit	纵隔炎
piv	mediologi	境学
piv	medolektomi	髓除
piv	medolopati	髓病
piv	medolpati	髓病
piv	megafon	巨声
piv	megalit	巨石
piv	megommetr	兆计
piv	meh^anist	械家
piv	meh^aniz	械化
piv	meh^anograf	械记
piv	meh^anografi	械志
piv	meh^anoterapi	械疗
piv	mekanikoterapi	械疗
piv	melanemi	黑血
piv	melanom	黑瘤
piv	meningit	脑膜炎
piv	mesenter	中肠
piv	mesoenter	中肠
piv	metacentr	超央
piv	metafaz	超相
piv	metalografi	金志
piv	metapsiki	超心
piv	metastabil	超稳
piv	metastaz	超滞
piv	metatars	超足根
piv	meteolog	气学家
piv	meteologi	气学
piv	meteorism	陨主义
piv	meteorolog	气学家
piv	meteorologi	气学
piv	metodologi	法学
piv	metrologi	米学
piv	metronom	计律
piv	mezenter	中肠
piv	mezocefal	中头
piv	mezoderm	中皮
piv	mezolitik	中石学
piv	micetologi	菌学
piv	miit	肌炎
piv	mikolog	菌学家
piv	mikologi	菌学
piv	mikoplasm	菌浆
piv	mikrobicid	细菌杀
piv	mikrobiologi	微生学
piv	mikrobologi	细菌学
piv	mikrobrec^i	微角砾岩
piv	mikrofilm	微影
piv	mikroflau^r	微植相
piv	mikrofon	微声
piv	mikrograjn	微粒
piv	mikrokanel	微槽
piv	mikrokok	微菌
piv	mikrokosm	微宇
piv	mikrokredit	微信受
piv	mikrokristal	微晶
piv	mikrolit	微石
piv	mikrometr	微米
piv	mikromezuril	微测具
piv	mikromov	微动
piv	mikroond	微波
piv	mikroorganism	微器主义
piv	mikropipet	微移液
piv	mikrotom	微切
piv	miligram	毫克
piv	mimeograf	印记
piv	mineralog	矿学家
piv	mineralogi	矿学
piv	minutator	分具
piv	miopati	肌病
piv	miriametr	万米
piv	miriapod	万足
piv	miringit	鼓膜炎
piv	miringotomi	鼓膜切
piv	mitolog	神话学家
piv	mitologi	神话学
piv	mitrit	冠炎
piv	mjelit	髓炎
piv	mjelopati	髓病
piv	moderator	适具
piv	monism	单主义
piv	monist	单家
piv	monogami	单配
piv	monografi	单志
piv	monogram	单字
piv	monoklin	单斜
piv	monokotiledon	单子叶
piv	monokristal	单晶
piv	monolit	单石
piv	monolog	单话
piv	monomani	单狂
piv	monomer	单链节
piv	monomorfi	单形
piv	monooksid	单氧化
piv	monopetal	单瓣
piv	monoplan	单划
piv	monosakarid	单蔗子
piv	monosom	单体
piv	monoteism	单神主义
piv	monoteist	单神家
piv	monotip	单型
piv	montenegr	山黑
piv	morfogenez	形源
piv	morfologi	形学
piv	mukoz	粘症
piv	muskoloz	筋症
piv	naturalism	自然主义
piv	naturalist	自然家
piv	nefometr	云计
piv	nefoskop	云镜
piv	nefrektomi	肾除
piv	nefrologi	肾学
piv	nefropati	肾病
piv	nekrofili	死爱
piv	nekroz	死症
piv	neolitik	新石学
piv	neolog	新话
piv	neoplasm	新浆
piv	neoplazi	新生
piv	nervologi	神经学
piv	neu^ralgi	神经痛
piv	neu^rasteni	神经弱
piv	neu^rokirurgi	神经外科
piv	neu^rolog	神经学家
piv	neu^rologi	神经学
piv	neu^rom	神经瘤
piv	neu^ropati	神经病
piv	neu^ropter	神经翅
piv	neu^rospor	神经胞子
piv	neu^rotrop	神经向
piv	nihilism	无主义
piv	nihilist	无家
piv	nimfomani	精狂
piv	niobat	金盐
piv	nitrid	氮化
piv	nuklegami	核配
piv	nukleogami	核配
piv	nukleon	核子
piv	numerator	号具
piv	obturator	堵具
piv	oceanografi	洋志
piv	oceanolog	洋学家
piv	oceanologi	洋学
piv	oftalmit	目炎
piv	oftalmolog	目学家
piv	oftalmologi	目学
piv	oftalmometr	目计
piv	oftalmoskop	目镜
piv	oftalmoskopi	目镜
piv	oksiuricid	虫杀
piv	oktaedr	八面
piv	oleometr	油计
piv	oleosom	油体
piv	oligoelement	寡素
piv	oligomer	寡链节
piv	oligoterapi	寡疗
piv	ondometr	波计
piv	onkogen	肿瘤生
piv	onkologi	肿瘤学
piv	ontogenez	在源
piv	ontologi	在学
piv	optimism	乐主义
piv	optimist	乐家
piv	optometr	视计
piv	optometri	视测
piv	orat	金盐
piv	organism	器主义
piv	orientalism	东主义
piv	orientalist	东家
piv	orientolog	东学家
piv	orientologi	东学
piv	orkidektomi	丸除
piv	orkidit	丸炎
piv	orkidoterapi	丸疗
piv	ornitolog	鸟学家
piv	ornitologi	鸟学
piv	ornitopod	鸟足
piv	ornitorink	鸟嘴
piv	ortogenez	直源
piv	ortogram	直图
piv	ortopter	直翅
piv	ortoromb	直角菱
piv	oscilator	振具
piv	oscilograf	振记
piv	osciloskop	振镜
piv	osmiat	金盐
piv	osmozmetr	渗计
piv	osmozometr	渗计
piv	ostalgi	骨痛
piv	ostektomi	骨除
piv	osteopati	骨病
piv	ostit	骨炎
piv	ostogen	骨生
piv	ostogenez	骨源
piv	ostologi	骨学
piv	ostom	骨瘤
piv	ostopati	骨病
piv	ostotomi	骨切
piv	ostrakoderm	陶片皮
piv	otalgi	耳痛
piv	otit	耳炎
piv	otologi	耳学
piv	otorinolaringologi	耳鼻喉学
piv	otoskop	耳镜
piv	otoskopi	耳镜
piv	ovariektomi	卵巢除
piv	ovariit	卵巢炎
piv	ovocit	卵胞
piv	ovogenez	卵源
piv	ovogoni	卵源
piv	ozonometr	臭氧计
piv	ozonterapi	臭氧疗
piv	pacifism	和主义
piv	pacifist	和家
piv	palatit	口顶炎
piv	paleograf	古记
piv	paleografi	古志
piv	paleolitik	古石学
piv	paleontolog	古学家
piv	palpebrit	目皮炎
piv	paniklit	脂炎
piv	pankreatektomi	胰除
piv	pankreatit	胰炎
piv	pankromat	全色
piv	panteism	全神主义
piv	panteist	全神家
piv	papirolog	纸草学家
piv	papirologi	纸草学
piv	paralelogram	并图
piv	paraziticid	寄生杀
piv	parazitologi	寄生学
piv	paroksism	极主义
piv	parotidit	腮腺炎
piv	patogen	病生
piv	patogenez	病源
piv	patolog	病学家
piv	patrologi	父学
piv	pedofili	童爱
piv	pedolog	土学家
piv	pedologi	童学
piv	pelvometri	盆测
piv	penicilinoterapi	青霉素疗
piv	penisit	阴茎炎
piv	pentagram	五图
piv	pentametr	五米
piv	pericikl	围环
piv	perifraz	围句
piv	periglaci	围冰
piv	periheli	围日
piv	perikard	围心
piv	perikardi	围心
piv	perikardiit	围心炎
piv	perimetr	围测
piv	periskop	围镜
piv	perisperm	围种
piv	perispirit	围灵
piv	perkolat	浸被
piv	perkolator	浸具
piv	permanganat	过锰盐
piv	peroksid	过氧化
piv	perturbograf	扰记
piv	pesimism	悲主义
piv	pesimist	悲家
piv	petrografi	岩志
piv	petrolog	岩学家
piv	petrologi	岩学
piv	petroselin	岩伞
piv	pietism	敬主义
piv	pietist	敬家
piv	pinofit	松植
piv	pioemi	脓血
piv	piogen	脓生
piv	pirgeometr	火地计
piv	pirheliometr	火日计
piv	piroelektr	火电
piv	pirogajl	火树瘤
piv	piroliz	火解
piv	piromagnet	火磁
piv	pirometr	火计
piv	pirosulfat	火硫盐
piv	pirosulfit	火硫盐
piv	pistil	捣具
piv	pizolit	豌石
piv	pjelit	肾盆炎
piv	plakoderm	板皮
piv	planimetr	平计
piv	planimetri	平测
piv	plantolog	植学家
piv	plantologi	植学
piv	plasmogami	浆配
piv	pleu^rit	胸膜炎
piv	plumbat	铅盐
piv	plumbit	铅盐
piv	pluvmetr	雨计
piv	pluvometr	雨计
piv	pneu^monektomi	肺除
piv	pneu^moni	肺
piv	pneu^monit	肺炎
piv	pneu^monologi	肺学
piv	pneu^monopati	肺病
piv	polarimetr	极计
piv	polarograf	极记
piv	polarografi	极志
piv	polemolog	战学家
piv	polemologi	战学
piv	polenolog	粉学家
piv	polenologi	粉学
piv	polenoz	粉症
piv	poliedr	多面
piv	polifoni	多声
piv	poliklinik	多诊
piv	polinukle	多核
piv	poliomjelit	灰髓炎
piv	poliploid	多倍
piv	polipodi	多足
piv	polipoz	息肉症
piv	politeism	多神主义
piv	politeist	多神家
piv	politeknik	多技
piv	politikolog	政学家
piv	politikologi	政学
piv	politolog	政学家
piv	politologi	政学
piv	politrik	多毛
piv	pomolog	苹学家
piv	pomologi	苹学
piv	postulat	求被
piv	predikativ	谓能
piv	prestidigitator	戏法员
piv	primatologi	灵长学
piv	profaz	前相
piv	projekciator	射具
piv	prolog	前话
piv	prostatektomi	前列腺除
piv	prostatit	前列腺炎
piv	protokanajl	原恶棍
piv	protoplasm	原浆
piv	protopter	原翅
piv	prototip	原型
piv	proverbolog	谚学家
piv	proverbologi	谚学
piv	provincialism	省主义
piv	provirus	前毒
piv	pseu^doartr	伪节
piv	pseu^donim	伪名
piv	pseu^dopod	伪足
piv	psikolog	心学家
piv	psikopat	心病
piv	psikoz	心症
piv	psokopter	咬虫翅
piv	pteraspidmorf	翼甲形
piv	pteridofit	羊齿植
piv	pteropod	翅足
piv	pubiotomi	耻骨切
piv	pulmit	肺炎
piv	pulpit	瓤炎
piv	rabotator	刨具
piv	radiklit	根炎
piv	radiofon	射声
piv	radiofoni	射声
piv	radiofotografi	射拍志
piv	radiografi	射志
piv	radiogram	射图
piv	radiolog	射学家
piv	radiologi	射学
piv	radiometr	射计
piv	radioskopi	射镜
piv	radioterapi	射疗
piv	rakialgi	脊痛
piv	rapidometr	速计
piv	referat	报被
piv	refleksologi	反射学
piv	refraktometr	折计
piv	regulator	规具
piv	rektumoskop	直肠镜
piv	rektumoskopi	直肠镜
piv	reniat	金盐
piv	reologi	流学
piv	reostat	流态
piv	retinit	网膜炎
piv	retinopati	网膜病
piv	retus^	再触
piv	reu^matolog	风湿学家
piv	reu^matologi	风湿学
piv	rinit	鼻炎
piv	rinologi	鼻学
piv	rinoplasti	鼻塑
piv	rinoskopi	鼻镜
piv	rizomorf	根形
piv	rizopod	根足
piv	rojalism	王主义
piv	rojalist	王家
piv	romboedr	菱面
piv	rosometr	露计
piv	s^arg^ator	载具
piv	sakarat	蔗盐
piv	sakarometr	蔗计
piv	sakarometri	蔗测
piv	sakaromicet	蔗菌
piv	salikat	柳盐
piv	saprofit	腐植
piv	saprozo	腐兽
piv	scintilografi	闪志
piv	scintilogram	闪图
piv	scintilometr	闪计
piv	sedimentolog	沉学家
piv	sedimentologi	沉学
piv	seismograf	震记
piv	seismogram	震图
piv	seismolog	震学家
piv	seismologi	震学
piv	seksolog	性学家
piv	seksologi	性学
piv	selenat	矿盐
piv	selenid	矿化
piv	selenit	矿盐
piv	semiologi	符学
piv	sensometri	感测
piv	sepsemi	腐血
piv	serologi	血清学
piv	serpentolog	蛇学家
piv	serpentologi	蛇学
piv	sferometr	球计
piv	sfigmograf	脉记
piv	sfigmografi	脉志
piv	sfinglipid	天蛾脂
piv	sialogen	唾生
piv	siliciid	硅化
piv	silikat	硅盐
piv	silikoz	硅症
piv	silogism	论主义
piv	simpatektomi	交感除
piv	simptomologi	症学
piv	sinkretism	混主义
piv	sinkronoskop	共时镜
piv	sinonimik	共名学
piv	sinoviit	滑炎
piv	sismograf	震记
piv	sismologi	震学
piv	skanograf	扫记
piv	skanografi	扫志
piv	skapolalgi	肩痛
piv	skarifikator	划具
piv	skizomicet	草菌
piv	sklerotit	巩膜炎
piv	skopofili	镜爱
piv	skrapator	刮具
piv	sociolog	社学家
piv	somatogami	体配
piv	sonmetr	声计
piv	spektator	观员
piv	spektrogram	谱图
piv	spektrometr	谱计
piv	spektrometri	谱测
piv	spektroskop	谱镜
piv	spektroskopi	谱镜
piv	speleolog	洞学家
piv	speleologi	洞学
piv	spermatocit	精胞
piv	spermatofit	精植
piv	spermatogenez	精源
piv	spermicid	精液杀
piv	spermogoni	精液源
piv	spiritualism	灵主义
piv	spiritualist	灵家
piv	spirometr	息计
piv	spirometri	息测
piv	sporofit	胞子植
piv	sporogoni	胞子源
piv	stanat	锡盐
piv	stanit	锡盐
piv	stekiometri	配比测
piv	stereofon	立体声
piv	stereofoni	立体声
piv	stereografi	立体志
piv	stereometri	立体测
piv	stereoplanigraf	立体划记
piv	stereoskop	立体镜
piv	stereoskopi	立体镜
piv	stereotomi	立体切
piv	sterilizator	不育化具
piv	stetoskop	胸镜
piv	stomakit	胃炎
piv	stomatit	口炎
piv	stomatolog	口学家
piv	stomatologi	口学
piv	stomatoskop	口镜
piv	stomatoskopi	口镜
piv	strabometr	斜计
piv	strabotomi	斜切
piv	stratigraf	层记
piv	stratigrafi	层志
piv	stroboskop	闪镜
piv	stroboskopi	闪镜
piv	stuphar	填毛
piv	sublimat	崇被
piv	sukerat	糖盐
piv	sulfamat	氨硫盐
piv	sulfcianat	硫青盐
piv	sulfid	硫化
piv	sulfinat	硫盐
piv	sunterapi	阳疗
piv	superpozici	上位
piv	takigraf	速记
piv	takikardi	速心
piv	takimetr	速计
piv	taksimetr	车计
piv	tantalat	金盐
piv	taoism	道主义
piv	taoist	道家
piv	tarsalgi	足根痛
piv	tarzit	眼板炎
piv	teism	神主义
piv	teist	神家
piv	teknikologi	技学
piv	telefilm	远影
piv	telefotograf	远拍记
piv	telekinez	远动
piv	telekomand	远令
piv	telekopi	远复
piv	telemetr	远计
piv	telemetri	远测
piv	telepati	远情
piv	telurit	矿盐
piv	tendenit	筋炎
piv	tendenotomi	筋切
piv	teniicid	条虫杀
piv	tensimetr	压计
piv	tensimetri	压测
piv	tensiometr	压计
piv	teogoni	神源
piv	teokrat	神治
piv	teokrati	神治
piv	teolog	神学家
piv	teratogen	畸生
piv	teratologi	畸学
piv	teratom	畸瘤
piv	terminolog	词学家
piv	terminologi	词学
piv	termoban	热浴
piv	termobotel	热瓶
piv	termodinamik	热力
piv	termoelektron	热电子
piv	termoelement	热素
piv	termofont	热泉
piv	termogen	热生
piv	termogenez	热源
piv	termograf	热记
piv	termokau^ter	热灼
piv	termokupl	热连
piv	termologi	热学
piv	termometri	热测
piv	termonukle	热核
piv	termopar	热偶
piv	termoregulig	热规使
piv	termoreguligil	热规使具
piv	termorelajs	热转
piv	termosifon	热虹吸
piv	termoskop	热镜
piv	termostat	热态
piv	termostatik	热静
piv	termoterapi	热疗
piv	testikit	丸炎
piv	tetragram	四字
piv	tetramer	四链节
piv	tetrationat	四硫
piv	tifoid	疹似
piv	timpanit	鼓室炎
piv	tipograf	型记
piv	tipografart	型记艺
piv	tipologi	型学
piv	tipometr	型计
piv	tireotomi	甲状切
piv	tiroidektomi	甲状除
piv	tiroidit	甲状炎
piv	titanat	金盐
piv	toksolog	毒学家
piv	toksologi	毒学
piv	tonsilektomi	扁桃除
piv	tonsilit	扁桃炎
piv	topograf	地记
piv	topografi	地志
piv	topolog	地学家
piv	topologi	地学
piv	tordometr	拧计
piv	trah^eit	气管炎
piv	trah^eotomi	气管切
piv	trakeit	气管炎
piv	trakeofit	气管植
piv	trakeotomi	气管切
piv	transformator	越形具
piv	trau^matologi	创学
piv	tremometr	颤计
piv	trikopati	毛病
piv	trikoplazi	毛生
piv	trikopter	毛翅
piv	trilobit	三叶受
piv	trimer	三链节
piv	trisakarid	三蔗子
piv	trisom	三体
piv	trombektomi	栓除
piv	trombocit	栓胞
piv	tromboz	栓症
piv	tropism	向主义
piv	tujan	侧柏
piv	tujon	侧柏
piv	ultramar	极海
piv	uratemi	尿酸盐血
piv	ureat	尿素盐
piv	ureemi	尿素血
piv	urinologi	尿学
piv	urinometr	尿计
piv	urinoskopi	尿镜
piv	urografi	尿志
piv	urolog	尿学家
piv	urologi	尿学
piv	uterit	宫炎
piv	uveit	葡萄膜炎
piv	uzurpator	篡员
piv	vaginalgi	阴道痛
piv	vaginalit	套炎
piv	vaginism	阴道主义
piv	vaginit	阴道炎
piv	vagomani	荡狂
piv	vagotomi	荡切
piv	vakumetr	空计
piv	vapormetr	汽计
piv	variant	变在
piv	variometr	变计
piv	vaskulit	脉炎
piv	vathorometr	瓦钟计
piv	vatmetr	瓦计
piv	vejnit	脉炎
piv	veksilologi	旗学
piv	venerologi	性病学
piv	verumontanit	精丘炎
piv	vibrafon	振声
piv	vibrator	振具
piv	vibrometr	振计
piv	vinolog	酒学家
piv	vinologi	酒学
piv	virusolog	毒学家
piv	virusologi	毒学
piv	viskozometr	粘计
piv	vitologi	葡学
piv	vivisekci	活切
piv	vivulicid	活者杀
piv	volumenometr	积计
piv	vulkanolog	火山学家
piv	vulkanologi	火山学
piv	vulvit	外阴炎
piv	zinkat	锌盐
piv	zoofit	兽植
piv	zoogeografi	兽地志
piv	zoolog	兽学家
piv	zoomorf	兽形
piv	au^togir	自旋
piv	atmometr	气计
piv	au^togami	自配
piv	au^tokataliz	自催
piv	au^tomorfi	自形
piv	adenit	腺炎
piv	adenopati	腺病
piv	aerobi	气生
piv	agronomi	农学
piv	aktinomicet	射菌
piv	amorf	无形
piv	analfabet	无字
piv	anestez	无感
piv	angiit	脉炎
piv	anonim	无名
piv	antipod	抗足
piv	antiseps	抗腐
piv	antropofag	人吞
piv	apati	无情
piv	apod	无足
piv	arkeopterig	古翅
piv	atrofi	无养
piv	au^tism	自主义
piv	au^tokrat	专制
piv	balenopter	鲸翅
piv	bigami	二配
piv	biografi	生志
piv	blastomicet	胚菌
piv	borat	矿盐
piv	bromid	卤化
piv	demoraliz	从德化
piv	densometr	密计
piv	deoksi	从氧
piv	diametr	通测
piv	dimorf	二形
piv	dioksid	二氧化
piv	dipod	二足
piv	dipsomani	渴狂
piv	dodekafon	十二声
piv	dominant	治在
piv	ekolog	境学家
piv	elektroliz	电解
piv	elektron	电子
piv	enantiomorf	映形
piv	enantiotrop	映向
piv	encefalit	脑炎
piv	enterit	肠炎
piv	epigraf	表记
piv	epigrafik	表记学
piv	epigram	表字
piv	fagocit	吞胞
piv	ferat	铁盐
piv	fizioterapi	物理疗
piv	fosfat	磷盐
piv	fosfit	磷盐
piv	fosforil	磷基
piv	fotometr	光计
piv	foton	光子
piv	frazeologi	句学
piv	geoterm	地热
piv	glukoliz	糖解
piv	goniometr	角计
piv	heliotrop	日向
piv	hemih^ord	半脊索
piv	heterogen	异生
piv	hidrocefal	水头
piv	hidroterm	水热
piv	histologi	织学
piv	holoedr	全面
piv	holomorf	全形
piv	holomorfi	全形
piv	homogen	同生
piv	homologi	同学
piv	izokron	等时
piv	izomorf	等形
piv	izopropil	等丙
piv	izoton	等调
piv	izotrop	等向
piv	karbonat	碳盐
piv	kardiograf	心记
piv	kardiogram	心图
piv	kau^teriz	灼化
piv	kilogram	千克
piv	kilovat	千瓦
piv	kinezoterapi	动疗
piv	kleptomani	偷狂
piv	klimatologi	气候学
piv	klorat	氯盐
piv	klorid	氯化
piv	kloridemi	氯化血
piv	klorit	氯盐
piv	kojlit	结肠炎
piv	koroidit	脉膜炎
piv	kronometr	时计
piv	medolit	髓炎
piv	megalomani	巨狂
piv	megavat	百万瓦
piv	metafizik	超物理
piv	metamorf	超形
piv	mezon	中子
piv	mikroskop	微镜
piv	mikrospor	微胞子
piv	militarism	军主义
piv	militarist	军家
piv	mitomani	神话狂
piv	mobiliz	动化
piv	monokromat	单色
piv	monoton	单调
piv	nefrit	肾炎
piv	neu^rit	神经炎
piv	neu^roz	神经症
piv	nitrat	氮盐
piv	ortofon	直声
piv	ortokromat	直色
piv	patologi	病学
piv	patri	父
piv	periost	围骨
piv	piroteknik	火技
piv	platenat	白金盐
piv	polariz	极化
piv	poligami	多配
piv	polimer	多链节
piv	polimorf	多形
piv	polipter	多翅
piv	polisakarid	多蔗子
piv	pornograf	淫记
piv	pornografi	淫志
piv	pseu^domorf	伪形
piv	psikopati	心病
piv	radiestez	射感
piv	radioaktiv	射活
piv	radiograf	射记
piv	recit	再引
piv	renom	再名
piv	reu^matism	风湿主义
piv	rezultat	果被
piv	salpingit	卵管炎
piv	sinkron	共时
piv	sinonim	共名
piv	skleroz	硬症
piv	sociologi	社学
piv	spektrograf	谱记
piv	sporangi	胞子脉
piv	sulfat	硫盐
piv	sulfit	硫盐
piv	tartrat	酒石盐
piv	teologi	神学
piv	termoelektr	热电
piv	tiksotrop	触向
piv	tipografi	型志
piv	toksomani	毒狂
piv	tuberkuloz	结症
piv	telefon	远声
piv	telefoni	远声
piv	telegrafi	远志
piv	hidrogen	水生
piv	oksigen	氧生
piv	nitrogen	氮生
piv	diagram	通图
piv	gramofon	图声
piv	naturaliz	自然化
piv	komandit	令受
piv	fiziologi	生理学
piv	filologi	爱学
piv	ideografi	意志
piv	metamorfoz	超形症
piv	paleontologi	古学
piv	nekrolog	死志
piv	neu^tron	中子
piv	nitrit	氮盐
piv	proton	质子子
piv	antiproton	抗质子子
piv	bangific	藻藻
piv	bangiofic	藻藻
piv	fukofic	藻藻
piv	ulvofic	藻藻
piv	mikobakteri	菌菌
piv	agnostikism	不可知主义
piv	duodenit	十二指肠炎
piv	endokrinolog	内分泌学家
piv	treponemicid	密螺旋体杀
piv	neologismem	新话主义倾
piv	geometr	地测
piv	dinamometr	力计
piv	elektrodinamism	电力主义
piv	kaset	盒
piv	heksaklor	六氯
piv	laktoz	乳糖
piv	maltoz	麦芽糖
piv	sakaroz	蔗糖
piv	ameloz	糊糖
piv	fruktoz	果糖
piv	ksiloz	木糖
piv	rafinoz	精糖
piv	stakioz	水苏糖
piv	deoksioz	从氧糖
piv	kromiil	金基
piv	bulbit	球炎
piv	elektroprodukto	电产
piv	epicikl	表环
piv	eritrocitemi	红胞血
piv	fibrit	纤炎
piv	gametogenez	配子源
piv	globulemi	血球血
piv	glukogenez	糖源
piv	granulocitemi	粒胞血
piv	hipocikl	亚环
piv	interstel	间星
piv	kardiografi	心记
piv	kavator	洞具
piv	kromodinamik	色力
piv	magnetit	磁铁矿
piv	senestez	无感
piv	spirator	息具
piv	trikomicet	毛菌
piv	santal	木
piv	asparag	菜
piv	bradip	兽
piv	dazip	兽
piv	digital	草
piv	elateri	瓜
piv	hiskiam	茄
piv	kantarid	虫
piv	kinkon	木
content	premolar	前臼
piv	prehistori	前史
content	abrotan	艾
content	adonid	草
content	agapant	花
content	agarik	菌
content	agrimoni	草
content	agropir	麦
content	agrostem	石
content	agrostid	禾
content	ailant	木
content	akile	菊
content	akirant	草
content	akvilegi	草
content	albumen	乳
content	alc^emil	草
content	alf	茅
content	alkemil	草
content	aln	桦
content	alpak	驼
content	amianti	草
content	ampelops	葡
content	anelid	虫
content	angvis	龙
content	ankuz	草
content	antemid	菊
content	anter	药
content	antirin	花
content	araŭkari	杉
content	ardizi	木
content	aristoloki	草
content	artemizi	艾
content	asfodel	花
content	askalon	葱
content	asperul	草
content	astragal	豆
content	atripl	草
content	au^rikul	花
content	azar	草
content	babirus	猪
content	basi	草
content	bast	皮
content	bazilisk	龙
content	begoni	花
content	beladon	颠
content	blit	菜
content	boa	蛇
content	botau^r	鸟
content	bulbil	球
content	buldog	犬
content	c^impanz	猩
content	cembr	松
content	centau^re	菊
content	cerefoli	伞
content	citiz	豆
content	civet	兽
content	datur	茄
content	delfini	草
content	desmodi	豆
content	drakunkol	草
content	ebol	毒
content	edelvejs	菊
content	egopodi	伞
content	eki	草
content	ekinokl	粟
content	ekvil	鱼
content	eleagn	木
content	enad	鸽
content	enant	芹
content	epilobi	花
content	epizooti	疫
content	erantid	草
content	eringi	伞
content	eriobotri	果
content	eriofor	草
content	erizim	草
content	eruk	菜
content	estragon	艾
content	fakoc^er	猪
content	falar	草
content	falarop	鸟
content	farbit	草
content	fasciol	虫
content	fatsi	木
content	felandri	芹
content	feloid	猫
content	fenkol	伞
content	ferol	伞
content	festuk	草
content	filant	草
content	filokser	虫
content	fimbril	纹
content	flakurti	果
content	foin	鼠
content	foliol	叶
content	fragmit	苇
content	fraksen	木
content	frangol	木
content	fraterkul	鸟
content	fringel	雀
content	fuksi	花
content	fuligul	鸭
content	fumari	草
content	fur	鼠
content	galeopitek	兽
content	gastornit	鸟
content	gek	龙
content	genist	豆
content	genot	兽
content	georgin	菊
content	gerbil	鼠
content	geum	草
content	gipaet	鹰
content	gladiol	花
content	glareol	鸟
content	glau^ci	草
content	glekom	草
content	gliceri	禾
content	globulari	草
content	gnu	羚
content	gramine	禾
content	grifon	犬
content	gul	鼠
content	gurnard	鱼
content	gus^	豆
content	harpi	雕
content	hedisar	豆
content	heliantem	草
content	helikriz	菊
content	helvel	菌
content	hemerokal	草
content	hemerokalid	草
content	hemion	马
content	herakle	伞
content	hermini	蛾
content	hidrange	木
content	hien	兽
content	hilum	脐
content	himeni	膜
content	hiperik	草
content	histrik	鼠
content	hormin	草
content	hortensi	木
content	hortulan	雀
content	hotujni	草
content	huz	鱼
content	ibeks	羊
content	ignam	薯
content	iksod	虫
content	ilici	木
content	indigofer	豆
content	jasmen	木
content	junk	草
content	kalendul	菊
content	kalikl	杯
content	kalistef	菊
content	kampanul	草
content	kampec^	豆
content	kanaben	雀
content	kapibar	鼠
content	kapitul	头
content	kapsel	草
content	kardamin	草
content	kardon	菜
content	karlin	菊
content	karpen	木
content	karvi	伞
content	keirant	草
content	kelidoni	草
content	kerkedul	鸭
content	kiker	豆
content	kinu	麦
content	kladoni	菌
content	klangul	鸭
content	klemat	草
content	klematid	草
content	koal	兽
content	kobaj	鼠
content	kojot	狼
content	kojp	鼠
content	koka	木
content	koleopter	甲
content	komatul	虫
content	komisur	结
content	konferv	藻
content	konifer	松
content	koregon	鱼
content	kramb	菜
content	kratag	木
content	krepid	菊
content	kriptogam	植
content	kriptoteni	芹
content	krizalid	偶
content	krotal	蛇
content	krucifer	菜
content	ksifi	鱼
content	kumin	伞
content	kup	杯
content	kupul	壳
content	kvino	草
content	lagenari	瓜
content	lagri	甲
content	laminari	藻
content	laniari	犬
content	leguminoz	豆
content	lent	豆
content	leontod	菊
content	lepidopter	蝶
content	lepism	虫
content	lian	蔓
content	liknid	石
content	likorid	花
content	lima	蚌
content	litorin	贝
content	lobeli	草
content	lodikl	鳞
content	lojt	鱼
content	loksi	雀
content	lolig	贝
content	luf	瓜
content	lumbrik	虫
content	lunari	菜
content	lupen	豆
content	makak	猴
content	manat	兽
content	mandragor	茄
content	marabu	鸟
content	marmot	鼠
content	marsupial	兽
content	melampir	草
content	meli	木
content	melilot	豆
content	melolont	甲
content	menur	鸟
content	merkurial	草
content	merlang	鱼
content	merop	鸟
content	miozot	草
content	mirid	伞
content	mirmeleon	虫
content	miskant	草
content	mops	犬
content	mul	马
content	mungot	兽
content	neri	木
content	nervur	脉
content	nigel	草
content	nikotian	烟
content	niktereu^t	犬
content	oksalid	草
content	oksikok	果
content	oleandr	木
content	oleastr	木
content	onisk	虾
content	onobrik	豆
content	orangutang	猴
content	osmant	木
content	otid	鸟
content	padus	李
content	pakiderm	兽
content	palmiped	鸟
content	palumb	鸽
content	pandion	鹰
content	parenkim	软
content	pastinak	伞
content	patel	膝
content	patrini	草
content	pavian	猴
content	pekari	猪
content	pelargoni	花
content	platikodon	草
content	plot	鱼
content	polp	贝
content	primol	花
content	pudel	犬
content	regol	莺
content	rezed	草
content	rotang	棕
content	rubekol	莺
content	s^enopraz	葱
content	saksifrag	草
content	salikari	草
content	sandr	鱼
content	santolin	菊
content	seneci	菊
content	sepal	杯
content	setari	粟
content	sevrug	鱼
content	sikomor	榕
content	silf	精
content	silikv	果
content	sirfed	蝇
content	sisirinki	草
content	skink	龙
content	skorzoner	菊
content	solidag	菊
content	spavin	瘤
content	spirogir	藻
content	sprot	鱼
content	stau^d	草
content	sterled	鱼
content	stirak	木
content	taksus	柏
content	tamarik	木
content	tanacet	菊
content	tapir	犀
content	tarantul	蛛
content	tegument	皮
content	tink	鱼
content	tremol	柳
content	trikin	蠕
content	trikosant	瓜
content	tritur	蛙
content	tropeol	花
content	tusilag	菊
content	uleks	豆
content	valerian	草
content	vanel	鸟
content	vertag	犬
content	vistari	豆
content	visteri	豆
content	vombat	袋
content	zantoksil	木
content	zebu	牛
content	zini	菊
content	apus	金丝燕
content	arbed	灌木
content	aspid	眼镜蛇
content	betonik	水苏
content	cikori	苦菜
content	cipsel	金丝燕
content	fles	比目鱼
content	forfikul	皮翅
content	fulik	秧鸡
content	galinol	秧鸡
content	galinul	秧鸡
content	hisop	香草
content	jonkvil	水仙
content	juka	龙舌兰
content	kalandra	象甲
content	konvolvul	旋花
content	langust	龙虾
content	limand	比目鱼
content	lonicer	忍冬
content	luzern	牧草
content	mahoni	天竹
content	majoran	香草
content	miogal	地鼠
content	mirh	香脂
content	noktu	猫头鹰
content	nufar	睡莲
content	osmund	羊齿
content	otus	猫头鹰
content	pac^ul	香草
content	palinur	龙虾
content	pentatom	臭虫
content	plates	比目鱼
content	pteridi	羊齿
content	reptili	爬虫
content	rododendr	杜鹃
content	rosmar	海豹
content	semperviv	厚叶
content	skabioz	续断
content	skarol	苦菜
content	skolopendr	千足
content	stigm	柱头
content	tripanosom	原兽
content	tuberos	龙舌兰
content	urogal	野鸡
content	vakcini	石南
content	zizel	松鼠
piv	pneu^monokonioz	肺尘症
piv	konioz	尘症
pejvo	imperialism	帝主义
pejvo	imperialist	帝家
