root	層	漢字	接地	生物名	F	接地した定義語根	定義文
arb	CSV2890	树	N		150		Rilata al arbo(j)
voj	CSV2890	路	N		132		Rilata al vojo(j), precipe 3
temp	CSV2890	时	N		113		(ntr (netransitiva)) Estas tempo, por fari ion
kolor	CSV2890	色	N		106		1 Rubandoj, vestpartoj ktp (kaj tiel plu) kun apartaj koloroj k portataj kiel simbolo de a
foli	CSV2890	叶	N		98		1 Rilata al folio
dent	CSV2890	齿	N		95		Homaj dentoj, rigardataj kiel esprimilo de sentoj
alt	CSV2890	高	N		94		Vd (vidu) eksponento 1.
vid	CSV2890	见	N		85		Rilata al la vidado
fiŝ	CSV2890	鱼	N		83		Rilata al fis^o
har	CSV2890	毛	N		82		1 Tuto de tiuj elkreskaj^oj, kovrantaj la korpon de besto, k eventuale uzataj kiel laborma
man	CSV2890	手	N		82		1 Rilata al mano
am	CSV2890	爱	N		81		Rilata al amo
vent	CSV2890	风	N		81		Blovas vento
nom	CSV2890	名	N		80		Rilata al la nomo
met	CSV2890	置	N		75		Ago, per kiu oni metas
edz	CSV2890	夫	N		74		Rilata al edzo
brul	CSV2890	燃	N		73		Okazas brulo
flug	CSV2890	飞	N		71		Rilata al flugo
port	CSV2890	运	N		70		Ago de tiu, kiu portas
herb	CSV2890	草	N		67		Rilata al herbo.
kamp	CSV2890	田	N		66		Rilata al kampo.
ret	CSV2890	网	N		64		Ano de gento, kiu log^is en Retio.
di	CSV2890	二ᴰᴵ	N		63		Pref. (Prefikso), montranta, ke substanco estas karakterizata de, au^ konsistas el, du sam
sun	CSV2890	阳	N		63		(ntr (netransitiva)) Brilas suno.
ali	CSV2890	别	N		62		(ntr (netransitiva)) Diferenci
turn	CSV2890	转	N		62		Rilata al turno
aŭt	CSV2890	车	N		61		(ntr (netransitiva)) Veturi per au^to.
bel	CSV2890	美	N		61		(ntr (netransitiva)) Aspekti, impresi bele
term	CSV2890	热ᵀ	N		61		En la Roma antikveco, publikaj banejoj.
ferm	CSV2890	闭	N		56		Rilata al fermo
las	CSV2890	留	N		56		Ago de tiu, kiu lasas
sek	CSV2890	干	N		55		En maniero fizike au^ metafore seka.
gram	CSV2890	图ᴳᴹ	N		54		Suf. (Sufikso), uzata por nomi la bildon, kurbon ks (kaj simile, kaj similaj). registritan
pluv	CSV2890	雨	N		52		(ntr (netransitiva)) Falas pluvo
sid	CSV2890	坐	N		52		Pozicio de iu, io sidanta
tranĉ	CSV2890	切	N		52		1 Sentig^as akraj kolikoj
ĉeval	CSV2890	马	N		51		Rilata al la c^evalo
neĝ	CSV2890	雪	N		51		(ntr (netransitiva)) Falas neg^o
kaŝ	CSV2890	藏	N		50		Tia, kian ne povas trafi ies okuloj au^ scio
gard	CSV2890	守	N		49		Rilata al gardo.
karb	CSV2890	炭	N		49		Rilata al karbo
ring	CSV2890	环	N		49		1 Rilata al ringo
kalkul	CSV2890	算	N		48		Rilata al kalkulo
pur	CSV2890	纯	N		48		(en L.B. (Londona Biblio)
ĉel	CSV2890	胞	N		47		Rilata al c^elo; enhavanta c^elojn
naĝ	CSV2890	游	N		47		Rilata al nag^o
ord	CSV2890	序	N		47		(tr (transitiva)) 1 (ark. (arkaismo, arkaisme)) Meti ordon (en ion)
sci	CSV2890	知	N		46		Aro de elementoj de informig^o en difinita fako, scienco ks (kaj simile, kaj similaj)
cel	CSV2890	标	N		45		(+ al au^ kunmetite) Strebante al atingo de iu celo
tabl	CSV2890	桌	N		45		Rilata al tablo, precipe al mang^o tablo
fil	CSV2890	儿	N		44		Rilata al filo
film	CSV2890	影ᶠ	N		44		Rilata al filmo
dekstr	CSV2890	右	N		43		1 Dekstra flanko. 2 La konservativaj k reakciaj partioj (kies deputitoj konvencie sidas de
miks	CSV2890	混	N		43		Ago de tiu, kiu miksas
min	CSV2890	矿	N		43		Rilata al mino
fung	CSV2890	菌	N		42		Rilata al fungoj
glaci	CSV2890	冰	N		42		En glacia maniero
loĝ	CSV2890	住	N		42		Havanta log^on (ie)
volv	CSV2890	卷	N		42		Rilata al volvo(j)
jun	CSV2890	幼	N		41		En juna maniero
kart	CSV2890	卡	N		41		Rilata al karto, precipe 5
komunik	CSV2890	传	N		41		Rilata al komunikado
amik	CSV2890	友	N		40		(ntr (netransitiva)) Esti amiko de
kolekt	CSV2890	集	N		40		1 Rilata al kolekto
dev	CSV2890	应	N		39		Rilata al devo
dik	CSV2890	厚	N		39		Dimensio alia, ol longo k larg^o
font	CSV2890	泉	N		39		Rilata al fonto
mur	CSV2890	壁	N		39		Rilata al muro
reĝ	CSV2890	王	N		39		En reg^a maniero
spir	CSV2890	息	N		39		Rilata al la spiro
fiks	CSV2890	定	N		38		Ago de tiu, kiu fiksas
haŭt	CSV2890	皮	N		37		Rilata al hau^to
komput	CSV2890	算ᴷᴹ	N		37		Rilata al komputado
mastr	CSV2890	主	N		37		Rilata al mastro
pord	CSV2890	门	N		37		1 Rilata al pordo(j). 2 Rilata al la hepata pordo
bakteri	CSV2890	菌ᴮ	N		36		Rilata al bakterio(j)
mas	CSV2890	团ᴹ	N		36		Rilata al maso
rond	CSV2890	圆	N		36		En ronda maniero
fand	CSV2890	熔	N		35		Rilata al fando
fenestr	CSV2890	窗	N		35		Rilata al fenestro
konduk	CSV2890	导ᴷ	N		35		Rilata al kondukado
motor	CSV2890	动ᴹᵀ	N		35		1 Rilata al motoro
bank	CSV2890	银ᴮ	N		34		Rilata al banko 1
funkci	CSV2890	功	N		34		Rilata al la funkcio
frost	CSV2890	霜	N		33		(ntr (netransitiva)) Estas froste
klimat	CSV2890	气候	N		33		Rilata al la klimato
liter	CSV2890	字	N		33		G^uste, kiel skribite
metal	CSV2890	金ᴹ	N		33		Tegi per maldika tavolo da metalo.
profit	CSV2890	利ᴾ	N		33		En profita maniero au^ cirkonstanco
sem	CSV2890	种	N		33		Rilata al semo
rok	CSV2890	岩	N		33		Popolmuziko usondevena, naskita el rokenrolo en la 60aj jaroj de la 20a jc (jarcento).
horloĝ	CSV2890	钟ᴴᴸ	N		32		Rilata al horlog^o
norm	CSV2890	范	N		32		(tr (transitiva)) Provizi spacon per normo
fest	CSV2890	庆	N		31		En festa maniero
kopi	CSV2890	复ᴷ	N		31		Rilata al kopio
solv	CSV2890	解ˢ	N		31		Rilata al solvo
asekur	CSV2890	保	N		30		Rilata al asekuro
aviad	CSV2890	航	N		30		Rilata al aviado
brust	CSV2890	胸	N		30		Rilata al la brusto
esplor	CSV2890	探	N		30		Rilata al esploroj
gazet	CSV2890	报	N		30		Rilata al gazeto
klas	CSV2890	级	N		30		Rilata al klaso
sorb	CSV2890	吸ˢᴿ	N		30		Tia, ke g^i sorbas
brak	CSV2890	臂	N		29		La spaco inter tiuj du membroj, rigardata kiel simbolo de amoro
buter	CSV2890	黄油	N		29		1 Rilata al butero
spac	CSV2890	空	N		29		Rilata al spaco
divid	CSV2890	分ᴰ	N		28		1 Rilata al divido. 2 (pp (se paroli pri) folio) Havanta tre profundajn entranc^aj^ojn, ki
kok	CSV2890	鸡	N		28		Rilata al koko
ŝel	CSV2890	壳	N		28		Rilata al la s^elo
util	CSV2890	益	N		28		En utila maniero
vesper	CSV2890	晚	N		28		Estas vespero
forn	CSV2890	炉	N		27		Rilata al forno
hel	CSV2890	亮	N		27		Intenso de la luma energio de stelo au^ alia astro
rost	CSV2890	烤ᴿ	N		27		Ago de tiu, kiu rostas
ŝaf	CSV2890	羊	N		27		1 Rilata al s^afo(j)
ŝpar	CSV2890	省	N		27		Rilata al s^parado
tekst	CSV2890	文ᵀ	N		27		Rilata al teksto
gaj	CSV2890	欢	N		27		Stato de iu, io gaja
grajn	CSV2890	粒ᴳ	N		26		1 Plena de grajnoj, konsistanta el grajnoj
kurs	CSV2890	课	N		26		Iri lau^ kurso.
ŝlos	CSV2890	锁	N		26		Ago de tiu, kiu s^losas.
trink	CSV2890	饮	N		26		Ago de iu, kiu trinkas
vag	CSV2890	荡	N		26		Vaga nervo
butik	CSV2890	店	N		25		Rilata al butiko
cifer	CSV2890	数ᶜ	N		25		Montranta informojn per ciferoj, k ne per montrilo
river	CSV2890	河	N		25		Rilata al rivero
branĉ	CSV2890	枝	N		24		1 Rilata al branc^o. 2 Branc^ohava.
rajd	CSV2890	骑	N		24		Rilata al rajdo
soldat	CSV2890	兵	N		24		1 Rilata al soldato
spec	CSV2890	种ˢᴾ	N		24		Adj., uzata en kunmetaj^oj, por signifi, ke la afero rilatas au^ apartenas resp. (respekti
ŝir	CSV2890	裂	N		24		s^irado / s^iraj^o. Tiu parto de io, kiu estis s^irita
taks	CSV2890	评	N		24		Rilata al taksado
verŝ	CSV2890	浇	N		24		Ago de iu, kiu vers^as.
dung	CSV2890	雇	N		23		Ago de tiu, kiu dungas
grund	CSV2890	土	N		23		Rilata al grundo
hejt	CSV2890	热	N		23		Rilata al hejtado
maten	CSV2890	晨	N		23		Estas mateno
nebul	CSV2890	雾	N		23		(ntr (netransitiva)) S^vebas nebulo
pentr	CSV2890	描	N		23		Rilata al la ago pentri.
potenc	CSV2890	力	N		23		Lau^ potenca maniero
silab	CSV2890	节ˢ	N		23		1 Prezentanta silabon (plejofte kun numeralo
bapt	CSV2890	洗ᴮ	N		22		Rilata al bapto
ced	CSV2890	让	N		22		(pp (se paroli pri) geno) Tia, ke g^i efikas nur, se g^i trovig^as sur ambau^ kromosomoj d
cindr	CSV2890	灰ᶜ	N		22		1 El cindro, rilata al cindro. 2 Cindrogriza.
fabrik	CSV2890	厂	N		22		Rilata al fabriko
fals	CSV2890	伪	N		22		Ago de falsanto k ties rezulto
kelk	CSV2890	些	N		22		Analoge kun multe, iom kc (kaj ceteraj), tiu adv. (adverbo) estas uzata kun la senco de su
kolomb	CSV2890	鸽	N		22		Rilata al kolombo
kre	CSV2890	创	N		22		Rilata al kreado
nerv	CSV2890	神经	N		22		Korpa stato, rigardata kiel dependanta de la pli au^ malpli granda ekscitebleco k sensivec
nud	CSV2890	裸	N		22		1 G^enro, konsistanta en la prezentado, per desegno, pentrado, skulptado au^ foto, de nuda
regn	CSV2890	国ᴿ	N		22		(ark. (arkaismo, arkaisme)) Havi potencon de regno 1, 2, regi
sap	CSV2890	皂	N		22		Rilata al sapo
brems	CSV2890	刹	N		21		Rilata al bremso au^ bremsado
pat	CSV2890	锅	N		21		1 Rilata al pato. 2 (pp (se paroli pri) reg^o) Trovig^anta en pato.
rang	CSV2890	级ᴿ	N		21		Rilata al iu rango
vers	CSV2890	句ⱽ	N		21		Rilata al versoj
viand	CSV2890	肉	N		21		1 Rilata al viando
konkurs	CSV2890	竞ᴷˢ	N		20		Rilata al, bazita sur konkurso
serpent	CSV2890	蛇	N	Y	20		Subordo de skvamuloj kun la supraj karakterizaj^oj (Ophidia).
tond	CSV2890	剪	N		20		(pp (se paroli pri) vektorkampo, specife kampo de rapido au^ forto) Konsistanta el dudimen
vang	CSV2890	颊	N		20		Rilata al la vango
vezik	CSV2890	囊	N		20		Rilata al veziko
elast	CSV2890	弹ᴱ	N		19		Grando, difinanta la gradon de elasta konduto de substanco; simb. (simbolo)
grimp	CSV2890	爬ᴳ	N	Y	19		Rilata al grimpado
kancer	CSV2890	癌	N		19		Rilata al kancero
kort	CSV2890	院	N		19		Rilata al korto
operaci	CSV2890	操	N		19		Rilata al operacio
pump	CSV2890	泵	N		19		Ago de tiu, kiu pumpas
aks	CSV2890	轴	N		18		Rilata al akso
bord	CSV2890	岸	N		18		Lando, kus^anta apud akvaro
cert	CSV2890	确	N		18		Nedubebla scio
genu	CSV2890	膝	N		18		Rilata al genuo
honest	CSV2890	诚	N		18		Tio, kio estas honesta, rigardata en abstrakta, absoluta maniero
indic	CSV2890	指ᴵᶜ	N		18		Rilata al indico
just	CSV2890	公ᴶ	N		18		En justa maniero.
kas	CSV2890	库	N		18		Rilata al la kaso
kaŭz	CSV2890	因ᴷ	N		18		Rilata al kau^zo, konsistiganta kau^zon
krur	CSV2890	腿	N		18		Rilata al kruro
kub	CSV2890	方ᴷ	N		18		(ntr (netransitiva)) Havi la kapaciton de (certa nombro da kubaj unuoj).
nod	CSV2890	结ᴺ	N		18		Rilata al nodo
preĝ	CSV2890	祈	N		18		Rilata al preg^o
pi	CSV2890	敬ᴾ	N		17		Eco de homo pia
plug	CSV2890	耕ᴾ	N		17		Ago de tiu, kiu plugas
eksplod	CSV2890	爆	N		16		Rilata al eksplodo
fianĉ	CSV2890	婚	N		16		Rilata al fianc^o
flar	CSV2890	嗅	N		16		Rilata al la flarado
freŝ	CSV2890	鲜	N		16		En fres^a maniero
mebl	CSV2890	具ᴹ	N		16		Rilata al mebloj
scen	CSV2890	场	N		16		Rilata al scen(ej)o
sinjor	CSV2890	君	N		16		Rilata al sinjoro 1 k 2
solen	CSV2890	庄ˢ	N	Y	16		Mara molusko (Solen k parencaj g-oj (genroj)) el la klaso de duvalvuloj, havanta longforma
viŝ	CSV2890	拭	N		16		Movo, per kiu oni vis^as
atend	CSV2890	待ᴬ	N		15		Rilata al atendo
babil	CSV2890	聊	N		15		Diroj de tiu, kiu babilas
bred	CSV2890	养ᴮ	N		15		Agado au^ laboro de tiu, kiu bredas bestojn.
filtr	CSV2890	滤	N		15		Rilata al filtrado
gent	CSV2890	族ᴳ	N		15		La paganaj popoloj.
kapr	CSV2890	羊ᴷ	N		15		Apartenanta au^ rilata al kapro
respekt	CSV2890	敬	N		15		En respekta maniero
sigel	CSV2890	印ˢᴳ	N		15		Rilata al sigelo
stabil	CSV2890	稳	N		15		Speco de skulptaj^o, kiu staras sur firma bazo, sed kies kelkaj elementoj movig^as lau^ la
tabak	CSV2890	烟ᵀ	N		15		Rilata al tabako
tualet	CSV2890	妆	N		15		Rilata al la tualeto
ekzist	CSV2890	存	N		14		Rilata al ekzisto
esting	CSV2890	灭	N		14		Ago de estinganto
etend	CSV2890	伸	N		14		Rilata al etend(ad)o
evit	CSV2890	避	N		14		Ago eviti
flik	CSV2890	补	N		14		Ago fliki au^ ties rezulto
glat	CSV2890	滑ᴳᴬ	N		14		(ntr (netransitiva)) Esti glata 2,3.
haven	CSV2890	港	N		14		Rilata al haveno
ĥor	CSV2890	合唱	N		14		Rilata al h^oro
invit	CSV2890	邀	N		14		1 Rilata al invito
konfuz	CSV2890	乱	N		14		En konfuza maniero
normal	CSV2890	正ᴺ	N		14		1 Kutima, meza stato, nivelo ks (kaj simile, kaj similaj)
ocean	CSV2890	洋	N		14		Rilata al oceano(j)
proporci	CSV2890	比ᴾ	N		14		En proporcia maniero
redukt	CSV2890	减ᴿ	N		14		Rilata al redukto
struktur	CSV2890	构	N		14		(tr (transitiva)) Doni strukturon al io
teg	CSV2890	覆	N		14		tega operatoro (asocianta al aro ties tegaj^on).
teren	CSV2890	地ᵀᴺ	N		14		Rilata al la tereno
vejn	CSV2890	脉	N		14		1 Rilata al korpa vejno
bors	CSV2890	市ᴮ	N		13		Rilata al la borso
bot	CSV2890	靴	N		13		Alta leda piedvesto, kiu atingas g^is genuo au^ pli alte
buĉ	CSV2890	屠	N		13		Ago de buc^anto
gest	CSV2890	姿	N		13		Rilata al gesto(j)
ĝib	CSV2890	凸	N		13		1 Kripla pro g^ibo. 2 Prezentanta g^ibaj^o(j)n
ĝu	CSV2890	享	N		13		Rilata al g^uado
hirund	CSV2890	燕	N		13		Rilata al hirundo(j)
komisi	CSV2890	委ᴷ	N		13		Lau^ la maniero de iu, kiu komisias
konsider	CSV2890	虑	N		13		Pensoj de tiu, kiu konsideras
nobl	CSV2890	贵	N		13		En nobla maniero
respublik	CSV2890	共和	N		13		Rilata al respubliko.
falĉ	CSV2890	收割	N		12		Unu movo per falc^ilo
forĝ	CSV2890	锻	N		12		Ago de forg^anto.
format	CSV2890	版ᶠ	N		12		(evi (evitinda)) = prepari 5.
inĝenier	CSV2890	技ᴵ	N		12		Scienco k fako de ing^eniero.
kroĉ	CSV2890	钩ᴷ	N		12		Ago de tiu, kiu kroc^as.
pent	CSV2890	戊	N		12		Pref. (Prefikso), montranta kvinkarbonan c^enon en la nomoj de
redakt	CSV2890	编ᴿ	N		12		Ago de tiu, kiu redaktas
salon	CSV2890	厅ˢ	N		12		Rilata al salono 1 k 2
simi	CSV2890	猿	N		12		Rilata al simio(j)
tint	CSV2890	鸣	N		12		Tia, ke g^i tintas
trunk	CSV2890	干ᵀ	N		12		Rilata al trunko
farm	CSV2890	租ᶠ	N		11		Regata de tia kontrakto.
gajn	CSV2890	赢	N		11		Rilata al gajno
implik	CSV2890	缠	N		11		Stato de io implikita
kaldron	CSV2890	锅ᴷ	N		11		Rilata al kaldrono
komplement	CSV2890	补ᴷᴸ	N		11		(pp (se paroli pri) anguloj) Tiaj, ke ilia sumo egalas al orto.
konven	CSV2890	适ᴷ	N		11		Stato de tio, kio konvenas
meti	CSV2890	艺ᴹ	N		11		Rilata al metio(j)
palp	CSV2890	摸	N		11		Rilata al palp(ad)o
reciprok	CSV2890	互	N		11		(pp (se paroli pri) nombro) = la inversa nombro.
stal	CSV2890	马棚	N		11		(ntr (netransitiva)) Resti en stalo (precipe dum vintro).
tem	CSV2890	题	N		11		1 Karakterizanta la temon, au^ karakterizata de g^i
titol	CSV2890	题ᵀᵀ	N		11		Rilata al titolo
virt	CSV2890	德	N		11		En virta maniero
arane	CSV2890	蛛	N		10		Rilata al araneo(j)
atmosfer	CSV2890	气ᴬᵀ	N		10		Rilata al atmosfero
balanc	CSV2890	摇ᴮ	N		10		Movoj de io balancata
ĉarm	CSV2890	魅	N		10		En c^arma maniero
farun	CSV2890	粉	N		10		Rilata al, konsistanta el faruno
flagr	CSV2890	闪ᶠᴳ	N		10		Fenomeno, estigata de io, kio flagr(ad)as
hero	CSV2890	杰	N		10		Konduti kiel heroo.
kamen	CSV2890	炉ᴷ	N		10		Rilata al kameno
lam	CSV2890	跛	N		10		En lama maniero
moŝt	CSV2890	阁	N		10		Rilata al mos^to
foir	CSV2890	集ᶠ	N		9		Rilata al foiro
fromaĝ	CSV2890	酪ᶠ	N		9		Garni per fromag^o
komplik	CSV2890	复ᴷᴹ	N		9		Malfacileco de problemo, mezurata per la komputaj rimedoj bezonataj por solvi g^in
kuler	CSV2890	勺	N		9		(tr (transitiva)) Mang^i per kulero
plend	CSV2890	诉	N		9		Rilata al plendo; esprimanta plendon
profesor	CSV2890	授	N		9		Rilata al profesoro
tajlor	CSV2890	裁ᵀᴿ	N		9		Rilata al tajloro
zum	CSV2890	嗡	N		9		Rilata al zumado
daktil	CSV2890	枣	N		8		Rilata al daktilo
dorlot	CSV2890	宠	N		8		Ago de dorlotanto
femur	CSV2890	股ᶠ	N		8		Rilata al la femuro
flirt	CSV2890	飘	N		8		(ankau^ flirtado) 1 Movoj de tio, kio flirtas (1, 2). 2 Konduto de tiu, kiu flirtas (3).
frakci	CSV2890	分ᶠ	N		8		Rilata al frakcio.
fraŭl	CSV2890	单ᶠ	N		8		Rilata al frau^lo
kajut	CSV2890	舱	N		8		Rilata al kajuto
kalumni	CSV2890	谤	N		8		Prezentanta kalumnion au^ rilata al kalumnio
kamarad	CSV2890	伴ᴷᴿ	N		8		Rilata al kamarado
koks	CSV2890	股	N		8		Rilata, apartenanta al kokso
lili	CSV2890	百合	N		8		Delikate blanka, kiel lilio
palis	CSV2890	桩ᴾ	N		8		1 Rilata al paliso. 2 Aspektanta kiel paliso au^ palisaro
persist	CSV2890	坚ᴾ	N		8		Ago de iu, io persistanta
pugn	CSV2890	拳	N		8		Rilata al pugno
ran	CSV2890	蛙	N		8		Rilata al rano
rip	CSV2890	肋	N		8		1 Rilata al homa ripo
surpriz	CSV2890	惊ˢ	N		8		En surpriza maniero
tinktur	CSV2890	染ᵀ	N		8		Rilata al tinkturo
cirkonstanc	CSV2890	况ᶜ	N		7		Rilata al cirkonstanco
elokvent	CSV2890	辩ᴱ	N		7		Natura talento paroli bele k trafe
fast	CSV2890	斋	N		7		Rilata al fasto
festen	CSV2890	宴	N		7		Rilata al festeno
hajl	CSV2890	雹	N		7		Rilata al hajlo
hotel	CSV2890	馆	N		7		Rilata al hotelo(j)
inkluziv	CSV2890	含	N		7		Ago, per kiu oni inkluzivas ion
koleg	CSV2890	伴	N		7		Rilata al kolego(j)
komik	CSV2890	笑ᴷ	N		7		Komika karaktero, ekz. (ekzemple) de beletraj^o.
krepusk	CSV2890	昏ᴷ	N		7		(ntr (netransitiva)) Nehele lumi
pelv	CSV2890	盆	N		7		Rilata al la pelvo
pland	CSV2890	足底	N		7		Rilata al la plando
rivolu	CSV2890	转ᴿ	N		7		Rilata al rivoluo
teknologi	CSV2890	技ᵀᴸ	N		7		Rilata al teknologio
termin	CSV2890	词ᵀ	N		7		Rilata al termino(j)
testament	CSV2890	嘱	N		7		Rilata al testamento
tikl	CSV2890	痒ᵀ	N		7		Ago de iu, io tiklanta
aparten	CSV2890	属	N		6		La fakto, ke iu, io apartenas al
arteri	CSV2890	脉ᴬ	N		6		Rilata al la arterioj
asimil	CSV2890	同ᴬ	N		6		Ago de iu, kiu asimilas
bub	CSV2890	顽	N		6		Rilata al bubo
grip	CSV2890	流感	N		6		Rilata al gripo
kret	CSV2890	白石	N		6		(tr (transitiva)) S^miri per kreto.
krokodil	CSV2890	鳄	N		6		Rilata al krokodilo
patron	CSV2890	保ᴾ	N		6		1 Rilata al patrono
salik	CSV2890	柳	N		6		1 Rilata al saliko. 2 Farita el salikobranc^oj
ŝose	CSV2890	路ˢ̂	N		6		Rilata al s^oseo
alumini	CSV2890	铝	N		5		Rilata al aluminio
elefant	CSV2890	象	N		5		Rilata al elefanto
feĉ	CSV2890	渣	N		5		Rilata al fec^o
funel	CSV2890	漏斗	N		5		(tr (transitiva)) Vers^i tra funelo.
general	CSV2890	将ᴳ	N		5		Rilata al generalo
grandioz	CSV2890	宏	N		5		En grandioza maniero
himn	CSV2890	颂	N		5		Rilata al himno(j).
inaŭgur	CSV2890	开ᴵ	N		5		Rilata al inau^guro
koment	CSV2890	评ᴷᴹ	N		5		Vortoj en komputila programo, kiujn ignoras la komputilo, sed kiuj servas por helpi homon 
nuk	CSV2890	项	N		5		Apartenanta al, rilata al nuko
statu	CSV2890	像ˢ	N		5		Rilata al statuo
ŝark	CSV2890	鲨	N	Y	5		Ordo (Selachii) de elasmobrankoj, ampleksanta la s^arkojn.
flustr	CSV2890	悄	N	Y	4		G. (Genro) (Flustra) de briozooj kun fleksebla plata trunko k kun c^eloj kornecaj, plurvic
fortun	CSV2890	运ᶠ	N		4		G^uanta fortunon. Vd felic^a.
horizont	CSV2890	界ᴴ	N		4		Rilata al horizonto
laboratori	CSV2890	实验室	N		4		Rilata al laboratorio
limak	CSV2890	螺ᴸ	N		4		(ntr (netransitiva)) Malrapide iri, kiel limako.
pejzaĝ	CSV2890	景	N		4		Rilata al pejzag^o(j).
frunt	CSV2890	额	N		3		Rilata al la frunto
irit	CSV2890	恼	N		3		Reakcio de vivaj organoj, precipe nervoj je ekscito ekstera; g^i en la nervocentro transfo
muĝ	CSV2890	吼	N		3		Tia bleko au^ sono.
pantofl	CSV2890	拖鞋	N		3		Mars^i kun pantofloj
prefiks	CSV2890	缀ᴾ	N		3		Rilata al prefikso
strof	CSV2890	节ˢᵀ	N		3		Rilata al strofo
tempest	CSV2890	暴风ᵀ	N		3		(ntr (netransitiva), f (figurasence)) Agi au^ impresi kiel tempesto
tragik	CSV2890	悲ᵀᴷ	N		3		Tio, kio donas al ni doloran konscion pri la limoj de la homa kondic^o k pri la nekapablec
trotuar	CSV2890	径	N		3		(fm (familiara, familiare) pp (se paroli pri) amorist(in)o) Varbi klientojn sur trotuaro. 
anekdot	CSV2890	闻	N		2		Rilata al anekdoto(j)
manuskript	CSV2890	稿	N		2		Sub formo de manuskripto
uzin	CSV2890	厂ᵁ	N		2		(tr (transitiva)) Produkti per mas^inoj
aŭtomobil	CSV2890	车ᴬᴹ	N		0		Rilata al au^tomobilo(j)
fotograf	CSV2890	照	N		0		Rilata al fotografado
ortografi	CSV2890	拼	N		0		Rilata al la ortografio
graf	PEJVO	伯	N		123		Rilata al grafo
gen	PEJVO	生ᴳ	N		65		1 Suf. (Sufikso) kun la signifo «generanta, kreanta, estiganta»
metri	PEJVO	测ᴹᵀ	N		60		Metodo de scienca mezurado
morf	PEJVO	形ᴹ	N	Y	49		Suf. (Sufikso), uzata por formi nomojn de kelkaj filumoj, klasoj, ordoj au^ subordoj
genez	PEJVO	源ᴳ	N		32		Rilata al la genezo
meta	PEJVO	超ᴹ	N		26		1 Pref. (Prefikso), montranta ion, kio entutigas au^ transpasas la koncernan objekton au^ 
frekvenc	PEJVO	频	N		24		Rilata al frekvenco.
kontinu	PEJVO	续ᴷ	N		23		Io, kio prezentas kontinuecon
polu	PEJVO	污ᴾ	N		23		Rilata al polu(ad)o
trab	PEJVO	梁	N		23		1 Propra al trabo
derm	PEJVO	皮ᴰ	N		22		Rilata al la dermo.
kanon	PEJVO	炮	N		22		Rilata al kanono
kondukt	PEJVO	导ᴷᵀ	N		22		Rilata al kondukto.
bi	PEJVO	二ᴮ	N		20		Pref. (Prefikso), signifanta
trop	PEJVO	向ᵀ	N		20		Suf. (Sufikso), signifanta «havanta afinecon kun» au^ «stimulanta», pp (se paroli pri) org
dilat	PEJVO	膨	N		19		Rilata al dilato, dilatado
nitr	PEJVO	氮	N		19		(tr (transitiva)) Enkonduki la grupon-NO 2, en organikajn kombinaj^ojn.
fibr	PEJVO	纤	N		18		Konsistanta el, rilata al fibro
c^ast	PEJVO	洁	N		17		(ntr (netransitiva)) Konduti c^aste
tensi	PEJVO	压ᵀ	N		17		Rilata al tensio.
mer	PEJVO	链节	N		16		Baza, ripetig^anta kemia radiko, konsistaj^o de pli-malpli granda kunmeta molekulo (poli m
valv	PEJVO	阀	N		16		Rilata al valvo
distil	PEJVO	馏	N		15		Ago de distilanto
kadavr	PEJVO	尸	N		15		1 Rilata al kadavro
limf	PEJVO	淋ᴸ	N		15		Rilata al limfo au^ enhavanta limfon
trak	PEJVO	轨ᵀ	N		15		Rilata al la trako
mobil	PEJVO	挂饰	N		14		Artaj^o el plaketoj, ekvilibre pendantaj de dratoj k turnig^antaj lau^ la aermovoj. -> sta
spiral	PEJVO	旋ˢ	N		14		(ntr (netransitiva)) Prezenti spiralojn
deriv	PEJVO	派ᴰᴿ	N		13		Operacio, kiu al funkcio f asocias la funkcion ƒ ′, kies valoro c^e x estas la limeso de l
hemi	PEJVO	半	N		13		Pref. (Prefikso), elvokanta la ideon de g^usta duono k uzata
makro	PEJVO	宏ᴹ	N		13		Pref. (Prefikso), montranta
ozon	PEJVO	臭氧	N		13		Provizi per ozono
porn	PEJVO	淫	N		13		Rilata al porno
sond	PEJVO	探ˢ	N		13		Ago de iu, kiu sondas.
alp	PEJVO	峰	N		12		Alta monto, kun pas^tejoj sur la flankoj
ferdek	PEJVO	甲板	N		12		Rilata al ferdeko.
harmon	PEJVO	谐ᴴᴬ	N		12		1 Rilata al harmonoj
kompakt	PEJVO	密ᴷ	N		12		Io kompakta, i.a. (interalie, inter aliaj)
menstru	PEJVO	月经	N		12		Rilata al menstruo
projekci	PEJVO	射ᴾᴿ	N		12		1 Rilata al projekcio
s^lim	PEJVO	泥ˢ̂	N		12		(ntr (netransitiva)) Demeti s^limon (pp (se paroli pri) rivero ks (kaj simile, kaj similaj
teror	PEJVO	怖	N		12		Rilata al teroro.
ekvivalent	PEJVO	等ᴱᴷ	N		11		(pp (se paroli pri) du asertoj) Implicantaj unu la alian.
encefal	PEJVO	脑ᴱ	N		11		Rilata al la encefalo.
episkop	PEJVO	主教	N		11		1 Rilata al episkopo
fek	PEJVO	粪ᶠ	N		11		Rilata al feko.
hetero	PEJVO	异ᴴ	N		11		Pref. (Prefikso), montranta heterogenecon en la strukturo de molekulo, pli precize
implic	PEJVO	含ᴵᴹ	N		11		1 (pp (se paroli pri) difino) Difinanta la nocion nur malrekte, per ecoj esprimitaj en la 
klik	PEJVO	爪ᴷ	N		11		(ntr (netransitiva)) Soni, pp (se paroli pri) kliko 2.
komut	PEJVO	换	N		11		(pp (se paroli pri) duloka operacio) Tia, ke du ajnaj elementoj estas komuteblaj.
kurier	PEJVO	信使	N		11		1 Rilata al kuriero
mes	PEJVO	祭	N		11		Rilata al meso.
modul	PEJVO	调ᴹᴰ	N		11		(pp (se paroli pri) ekvacio k idealo au^ submodulo) Valide post aldono de elemento de la i
monah^	PEJVO	僧	N		11		Rilata al monah^oj
sperm	PEJVO	精液	N		11		Rilata al la spermo
stereo	PEJVO	立体	N		11		Pref. (Prefikso), indikanta tridimensian spacon, reliefon
trofi	PEJVO	养ᵀ	N		11		Nutrado k/au^ kreskado de la histoj, fiziologia au^ patologia. Vd plazio.
flut	PEJVO	笛ᶠᴸ	N		10		1 Rilata al fluto. 2 Simila al la sono de fluto
hidrat	PEJVO	水合	N		10		Enkonduki hidratan akvon, ekz. (ekzemple) en senakvan kristalon. Vd solvant(um)i.
induk	PEJVO	感ᴵ	N		10		Rilata al induko.
kloak	PEJVO	沟ᴷ	N		10		Rilata al kloako
kondens	PEJVO	凝ᴷᴺ	N		10		Nekonscia procedo de la imago, en la revoj au^ song^oj, per kiu g^i miksas k kunfandas div
meteor	PEJVO	陨	N		10		Rilata al meteoro
migdal	PEJVO	扁桃	N		10		Rilata al migdalo
mikrob	PEJVO	细菌	N		10		Rilata al mikroboj, kau^zata de ili
navig	PEJVO	航ᴺ	N		10		Rilata al navigado
polen	PEJVO	粉ᴾᴺ	N		10		Rilata al poleno, de poleno
prevent	PEJVO	防ᴾ	N		10		Tia, ke g^i preventas
sediment	PEJVO	沉ˢ	N		10		Rilata al sedimento
stift	PEJVO	销	N		10		Rilata al stifto
tau^r	PEJVO	牡牛	N		10		Rilata al tau^ro
valent	PEJVO	价ⱽ	N		10		Rilata al valento
icid	PEJVO	杀	N		10		Suf. (Sufikso), indikanta substancon, kiu mortigas vivulojn
akumul	PEJVO	累	N		9		(pp (se paroli pri) rento au^ interezo). Ne konsumata, sed aldonata al la kapitalo, kiu g^
angi	PEJVO	脉ᴬᴺ	N		9		Rilata al angio.
kau^stik	PEJVO	蚀ᴷᵁ̆	N		9		Surfaco, kiu entenas lumradiojn refraktitajn au^ reflektitajn.
koalici	PEJVO	盟ᴷᴸ	N		9		Rilata al au^ rezultanta de koalicio
marmor	PEJVO	大理石	N		9		(tr (transitiva)) Imiti per farboj la marmorajn vejnojn sur io
osmoz	PEJVO	渗	N		9		Rilata al osmozo
pale	PEJVO	内壳	N	Y	9		(pp (se paroli pri) spiketo de la poacoj) Supra glumeto. Vd glumo, glumelo, lemo, lodiklo.
tonal	PEJVO	调ᵀᴸ	N		9		Rilata al tonalo.
benzo	PEJVO	安息香	N		8		Pref. (Prefikso), montranta benzenan kombinaj^on
bronk	PEJVO	支ᴮ	N		8		Rilata al bronko(j)
bufr	PEJVO	缓冲	N		8		Rilata al bufro.
ekzo	PEJVO	外ᴱᶻ	N		8		Pref. (Prefikso), signifanta «eksteren»
granul	PEJVO	粒ᴳᴺ	N		8		1 De, rilata al granulo. 2 Konsistanta el granuloj
hipotek	PEJVO	抵	N		8		Rilata al hipoteko
hist	PEJVO	织ᴴ	N	Y	8		Rilata al histo
kalci	PEJVO	钙	N		8		Rilata al kalcio
kardinal	PEJVO	枢机	N		8		1(pp (se paroli pri) nombro) Indikanta kiom da elementoj havas aro
kribr	PEJVO	筛	N		8		Ago de tiu, kiu kribras.
masturb	PEJVO	手淫	N		8		Ago de tiu, kiu iun masturbas
modl	PEJVO	塑ᴹ	N		8		Ago de tiu, kiu modlas
obskur	PEJVO	暗ᴼ	N		8		Stato de io obskura
oftalm	PEJVO	目ᴼᶠ	N		8		Rilata al oftalmo
pivot	PEJVO	旋ᴾ	N		8		Rilata al pivoto
propag	PEJVO	播	N		8		Ago de iu, io propaganta
seb	PEJVO	脂ˢ	N		8		Rilata al sebo
spin	PEJVO	脊	N		8		Rilata au^ apartenanta al spino
alianc	PEJVO	盟ᴬ	N		7		(tr (transitiva)) Ligi per alianco
aritmetik	PEJVO	算ᴬ	N		7		Rilata al aritmetiko
arog	PEJVO	傲	N		7		Ago de iu, kiu arogas ion
blazon	PEJVO	徽ᴮ	N		7		Rilata al blazono
degener	PEJVO	退ᴰ	N		7		degeneraj kvantumstatoj (statoj de la sama sistemo, havantaj la saman energion).
diktator	PEJVO	独裁	N		7		Konduti kiel diktatoro.
enzim	PEJVO	酵素	N		7		Rilata al la enzimoj.
first	PEJVO	脊ᶠ	N		7		Rilata al firsto
helic	PEJVO	螺ᴴᶜ	N		7		1 Lau^ formo de helico 1. 2 Movata per helico(j)
hipnot	PEJVO	催眠	N		7		(ntr (netransitiva)) Trovig^i en hipnota stato.
idol	PEJVO	偶像	N		7		Rilata al idolo(j)
incid	PEJVO	射ᴵ	N		7		Rilata al la incido
inkandesk	PEJVO	白热	N		7		Stato de io inkandeska.
kali	PEJVO	钾	N		7		Rilata al kalio
kalv	PEJVO	秃	N		7		Loko de la kapo, kie elfalis la haroj
legitim	PEJVO	正ᴸ	N		7		Ago de tiu, kiu legitimas
lob	PEJVO	叶ᴸ	N		7		1 Rilata al lobo. 2 Lobohava.
procedur	PEJVO	程ᴾᴰ	N		7		Rilata al proceduro
pterig	PEJVO	翅ᴾᴳ	N	Y	7		Permuskole movata flugilo de animalo.
pub	PEJVO	耻骨	N		7		Rilata al pubo
rudr	PEJVO	舵	N		7		(tr (transitiva)) Gvidi per rudro.
sakar	PEJVO	蔗	N	Y	7		G. (Genro) (Saccharum el poacoj) de plurjaraj, altaj herboj kun maldensa, plumeca inflores
saliv	PEJVO	唾	N		7		Rilata al la salivo
scintil	PEJVO	闪ˢᶜ	N		7		(ntr (netransitiva)) 1 (pri fluoreska materialo) Fulmeti pro trafig^o de altenergia partik
skolt	PEJVO	侦	N		7		Lau^ la maniero de skolto
tau^z	PEJVO	揉ᵀ	N		7		Ago de iu, kiu tau^zas.
tetra	PEJVO	四ᵀᴬ	N		7		Pref. (Prefikso) montranta, ke substanco estas karakterizata de, au^ konsistas el, kvar sa
torc^	PEJVO	炬	N		7		Rilata al torc^o
tret	PEJVO	踏	N		7		Ago de iu, kiu tretas.
vitriol	PEJVO	矾ⱽ	N		7		Rilata al vitriolo 2
algebr	PEJVO	代数	N		6		Rilata al algebro
amortiz	PEJVO	偿ᴬ	N		6		Rilata al amortizo
analog	PEJVO	似ᴬ	N		6		Molekulo analoga al alia molekulo
bir	PEJVO	测ᴮ	N		6		(tr (transitiva)) Precizigi la pozicion de punkto en la spaco per mezurado de direktoj al 
bitum	PEJVO	沥青ᴮ	N		6		1 Rilata al bitumo. 2 Bitumohava
difuz	PEJVO	散ᴰᶠ	N		6		1 Rilata al difuzo
ermit	PEJVO	隐	N		6		Rilata al ermito
gros^	PEJVO	分ᴳ	N		6		Rilata al gros^o
hidrarg	PEJVO	汞	N		6		Rilata al hidrargo
krep	PEJVO	皱绸	N		6		Prezentanta multajn faldetojn k ondetojn senordajn
ksil	PEJVO	木ᴷ	N		6		Radiko de
kvalifik	PEJVO	称ᴷ	N		6		Havanta la ecojn necesajn por kvalifiki
later	PEJVO	边ᴸ	N		6		Rilata al latero. Vd flanka.
linear	PEJVO	线ᴸᴿ	N		6		(pp (se paroli pri) bildigo ƒ) Obeanta la regulon ƒ (x+ty) = ƒ (x) + tf (y) por c^iuj vekt
macer	PEJVO	浸ᴹ	N		6		Ago maceri k la rezultanta procezo.
muf	PEJVO	套ᴹ	N		6		(tr (transitiva)) Provizi (tubojn, aksojn ktp (kaj tiel plu)) per mufo.
naved	PEJVO	梭	N		6		1 Rilata al navedo. 2 (f (figurasence)) Ir-reira
obligaci	PEJVO	务ᴼ	N		6		Rilata al obligacio 1 au^ 2
orbit	PEJVO	轨ᴼ	N		6		Rilata al la orbito.
ovol	PEJVO	卵ᴼᴸ	N		6		Rilata al ovolo.
paroh^	PEJVO	堂区ᴾᴴ̂	N		6		Rilata al paroh^o
permut	PEJVO	换ᴾ	N		6		Rilata al permuto
pirat	PEJVO	海盗	N		6		Lau^ pirata maniero
prunus	PEJVO	李ᴾˢ	N	Y	6		G. (Genro) (Prunus el rozacoj) de falfoliaj k dau^rafoliaj arboj k arbustoj kun simplaj, d
rak	PEJVO	架	N		6		1 Fiksa au^ movebla kunaj^o el stangoj, formanta ujon, en kiun oni metas fojnon au^ furag^
refleks	PEJVO	反射ᴿˢ	N		6		Rilata al reflekso
retin	PEJVO	网膜	N		6		Rilata al la retino
reu^mat	PEJVO	风湿	N		6		Dolora kongesto, precipe c^e la artikoj.
simptom	PEJVO	症ˢ	N		6		Rilata al simptomo
tar	PEJVO	皮重	N		6		(tr (transitiva)) Determini la pezon de la taro.
turbul	PEJVO	乱ᵀ	N		6		Kirla movado en la aertavoloj.
vagin	PEJVO	阴道	N		6		Rilata al vagino
vektor	PEJVO	矢量	N		6		Rilata al vektoro
amplif	PEJVO	扩	N		5		Pliigo de la (alterna) tensio au^ kurento de telekomunika kurento en kondukilo au^ de rice
burlesk	PEJVO	谐ᴮ	N		5		La g^enro de burleskaj verkoj.
dehisk	PEJVO	裂ᴰ	N		5		Ag(ad)o, per kiu organo malfermig^as por eligi sian enhavon
diferencial	PEJVO	异ᴰᴸ	N		5		Rilata al diferencialo
disoci	PEJVO	解ᴰ	N		5		Rilata al disocio
emerg^	PEJVO	出ᴱᴹ	N		5		Rilata al la emerg^o
ezofag	PEJVO	食管	N		5		Rilata al ezofago.
faring	PEJVO	咽	N		5		Rilata al la faringo
fleksi	PEJVO	屈	N		5		(tr (transitiva)) Modifi (vorton) lau^ deklinacio au^ konjugacio.
folklor	PEJVO	民俗	N		5		Rilata al folkloro 1, 2
h^oler	PEJVO	霍乱	N		5		Rilata al h^olero.
inokul	PEJVO	种ᴵ	N		5		Ago de iu, kiu inokulas
kalfatr	PEJVO	填ᴷ	N		5		Ago de tiu kiu kalfatras.
kamfor	PEJVO	樟	N		5		Enhavanta kamforon, au^ rilata al kamforo
kanonik	PEJVO	会士	N		5		Rilata al kanonikoj
kast	PEJVO	种姓	N		5		Rilata al kasto
klostr	PEJVO	修院	N		5		Rilata al klostro, precipe 2
kvocient	PEJVO	商ᴷⱽ	N		5		Rilata al kvociento
lant	PEJVO	缓	N		5		(ntr (netransitiva)) Pasigi multan tempon, farante ion negravan; tro malrapide agi.
leksik	PEJVO	词汇	N		5		Tuto de la leksemoj de lingvo.
misi	PEJVO	使ᴹ	N		5		Rilata al misio
mitr	PEJVO	冠ᴹ	N		5		1 Rilata al mitro. 2 Mitroforma
pankreat	PEJVO	胰	N		5		Rilata al la pankreato.
pred	PEJVO	猎ᴾ	N		5		Rilata al predado
rektum	PEJVO	直肠	N		5		Rilata al rektumo.
rezid	PEJVO	驻	N		5		(ntr (netransitiva)) 1 Konstante k oficiale log^i. 2 Log^i en la loko, en kiu oni plenumas
sept	PEJVO	隔ˢ	N		5		(tr (transitiva)) Provizi, dividi per septo
simbioz	PEJVO	共生	N		5		(ntr (netransitiva)) Simbioze vivi
stilz	PEJVO	跷	N		5		1 Iriloj. 2 Longaj piedoj de birdoj, kiuj vivas en marc^oj au^ c^e bordoj de rivero au^ ma
suspensi	PEJVO	悬	N		5		1 Tuto de la arang^o, kiu ebligas al korpo, aparato, parto de mas^ino ks (kaj simile, kaj 
timpan	PEJVO	鼓室	N		5		Rilata al timpano
translaci	PEJVO	移	N		5		Rilata al translacio
violent	PEJVO	暴ⱽ	N		5		En violenta maniero
aberaci	PEJVO	差	N		4		(ntr (netransitiva)) Prezenti aberacion.
adher	PEJVO	附	N		4		Forto inter du diversaspecaj substancoj, devenanta de molekula altiro
anten	PEJVO	触角	N		4		Rilata al anteno
anticip	PEJVO	预	N		4		Ago de tiu, kiu anticipas
apert	PEJVO	开ᴬ	N		4		En aperta maniero
arke	PEJVO	方舟	N		4		Rilata al arkeo
asembl	PEJVO	汇编	N		4		(tr (transitiva)) Traduki al mas^inlingvo programon, en kiu individuaj mas^inlingvaj instr
asteni	PEJVO	弱ᴬ	N		4		Nenormala manko de fortoj, ordinare kau^zata de nesufic^a psika au^ nerva stimulado; g^i p
bajonet	PEJVO	刺刀	N		4		1 Rilata al bajoneto. 2 = stifta.
damask	PEJVO	缎ᴰ	N		4		(tr (transitiva)) Teksi lau^ la procedo de la damasko.
depresi	PEJVO	低ᴰ	N		4		Rilata al depresio
drakon	PEJVO	严ᴰ	N		4		Agi tirane
edif	PEJVO	教化	N		4		Ago de iu, kiu edifas
farmaci	PEJVO	药ᶠᶜ	N		4		Rilata al la farmacio
femin	PEJVO	女ᶠᴱ	N		4		femina pudendo (vulvo).
infanteri	PEJVO	步兵	N		4		Rilata al infanterio
infarkt	PEJVO	梗	N		4		Nomo donata al vaskula teritorio, en kiu estas nekrozo de histoj pro c^eso de la sangocirk
insulin	PEJVO	胰岛素	N		4		Rilata al insulino
klitor	PEJVO	阴蒂	N		4		Rilata al la klitoro.
kornic	PEJVO	檐	N		4		Rilata al kornico
kver	PEJVO	咕ᴷ	N		4		Pref. (Prefikso), indikanta transversecon
kvit	PEJVO	偿	N		4		1 En kvita maniero
lof	PEJVO	迎	N		4		Tiu flanko de s^ipo, kiu estas elmetata al la vento. Vd leo.
miria	PEJVO	万	N		4		Pref. (Prefikso), uzata antau^ unuoj, k signifanta «dekmiloblo» (10 ^4)
monark	PEJVO	君主	N		4		Rilata al monarko au^ monarkismo
morb	PEJVO	病	N		4		Rilata al morbo
orgi	PEJVO	纵欲	N		4		Rilata al orgio
ortopedi	PEJVO	矫	N		4		Rilata al ortopediio.
pas^tel	PEJVO	淡ᴾ	N		4		Rilata al pas^telo
pau^s	PEJVO	复ᴾ	N		4		1 Ago pau^si. 2 Alpreno de nova vorto au^ sintagmo en iun lingvon pere de traduko el alia 
pep	PEJVO	鸣ᴾ	N		4		Ago de iu, kiu pepas
prizon	PEJVO	狱ᴾ	N		4		Rilata al prizono(j)
raviol	PEJVO	饺	N		4		Malgrandaj pastaj^oj, farc^itaj diversmaniere, plejofte per viando muelita k spicita, kiuj
rilaks	PEJVO	缓ᴿ	N		4		Rilata al rilakso
sakr	PEJVO	荐ˢ	N		4		Rilata al la sakro
saten	PEJVO	缎	N		4		1 Rilata al la sateno. 2 Glata kiel sateno
senil	PEJVO	老ˢ	N		4		(pp (se paroli pri) histo, organismo, individuo) Malforta pro maljuneco
silic	PEJVO	硅	N		4		Rilata al, konsistanta el silico
sinovi	PEJVO	滑ˢᴺ	N		4		Rilata al sinovio
skarifik	PEJVO	划ˢᴷ	N		4		Rilata al skarifiko
splis	PEJVO	接ˢ	N		4		Ago splisi k ties rezulto
stomp	PEJVO	晕染	N		4		Cilindro el volvita sorbopapero au^ alia materialo, kun konusa fino, uzata en desegnado, p
tampon	PEJVO	棉塞	N		4		Sterilizita vatbulo, cilindra kompreso ks (kaj simile, kaj similaj), uzata por tamponi, au
teni	PEJVO	条虫	N		4		Rilata al tenio
transfuz	PEJVO	输	N		4		(tr (transitiva)) Intravejnen injekti sangon fres^an au^ konservitan
uskl	PEJVO	字ᵁ	N		4		«Minusklo au^ majusklo».
varik	PEJVO	瘤ⱽᴬ	N		4		Rilata al variko(j)
vermic^el	PEJVO	粉丝	N		4		Maldikegaj, fadenformaj pastaj^oj, ofte kuirataj en buljono
jul	PEJVO	划ᴶ	N		4		Forta remilo, kiun oni uzas per tordaj movoj c^e la pobo de boato, por antau^enigi g^in kv
abol	PEJVO	废ᴬ	N		3		Ago de instanco, kiu abolas
akomod	PEJVO	适ᴬᴷ	N		3		Ago de iu, io akomodata
altitud	PEJVO	高ᴬᵀ	N		3		Rilata al altitudo
analitik	PEJVO	析ᴬᵀ	N		3		1 Rilata al analitiko. 2 (pp (se paroli pri) funkcio) Elvolvebla en potencoserion en c^irk
aort	PEJVO	主脉	N		3		Rilata al aorto, au^ al la valvetoj situantaj c^e g^ia orifico
apanag^	PEJVO	封ᴬ	N		3		(tr (transitiva)) Provizi per apanag^o.
apel	PEJVO	诉ᴬᴾ	N		3		Pli-malpli ofta, perioda vicigo de soldatoj, kaptitoj ks (kaj simile, kaj similaj) por kon
apologi	PEJVO	辩ᴬᴾ	N		3		(ntr (netransitiva) / tr (transitiva)) Fari apologion
aprior	PEJVO	先	N		3		Antau^ c^ia sperto pri io
asiz	PEJVO	审ᴬ	N		3		Rilata al asizo
avan	PEJVO	前ᴬⱽ	N		3		La antau^a parto de armeo, tac^mento ktp (kaj tiel plu).
avanc	PEJVO	进ᴬ	N		3		Ago de tiu, kiu avancas.
averag^	PEJVO	均	N		3		1 Ia meznombro. Sin. (sinonimo) mezumo. 2 La aritmetika meznombro.
but	PEJVO	丁	N		3		Pref. (Prefikso), montranta kvarkarbonan c^enon en la nomoj de hidrokarbonoj. Vd et/, pent
cens	PEJVO	普ᶜ	N		3		(tr (transitiva)) Fari tian entabeligon au^ nombradon.
dispozici	PEJVO	处ᴰᶻ	N		3		Rilata al dispozicio au^ dispozicioj.
dur	PEJVO	硬ᴰ	N		3		Rezisto de materio al la penetro de alia materio
ejakul	PEJVO	射ᴱ	N		3		Ago de ejakulanto.
epitom	PEJVO	概ᴱ	N		3		Fari eltiraj^on el longa verko.
gliciriz	PEJVO	甘草	N		3		Rilata al glicirizo
heks	PEJVO	己	N		3		Pref. (Prefikso), montranta 6-karbonan c^enon en la nomoj de
hul	PEJVO	壳ᴴ	N		3		(ntr (netransitiva)) Ritme ondig^e balancig^i. Vd hulringo.
idiom	PEJVO	语ᴵ	N		3		Rilata al idiomo
iski	PEJVO	坐骨	N		3		Rilata al iskio
kabal	PEJVO	秘ᴷᴮ	N		3		Rilata al kabalo
kam	PEJVO	凸轮	N		3		Rotacianta disko, kun elstaraj^o(j), kiu(j) c^e c^iu turno de la akso de la disko, pus^as 
katedr	PEJVO	座ᴷ	N		3		Rilata al katedro
klem	PEJVO	夹ᴷᴸ	N		3		Fiksilo, kiu konektas konduktilon al aparato au^ parto de aparato per makzelpremo au^ s^ra
konced	PEJVO	让ᴷ	N		3		(pp (se paroli pri) prop. (propozicio)) Indikanta kondic^on au^ cirkonstancon, kies atende
labil	PEJVO	易变	N		3		Nestabila atmosfero kun gradiento pli ol adiabata.
langvor	PEJVO	倦	N		3		Malrapide movig^anta, malema al ekzercig^o, ne interesig^anta al la ekstera mondo, senfort
limfat	PEJVO	淋ᴸᵀ	N		3		Rilata al unu el la kvar temperamentoj lau^ Hipokrato. Vd kolerika, nervoza, sangvina.
loteri	PEJVO	彩ᴸ	N		3		Rilata al loterio
malign	PEJVO	恶ᴹᴳ	N		3		Havi malignan efikon
megalo	PEJVO	巨ᴹ	N		3		Pref. (Prefikso), signanta la patologian plivolumenig^on de dukto, organo k (f (figurasenc
meger	PEJVO	悍妇	N		3		Konduti kiel megero
mentor	PEJVO	导师	N		3		Agi kiel mentoro.
metropol	PEJVO	都	N		3		Log^anta en, rilata al metropolo
molar	PEJVO	臼	N		3		(evi (evitinda)) = (unu)mola.
napalm	PEJVO	凝油	N		3		(tr (transitiva)) Ataki, detrui per napalmo.
nupt	PEJVO	婚ᴺ	N		3		Rilata al nupto
orgasm	PEJVO	高潮	N		3		Rilata al orgasmo
parodi	PEJVO	戏仿	N		3		Rilata al parodio.
patriark	PEJVO	族长	N		3		1 Rilata al patriarko
pedunkl	PEJVO	梗ᴾ	N		3		Havanta pedunklon; rilata al pedunklo.
penta	PEJVO	五ᴾ	N		3		Pref. (Prefikso), montranta, ke substanco estas karakterizata de, au^ konsistas el, kvin a
plis	PEJVO	折ᴾ	N		3		Parto de s^tofo, jupo, robo ks (kaj simile, kaj similaj), tiel plisita.
polm	PEJVO	掌	N		3		Rilata al la polmo.
pontifik	PEJVO	主祭ᴾᴺ	N		3		Rilata al pontifiko(j)
porfir	PEJVO	斑岩	N		3		Rilata al porfiro
primar	PEJVO	原ᴾᴿ	N		3		(ark. (arkaismo, arkaisme)) = paleozoiko.
rabarb	PEJVO	大黄	N		3		Rilata al rabarbo
renegat	PEJVO	叛ᴿᴺ	N		3		Konduti kiel renegato.
retort	PEJVO	锅ᴿ	N		3		1 Rilata al retorto
retrospektiv	PEJVO	顾	N		3		Perspektiva rigardo al la pasinta tempo.
rizom	PEJVO	根茎	N		3		1 Rilata al rizomo. 2 Rizomohava
sink	PEJVO	沉ˢᴺ	N		3		Ago de io, kio sinkas.
siren	PEJVO	牛ˢ	N	Y	3		Ordo (Sirenia) de herbomang^antaj mamuloj, vivantaj en akvo c^e marbordo au^ en riveroj k 
stereotip	PEJVO	套ˢ	N		3		(tr (transitiva)) Klis^i.
s^ik	PEJVO	雅ˢ̂	N		3		Aspekti s^ika
tang^	PEJVO	接ᵀ	N		3		Rilata al tang^antoj
tempi	PEJVO	侧头	N		3		Rilata al tempio
terat	PEJVO	畸	N		3		Grava fizika au^ fiziologia anomalio; monstraj^o.
torak	PEJVO	胸ᵀ	N		3		Rilata al torako
trad	PEJVO	信风	N		3		(tr (transitiva)) Au^toritate forpreni havaj^on de s^uldanto, k doni g^in al kreditoro. Vd
travesti	PEJVO	戏仿ᵀ	N		3		Rilata al travestio
trigonometri	PEJVO	三角	N		3		Rilata al trigonometrio
vanil	PEJVO	香兰	N		3		Rilata al vanilo
kalend	PEJVO	初一	N		3		Nomo de la unua tago de la monato c^e la Romanoj
rot	PEJVO	队ᴿ	N		3		La 17a grafemo de la greka alfabeto (Ρ, ρ), responda al r. rotaismo. Transformo de z al r 
alabastr	PEJVO	雪花石膏	N		2		Simila al alabastro per sia blanko au^ diafaneco
alergi	PEJVO	过敏	N		2		Rilata al alergio
aliteraci	PEJVO	头韵	N		2		(ntr (netransitiva)) (pp (se paroli pri) vorto) Prezenti aliteracion kun alia vorto.
aneroid	PEJVO	无液	N		2		1 (pp (se paroli pri) ujo) Vakuigita k elasta. 2 (pp (se paroli pri) barometro) Funkcianta
apoge	PEJVO	远ᴬ	N		2		(ntr (netransitiva)) Esti en sia apogeo.
apopleksi	PEJVO	卒中	N		2		Rilata al apopleksio
apostat	PEJVO	叛ᴬ	N		2		Konduti kiel apostato. Vd kabei.
arier	PEJVO	后卫	N		2		La malantau^a parto de armeo, tac^mento ks (kaj simile, kaj similaj). -> ariergardo.
arkitektur	PEJVO	建筑ᴬᴿ	N		2		Rilata al la arkitekturo
au^reol	PEJVO	光环	N		2		(tr (transitiva)) Meti au^reolon c^irkau^ ies kapon
balist	PEJVO	弓炮	N		2		a) Funkcianta per pus^oj
batrak	PEJVO	蛙ᴮ	N		2		(ark. (arkaismo, arkaisme)) = amfibio.
bes^amel	PEJVO	白汁	N		2		Sau^co, farita el brunaj^o kun lakto
celul	PEJVO	胞ᶜ	N		2		C^iu el la etaj fakoj, kiuj formas la esencan konsistaj^on de iuj ostoj k de pluraj histoj
c^ic^eron	PEJVO	导ᶜ̂	N		2		Labori kiel c^ic^erono.
diurn	PEJVO	日ᴰ	N		2		Rilata al diurno
epistol	PEJVO	信ᴱ	N		2		Rilata al epistolo
epope	PEJVO	史诗	N		2		Rilata al epopeo
eu^karisti	PEJVO	圣餐ᴱ	N		2		Rilata al eu^karistio.
fet	PEJVO	胎	N		2		Rilata al feto
fonem	PEJVO	音位	N		2		(pp (se paroli pri) transskribo) Tia, ke c^iu fonemo de la koncerna lingvo estas reprezent
guas^	PEJVO	水粉	N		2		(tr (transitiva)) Pentri per guas^o.
heksa	PEJVO	六ᴴᴬ	N		2		Pref. (Prefikso), montranta, ke substanco estas karakterizata de, au^ konsistas el, ses at
hieroglif	PEJVO	象形	N		2		Rilata al hieroglifoj
hoj	PEJVO	喂ᴴᴶ	N		2		Speco de duonpioc^o, konsistanta el ligna tenilo kun perpendikla plata au^ kurba klingo k 
hu	PEJVO	吓	N		2		(ntr (netransitiva)) Krii hu!
iperit	PEJVO	芥气	N		2		(tr (transitiva)) Ataki per iperito.
kalkulus	PEJVO	结石	N		2		S^toneto el organikaj au^ neorganikaj substancoj, kiuj iafoje formig^as en la glandaj vezi
kateter	PEJVO	管ᴷ	N		2		(tr (transitiva)) Uzi kateteron en
klaft	PEJVO	寻ᴷ	N		2		(tr (transitiva)) Mezuri per klafto.
kompozit	PEJVO	菊ᴷᴹ	N		2		(pp (se paroli pri) ordo) Tia, ke g^i supermetas ionikajn volutojn al la korintikaj akanto
koron	PEJVO	日光环	N		2		La ekstera parto de la suna atmosfero, etendig^anta g^is c^. (c^irkau^) du sunradiusoj sup
kvadratur	PEJVO	求积	N		2		Karakterizanta du sinusajn grandojn de la sama frekvenco, se ekzistas inter ili fazodifere
legac	PEJVO	遗赠	N		2		(tr (transitiva)) Fari legacon pri io.
leksikon	PEJVO	词典	N		2		Rilata al leksikono, precipe 1
lic	PEJVO	许ᴸᴵ	N		2		Permesata, precipe per la religia au^ civila leg^o
lozang^	PEJVO	菱ᴸ	N		2		Lau^ ripetado de kvinope arang^itaj punktoj, kvar c^e pinto de lozang^o au^ ortangulo, la 
luksaci	PEJVO	脱臼	N		2		(tr (transitiva)) Meti en staton de luksacio, elartikigi
metakarp	PEJVO	掌骨	N		2		Rilata al metakarpo. Vd metatarso.
metazo	PEJVO	后生	N	Y	2		Plurc^ela, hista animalo.
mufl	PEJVO	炉ᴹ	N		2		(tr (transitiva)) Sekigi per muflo, precipe surfarbitajn objektojn.
mumps	PEJVO	腮	N		2		Rilata al mumpso
noval	PEJVO	荒	N		2		(ntr (netransitiva)) Esti ripozanta (pp (se paroli pri) grundo).
paliativ	PEJVO	缓ᴾ	N		2		Kapabla moderigi la efikojn de malbono au^ malsano, sed ne pli
paprik	PEJVO	甜椒	N		2		(tr (transitiva)) Spici per papriko 1.
patrici	PEJVO	贵ᴾ	N		2		Rilata al patricio
pergamen	PEJVO	羊皮纸	N		2		(tr (transitiva)) Doni la aspekton de pergameno
platform	PEJVO	台ᴾᴸ	N		2		1 Plialtigita ebena maso el teraj^oj, roko, cemento ks, sur kiu oni starigas baterion de k
poligon	PEJVO	多角	N		2		Konstruita sur plurangula plano
poplit	PEJVO	膝窝	N		2		Rilata al la poplito
predikt	PEJVO	预ᴾ	N		2		Verba formo, esprimanta, ke la procezo okazos post la tempo montrata de la statverbo
prim	PEJVO	质数	N		2		Rilata al primo
pru	PEJVO	头ᴾ	N		2		Rilata al pruo
rempar	PEJVO	垒	N		2		(tr (transitiva)) Provizi per remparoj.
sacerdot	PEJVO	祭司	N		2		Rilata al sacerdoto
sakrament	PEJVO	圣礼	N		2		Rilata al sakramento.
sangvin	PEJVO	乐ˢ	N		2		Desegnaj^o, farita per okrerug^a krajono.
satirus	PEJVO	羊神	N		2		Rilata al satiruso
sekundar	PEJVO	次ˢ	N		2		(ark. (arkaismo, arkaisme)) = mezozoiko.
seraf	PEJVO	天使ˢ	N		2		Rilata al serafo(j)
sinergi	PEJVO	协同作用	N		2		Rilata al sinergio
sizigi	PEJVO	大潮	N	Y	2		1 Konjunkcio au^ opozicio de astro rilate al Suno (vorto speciale uzata pri Luno). 2 G. (G
skabi	PEJVO	癣	N		2		Rilata al skabio
slang	PEJVO	俗语	N		2		Rilata al slango.
stag^	PEJVO	实习	N		2		(ntr (netransitiva)) Fari stag^on
sternum	PEJVO	胸骨	N		2		Rilata al la sternumo
suspir	PEJVO	叹	N		2		Tia elspiro k plendo
temperament	PEJVO	禀	N		2		1 Rilata al la temperamento
terminal	PEJVO	终端	N		2		(pp (se paroli pri) elemento de strukturo) La lasta
tetr	PEJVO	四ᵀ	N		2		Pref. (Prefikso), montranta, ke sakarido konsistas el 4-karbona c^eno
tini	PEJVO	头癣	N		2		Grupa nomo de iaj parazitaj dermatozoj de la kaphara hau^to
turne	PEJVO	巡ᵀ	N		2		(ntr (netransitiva)) (pp (se paroli pri) aktoro) Ludi en turneo.
uln	PEJVO	尺	N		2		Rilata al ulno
vesel	PEJVO	舰ⱽ	N		2		Milits^ipo pli granda ol fragato
stomi	PEJVO	漏ˢ	N		2		Suf. (Sufikso), uzata por nomi operacion, per kiu oni apertigas organon al la ekstero, au^
aren	PEJVO	场ᴬᴿ	N		1		Aromata molekulo, en kiu la nesimplaj ligoj estas duoblaj
brom	PEJVO	卤ᴮ	N		1		Rilata al bromo
cian	PEJVO	青	N		1		Pref. (Prefikso), montranta bluecon
civilizaci	PEJVO	民化态	N		1		Rilata al civilizacio
damn	PEJVO	咒ᴰ	N		1		(fm (familiara, familiare)) Ekkrio, esprimanta malkontenton. Vd diable, fek!
fuel	PEJVO	燃ᶠ	N		1		Solida, likva au^ gasa substanco el kiu, per kemia au^ fizika reakcio, energio estas liber
kasaci	PEJVO	废ᴷ	N		1		Rilata al kasacio
kromi	PEJVO	金ᴷᴿ	N		1		(tr (transitiva)) 1 Tegi per kromio
leu^ko	PEJVO	白ᴸ	N		1		Pref. (Prefikso), indikanta senkoloran formon de koloraj^o
teozof	PEJVO	神智	N		1		Adepto de teozofio.
tragant	PEJVO	草ᵀ	N		1		Gumo, kiu s^vitig^as el sp-oj (specioj) de astrakanto, uzata en pentroarto k farmacio.
petr	PIV	岩ᴾ	N		16		1 Konsistiga materialo de la terkrusto, g^enerale konsistanta el mineraloj, plej ofte malm
morfi	PIV	形ᴹᴵ	N		13		Baza koncepto en la teorio pri kategorioj, en la plej gravaj kazoj responda al bildigo de 
aktin	PIV	射ᴬ	N		9		(pp (se paroli pri) lumradio) Kemie aktiva, i.a. (interalie, inter aliaj) influanta la imp
bazidi	PIV	担子	N	Y	9		Cilindra, klabforma au^ ronda funga c^elo au^ ankau^ grupo de kvar c^eloj, kiu naskas g^en
ploid	PIV	倍ᴾ	N		9		Nombro de homologaj serioj de la n kromosomspecoj de unu nukleo.
sakarid	PIV	糖ˢᴰ	N		9		(kn (kolektiva nomo)) Polihidroksila aldehido au^ ketono (mono sakarido), au^ substanco (p
staz	PIV	滞ˢᶻ	N		8		Malrapidig^o, iafoje g^is plena halto, de sangocirkulado, fluo de lakto ks (kaj simile, ka
toni	PIV	张	N		8		1 Stato de malforta kontrahig^o de la muskoloj, ne estiganta movig^ojn
hemo	PIV	血ᴴ	N		7		Eritrocito (en kunmetaj^oj)
inhib	PIV	抑ᴵᴺ	N	Y	7		(tr (transitiva)) Malplifortigi, c^esigi au^ malhelpi procezon, funkciadon au^ kreskon de 
sapr	PIV	腐ˢᴿ	N		7		Neviva, organika materio.
vaskul	PIV	脉ⱽˢ	N	Y	7		1 Unu-au^ kelk-hista tubeto, tra kiu fluas organisma likvo
blink	PIV	闪ᴮ	N		6		Intermita lumo
eluvi	PIV	淋ᴱⱽ	N		6		Horizonto de grundo, malric^ig^inta je solveblaj substancoj pro ilia subena forporto fare 
mud	PIV	蜕	N	Y	6		S^ang^ig^o de hau^to au^ de hau^ta produktaj^o (karapaco, haroj, korno k.a. (kaj aliaj)). 
plastid	PIV	质体	N	Y	6		Organeto de vegetaj^aj c^eloj, kun duobla membrano k propra DNA
poez	PIV	生ᴾ	N		6		Formig^o de la diversaj c^elspecoj de la sango.
skab	PIV	疮疤	N	Y	6		Plantmalsano, kau^zata de iuj bakterioj k fungoj, karakterizata de makuleca formig^o de ra
verticil	PIV	轮ⱽ	N	Y	6		Aro, almenau^ triopo, de folioj, floroj au^ aliaj plantaj organoj radiantaj el la sama niv
ask	PIV	囊ᴬ	N	Y	5		Fungoc^elo ofte pli-malpli sak-au^ klabo-forma, en kiu formig^as sporoj (askosporoj) plejo
erot	PIV	色ᴱᴿ	N		5		La seksa impulso c^e homo.
eu^	PIV	良ᴱ	N	Y	5		Pref. (Prefikso) indikanta
flagel	PIV	鞭ᶠ	N	Y	5		Vipoforma filamento, movorgano de diversaj c^eloj, precipe de la unuc^eluloj.
kerat	PIV	角ᴷᵀ	N		5		1 Supraj^a k korneca parto de epidermo
klad	PIV	支ᴷ	N		5		1 Grupo (cladus) de vivuloj inter si vere parencaj, t.e. (tio estas) devenantaj el la sama
oligo	PIV	寡ᴼ	N		5		Pref. (Prefikso), montranta, ke substanco estas karakterizata de, au^ konsistas el, kelkaj
stres	PIV	压力	N		5		1 Akuta fiziologia k psikologia reago de vivulo al transformig^anta medio, cele al adaptig
sukur	PIV	急救	N		5		(tr (transitiva)) Doni la unuan helpon k flegon al vunditoj, dum milito au^ post sinistroj
afin	PIV	缘ᴬ	N	Y	4		1 Prezentanta similecojn de strukturo, humoro, karaktero ks. 2Sistematike parenca
anabol	PIV	合成	N		4		Tuto de la procezoj de konstruo de protoplasmo fare de la vivuloj
bias	PIV	偏ᴮ	N		4		1 Nemotivita prefero. 2 (pp (se paroli pri) stimanto) La diferenco inter la stimanto k la 
brutal	PIV	暴ᴮ	N		4		Krudac^a, perfortema, kruela homo
cintr	PIV	拱架	N		4		Provizora helpc^arpentaj^o, konsistanta el trabaro k tabularo, starigita lau^ adekvata for
fik	PIV	操ᶠ	N		4		(fm (familiara, familiare)) (ntr (netransitiva)) Koiti
gnostik	PIV	知ᴳ	N		4		1 Unua provo de kristana teologio
grop	PIV	臀ᴳ	N	Y	4		1 La posta parto de c^evalo, bovo, birdo ks (kaj simile, kaj similaj), etendig^anta de la 
hac^	PIV	划ᴴ	N		4		(tr (transitiva)) 1 Karakterizi iujn areojn de desegnaj^o, kovrante ilin per paralelaj str
helmint	PIV	蠕	N	Y	4		Kn (Kolektiva nomo) de vermoj, kies plimulto parazitas en vertebruloj (inkl. (inkluzive) h
insil	PIV	窖藏	N		4		(tr (transitiva)) Konservi furag^on tiel, ke g^i restas en sukplena stato
kac	PIV	阳具	N		4		(fm (familiara, familiare)) Peniso
katec^u	PIV	儿茶	N		4		1 Ekstrakto el la ligno de katec^uakacio, uzata por tanado k en adstringaj preparaj^oj. Si
kogn	PIV	认ᴷᴳ	N		4		(tr (transitiva)) Rekoni, percepti, kapti (veron) helpe de logika konkludado, au^ asiste d
kortik	PIV	皮ᴷ	N	Y	4		(cortex) 1 Supraj^a tavolo de diversaj organoj
opt	PIV	视ᴼ	N		4		Rilata al la vidkapablo
pretor	PIV	法官	N		4		C^e la Romanoj, c^iu neelektita altranga oficisto, kiu helpis la konsulojn, precipe en la 
prompt	PIV	敏ᴾ	N		4		Aganta, efikanta tuj, senprokraste, senhezite
pron	PIV	俯	N		4		(tr (transitiva)) Turni la antau^brakon tiel, ke la polmo rigardas malsupren. Vd supini.
ribosom	PIV	核糖体	N		4		Enc^ela, submikroskopa grajneto, konsistanta el ribonuklea acido (RNA) k proteino, c^e kiu
servir	PIV	发球	N		4		La komenca bato c^e pilkludoj kiel teniso, tabloteniso, retpilko ks (kaj simile, kaj simil
stupor	PIV	昏ˢᵀ	N		4		1 Stato de konscioperdo, tia ke la paciento respondas al nur tre forta stimulado. 2 (f (fi
supin	PIV	仰	N		4		(tr (transitiva)) Turni la antau^brakon tiel, ke la polmo, se horizontala, rigardas supren
turg	PIV	胀ᵀ	N		4		(pp (se paroli pri) c^elo, organo au^ korpoparto) S^vela pro reteno de likvo (ekz. (ekzemp
klementin	PIV	木ᴷᴸᴱ	N	Y	4		Frukto tre simila al mandarino, sed malfrue maturig^inta, kun orang^e rug^a s^elo.
abandon	PIV	弃ᴬᴰ	N		3		Ago, per kiu oni cedas al asekuristo la asekuritan objekton au^ tion, kio restis el g^i po
ahims	PIV	不害	N		3		Principo de multaj hindaj kulturaj k ideaj sistemoj, lau^ kiu la homoj devas vivi sen perf
alteraci	PIV	蚀变	N		3		Kemia s^ang^ado de mineraloj k sekve de petroj fare de eksteraj agantoj
anastomoz	PIV	吻合	N	Y	3		Kunig^a punkto de du vaskuloj, nervoj, muskolfibroj ks (kaj simile, kaj similaj).
artikulaci	PIV	发音	N		3		La fiziologia estigo de sonoj per la parolorganoj
banus	PIV	督ᴮ	N		3		Vicreg^o, komandanta en milito (en Hungario, Kroatio ks (kaj simile, kaj similaj)).
batu	PIV	围猎	N		3		Amasc^asado de bestoj, en kiu servistoj pelas ilin el iliaj kas^ejoj, por ke ili estu traf
blaz	PIV	泡ᴮᴸ	N		3		Hau^ta veziketo el maldika histo, entenanta likvon au^ aeron.
bos	PIV	凸ᴮ	N		3		1 Elstaraj^o, kruda au^ prilaborita, lasita sur la ekstera surfaco de c^iu s^tono en muro,
brez	PIV	煮ᴮ	N		3		(tr (transitiva)) Kuiri per milda fajro, sen elvaporig^o, por ke la kuiraj^o konservu c^iu
cefalaspid	PIV	头甲	N	Y	3		G. (Genro) (Cephalaspis) de fosiliaj senmakzeluloj, kiuj vivis dum silurio k devonio.
debil	PIV	弱ᴰ	N		3		1 Perdinta siajn fortojn
defet	PIV	败ᴰ	N		3		(ntr (netransitiva)) Kredi sin au^ sian partion venkota.
dezajn	PIV	设计	N		3		Formo k aspekto de artefarita objekto, kutime utileca k industrie produktata (au^tomobilo,
diplo	PIV	板障	N		3		(diploe) Spongeca parto de plataj ostoj.
ekstens	PIV	伸ᴱᴷ	N		3		(tr (transitiva)) Malfaldi anatomian elementon, metante g^in au^ en rekta linio rilate al 
falus	PIV	阳具ᶠ	N	Y	3		1 Prezento de erekta peniso, kiel simb. (simbolo) de fekundeco. Vd lingamo. 2 Peniso kiel 
fau^lt	PIV	断层	N		3		Rezulto de pli-malpli profunda rompig^o de tereno, okazinta lau^ surfaco proks. (proksimum
ferut	PIV	驮	N		3		Transporti kamionojn au^ remorkojn sur fervojaj vagonoj.
fini	PIV	限	N		3		a) (pp (se paroli pri) aro) Havanta nombron de elementoj egalan al unu el la nombroj 0, 1,
flavin	PIV	黄ᶠᴺ	N		3		Rug^flava hetero-kvarcikla aromata ketono, C 10 H 6 N 4 O 2.
grumel	PIV	块ᴳ	N		3		Malgranda buleto, koagulig^inta en likvo
haspel	PIV	绕	N		3		1 Lata ligna au^ metala tamburo, kiu rotaciante surprenas fadenon, faras haspelaj^on k sam
hidrid	PIV	氢化	N		3		Salo, en kiu la anjono estas H ^−
hipofiz	PIV	垂体	N		3		(hypophysis) Grava endokrina glando, situanta sub la diencefalo en la turka selo de la sfe
idl	PIV	空ᴵ	N		3		(ntr (netransitiva)) 1 (pp (se paroli pri) rado) Libere, per inercio rivolui
impetig	PIV	脓疮	N		3		Kontag^a hau^t-afekcio kau^zata de streptokoko au^ stafilokoko, k kiun karakterizas erupci
infest	PIV	患	N		3		(tr (transitiva)) Svarme invadi, pp (se paroli pri) ratoj ks (kaj simile, kaj similaj) en 
intra	PIV	内ᴵᴿ	N		3		Pref. (Prefikso) kun la signifo «ena», «interna''
jakv	PIV	菠萝蜜	N	Y	3		Frukto (s^ajnfrukto) de jakvarbo.
kaligraf	PIV	书法	N		3		Artisto pri kaligrafio.
karpel	PIV	心皮	N	Y	3		Florfolio, sur kiu formig^as unue la ovoloj, poste la semoj, malesta au^ malferma c^e la g
knik	PIV	座屈	N		3		(ntr (netransitiva)) (pp (se paroli pri) fosto au^ kolono) Flankenfleksig^i pro troa lau^a
koc^	PIV	红虫	N	Y	3		1 Sp. (Specio) (Dactylopius coccus, sin. (sinonimo (de latinscienca nomo)) Coccus cacti el
kodon	PIV	密码子	N		3		Unuo de gena informo, konsistanta el triopo da nukleotidoj el mesag^a RNA k reganta la enk
kolin	PIV	胆碱	N		3		Nitrogena bazo, OH-CH 2-CH 2-N(CH 3) 3 ^+, kiu grave rolas c^e la vivuloj
kontener	PIV	箱ᴷᴺ	N		3		Transportujo kun lau^norma kapacito de 1 g^is 63 kubaj metroj, plejofte apartenanta al tra
kopul	PIV	交配	N		3		(ntr (netransitiva)) Fari kopuladon inter si.
kupel	PIV	炼	N		3		(tr (transitiva)) Apartigi per varmigado oron au^ arg^enton disde la malpuraj^oj, kiuj oks
kuret	PIV	刮匙	N		3		Speco de akra kulero, uzata en kirurgio por praktiki skrapadon de diversaj organoj.
kvest	PIV	募ᴷ	N		3		(ntr (netransitiva)) Peti k kolekti monon, por religiaj au^ bonfaraj celoj
lancin	PIV	刺ᴸ	N		3		(ntr (netransitiva)) Dolori per sinsekvaj subitaj atakoj, akutaj k nedau^raj.
lic^i	PIV	荔	N	Y	3		1 G. (Genro) (Litchi el sapindacoj) de nur unu sp. (L. chinensis) k 3 subsp-oj de poligami
lokal	PIV	室ᴸ	N		3		Parto de konstruaj^o, kun difinita destino, precipe pp (se paroli pri) log^ado au^ komerco
lukr	PIV	赚	N		3		(tr (transitiva)) Perlabori
merd	PIV	屎ᴹ	N		3		(fm (familiara, familiare)) 1 Fekaj^o. 2 (f (figurasence)) Malbonegaj^o.
mezomer	PIV	共振	N		3		C^iu el la du au^ pluraj formoj de molekulo, inter si diferencaj pro strukturo de sia elek
mote	PIV	蛾	N	Y	3		Malgranda, malutila, grizeta papilio. Sin. (sinonimo) tineedo.
neu^rolept	PIV	安神	N		3		(pp (se paroli pri) psikostimula medikamento) Uzata en psikiatrio pro g^iaj ecoj sedativa,
pekan	PIV	山核桃ᴾ	N	Y	3		Speco de nukso, frukto de pekankarjo, enhavanta mang^eblan kernon.
peristalt	PIV	蠕ᴾ	N		3		Nevola muskola kontrahig^o, okazanta en tuboformaj organoj, movig^anta de supre malsupren 
plasti	PIV	塑ᴾᴸ	N		3		Operacio, destinita ripari organon koncerne ties formon au^ funkcion
prolifer	PIV	殖ᴾ	N		3		(ntr (netransitiva)) 1 (pp (se paroli pri) c^elo au^ histo) Multoblig^i. 2 (pp (se paroli 
pteraspid	PIV	翼甲	N	Y	3		G. (Genro) (Pteraspis) de fosiliaj senmakzeluloj el la ordo de pteraspidformaj.
puber	PIV	发育	N		3		Atinginta periodon de la vivo inter infaneco k adoleskeco, karakterizatan de la aktivig^o 
punik	PIV	榴ᴾ	N	Y	3		G. (Genro) (Punica el punikacoj) de 2 sp-oj (specioj) de trunkarbustoj el SE Eu^ropo, U Az
racem	PIV	消旋	N		3		(pp (se paroli pri) miksaj^o) Egalparte konsistanta el dekstre k maldekstre polarizaj subs
raki	PIV	脊ᴿ	N		3		Rilata al rakio
recidiv	PIV	复ᴿᶜ	N		3		1 Reapero de la sama malsano c^e sama individuo. 2 Refaro de sama delikto au^ krimo post p
rikur	PIV	递归	N		3		(pp (se paroli pri) difino au^ komputika proceduro) Referenci al si mem.
setl	PIV	居	N		3		(ntr (netransitiva)) (pp (se paroli pri) homgrupo) Eklog^i, instali sin en nova loko, regi
simpat	PIV	交感	N		3		Unu el la du partoj de la au^tonoma nervosistemo, konsistanta el la fibroj konektitaj al l
sinistr	PIV	灾ˢ	N		3		Okazaj^o (incendio, inundo, s^ippereo ks (kaj simile, kaj similaj)), kau^zinta perdojn, pr
sinu	PIV	湾ˢ	N		3		C^iu el la kurbaj^oj, fleksoj de vojo, rivero ks (kaj simile, kaj similaj)
somnol	PIV	眠	N		3		Stato transig^a inter dormo k maldormo.
spurt	PIV	冲ˢ	N		3		Dum sportaj konkursoj, mallongdau^ra akcelo de rapido au^ mallonga plia fortostrec^o.
stim	PIV	估	N		3		Taksi per stokastika procedo; kalkuli stimon.
stokast	PIV	随机	N		3		1 Matematika modelo por aleatoraj eksperimentoj. 2 (pli precize) Funkcio difinita sur la a
sutur	PIV	缝合	N	Y	3		1 Ago kunkudri la du randojn de vundo k rezulto de tiu operacio. 2 (sutura) Nemovebla kuna
s^ed	PIV	棚ˢ̂	N		3		Kruda s^irmejo por brutoj, kamparaj uzaj^oj ks (kaj simile, kaj similaj), konsistanta el t
s^tanc	PIV	冲压	N		3		(tr (transitiva)) Premtranc^i el lado, lameno au^ kartona folio similmaniere al truado
tarz	PIV	眼板	N		3		Fibreca lameno, kvazau^skeleto de la palpebra rando
tau^tomer	PIV	互变	N		3		Izomero, kiu tre facile k reverseble formig^as el la konsiderata substanco.
teri	PIV	兽ᵀ	N	Y	3		Subklaso (Theria) de mamuloj ampleksanta la plimulton de la mamulaj ordoj.
transpir	PIV	蒸	N		3		(ntr (netransitiva)) 1 Elimini akvovaporon el sia korpo
treponem	PIV	密螺旋体	N		3		G. (Genro) (Treponema el spiroketaloj) de eu^bakterioj liberaj au^ parazitaj al homoj k be
turbid	PIV	浊	N		3		Mara au^ laga detrito, suspensie transportata (-ita) de desupranta akvofluo.
unitari	PIV	一神	N		3		Apartenanta al tiu skolo de kristanismo, kiu emfazas la unuecon de Dio.
ured	PIV	锈ᵁ	N	Y	3		1 Eksa formgenro (Uredo), nomenklature ne legitima. 2 Grupo de neperfektaj uredaloj, karak
vehikl	PIV	载体	N		3		1 Substanco, en kiun oni metas au^ solvas efikantajn substancojn por prepari medikamenton
vobl	PIV	摇ⱽ	N		3		(ntr (netransitiva)) (pp (se paroli pri) rado) Periode s^ang^i sian klinig^on dum la rotac
andromed	PIV	木ᴬᴰ	N	Y	3		G. (Genro) (Andromeda el erikacoj) de dau^rafoliaj arbustetoj 10−40 cm (centimetro) altaj,
adjudant	PIV	准尉	N		2		En pluraj armeoj, suboficiro de alta grado.
agam	PIV	龙ᴬ	N	Y	2		G. (Genro) (Agama) de reptilioj el la subordo de lacertuloj, karakterizataj de egalaj skva
aktinidi	PIV	猴桃ᴬ	N	Y	2		G. (Genro) (Actinidia el aktinidiacoj) de dioikaj au^ poligamiaj arbustoj g^enerale grimpa
alce	PIV	立葵ᴬᶜ	N	Y	2		G. (Genro) (Alcea el malvacoj) de du-k plur-jaraj herboj kun lobaj au^ senlobaj folioj, ku
alcioni	PIV	虫ᴬᴸ	N	Y	2		G. (Genro) (Alcyonium) de diverskoloraj okkoraluloj.
alism	PIV	泽泻	N	Y	2		G. (Genro) (Alisma el alismacoj) de 9 sp-oj (specioj) de plurjaraj, akvejaj herboj el la N
ambigu	PIV	歧义	N		2		Tia, ke g^ia signifo estas duba. au^ ke g^i povas havi malsamajn sencojn
ambliop	PIV	弱视	N		2		Havanta difektig^on de la vidkapablo, kvankam ne havanta troveblan lezon en la okulo
ametrop	PIV	屈光	N		2		(pp (se paroli pri) okulo) Trafita de ametropeco.
anamorfoz	PIV	变形	N		2		Desegnaj^o, kiu s^ajnas konfuza, sed prezentas regulan bildon, se rigardata de difinita pu
ancilostom	PIV	钩虫	N	Y	2		G. (Genro) (Ancylostoma) de sangosuc^aj nematodoj, parazitantaj en la maldika intesto de l
anduj	PIV	肚肠	N		2		Porka tripkolbaso
angostur	PIV	木ᴬˢ	N	Y	2		1 G. (Genro) (Angostura el rutacoj) de 38 sp-oj de arboj k trunkarbustoj el tropika S Amer
anksi	PIV	忧虑	N		2		Stato de psika perturbo k agitig^o
anopsi	PIV	盲ᴬ	N		2		Perdo de la vido.
apeks	PIV	尖ᴬ	N	Y	2		1 Konusforma ekstremaj^o de organo
areol	PIV	晕ᴬ	N	Y	2		1 Mallarg^a areo c^irkau^ punkto au^ centro
arkegoni	PIV	颈卵器	N	Y	2		Inseksa reproduktorgano de la briofitoj k vaskulplantoj, tipe konsistanta el botelforma c^
asidu	PIV	勤ᴬ	N		2		Regule vizitanta la lokon de sia ofico, tasko, devoligoj ks (kaj simile, kaj similaj)
aspiraci	PIV	送气	N		2		Karakterizaj^o (fonema au^ ne) de iuj plozivoj, konsistanta en aerblovo, au^debla inter la
atm	PIV	我ᴬ	N		2		Koncepto de persona memo en la hinda filozofio, pritraktata de la Upanis^adoj.
atri	PIV	厅ᴬ	N		2		1 Interna korto kun portiko. 2 La malsupra etag^o de la timpano. 3 (atrium) Nomo de c^iu e
au^reli	PIV	海月	N	Y	2		G. (Genro) (Aurelia) de celenteruloj el la klaso de grandmeduzoj, kies ordinara sp. estas 
azo	PIV	无生	N		2		1 Senvivula, pli speciale senanimala. 2 Senfosilia.
bac	PIV	响ᴮ	N		2		Fari tian bruon.
balan	PIV	藤壶	N	Y	2		1 G. (Genro) (Balanus) de maraj krustacoj el la subklaso de ciripedoj, kovritaj de konkosi
barbaden	PIV	西番莲	N	Y	2		1 Sp. (Specio) de pasifloro (Passiflora quadrangularis) el tropika Ameriko, plurjara liano
bav	PIV	口水	N	Y	2		Speco de s^au^mo, kiun eligas iuj bestoj
benjet	PIV	炸糕	N		2		Pastobulo, fritita k entenanta delikataj^on (legoman, viandan au^ dolc^an), foje sukerita 
besti	PIV	兽ᴮᴵ	N		2		1 Sovag^besto. 2 Sovag^instinkta senbride perfortema homo
bombak	PIV	木棉ᴮ	N	Y	2		G. (Genro) (Bombax el bombakacoj) de arboj kun mane kunmetaj, 3−9-folieraj folioj k kun fr
brakte	PIV	苞	N	Y	2		Folio, aksele de kiu formig^as floro, infloresko au^ alia brakteo
bravur	PIV	炫ᴮ	N		2		Tre brila stilo au^ ludmaniero
brusk	PIV	暴躁	N		2		Malmilde, akre malg^entila pro senpacienco au^ malbonhumoro
bukan	PIV	熏	N		2		Viando au^ fis^o fumsekigita.
burg	PIV	堡ᴮ	N		2		Mezepoka fortikigita kastelo.
burs	PIV	囊ᴮ	N		2		1 Monsaketo, alligita al zono k libere pendanta. 2 Seroza au^ sinovia membrano de la tende
centuri	PIV	百队	N		2		(c^e la Romanoj) Cento da civitanoj au^ da soldatoj.
citronel	PIV	香茅	N	Y	2		Sp. (Specio) de cimbopogono (Cymbopogon nardus) el tropika Azio, alta, multafolia herbo ci
cum	PIV	聚伞	N	Y	2		(cyma) Decentra infloresko (k finevolue infruktesko) de pedunklaj floroj, en kiu sub la un
c^uk	PIV	夹头	N		2		Tiu parto de ilo au^ mas^ino, kiu estas fiksita al g^ia c^efa s^afto, k entenas inter siaj
dajmon	PIV	神灵	N		2		Malsupera dio, g^enio, kiu bone au^ malbone influis la sorton de homo, de gento, de civito
decidu	PIV	落ᴰ	N		2		Supraj^a parto de la utera mukozo; g^i transformig^as dum gravedo k disskvamig^as c^e la a
defens	PIV	封ᴰ	N		2		(tr (transitiva)) Malebligi al la brutoj pas^tig^i en (g^enerale juna) arbaro
delic	PIV	珍	N		2		Delikata g^uo (gastronomia, amora k.a. (kaj aliaj))
demodeks	PIV	虫ᴰᴹ	N	Y	2		G. (Genro) (Demodex) de vermoformaj parazitoj el la klaso de araneoidoj, ordo de akaruloj,
diazoni	PIV	重氮	N		2		Organika salo kun g^enerala formulo R-N=N ^+ X ^−, en kiu R estas organika radiko k X anjo
dikotom	PIV	叉ᴰ	N	Y	2		Forkece disbranc^ig^anta; disdue branc^a
diospir	PIV	柿ᴰ	N	Y	2		G. (Genro) (Diospyros el ebonacoj) de c^. (c^irkau^) 475 sp-oj (specioj) de arboj k trunka
divertikul	PIV	囊室	N		2		Anatomia, patologia au^ teratologia sakforma kavo, komunikig^anta kun kanalo au^ dukto
dubel	PIV	栓ᴰ	N		2		Peceto, kiun oni ens^ovas en truon, g^enerale de muro, por roli kiel s^rau^bingo
editor	PIV	编ᴱ	N		2		Tiu, kiu pretigas por publikigo la verkon de alia, g^enerale mortinta, au^toro.
ejgen	PIV	特征	N		2		(pp (se paroli pri) operatoro T) Nombro c tia, ke T (x) = cx por iu x ≠ 0.
ekshibici	PIV	露ᴱ	N		2		Emo sin montri, aparte en erotika situacio
ekspektor	PIV	咳痰	N		2		(ntr (netransitiva)) Forj^eti tra la bus^o la mukon el la bronkoj. Sin. (sinonimo) tuskrac
eksplic	PIV	释ᴱᶜ	N		2		(tr (transitiva)) Esprimi per precizaj detalaj vortoj, lasantaj nenion subkomprenata. Sin.
ekto	PIV	外ᴱᴷ	N		2		Pref. (Prefikso), signifanta «situanta ekster»
ekzoftalmi	PIV	凸眼	N		2		Elstareco de la okulgloboj el la orbitoj.
elan	PIV	冲ᴱ	N		2		Movo, per kiu la korpo svingas sin antau^en, por ekkuri, salti, transsalti ks (kaj simile,
emigr	PIV	迁ᴱ	N		2		(ntr (netransitiva)) Elmigri pro politika kau^zo.
enkliz	PIV	附ᴱ	N		2		Kunfandig^o de morfemo kun la antau^a vorto, el kio rezultas unu fonetika kunaj^o (ekz. (e
eskalon	PIV	梯队	N		2		C^iu el la elementoj de trupo arang^ita en tia ordo, ke ili vicig^as unu malantau^ la alia
eskar	PIV	焦疤	N		2		1 Mortig^inta parto de hau^to. 2 Nigreta hau^tkrusto, kau^zita de gangreno au^ kau^stikaj^
eu^fau^zi	PIV	磷虾	N	Y	2		G. (Genro) (Euphausia) de krustacoj kun nag^kruroj.
eu^fori	PIV	欣快	N		2		Sento de bonfarto, jen reala (c^e resanig^o ktp (kaj tiel plu)), jen iluzia (fina periodo 
faci	PIV	颜ᶠᶜ	N		2		1 (facies) La antau^a parto de la kapo, c^e homo k bestoj
fantast	PIV	幻ᶠˢ	N		2		Literatura g^enro, en kies verkoj c^efan rolon ludas supernaturaj estaj^oj, magiaj^oj ks (
fasm	PIV	竹节虫	N	Y	2		Vulgara nomo (Phasma) de fasmulo
fideikomis	PIV	信委	N		2		Posedaj^o, bieno, monsumo ks (kaj simile, kaj similaj), kiun oni transdonas, heredigas ks 
fikus	PIV	榕	N	Y	2		G. (Genro) (Ficus el morusacoj) de laktosukohavaj arboj k arbustoj, kelkaj grimpaj, rampaj
filum	PIV	门ᶠ	N		2		Sistematika unuo (phylum) ampleksanta parencajn klasojn, kun rango inter subregno k superk
finis^	PIV	终ᶠˢ̂	N		2		En sportaj konkursoj, la lasta fortostrec^o antau^ la alcelig^o. Sin. (sinonimo) finspurto
fol	PIV	愚ᶠ	N		2		Gaje frenezeta, frenezon s^erce imitanta.
fove	PIV	窝ᶠ	N		2		(fovea) Termino por kavetoj
frigid	PIV	冷ᶠᴳ	N		2		(pp (se paroli pri) virino) Prezentanta seksajn refleksojn inertajn.
frog	PIV	辙叉	N		2		Centra parto de trakforko au^ trakokrucaj^o, konsistanta c^efe el du relpecoj, pintigitaj 
fulgor	PIV	蜡蝉	N	Y	2		G. (Genro) (Fulgora) de insektoj el la ordo de hemipteroj kun lamposimila kapo, sed ne lum
gej	PIV	同性	N		2		(fm (familiara, familiare)) Samseksemulo.
glikol	PIV	醇ᴳ	N		2		1 Senkolora likvo, diolo, HOCH 2-CH 2 OH. Sin. (sinonimo) 1,2-etandiolo. 2 (vs (vastasence
glomerul	PIV	球ᴳᴹ	N	Y	2		1 C^iu el la etaj kapilaraj buloj (glomeruli) en la reno. Vd glomerulonefrito (Vd (vidu) n
glucid	PIV	糖ᴳᶜ	N		2		(kn (kolektiva nomo)) Natura polihidroksila aldehido au^ ketono, au^ natura substanco live
gonad	PIV	性腺	N		2		Organo de plurc^eluloj (i.a. (interalie, inter aliaj) de vertebruloj), produktanta la game
gug^	PIV	凿	N		2		Konkavaklinga c^izilo, uzata en meblofarado k kirurgio; foldoc^izilo.
heksagon	PIV	六角	N		2		1 = regula sesangulo. 2 = sesangulo.
heterodin	PIV	外差	N		2		Oscililo por suralmeti neamortizig^antan ondon de malmulte diferenca frekvenco sur ricevat
hihi	PIV	嘻	N		2		Onomatopeo, imitanta mallau^tan ridadon, ofte kontrau^vole elig^antan.
h^elicer	PIV	钳ᴴ̂	N	Y	2		La unua para membro c^e merostomoj k araneoidoj, plej ofte tre mallonga k kun prenilo.
iliak	PIV	盆骨	N		2		Rilata al la iliako au^ najbara al g^i.
imbecil	PIV	痴ᴵ	N		2		Homo kun inteligento-kvociento inter 60% k 40%
imperator	PIV	帝ᴵᵀ	N		2		Titolo, atribuita per aklamoj de la soldatoj Romaj al venkinta generalo.
impregn	PIV	浸ᴵᴹ	N		2		(tr (transitiva)) 1 S^irmsaturi sub influo de premo materialon (precipe lignon) per s^irma
inferenc	PIV	推ᴵ	N		2		C^iu pensago, per kiu oni iras de unu propozicio, rigardata kiel vera, al alia propozicio
infiltr	PIV	浸ᴵ	N		2		(tr (transitiva)) Invadi histojn, pp (se paroli pri) organa likvo (edema seraj^o, sango, u
insinu	PIV	影射	N		2		(tr (transitiva)) 1 Lerte sugesti, subinspiri
interstic	PIV	隙ᴵ	N		2		Spaco, kiu trovig^as inter la esencaj elementoj de iu organo k estas plenigita de diversaj
j^akard	PIV	提花	N		2		Mekanismo ebliganta la plej komplikajn plektojn en teksaj^oj (t.n. (tiel nomata) «florumit
j^am	PIV	扰ᴶ̂	N		2		(tr (transitiva)) Malhelpi au^deblan ricevon de iu sendostacio, intence estigante interfer
kah^eksi	PIV	衰ᴷ	N		2		Grava perturbo de c^iuj funkcioj de la organismo, karakterizata de malgrasig^o au^ male de
kakofoni	PIV	噪ᴷ	N		2		1 Kunmeto de sonoj, silaboj au^ vortoj, kies senharmonio vundas la orelon (ekz. (ekzemple)
kalmar	PIV	鱼ᴷᴹ	N	Y	2		Kn (Kolektiva nomo) de pluraj g-oj (genroj) (Loligo k parencaj) de cefalopodoj kun torpedo
kalot	PIV	冠ᴷᴸ	N		2		Segmento de sfero, limita de nur unu cirklo. Vd zono 3
kapus	PIV	航向	N		2		Direkto de la akso de s^ipo, rigardata de la posto al la antau^o
karak	PIV	商舶	N		2		Granda mezepoka komercos^ipo. Vd galiono, karavelo.
kariljon	PIV	钟琴	N		2		Sonorilaro, kiun oni ludas per klavaro, nun plejofte elektra
katabol	PIV	分解	N		2		Tuto de la procezoj de malkonstruo de protoplasmo fare de la vivuloj
katafor	PIV	下指	N		2		Sintaksa procedo, per kiu ripetig^as sub alia formo, interalie per pron. (pronomo), posta 
kibic	PIV	多嘴	N		2		G^ena sintrudulo, kiu ekz. (ekzemple) rigardas kartludon malantau^ la ludantoj k donas nep
kiral	PIV	手ᴷ	N		2		1 Ne simetria sub speguligo
kiropraktik	PIV	整脊	N		2		Terapiista metodo konsistanta en la manipulado de la vertebroj, jen per masag^oj, jen per 
knal	PIV	啪ᴷᴺ	N		2		(ntr (netransitiva)) Brui kiel vipo, krevanta baloneto, pafo ks (kaj simile, kaj similaj).
kojon	PIV	卵ᴷ	N		2		(fm (familiara, familiare)) Testiko.
kokcidi	PIV	球虫	N	Y	2		Subklaso (Coccidia) de sporozooj, parazitantaj en c^eloj de precipe la intesta epitelio de
kokolit	PIV	颗石	N	Y	2		1 G. (Genro) Coccolithus el kokolituloj. 2 C^iu el la kalkaj platoj, c^irkau^antaj kokolit
kolerik	PIV	怒ᴷᴷ	N		2		Apartenanta al unu el la kvar temperamentoj lau^ la Hipokrata humora medicino.
komoci	PIV	震荡	N		2		Organskuo, kau^zita de bato trafinta korpoparton proksiman au^ malproksiman
kompuls	PIV	逼	N		2		(tr (transitiva)) Igi, ke iu efektive plenumu devon ks (kaj simile, kaj similaj).
kongel	PIV	冻ᴷᴺ	N		2		(tr (transitiva)) Fridigi produkton je temperaturo de minus 30°, por konservi g^in je −18 
konsign	PIV	寄ᴷ	N		2		(tr (transitiva)) 1 Sendi trajne, s^ipe, aviadile (varojn) al negocisto, por ke tiu vendu 
kontra	PIV	反ᴷ	N		2		Pref. (Prefikso), montranta instrumenton kun la plej malalta registro
kontumac	PIV	缺席	N		2		Vola foresto de akuzito for de la jug^onta instanco
konvalesk	PIV	愈ᴷ	N		2		Transiro de la malsana al la sana stato.
koopt	PIV	增补	N		2		(tr (transitiva)) Aldoni kiel novan membron de komitato, komisiono ks (kaj simile, kaj sim
kori	PIV	绒膜	N	Y	2		1 Ekstera parto de la placento, plejofte havanta etajn elstaraj^ojn, kiuj penetras en la m
koronari	PIV	冠ᴷᴿ	N		2		(pp (se paroli pri) anatomia elemento) Tia, ke g^ia dispozicio similas kronon.
kraks	PIV	冠鸡	N	Y	2		G. (Genro) (Crax el kraksedoj) de grandaj galinoformaj birdoj el Amazonio, kun malhelkolor
kristalin	PIV	晶体	N		2		Natura lenso de la okulo, situanta malantau^ la pupilo
kulvert	PIV	暗渠	N		2		Subvoja kondukilo au^ eta ponteto, kun spano suba je 1,50 m, difinita por lasi trapason al
kut	PIV	袍ᴷ	N		2		Vestaj^o, kiun kavaliroj metadis super la kiraso.
lagoftalm	PIV	兔眼	N		2		Okulo ne tute fermebla pro mallonga supera palpebro.
larg	PIV	宽ᴸᴳ	N		2		1 (pp (se paroli pri) s^ipo) En tia pozicio, ke ties flanko oblikve ricevas la venton. Vd 
legionel	PIV	军团菌	N		2		G. (Genro) (Legionella) de eu^bakterioj, kiuj kau^zas gravan pulmomalsanon al la homo.
lentan	PIV	五色梅	N	Y	2		1 G. (Genro) (Lantana el verbenacoj) de plantoj – tufarbustoj, arbustetoj k plurjaraj herb
leu^cin	PIV	亮ᴸ	N		2		Aminacido, CH 3-CH 2-CH(CH 3)-CH(NH 2)-COOH; simb. (simbolo)
likvesk	PIV	潮解	N		2		Ig^i likva pro ensorbado de akvovaporo el la aero
lizin	PIV	赖	N		2		Aminacido, NH 2 -(CH 2) 4-CH(NH 2)-COOH, unu el la 20 c^efaj aminacidoj de la proteinoj, e
lontan	PIV	远ᴸ	N		2		Malproksima, tempe au^ space
madz	PIV	钉头锤	N		2		1 Peza, metalkapa klabo, uzata en Mezepokaj bataloj. 2 Similforma bastono, kun cizelaj^oj 
manis	PIV	穿山甲	N	Y	2		G. (Genro) (Manis) de sendentaj mamuloj el Afriko k S Azio, kies korpo estas kovrita de ko
marki	PIV	疆	N		2		Regiono au^ provinco, kiu konsistigis limparton de imperio
marsupi	PIV	袋ᴹ	N	Y	2		(marsupium) Ventra hau^tpos^o, c^e la inoj de grupo de primitivaj mamuloj, en kiu trovig^a
matriark	PIV	母系	N		2		Rilata al matriarkeco
mediastin	PIV	纵隔	N		2		(mediastinum) Meza regiono de la toraka kavo, entenanta la koron, ezofagon, trakeon ktp (k
mejoz	PIV	减分	N		2		Tuto de la du sinsekvaj dividig^oj de duploida nukleo, el kiu rezultas disig^o de la homol
meretric	PIV	妓ᴹ	N		2		Praktiki la profesion de meretrico.
metoksi	PIV	甲氧	N		2		La radiko CH 3-O-, tre ofta en naturaj produktoj
mileni	PIV	千年	N		2		1 Miljara dau^ro au^ datreveno. 2 Miljara reg^ado de Kristo, en iuj neortodoksaj kredoj.
mitoz	PIV	等分	N		2		Dividig^o de c^ela nukleo al du nukleoj genare identaj kun la unua nukleo; tiun dividig^on
monofizit	PIV	一性	N		2		Homo, kiu kredas, ke estas nur unu naturo (nome la homig^inta dia) en la persono de Kristo
muestr	PIV	样ᴹ	N		2		Aro elprenita el pli granda aro, la populacio, kun la celo ricevi informojn pri tiu c^i.
muskardin	PIV	僵病	N		2		Mortiga malsano de la rau^poj de bombikso, kau^zata de muskardinfungo
neoti	PIV	鸟巢兰	N	Y	2		G. (Genro) (Neottia el orkidacoj) de 9 sp-oj (specioj) de herboj el mezvarmaj Eu^ropo k Az
niob	PIV	金ᴺᴮ	N		2		1 Elemento, Nb, kun amfotera karaktero, atomnumero 41, atommaso 92,91
numen	PIV	神ᴺ	N		2		1 Tio, kio, je supernatura nivelo, kau^zas numenan staton. 2 Aparta volo de Dio.
numulit	PIV	钱虫	N	Y	2		G. (Genro) (Nummulites el numulitedoj) de foraminiferoj, kiuj vivis de malfrua kretaceo g^
ocel	PIV	单眼	N	Y	2		1 Simpla okulo de multaj artropodoj. Vd omatidio. 2 Ronda kolormakulo, c^irkau^ita de alik
oestr	PIV	发情	N		2		Fiziologia stato de ina mamulo dum la maturig^o de la ovaria(j) foliklo(j) k ovolado
ofiur	PIV	蛇尾	N	Y	2		G. (Genro) (Ophiura) de ekinodermoj, en formo de kvinangulo kun kvin longaj, maldikaj «bra
okt	PIV	八度ᴼᴷ	N		2		Intervalo inter ok tonoj en diatona gamo (frekvencproporcio
okta	PIV	八ᴼᵀ	N		2		Pref. (Prefikso), montranta, ke substanco estas karakterizata de, au^ konsistas el, ok ato
olfakt	PIV	嗅ᴼ	N		2		Rilata al olfakto
onkocerk	PIV	盘尾	N	Y	2		G. (Genro) (Onchocerca) de filarioj, hau^taj parazitoj de homo en U ekvatora Afriko k S Am
operator	PIV	算子	N		2		1 Funkcio, kies argumentaro k celaro konsistas el aroj, funkcioj au^ vektoroj
opilion	PIV	盲蛛	N	Y	2		G. (Genro) (Opilio) de artropodoj el la klaso de araneoidoj, kun pizoforma korpo k 8 tre l
ostrak	PIV	陶片	N		2		En antikveco, potfragmento, sur kiu oni strekis vorton au^ figuron.
palavr	PIV	议ᴾⱽ	N		2		Interkonsilado, longega diskuto lau^ afrikaj moroj
pedikur	PIV	修脚	N		2		(tr (transitiva)) Flegi la piedojn k kuraci ties epidermajn k ungajn afekciojn.
pitiat	PIV	劝愈	N		2		(ark. (arkaismo, arkaisme)) Resanigebla per la persvado
pre	PIV	前ᴾ	N		2		Pref. (Prefikso) signifanta
premium	PIV	费ᴾ	N		2		Monsumo, difinita en la poliso k periode pagenda de la asekurato al la asekuranto. Vd koti
presuriz	PIV	压ᴾˢ	N		2		(tr (transitiva)) 1 (pp (se paroli pri) ujo au^ ejo) Regi la internan premon tiel, ke g^i 
primordi	PIV	原基	N	Y	2		Junega au^ juna stadiformo de organo
prod	PIV	杰ᴾ	N		2		Kavaliro fama pro siaj kurag^o k aventuroj
prokavi	PIV	蹄兔	N	Y	2		G. (Genro) (Procavia) de hufuloj, malgrandaj, kun kvarfingraj antau^aj k trifingraj postaj
prokliz	PIV	附ᴾ	N		2		Kunfandig^o de morfemo kun la posta vorto, el kio rezultas unu fonetika kunaj^o.
promulg	PIV	颁ᴾ	N		2		(tr (transitiva)) Oficiale konstati la ekziston de leg^o akceptita de la leg^odona au^tori
propil	PIV	丙	N		2		La radiko CH 3-CH 2-CH 2 -.
propuls	PIV	推ᴾᴿ	N		2		(tr (transitiva)) (pp (se paroli pri) motoro ks (kaj simile, kaj similaj)) Antau^enpeli
protrud	PIV	凸ᴾ	N		2		1 Elstaranta, pp (se paroli pri) diversaj anatomiaj elementoj de individuo au^ homgrupo, k
psikedel	PIV	迷幻	N		2		Rilata al psikedelismo.
ptoz	PIV	垂ᴾᵀ	N		2		Malaltig^o de organo pro malstrec^ig^o de g^iaj subtenaj rimedoj
pudl	PIV	搅炼	N		2		(tr (transitiva)) Pritrakti krudferon, por ricevi molan feron veldeblan au^ forg^eblan.
puntili	PIV	面子	N		2		Afero, kiu vive koncernas ies honoron.
rabet	PIV	槽ᴿ	N		2		Orta entranc^o lau^longe de la eg^o de panelo, kadro, framo ks (kaj simile, kaj similaj), 
ral	PIV	秧鸡	N	Y	2		G. (Genro) (Rallus) de malgrandaj vadbirdoj el la ordo de gruformaj, kun longa beko k mall
rang^	PIV	调车	N		2		(tr (transitiva)) Apartigi k vicigi varvagonojn lau^ destino au^ speco
rasl	PIV	啰音	N		2		Nenormala bruo, au^debla c^e brustau^skulto, k produktata de la aerpaso en la aervojoj, je
razi	PIV	攻ᴿ	N		2		1 En arabaj landoj, ekspedicio farata en malamikan regionon, por rabi brutojn, virinojn au
rea	PIV	美洲鸵	N	Y	2		G. (Genro) (Rhea) de S-Amerikaj strutosimilaj birdoj. Sin. (sinonimo) nanduo.
redund	PIV	冗ᴿ	N		2		Estanta pluroble au^ ripete, au^ aldonita por sekurigi kontrau^ perdig^o, misfunkcio ks (k
reel	PIV	实ᴿᴱ	N		2		(pp (se paroli pri) nombro) Estanta limeso de racionalaj nombroj
regurgit	PIV	反流	N		2		Reveno en la gorg^on au^ bus^on, sen voma penado, de nutraj^oj entenataj en la stomako
remit	PIV	缓ᴿᴹ	N		2		Portempa malfortig^o de la simptomoj de akuta au^ kronika malsano.
reni	PIV	金ᴿᴺ	N		2		1 Elemento, Re, kun amfotera karaktero, atomnumero 75, atommaso 186,21, homologa al mangan
reprograf	PIV	复ᴿᴿ	N		2		(tr (transitiva)) Reprodukti dokumenton per termika, elektra au^ gasa radiado.
rezident	PIV	驻官	N		2		Altranga funkciulo, komisiita de protektanta s^tato c^e la regnestro de protektorato.
rimors	PIV	悔ᴿ	N		2		Senti konsciencan riproc^on. Vd bedau^ri.
rund	PIV	巡ᴿ	N		2		1 Rondirado, farata de komisiito, por certig^i, ke c^io estas en ordo au^ ke la izolitaj p
rung	PIV	横档	N		2		Lateto ligna au^ metala kun ronda au^ ortangula sekco, kiu servas por rigidigi piedon au^ 
rustik	PIV	朴ᴿ	N		2		Prezentanta simplan, ec^ krudan prilaboradon, kiu restigis multajn neregulaj^ojn, malglata
sakral	PIV	圣ˢᴷ	N		2		Apartigita for de la komuna uzado pro religia karaktero, k inspiranta respektoplenan timon
salangan	PIV	金丝燕	N	Y	2		G. (Genro) (Collocalia) de birdoj el la ordo de apodoformaj, vivantaj en S Azio k Oceanio,
sarment	PIV	蔓	N	Y	2		1 Ligna, tamen fleksebla tigo, kiun vito kreskigas c^iun jaron
scil	PIV	绵枣儿	N	Y	2		G. (Genro) (Scilla el hiacintacoj) de plurjaraj herboj kun tunika bulbo, kun nemultaj, lin
secesi	PIV	脱	N		2		(pp (se paroli pri) grupo, societo, s^tato) Apartig^o disde socia korpo, al kiu oni aparte
sekvenc	PIV	序ˢ	N		2		1 Almenau^ dufoja ripeto de figuro, c^iufoje pli (mal)alte; g^i povas esti suprena, malsup
sena	PIV	决明	N	Y	2		G. (Genro) (Senna el fabacoj), tre parenca al kasio, de c^. (c^irkau^) 350 sp-oj (specioj)
senjor	PIV	主ˢᴺ	N		2		1 En la antau^revolucia Francio, persono posedanta tenurbienon kun ekonomiaj k jug^aj povo
seton	PIV	引流	N		2		Mec^o, duloke trapasanta la hau^ton k uzata por drenado.
sfing	PIV	天蛾	N	Y	2		1 G. (Genro) (Sphinx k parencaj g-oj (genroj)) de grandaj noktpapilioj, kiuj dum ripozo te
signatur	PIV	签ˢ	N		2		1 Skribo de nomo au^ distinga signo malsupre de dokumento, por atesti, ke la entenataj ase
signifik	PIV	著	N		2		(ntr (netransitiva)) Havi alian kau^zon ol la hazardo.
silt	PIV	粉砂	N		2		Detrita sedimento, el eroj (silteroj) c^. (c^irkau^) 0,004−0,06 mm (milimetro(j)) dikaj (p
skoli	PIV	注ˢ	N		2		Marg^ena klariga noto, speciale de antikva gramatikisto, c^e iu loko de klasika verko.
skulptur	PIV	雕ˢᴿ	N		2		Rilata al skulpturo
sob	PIV	下ˢᴼ	N		2		Prep. (Prepozicio), proponita de Z. por signifi «malsupren»
som	PIV	体ˢᴹ	N		2		Neplastida organeto (en kunmetaj^oj)
spermati	PIV	精ˢᴵ	N	Y	2		Seksa c^elo, nemova, ofte produktata en spermatiujo. Vd anterozoido.
splend	PIV	灿	N		2		Pompe brila, bele k lukse impresanta.
splint	PIV	夹板	N		2		Lameneto el rigida materialo, metala, ligna au^ plasta, uzata por kunteni rompitajn ostojn
sprint	PIV	冲ˢᴺ	N		2		Sporta rapidkuro g^is la distanco de 400 m.
staki	PIV	水苏	N	Y	2		G. (Genro) (Stachys el lamiacoj) de plantoj - unu-k plur-jaraj herboj, arbustetoj k arbust
steg	PIV	撑	N		2		Peco, kiu kunligas du flankojn de objekto, du metalajn platojn ks (kaj simile, kaj similaj
strid	PIV	刺ˢᵀ	N		2		Akre, orels^ire sibla.
stukac^	PIV	奸ˢ	N		2		(fm (familiara, familiare)) Homo, kiu denuncas siajn kamaradojn, samsortanojn ks (kaj simi
suber	PIV	木栓	N	Y	2		Histo de vaskulplantoj, konsistanta el fruevolue mortantaj, kavaj c^eloj, formanta la kork
sufuz	PIV	渗ˢ	N		2		(ntr (netransitiva)) (pp (se paroli pri) organisma likvo, precipe sango) Elvers^ig^i el va
supe	PIV	餐ˢ	N		2		Delikata au^ festa vespermang^o.
suspend	PIV	停ˢ	N		2		1 Provizore deteni iun de la plenumado de ties funkcio au^ ofico
suspensori	PIV	吊带	N		2		Bandag^o, uzata por subteni la skroton.
s^kop	PIV	勺ˢ̂	N		2		Ujo el ligno au^ lado, uzata por forc^erpi akvon el boatfundo.
s^malc	PIV	猪油	N		2		Fandita k mola bestograso
s^us^	PIV	嘶ˢ̂	N		2		(ntr (netransitiva)) Brui simile al gaso eliranta sub forta premo el mallarg^a tubo
tak	PIV	倾ᵀᴷ	N		2		(tr (transitiva)) 1 = g^iri 3 pp (se paroli pri) s^ipo. 2 = boardi.
tal	PIV	距ᵀ	N		2		(talus) Tarsa osto de la reptilioj k mamuloj, kiu c^e la mamuloj situas sur la kalkaneo k 
teleks	PIV	电传	N		2		Speco de telegrafo, konsistanta el teletajpilo, konektita al speciala reto
tenebr	PIV	暗ᵀ	N		2		Profunda mallumo fizika au^ psika
tetanos	PIV	破伤风	N		2		Infekta malsano, kau^zata de la toksino de la tetanosa bacilo (Clostridium tetani) k karak
tetrark	PIV	分王	N		2		Reganto de tetrarkejo
til	PIV	碎麻	N		2		Instrumento por disfibrigi tigojn k forigi la senutilajn partojn.
tiravir	PIV	缆ᵀ	N		2		S^nuro duige faldita, alligita c^e la supro de deklivaj^o, k servanta por rule suprentiri 
topik	PIV	题ᵀᴾ	N		2		1 Parto de la retoriko, teorio de la g^eneralaj kategorioj, el kiuj oni povas tiri argumen
trigon	PIV	三角ᵀᴿ	N		2		Triangula anatomia elemento
trogon	PIV	咬鹃	N	Y	2		G. (Genro) (Trogon) de S-Amerikaj birdoj kun mallongaj kruroj k okulfrapaj koloroj.
trombidi	PIV	虫ᵀᴹ	N	Y	2		G. (Genro) (Trombidium) de ne tre grandaj rabaj akaruloj.
uncial	PIV	书体	N		2		Speco de majuskla litero, uzata en la manuskriptoj grekaj au^ latinaj inter la 4a k la 8a 
vaginal	PIV	套ⱽ	N		2		Ingo el serozo au^ fibra kuniga histo
vernaliz	PIV	春化	N	Y	2		(tr (transitiva)) Kau^zi antau^ la normala tempo floradon k fruktig^on c^e planto per spec
verumontan	PIV	精丘	N		2		(colliculus seminalis) Elstaraj^o sur la interna parto de la prostata uretro.
vitel	PIV	蛋黄	N		2		Nutraj rezervoj de la ovo de animaloj.
vitre	PIV	玻ⱽᴱ	N		2		Viskoza travida substanco, pleniganta la tutan okulon malantau^ la kristalino. Sin. (sinon
vojevod	PIV	督ⱽ	N		2		Titolo iam uzata en Balkanlandoj k Pollando k aplikata, lau^ la landoj k epokoj, al armees
bas^o	PIV	草ᴮˢ̂	N	Y	2		Sp. (Specio) de muzo (Musa basjoo) el Japanio, kun fruktoj ne mang^eblaj, kultivata por pr
goliat	PIV	虫ᴳᴸ	N	Y	2		G. (Genro) (Goliathus) de grandegaj koleopteroj el savanoj k arbaroj de tropika Afriko.
kobe	PIV	木ᴷᴮ	N	Y	2		G. (Genro) (Cobaea el polemoniacoj) de grimpaj tufarbustoj kun plume kunmetaj, unuc^iraj f
micen	PIV	菌ᴹᴺ	N	Y	2		G. (Genro) (Mycena el marasmiacoj) de ombrelfungoj kun bazidiujo g^enerale malgranda, sen 
perse	PIV	木ᴾ	N	Y	2		G. (Genro) (Persea el lau^racoj) de dioikaj arboj kun dau^raj, integraj folioj, kun floroj
procion	PIV	兽ᴾᴿ	N	Y	2		G. (Genro) (Procyon) de N Amerikaj rabobestoj, similaj al malgranda urso, kun longa vosto 
agrafi	PIV	无志	N		1		Organika perturbo de la kapablo skribi. Vd aleksio.
agronomi	PIV	农学ᴬᴵ	N		1		Rilata al agronomio
aguti	PIV	鼠ᴬ	N	Y	1		Sp. (Dasyprocta agouti) de Amerikaj mamuloj el la ordo de rong^uloj, same granda kiel kuni
agvara	PIV	兽ᴬᴳ	N	Y	1		Sp. (Specio) (Chrysocyon brachyurus) de S-Amerika rabobesto el la fam. (familio) de kanise
akonti	PIV	龙ᴬᴷ	N	Y	1		G. (Genro) (Acontias) de Afrikaj, senkruraj, vivonaskaj lacertuloj el la fam. (familio) de
akrocianoz	PIV	锐青症	N		1		Blua koloro de la ekstremaj^oj, kau^zata de malbona cirkulado de la sango.
aksiometr	PIV	轴计	N		1		Instrumento, lokita apud la stirrado k montranta la pozicion de la stirilo rilate al la s^
aktinometr	PIV	射计ᴬ	N		1		Instrumento, por mezuri la intenson de la sunradiado.
akvifoli	PIV	木ᴬᶠ	N	Y	1		1 (ark. (arkaismo, arkaisme)) Alia nomo (Aquifolium, nomenklature ne legitima) de ilekso. 
albizi	PIV	木ᴬᴸ	N	Y	1		G. (Genro) (Albizia el fabacoj) de arboj, trunkarbustoj k lianoj kun duoble plume kunmetaj
alcelaf	PIV	兽ᴬᴸ	N	Y	1		G. (Genro) (Alcelaphus) de grandaj Afrikaj antilopoj kun postkolo notinde pli alta ol la p
aleu^rit	PIV	木ᴬᴸᴱ	N	Y	1		G. (Genro) (Aleurites el eu^forbiacoj) de arboj k trunkarbustoj; 5 sp-oj (specioj) el Azio
alit	PIV	蛙ᴬ	N	Y	1		G. (Genro) (Alytes) de teraj amfibioj el la ordo de anuroj, kies virbesto helpas la inon e
alium	PIV	葱ᴬᴸ	N	Y	1		G. (Genro) (Allium el aliumacoj) de unu-, du-k plur-jaraj herboj kun tunika bulbo k kun um
alofon	PIV	异声	N		1		Parolsono, kiu estas libera au^ kondic^ita varianto de iu fonemo, ekz. (ekzemple) en E. la
alomorf	PIV	异形ᴬᴹ	N		1		Varianto de morfemo (precipe en aglutinaj lingvoj).
alpini	PIV	姜ᴬᴸ	N	Y	1		G. (Genro) (Alpinia el zingibracoj) de altaj (1−5 m) plurjaraj herboj kun aroma rizomo; c^
aluat	PIV	猴ᴬᵀ	N	Y	1		G. (Genro) (Alouatta) de Amerikaj simioj el la fam. (familio) de cebedoj, kun tre dika gor
alveolin	PIV	虫ᴬⱽ	N	Y	1		G. (Genro) (Alveolina el alveolinedoj) de foraminiferoj.
americi	PIV	金ᴬ	N		1		Transurania elemento, Am, atomnumero 95, atommaso 243,06.
ami	PIV	伞ᴬᴹ	N	Y	1		G. (Genro) (Ammi el apiacoj) de 3−4 sp-oj (specioj) de unujaraj herboj el la Mediteranea r
amirid	PIV	木ᴬᴹ	N	Y	1		G. (Genro) (Amyris el rutacoj) de arboj k trunkarbustoj kun plume kunmetaj folioj, kun 4−5
anestez	PIV	无感	N		1		Rilata al anestezo
angrek	PIV	兰ᴬ	N	Y	1		G. (Genro) (Angraecum el orkidacoj) de plurjaraj herboj kun bonodoraj, helkoloraj, spronoh
anil	PIV	草ᴬᴵ	N	Y	1		Plej konata sp. de indigofero (Indigofera suffruticosa, sin. (sinonimo (de latinscienca no
anodont	PIV	贝ᴬ	N	Y	1		G. (Genro) (Anodonta) de duvalvaj moluskoj kun maldikaj, sendentaj konkovalvoj, k vivantaj
anon	PIV	木ᴬ	N	Y	1		G. (Genro) (Annona el anonacoj) de arboj k trunkarbustoj kun unu-au^ malmult-opaj floroj k
antedon	PIV	虫ᴬᵀ	N	Y	1		G. (Genro) (Antedon) de ekinodermoj el la klaso de krinoidoj, ne fiksig^intaj al la marfun
antenari	PIV	菊ᴬᵀ	N	Y	1		G. (Genro) (Antennaria el asteracoj) de plurjaraj, dioikaj, ofte lanugaj herboj kun malgra
antropomorf	PIV	人形	N	Y	1		Grupo de senvostaj, homsimilaj simioj. Vd c^impanzo, gorilo, orangutano.
antropocentr	PIV	人央	N		1		Havanta la homon kiel centron de intereso au^ studo
aot	PIV	猴ᴬ	N	Y	1		G. (Genro) (Aotus) de Amerikaj malgrandaj noktaj simioj grandokulaj.
argiop	PIV	蛛ᴬᴳ	N	Y	1		G. (Genro) (Argiope) de araneuloj, kiuj teksas grandan, vertikalan araneaj^on k s^irmas si
argironet	PIV	蛛ᴬᴿ	N	Y	1		Araneulo (unuspecia g. (genro) Argyroneta aquatica), vivanta en sensala akvo, kie g^i teks
arid	PIV	旱	N		1		1 (pp (se paroli pri) klimato) Tre seka, dezerta; (pp (se paroli pri) grundo) Malfekunda p
arkiteu^t	PIV	贝ᴬᴿ	N	Y	1		G. (Genro) (Architeuthis) de grandegaj, dekbrakaj cefalopodoj, kies brakoj povas atingi la
arkte	PIV	菊ᴬᴿ	N	Y	1		G. (Genro) (Arctium el asteracoj) de fortikaj, du-k plur-jaraj herboj, kun longpetiolaj, l
arkti	PIV	虫ᴬᴷ	N	Y	1		G. (Genro) (Arctia) de noktpapilioj, grandaj okulfrape koloraj.
armilari	PIV	菌ᴬᴿ	N	Y	1		G. (Genro) (Armillaria el trikolomacoj) de ombrelfungoj kun iom dekuraj lamenoj, sen stipi
artokarp	PIV	木ᴬᴾ	N	Y	1		G. (Genro) (Artocarpus el morusacoj) de monoikaj arboj kun kunmeta s^ajnfrukto, devenanta 
atavism	PIV	祖主义	N		1		Rilata al atavismo
atel	PIV	猴ᴬᴸ	N	Y	1		G. (Genro) (Ateles) de Amerikaj simioj el la fam. (familio) de cebedoj, kun longegaj membr
atmometr	PIV	气计ᴬᵀ	N		1		Instrumento, por mezuri la elvaporig^on el humida surfaco.
au^dometr	PIV	听计	N		1		Aparato por mezuri la au^dan akrecon.
au^kub	PIV	木ᴬᵁ̆	N	Y	1		G. (Genro) (Aucuba el kornusacoj) de dau^rafoliaj, dioikaj tufarbustoj kun briletaj, ledec
au^stralopitek	PIV	猴ᴬᵁ̆	N	Y	1		G. (Genro) (Australopithecus) de fosiliaj homenoj, dupiedaj, kun cerbo c^. (c^irkau^) 500 
au^togen	PIV	自生	N		1		1 Dau^riganta sin mem
au^toliz	PIV	自解	N		1		Malkomponig^o au^ detruig^o de histoj per la tie entenataj enzimoj.
avero	PIV	木ᴬⱽ	N	Y	1		G. (Genro) (Averrhoa el oksalidacoj) de du sp-oj (specioj) de arboj, eble originaj el E Br
azol	PIV	羊齿ᴬ	N	Y	1		G. (Genro) (Azolla el azolacoj) de 6 sp-oj (specioj) de tre etaj, flosantaj akvofilikoj el
bangi	PIV	藻ᴮ	N	Y	1		G. (Genro) (Bangia el bangiacoj), kosmopolita, de multaj, g^enerale maraj, filamentaj rug^
banjan	PIV	木ᴮᴺ	N	Y	1		Sp. (Specio) de fikuso (Bengala fikuso) el Hindio k Pakistano, arbo kies branc^oj mem reen
bantam	PIV	鸟ᴮᴺ	N	Y	1		Malgranda formo de kokbirdoj diversarasaj, c^e kiu la virkoko estas batalema.
batometr	PIV	深计	N		1		Instrumento servanta por mezuri la profundon de akvujoj.
belis	PIV	菊ᴮ	N	Y	1		G. (Genro) (Bellis el asteracoj) de unu-k plur-jaraj herboj kun baza rozeto el simplaj fol
benzoil	PIV	安息香基	N		1		Radiko C 6 H 5-CO-
berkeli	PIV	金ᴮᴷ	N		1		Transurania elemento, Bk, atomnumero 97, atommaso 247,02.
bident	PIV	二齿	N	Y	1		G. (Genro) (Bidens el asteracoj) de unu-k plur-jaraj herboj kun kontrau^e duopaj folioj, f
bignoni	PIV	木ᴮᴳ	N	Y	1		1 (ss (striktasence)) G. (Genro) (Bignonia el bignoniacoj) de nur unu sp. (B. capreolata),
biks	PIV	木ᴮᴷ	N	Y	1		G. (Genro) (Bixa el biksacoj) de nur unu sp. (B. orellana) de malgranda arbo kun longpetio
biometri	PIV	生测	N		1		Statistika studo de la dimensioj de la vivuloj k de ties organoj.
biont	PIV	生将	N		1		(ark. (arkaismo, arkaisme)) = vivulo.
birg	PIV	虾ᴮ	N	Y	1		Krustaco (unuspecia g. (genro) Birgus latro) el fam. (familio) de paguredoj, kiu vivas sur
blakbas	PIV	鱼ᴮᴸ	N	Y	1		G. (Genro) (Micropterus) de rabfis^oj el la ordo de perkoformaj, origina el N Ameriko, enk
blastocer	PIV	兽ᴮˢ	N	Y	1		S-Amerika mamulo (unuspecia g. (genro) Blastocerus dichotomus) el la ordo de parhufuloj, f
bold	PIV	木ᴮᴸ	N	Y	1		G. (Genro) (Peumus, sin. (sinonimo (de latinscienca nomo)) Boldeo, el Monimiaceae) de nur 
bolometr	PIV	沸计	N		1		1 Aparato por mezuri temperaturojn, bazita sur elektromova forto c^e kontaktloko de du met
boselaf	PIV	兽ᴮᴸ	N	Y	1		Granda, grizblua Hindia antilopo (unuspecia g. (genro) Boselaphus tragocamelus), kies virb
bostrik	PIV	虫ᴮˢ	N	Y	1		1 G. (Genro) (Bostrychus) de koleopteroj, borantaj galeriojn en la subs^elo de arboj, por 
botul	PIV	菌ᴮᵀ	N		1		Sp. (Specio) de klostridio (Clostridium botulinum) de aernetolera eu^bakterio.
brakin	PIV	虫ᴮᴿ	N	Y	1		G. (Genro) (Brachynus) de koleopteroj, kiuj kontrau^ malamiko krake eligas nubeton da malb
brioni	PIV	瓜ᴮ	N	Y	1		G. (Genro) (Bryonia el kukurbacoj) de plurjaraj, monoikaj au^ dioikaj lianoj kun tubera, l
brusoneti	PIV	木ᴮᴼ	N	Y	1		G. (Genro) (Broussonetia el morusacoj) de falfoliaj, dioikaj, laktosukohavaj arboj k trunk
budle	PIV	木ᴮᴰ	N	Y	1		G. (Genro) (Buddleja el budleacoj) de arboj k trunkarbustoj kun kvarflankaj s^osoj, lancet
ceb	PIV	猴	N	Y	1		G. (Genro) (Cebus) de simioj, kun mezlonga, tute harkovrita vosto tre prenpova, relative i
cefalaspidomorf	PIV	头甲形	N	Y	1		Klaso (Cephalaspidomorphi) de senmakzeluloj, kiu ampleksas precipe formortintajn g-ojn sed
centifoli	PIV	百叶	N	Y	1		Centfolia rozo. Vd muskrozo. -> trifolio, milfolio.
centromer	PIV	央链节	N		1		Loko de kromosomo, kie alfiksig^as la spindelfibroj.
centrosom	PIV	央体	N		1		Enc^ela organeto, c^e la pinto de mitoza au^ mejoza spindelo, kiu konsistas el du centriol
cerami	PIV	藻ᶜ	N	Y	1		G. (Genro) (Ceramium el ceramiacoj) de maraj rug^algoj kun talo fajne k multe branc^a; c^.
ceratofil	PIV	草ᶜᶠ	N	Y	1		G. (Genro) (Ceratophyllum el ceratofilacoj) de plurjaraj dolc^akvaj plantoj g^enerale senr
ceratoni	PIV	木ᶜᴱ	N	Y	1		G. (Genro) (Ceratonia el fabacoj) de du sp-oj (specioj) originaj el Arabio k Somalio; pli 
cercidifil	PIV	木ᶜᶠ	N	Y	1		G. (Genro) (Cercidiphyllum el cercidifilacoj) de dioikaj arboj au^ (kiam kultivataj) trunk
cerkopitek	PIV	猴ᶜᴿ	N	Y	1		G. (Genro) (Cercopithecus) de simioj vivantaj en Afrikaj arbaroj, belaj, okulfrape koloraj
cetrari	PIV	菌ᶜ	N	Y	1		G. (Genro) (Cetraria el parmeliacoj) de arbustecaj au^ foliecaj likenoj; kosmopolita g. (g
cianfit	PIV	青植	N		1		(iom ark. (arkaismo, arkaisme)) = cianobakterioj.
cianofit	PIV	青植ᶜᴼ	N		1		(iom ark. (arkaismo, arkaisme)) = cianobakterioj.
cikas	PIV	木ᶜᴷ	N	Y	1		G. (Genro) (Cycas el cikasacoj el gimnospermoj) de dioikaj arboj kun cilindra, g^enerale s
ciklometri	PIV	环测	N		1		(pp (se paroli pri) funkcio) Inversa al trigonometria funkcio. -> sinuso.
cimbidi	PIV	兰ᶜ	N	Y	1		G. (Genro) (Cymbidium el orkidacoj) de 44 sp-oj (specioj) de plurjaraj epifitaj herboj, he
cimitar	PIV	刀ᶜ	N		1		Araba glavo kun klingo larg^a k kurba.
cinamom	PIV	木ᶜᴺ	N	Y	1		G. (Genro) (Cinnamomum el lau^racoj) de dau^rafoliaj arboj k trunkarbustoj kun folioj g^en
cinip	PIV	蜂ᶜ	N	Y	1		G. (Genro) (Cynips) de himenopteroj, kiuj kau^zas gajlojn c^e diversaj vaskulplantoj.
cipripedi	PIV	兰ᶜᴾ	N	Y	1		G. (Genro) (Cypripedium el orkidacoj) de plurjaraj herboj kun floroj de karakteriza konsis
citin	PIV	草ᶜᵀ	N	Y	1		G. (Genro) (Cytinus el rafleziacoj) de 8 sp-oj (specioj) de parazitaj plantoj el la Medite
c^at	PIV	木ᶜ̂	N	Y	1		G. (Genro) (Catha el celastracoj) de nur unu sp. (C. edulis) de arbo, hejma de SU Arabio g
c^inc^il	PIV	鼠ᶜ̂	N	Y	1		G. (Genro) (Chinchilla) de mamuloj el la ordo de rong^uloj, kun larg^aj, rondaj oreloj k m
dafni	PIV	虾ᴰ	N	Y	1		Malgranda nesalakva krustaco (Daphnia k parencaj g-oj (genroj)) el la subklaso de brankiop
dafodil	PIV	草ᴰᶠ	N	Y	1		Sp. (Specio) de sovag^a narciso (Narcissus pseudonarcissus) kun nur unu granda, senodora, 
daktilograf	PIV	指记	N		1		(tr (transitiva)) Mas^inskribi, tajpi
daktiloskopi	PIV	指镜	N		1		Procedo, per kiu oni identigas personojn per la observado de la hau^tlinioj sur la polma f
delonik	PIV	木ᴰᴷ	N	Y	1		G. (Genro) (Delonix el fabacoj) de arboj kun okulfrape koloraj floroj en apeksaj grapoloj;
demonstrativ	PIV	证被能	N		1		Rilata al demonstrativo.
dendrokronologi	PIV	树时学	N		1		Scienco pri la studo de la kreskadaj ringoj de la arbotrunkoj por starigi absolutan datado
dendrolag	PIV	兽ᴰᴰ	N	Y	1		G. (Genro) (Dendrolagus) de relative malgrandaj kanguruoj, kiuj povas grimpi sur arboj au^
deontologi	PIV	义学	N		1		Scienco k instruo pri la moralaj devoj, permesoj au^ malpermesoj specialaj al iu profesio,
der	PIV	木ᴰ	N	Y	1		G. (Genro) (Derris el fabacoj) de c^. (c^irkau^) 40 sp-oj (specioj) de tropikaj lignecaj p
dermopter	PIV	皮翅ᴰᴼ	N	Y	1		Ordo (Dermoptera) de herbovoraj mamuloj, kun s^vebhau^to; nur unu g. (genro), galeopiteko.
diafanoskopi	PIV	透照	N		1		Procedo por esplori iujn korpopartojn (sinusoj, testikoj, sklerotoj ks (kaj simile, kaj si
diagenez	PIV	通源	N		1		Aro de procezoj (biokemiaj, kemiaj k fizikaj), per kiuj sedimento transformig^as al petro.
diakron	PIV	通时	N		1		Temanta pri la historia evoluo
dileni	PIV	木ᴰᴸ	N	Y	1		G. (Genro) (Dillenia el dileniacoj) de dau^rafoliaj arboj k trunkarbustoj kun floroj tre g
diminu	PIV	减ᴰᴹ	N		1		(tr (transitiva)) 1 Malgrandigi c^iujn dimensiojn de originala bildo
ding	PIV	兽ᴰ	N	Y	1		Sovag^a Au^stralia hundo (Canis lupus dingo), el la g. (genro) kaniso, enkondukita antau^ 
diodont	PIV	鱼ᴰ	N	Y	1		G. (Genro) (Diodon) de globformaj tropikaj marfis^oj, kies skvamoj formas longajn pikilojn
diplokok	PIV	双菌	N		1		1 G. (Genro) (Diplococcus) de eu^bakterioj. 2 Morfologia nomo de diversagenraj globaj eu^b
dipod	PIV	二足	N	Y	1		G. (Genro) (Dipus) de mamuloj, el la ordo de rong^uloj, kies malantau^aj kruroj estas tre 
dipsomani	PIV	渴狂	N		1		Nerezistebla k intermita impulso al drinkado.
dipterik	PIV	木ᴰᴾ	N	Y	1		G. (Genro) (Dipteryx el fabacoj) de dau^rafoliaj arboj kun plume kunmetaj folioj k ovoidaj
dipterokarp	PIV	木ᴰᵀ	N	Y	1		G. (Genro) (Dipterocarpus el dipterokarpacoj) de grandaj falfoliaj arboj; 69 sp-oj (specio
disjunkci	PIV	或ᴰ	N		1		La logika operacio, kiu al du asertoj A k B asignas la aserton, ke almenau^ unu el ili val
diskreci	PIV	裁量	N		1		Libereco fari decidon lau^ sia propra jug^o, absolute au^ en certaj limoj
dispne	PIV	喘ᴰ	N		1		Stato de spirmalfacilo.
disprozi	PIV	金ᴰ	N		1		1 Elemento, Dy, atomnumero 66, atommaso 162,50, lantanido
dodekaedr	PIV	十二面	N		1		1 = regula dekduedro. 2 = dekduedro.
dodekafon	PIV	十二声	N		1		(pp (se paroli pri) komponaj^o) Uzanta c^iujn tonojn de dekdutona gamo, senkonsidere al to
dolikot	PIV	鼠ᴰᴸ	N	Y	1		G. (Genro) (Dolichotis) de S-Amerikaj mamuloj el la ordo de rong^uloj, fam. (familio) de k
dorid	PIV	贝ᴰ	N	Y	1		Nudbranka mara gastropodo (Doris k parencaj g-oj (genroj)), kiu havas la brankojn c^irkau^
drakocefal	PIV	龙头	N	Y	1		G. (Genro) (Dracocephalum el lamiacoj) de unu-k plur-jaraj herboj au^ arbustetoj kun multa
drimis	PIV	木ᴰᴿ	N	Y	1		G. (Genro) (Drimys el Winteraceae) de dau^rafoliaj arboj k trunkarbustoj kun bonodoraj flo
dromi	PIV	虾ᴰᴿ	N	Y	1		G. (Genro) (Dromia) de kraboj, kiuj portas vivantajn spongojn kiel kamuflilon.
duri	PIV	木ᴰᵁ	N	Y	1		G. (Genro) (Durio el bombakacoj) de dau^rafoliaj arboj k trunkarbustoj kun simplaj, integr
eci	PIV	菌ᴱ	N	Y	1		Sporujo de rustofungoj (uredaloj), kiu naskas ecisporojn. Sin. (sinonimo) sporpokalo.
efemeropter	PIV	短翅	N	Y	1		Ordo (Ephemeroptera) de insektoj kun grandaj antau^aj flugiloj k tri longaj vostfadenoj.
eglanteri	PIV	草ᴱᴬ	N	Y	1		Sp. (Specio) de sovag^a rozo (Rosa rubiginosa, sin. (sinonimo (de latinscienca nomo)) R. e
ejns^tejni	PIV	金ᴱᴶ	N		1		Transurania elemento, Es, atomnumero 99, atommaso 252,08.
ejs^horni	PIV	草ᴱᴶ	N	Y	1		G. (Genro) (Eichhornia el pontederiacoj) de 7 sp-oj (specioj) de flosantaj akvoherboj el t
ekidn	PIV	兽ᴱᴰ	N	Y	1		Kn (Kolektiva nomo) de mamuloj (« Echidna», ampleksanta la g-ojn Tachyglossus k Zaglossus)
ektoderm	PIV	外皮	N		1		Ekstera c^eltavolo de la juna embrio, kiu aperas c^e la gastrulo
ekzocet	PIV	鱼ᴱᴷ	N	Y	1		1 G. (Genro) (Exocoetus) de flugfis^oj. 2 Misilo mempropulsa, mar-mara au^ aer-mara, tera.
ekzogen	PIV	外生	N		1		Eksterdevena; formig^anta au^ okazanta ekstere de organo, de c^elo, de organismo au^ de Te
elani	PIV	鸟ᴱ	N	Y	1		G. (Genro) (Elanus), parenca al milvo, de rabobirdoj el la fam. (familio) de akcipitredoj.
ele	PIV	木ᴱᴸ	N	Y	1		G. (Genro) (Elaeis el arekacoj) de tropikaj palmarboj, kies fruktoj (drupoj au^ «nuksoj») 
empetr	PIV	木ᴱᴹ	N	Y	1		G. (Genro) (Empetrum el empetracoj) de malaltaj, monoikaj au^ dioikaj tufarbustoj kun ping
entolom	PIV	菌ᴱᴺ	N	Y	1		G. (Genro) (Entoloma el entolomacoj) de lamenohavaj ombrelfungoj, sen stipingo k sen ringo
epakrid	PIV	木ᴱᴾ	N	Y	1		G. (Genro) (Epacris el epakridacoj) de dau^rafoliaj tufarbustoj similaj al eriko, kun unuo
epiderm	PIV	表皮	N		1		Rilata al epidermo
epidiaskop	PIV	表通镜	N		1		Aparato, povanta projekcii bildojn per surfalanta au^ per trairanta lumo, tiel ke g^i ebli
epigraf	PIV	表记	N		1		Rilata al epigrafo
epipaktid	PIV	兰ᴱᴾ	N	Y	1		G. (Genro) (Epipactis el orkidacoj) de 22 sp-oj (specioj) de plurjaraj herboj el Eu^ropo, 
erizif	PIV	菌ᴱᴿ	N	Y	1		G. (Genro) (Erysiphe el erizifacoj), kosmopolita, de c^. (c^irkau^) 170 sp-oj (specioj) de
estezometr	PIV	感计	N		1		Aparato por mezuri la hau^tan sensivecon.
etoksi	PIV	乙氧	N		1		Unuvalenta radiko C 2 H 5 O-k la responda anjono C 2 H 5 O ^-. Rim. (Rimarko) etoksi estas
etimologi	PIV	源学	N		1		Rilata al etimologio
etiologi	PIV	因学	N		1		Rilata al la etiologio.
etuz	PIV	伞ᴱᵀ	N	Y	1		G. (Genro) (Aethusa el apiacoj) de nur unu sp. (A. cynapium), unu-au^ dujara herbo kun kav
eu^patori	PIV	菊ᴱᵁ̆	N	Y	1		G. (Genro) (Eupatorium el asteracoj) de plantoj - unu-k plur-jaraj staraj herboj k tufarbu
falanger	PIV	兽ᶠᴸ	N	Y	1		G. (Genro) (Phalanger) de arbolog^aj mamuloj el la ordo de marsupiuloj, vivantaj en Au^str
falc^ator	PIV	收割具	N		1		Mas^ino kun radoj, servanta por grandakvante falc^adi. Vd garbigilo, kombajno.
falen	PIV	虫ᶠᴸ	N	Y	1		(kn (kolektiva nomo)) Noktpapilio (eksa g. (genro) Phalaena) el la fam. (familio) de geome
falenops	PIV	兰ᶠ	N	Y	1		G. (Genro) (Phalaenopsis el orkidacoj) de 44 sp-oj (specioj) de plurjaraj epifitaj herboj 
fenik	PIV	木ᶠᴺ	N	Y	1		G. (Genro) (Phoenix el arekacoj) de dioikaj palmoj de 0,3 g^is 20 m altaj, kun plume kunme
fermi	PIV	金ᶠ	N		1		Transurania elemento, Fm, atomnumero 100, atommaso 257,10.
ferocian	PIV	铁青	N		1		(ark. (arkaismo, arkaisme)) Salo de ferocianocianida acido H 4 Fe(CN) 6. Sin. (sinonimo) h
filostom	PIV	蝠ᶠ	N	Y	1		G. (Genro) (Phyllostomus) de mamuloj el la ordo de vespertuloj, vivantaj en tropika Amerik
fistulin	PIV	菌ᶠᵀ	N	Y	1		G. (Genro) (Fistulina el fistulinacoj) de bazidifungoj sen stipo, kun c^apelo malsupraflan
fiziologi	PIV	生理学	N		1		Rilata al fiziologio
flog	PIV	木ᶠ	N	Y	1		1 G. (Genro) (Phloga el arekacoj) de 2 sp-oj (specioj) de palmoj el Madagaskaro. 2 (evi (e
focen	PIV	兽ᶠ	N	Y	1		G. (Genro) (Phocoena) de malgrandaj dentcetacoj, vivantaj en N Atlantiko, ofte ankau^ en f
foliot	PIV	菌ᶠᴸ	N	Y	1		G. (Genro) (Pholiota el strofariacoj) de bazidifungoj kun lamenohava, skvama c^apelo k kun
fonetist	PIV	音家	N		1		Tiu, kiu aktivas por enkonduki en sian lingvon fonetikan au^ fonologian ortografion.
fonometri	PIV	声测	N		1		Scienco studanta tian intenson.
foradendr	PIV	木ᶠᴰ	N	Y	1		G. (Genro) (Phoradendron el viskacoj) de duonparazitaj arbustetoj, kreskantaj sur la branc
fortunel	PIV	木ᶠᴿ	N	Y	1		G. (Genro) (Fortunella el rutacoj), parenca al citruso, de dau^rafoliaj, ofte dornaj tufar
fosfid	PIV	磷化	N		1		Salo teorie derivebla el fosfino (H 3 P)
fosforil	PIV	磷基	N		1		Radiko trivalenta, O=P
fototip	PIV	拍型	N		1		Klis^o, sur kiu la koloroj estas anstatau^igitaj per punktoj k linioj, k kiun oni uzas por
fragil	PIV	脆	N		1		(pp (se paroli pri) materio) Rompig^ema c^e ekfrapo au^ abrupta strec^o
frazeologi	PIV	句学	N		1		Frazarang^o propra al iu lingvo au^ al iu lingvouzanto.
frezi	PIV	草ᶠᶻ	N	Y	1		G. (Genro) (Freesia el iridacoj) de plurjaraj bulboplantoj kun unuflanka, c^ebaze ortangul
fukofic	PIV	藻藻	N	Y	1		Klaso (Fucophyceae el feofitoj) de brunalgoj.
fungicid	PIV	菌杀	N		1		Fungomortiga substanco
futurologi	PIV	未学	N		1		Tuto de la esploroj pri la estonta evoluo (scienca, socia ks (kaj simile, kaj similaj)) de
fuzulin	PIV	虫ᶠᶻ	N	Y	1		G. (Genro) (Fusulina el fuzulinedoj) de foraminiferoj.
gamar	PIV	虾ᴳ	N	Y	1		G. (Genro) (Gammarus) de multkruraj krustacoj vivantaj en sensala au^ sala akvo.
gari	PIV	木ᴳᴿ	N	Y	1		G. (Genro) (Garrya el gariacoj) de dau^rafoliaj, dioikaj trunkarbustoj kun sidaj, kontrau^
gasogen	PIV	气生ᴳ	N		1		Aparato por fabriki gason
gau^lteri	PIV	木ᴳᵁ̆	N	Y	1		G. (Genro) (Gaultheria el erikacoj) de dau^rafoliaj arbustetoj k malaltaj tufarbustoj pare
gau^r	PIV	兽ᴳ	N	Y	1		Sp. (Specio) (Bos frontalis, sin. (sinonimo (de latinscienca nomo)) Bos gaurus) de granda 
geokronologi	PIV	地时学	N		1		Metodo pri la datado de mineraloj k petroj
geosinklinal	PIV	地向斜	N		1		(ark. (arkaismo, arkaisme)) Granda malaltig^o de la terkrusto, kie akumulig^as tavolaro da
geriatr	PIV	老医	N		1		Fakulo pri geriatrio.
gip	PIV	鸟ᴳᴾ	N	Y	1		G. (Genro) (Gyps) de vulturoj, fam. (familio) de akcipitredoj, kun nuda kolo, vivantaj en 
gipsofil	PIV	石膏爱	N	Y	1		G. (Genro) (Gypsophila el kariofilacoj) de unu-k plur-jaraj herboj kun sidaj, kontrau^e du
girometr	PIV	旋计	N		1		En veturilo, indikilo pri la girrapido de la motoro.
giromitr	PIV	菌ᴳᴿ	N	Y	1		G. (Genro) (Gyromitra el helvelacoj) de askofungoj kun grandaj, fragile karnecaj askujoj, 
gledic^i	PIV	木ᴳᴸ	N	Y	1		G. (Genro) (Gleditsia, sin Gleditschia, el fabacoj) de falfoliaj arboj kun maldensa branc^
globoskop	PIV	球镜	N		1		Instrumento, uzata por analizi la sun-k tag-lumon.
glosopterid	PIV	草ᴳᴾ	N	Y	1		G. (Genro) (Glossopteris el glosopteridacoj) de pteridofitoj kun simplaj, longformaj folio
gnafali	PIV	菊ᴳᴺ	N	Y	1		G. (Genro) (Gnaphalium el asteracoj) de unu-, du-k plur-jaraj, feltecaj herboj kun korimbo
gnidi	PIV	草ᴳᴺ	N	Y	1		Sp. (Specio) de dafno (Daphne gnidium) el la Mediteranea regiono, venena, medicine uzata.
gomb	PIV	草ᴳᴹ	N	Y	1		1 Sp. (Specio) (Abelmoschus esculentus el malvacoj), tre parenca al hibisko, el tropika Az
grafem	PIV	字ᴳ	N		1		Baza elemento de la skribsistemo
grafologi	PIV	记学	N		1		Rilata al grafologio
gravitometr	PIV	引计	N		1		Aparato por mezuri graviton.
grindeli	PIV	菊ᴳᴿ	N	Y	1		G. (Genro) (Grindelia el asteracoj) de unu-, du-k plur-jaraj herboj kun rigidaj tigoj, kun
grosulari	PIV	木ᴳˢ	N	Y	1		1 (ark. (arkaismo, arkaisme)) Alia nomo (Grossularium, nomenklature ne legitima) de ribo. 
gvanak	PIV	兽ᴳⱽ	N	Y	1		Sovag^a sp. de lamo (Lama guanicoe) kun iom hirtaj haroj k rondaj orelpintoj, vivanta c^ie
gvemul	PIV	兽ᴳᴹ	N	Y	1		G. (Genro) (Hippocamelus) de S-Amerikaj grandorelaj mamuloj el la ordo de parhufuloj, fam.
hafni	PIV	金ᴴ	N		1		1 Elemento, Hf, atomnumero 72. atommaso 178,49, kvarvalenta
hagiograf	PIV	圣记	N		1		1 Au^toro de biblia libro, kiu estas nek la Torao nek la Profetoj
hagiografi	PIV	圣志	N		1		Parto de la religia historio, koncernanta la vivon de la sanktuloj.
haliaet	PIV	鸟ᴴᴸ	N	Y	1		G. (Genro) (Haliaeetus) de mar-au^ lag-bordaj au^ riveraj rabobirdoj el la fam. (familio) 
haliker	PIV	兽ᴴᴸ	N	Y	1		G. (Genro) (Halichoerus) de mamuloj el la subordo de fokuloj, fam. (familio) de fokedoj, k
hamamelid	PIV	木ᴴᴸ	N	Y	1		G. (Genro) (Hamamelis el hamamelidacoj) de malrapide kreskantaj arboj k trunkarbustoj, kiu
hant	PIV	缠ᴴ	N		1		(tr (transitiva)) Vizitadi (pp (se paroli pri) fantomo)
heliografi	PIV	日光信	N		1		Telekomunikada sistemo, bazita sur la transsendo de lumsignaloj per speguloj.
hematoksil	PIV	木ᴴᵀ	N	Y	1		G. (Genro) (Haematoxylum el fabacoj) de 3 sp-oj (specioj) de dau^rafoliaj arboj el tropika
hemoliz	PIV	血解	N		1		Vd (vidu) lizo. = hemolizino
hepta	PIV	七ᴴ	N		1		Pref. (Prefikso), montranta, ke substanco estas karakterizata de, au^ konsistas el, sep at
hidn	PIV	菌ᴴ	N	Y	1		G. (Genro) (Hydnum el hidnacoj), tre disvastig^inta, de c^. (c^irkau^) 120 sp-oj (specioj)
hidrofil	PIV	水爱	N		1		1 Akvoafina. Vd sorba. 2 = akveja.
hidrogen	PIV	水生	N		1		Rilata al hidrogeno
hidrokarit	PIV	草ᴴᴬ	N	Y	1		G. (Genro) (Hydrocharis el hidrokaritacoj) de plurjaraj flosantaj akvoplantoj kun rozetoj 
hidrokotil	PIV	伞ᴴᴰ	N	Y	1		G. (Genro) (Hydrocotyle el apiacoj) de malaltaj, plurjaraj marc^ejaj herboj kun rampaj riz
hidroksi	PIV	水氧	N		1		1 La radiko-OH, kovalente ligita al alia atomo (precipe C)
hidrostatik	PIV	水静	N		1		Rilata al hidrostatiko
hidroterapi	PIV	水疗	N		1		Rilata al hidroterapio
hifolom	PIV	菌ᴴᶠ	N	Y	1		G. (Genro) (Hypholoma el strofariacoj) de ombrelfungoj sen stipingo, ofte kurtenohavaj, ku
higrocib	PIV	菌ᴴᴳ	N	Y	1		G. (Genro) (Hygrocybe el higroforacoj) de ombrelfungoj kun bazidiujo g^enerale okulfrape k
higrofor	PIV	菌ᴴᴿ	N	Y	1		G. (Genro) (Hygrophorus el higroforacoj) de ombrelfungoj kun bazidiujo viskoza, sen ringo,
higrometri	PIV	湿测	N		1		Mezurado de la aermalsekeco.
hin	PIV	兽ᴴ	N	Y	1		1 Hibrido de c^evalo k azenino. Vd mulo. 2Mezurilo por likvoj, c^. 6-litra
hipeastr	PIV	草ᴴᵀ	N	Y	1		G. (Genro) (Hippeastrum el amarilidacoj), tre parenca al amarilido, de plurjaraj bulboherb
hipokondr	PIV	亚软骨	N		1		(hypochondrium) C^iu el la du regionoj dekstre k maldekstre de la epigastro, super linio p
hipoman	PIV	木ᴴᴺ	N	Y	1		G. (Genro) (Hippomane el eu^forbiacoj) de 5 sp-oj (specioj) el Meksiko k Antiloj, el kiuj 
hipostaz	PIV	亚滞	N		1		1 Sanga amasig^o en la malsupro de la pulmoj, pro malbona cirkulado k devigo resti en kus^
histolog	PIV	织学家	N		1		Sciencisto, kiu studas histologion.
historiograf	PIV	史记	N		1		Persono, oficiale komisiita verki la historion de difinita tempo, reg^ado ktp (kaj tiel pl
holmi	PIV	金ᴴᴸ	N		1		1 Elemento, Ho, atomnumero 67, atommaso 164,93, lantanido
holocefal	PIV	全头	N	Y	1		Subklaso (Holocephali) de kartilagfis^oj, ampleksanta la h^imerojn k.a. (kaj aliaj)
holoedr	PIV	全面	N		1		Kristalklaso, kiu posedas c^iujn eblajn simetrielementojn de sia sistemo
holograf	PIV	全记	N		1		Testamento, tute skribita de la mano de la testamentinto.
holomorf	PIV	全形	N		1		(pp (se paroli pri) funkcio kun kompleksaj variabloj) Tia, ke g^i povas esti prezentita pe
homokromi	PIV	同色	N	Y	1		Adaptig^o de kelkaj animaloj al la medio, kiuj farig^as pli-malpli samkoloraj kiel g^i k s
homomorf	PIV	同形	N		1		(pp (se paroli pri) strukturo) Tia, ke g^i konservas certajn ecojn de alia strukturo
homomorfi	PIV	同形ᴴᴵ	N		1		(pp (se paroli pri) grupo, ringo ktp (kaj tiel plu)) Bildigo, kiu respektas la koncernajn 
hur	PIV	木ᴴᴿ	N	Y	1		G. (Genro) (Hura el eu^forbiacoj) de dau^rafoliaj, monoikaj arboj kun tre venena laktosuko
ikonografi	PIV	圣像志	N		1		Repertuaro de bildoj, ilustraj^oj, portretoj ktp (kaj tiel plu) pri difinita homo, epoko, 
ikonoskop	PIV	圣像镜	N		1		Frua formo de tubo en televida kamerao por skani fotoaktivan mozaikon. Vd ortikono.
iksi	PIV	草ᴵ	N	Y	1		G. (Genro) (Ixia el iridacoj) de bulboherboj kun mallarg^aj, mallongaj, glavoformaj folioj
imunologi	PIV	免学	N		1		Scienco pri la imuneco de c^eloj k vivuloj kontrau^ fremdaj molekuloj au^ c^eloj.
ingest	PIV	吞ᴵ	N		1		(tr (transitiva)) 1 (pp (se paroli pri) metazoo) Enigi en la stomakon per la bus^o
inocib	PIV	菌ᴵ	N	Y	1		G. (Genro) (Inocybe el kortinariacoj) de ombrelfungoj kun c^apelo lamenohava, ofte konusa 
inul	PIV	菊ᴵ	N	Y	1		G. (Genro) (Inula el asteracoj) de herboj, plejofte plurjaraj k odoraj, kun simplaj folioj
ip	PIV	虫ᴵᴾ	N	Y	1		G. (Genro) (Ips) de koleopteroj, borantaj galeriojn en la subs^elo de arboj por tie demeti
izoklin	PIV	等斜	N		1		Linio el punktoj de sama magneta inklinacio.
izolmetr	PIV	隔计	N		1		Aparato por mezuri la izolitecon de konduktilo. Vd ommetro.
izometri	PIV	等测	N		1		Bijekcio, kiu konservas c^iujn distancojn.
izomorf	PIV	等形	N		1		La eco esti izomorfa
izomorfi	PIV	等形ᴵᴵ	N		1		Bijekcio, kiu kune kun sia inverso konservas c^iujn studatajn ecojn de strukturo.
izopod	PIV	等足	N	Y	1		Ordo (Isopoda) de krustacoj, el la subklaso de malakostrakoj, dorsoventre plataj. Vd amfip
izopter	PIV	等翅	N	Y	1		Ordo (Isoptera) de insektoj sen pupa stadio, ampleksanta la termitojn.
izospin	PIV	等旋	N		1		Kvantuma nombro de nukleaj partikloj k distingiga inter protono k neu^trono.
izostaz	PIV	等滞	N		1		Stato de hidrostatika ekvilibro de la terkrusto je ia profundo, lau^ la principo de flosad
jambos	PIV	木ᴶ	N	Y	1		Sp. (Specio) de sizigio (Syzygium jambos) el SE Azio, malgranda arbo kun mang^eblaj beroj 
jodil	PIV	碘基	N		1		Radiko (IO)
johimb	PIV	木ᴶᴴ	N	Y	1		Sp. (Specio) (Pausinystalia johimbe el rubiacoj) de arbo el U Afriko, kies malglata s^elo 
jonosfer	PIV	离子球	N		1		La plej supra tavolo de la interna atmosfero (komencig^anta en altitudo de 80 km (kilometr
kad	PIV	木ᴷᴰ	N	Y	1		Sp. (Specio) de junipero (Juniperus oxycedrus), Mediteranea trunkarbusto au^ arbeto kun la
kalam	PIV	木ᴷᴬᴸᴬ	N	Y	1		1 G. (Genro) (Calamus el arekacoj) de grimpaj, dau^rafoliaj, dioikaj arboj kun longa, glat
kalitriks	PIV	猴ᴷᵀ	N	Y	1		G. (Genro) (Callithrix) de malgrandaj S-Amerikaj simioj kun silkeca felo k nigraj hartufoj
kalun	PIV	木ᴷᴺ	N	Y	1		G. (Genro) (Calluna el erikacoj), parenca al eriko, de nur unu sp. (C. vulgaris), dau^rafo
kamemor	PIV	草ᴷᴬᴹ	N	Y	1		1 Sp. (Specio) de rubuso (Rubus chamaemorus) el N Eu^ropo k N Ameriko, plurjara, duonligne
kamerops	PIV	木ᴷᴬᴹ	N	Y	1		G. (Genro) (Chamaerops el arekacoj) de nur unu sp. (C. humilis), U Mediteranea, la sola pa
kanang	PIV	木ᴷᴳ	N	Y	1		G. (Genro) (Cananga el anonacoj) de du sp-oj (specioj) de arboj k trunkarbustoj, hejmaj de
karbid	PIV	炭化	N		1		Salo au^ kombinaj^o de anjona karbono
karbonil	PIV	碳基	N		1		1 La radiko ≻C=O, komuna al c^iuj aldehidoj k ketonoj
karcin	PIV	虾ᴷᶜ	N	Y	1		G. (Genro) (Carcinus) de malgrandaj kraboj verdaj, kun nigraj ornamaj^oj; vivas en neprofu
kardiograf	PIV	心记	N		1		Aparato, kiu registras la kormovojn.
kardiologi	PIV	心学	N		1		Parto de la medicino pri la kormalsanoj.
kardiopati	PIV	心病ᴷ	N		1		Kn (Kolektiva nomo) de c^iuj kormalsanoj.
kardioid	PIV	心似	N		1		Epicikloido tia, ke g^iaj generantaj cirkloj fiksa k rulig^anta estas same grandaj.
karibu	PIV	兽ᴷᴿ	N	Y	1		Kn (Kolektiva nomo) de 4 subsp-oj de N-Amerikaj rangiferoj, i.a. (interalie, inter aliaj) 
karite	PIV	木ᴷᵀ	N	Y	1		Falfolia arbo (el la unuspecia g. (genro) Vitellaria paradoxa el sapotacoj) hejma en N tro
kartam	PIV	菊ᴷᵀ	N	Y	1		G. (Genro) (Carthamus el asteracoj) de unu-, du-k plur-jaraj, dornaj herboj, kies kapitulo
kaskaril	PIV	木ᴷᴬˢᴷ	N	Y	1		Sp. (Specio) de krotono (Croton eluteria) el Antiloj k Bahamoj, trunkarbusto au^ malalta a
katalp	PIV	木ᴷᴬᵀ	N	Y	1		G. (Genro) (Catalpa el bignoniacoj) de fal-, malofte dau^ra-foliaj arboj kun grandaj, korf
katart	PIV	鸟ᴷᴬ	N	Y	1		G. (Genro) (Cathartes) de grandaj Amerikaj vulturoj.
katlej	PIV	兰ᴷ	N	Y	1		G. (Genro) (Cattleya el orkidacoj) de plurjaraj arbo-au^ s^ton-log^aj herboj kun s^ajnbulb
katokal	PIV	虫ᴷᵀ	N	Y	1		G. (Genro) (Catocala) de noktpapilioj, kies antau^aj flugiloj estas grizbrunaj, dum la pos
kau^kalid	PIV	伞ᴷᵁ̆	N	Y	1		G. (Genro) (Caucalis el apiacoj) de nur unu sp. (C. platycarpos), unujara herbo el S Eu^ro
kau^lerp	PIV	藻ᴷᵁ̆	N	Y	1		G. (Genro) (Caulerpa el kau^lerpacoj) de maraj verdalgoj sifonaj; precipe tropika k subtro
kava	PIV	木ᴷⱽ	N	Y	1		1 Sp. (Specio) de pipero (ebriiga pipero) el la Pacifikaj insuloj, tufarbusto, el kies gra
kenomel	PIV	木ᴷᴱᴺ	N	Y	1		G. (Genro) (Chaenomeles el rozacoj) de 4 sp-oj (specioj) de E-Aziaj tufarbustoj kun floroj
kiang	PIV	兽ᴷ	N	Y	1		Sp. (Specio) (Equus kiang), tre parenca al hemiono, vivanta en Tibeto k Himalajo.
kironekt	PIV	兽ᴷᵀ	N	Y	1		G. (Genro) (Chironectes) de S-Amerikaj mamuloj el la ordo de marsupiuloj, fam. (familio) d
klamidomonad	PIV	藻ᴷᴰ	N	Y	1		G. (Genro) (Chlamydomonas) de dolc^akvaj duflagelaj protozooj klorofilohavaj.
kleptomani	PIV	偷狂	N		1		Mensa perturbo, karakterizata de emo al s^telado
klitocib	PIV	菌ᴷᴸ	N	Y	1		G. (Genro) (Clitocybe el trikolomacoj) de bazidifungoj kun stipo sen ringo k sen stipingo,
klitori	PIV	豆ᴷᴸ	N	Y	1		G. (Genro) (Clitoria el fabacoj) de volvig^antaj unujaraj herboj k tufarbustoj, kun trifol
klorel	PIV	藻ᴷᴸ	N	Y	1		G. (Genro) (Chlorella) de dolc^akvaj unuc^elaj verdalgoj, rapide proliferantaj k tial tre 
kluzi	PIV	木ᴷᶻ	N	Y	1		G. (Genro) (Clusia el kluziacoj) de dau^rafoliaj arboj k trunkarbustoj el la tropikaj k su
knau^ti	PIV	草ᴷᵁ̆	N	Y	1		G. (Genro) (Knautia el dipsakacoj), parenca al skabiozo, de c^. (c^irkau^) 60 sp-oj (speci
koendu	PIV	兽ᴷᴰ	N	Y	1		G. (Genro) (Coendu) de S-Amerikaj mamuloj el la ordo de rong^uloj, kun hau^to kovrita de p
kofe	PIV	木ᴷᶠ	N	Y	1		G. (Genro) (Coffea el rubiacoj) de trunkarbustoj, arbetoj k lianoj kun kontrau^e duopaj, p
kokolob	PIV	木ᴷᴼᴷ	N	Y	1		G. (Genro) (Coccoloba el poligonacoj) de dau^rafoliaj arboj k trunkarbustoj kun berecaj, k
kolibi	PIV	菌ᴷᴮ	N	Y	1		G. (Genro) (Collybia el marasmiacoj) de lamenohavaj ombrelfungoj kun kartilageca au^ fibra
kolob	PIV	猴ᴷ	N	Y	1		G. (Genro) (Colobus) de simioj el la fam. (familio) de kolobedoj, el E Afriko, kun rudimen
konkologi	PIV	贝学	N		1		Scienco pri la konkuloj.
konskripci	PIV	征兵	N		1		Sistemo de militista varbado per deviga servado en s^tata armeo.
kontrici	PIV	悔ᴷ	N		1		Pento pri kulpita peko, pro sincera amo al Dio. Vd atricio.
kopaiv	PIV	木ᴷᴾ	N		1		(ark. (arkaismo, arkaisme)) Rezin-esenca sekrecio de kopaivarbo, balzamo pasintece utiliga
kopren	PIV	菌ᴷᴾ	N	Y	1		G. (Genro) (Coprinus el koprenacoj) de ombrelfungoj kun au^ sen ringo k kun lamenoj unue b
koralin	PIV	藻ᴷᴺ	N	Y	1		G. (Genro) (Corallina el koralinacoj) de pli ol 30 sp-oj (specioj) de kalkaj maraj rug^alg
koraloriz	PIV	兰ᴷᴿ	N	Y	1		G. (Genro) (Corallorrhiza el orkidacoj) de senklorofilaj, saprejaj herboj kun koralforma r
koreops	PIV	菊ᴷᴾ	N	Y	1		G. (Genro) (Coreopsis el asteracoj), parenca al bidento, de c^. (c^irkau^) 50 sp-oj (speci
koronil	PIV	豆ᴷᴿ	N	Y	1		G. (Genro) (Coronilla el fabacoj) de tufarbustoj k plurjaraj herboj kun nepare plume kunme
korsak	PIV	兽ᴷˢ	N	Y	1		Sp. (Specio) (Vulpes corsac) de rabobesto parenca al vulpo, sed malpli granda, k kiu vivas
korteks	PIV	皮质	N		1		Supraj^a tavolo de la cerebro k de la cerebelo, sidejo de la inteligento, de la konsciaj s
kortici	PIV	菌ᴷᴿ	N	Y	1		G. (Genro) (Corticium el korticiacoj) kosmopolita de c^. (c^irkau^) 250 sp-oj (specioj) de
kortinari	PIV	菌ᴷᴼ	N	Y	1		G. (Genro) (Cortinarius el kortinariacoj) de ombrelfungoj g^enerale kurtenohavaj, kun brun
kraterel	PIV	菌ᴷᵀ	N	Y	1		G. (Genro) (Craterellus el kraterelacoj) de ombrelfungoj, ofte karnaj, kun kava stipo, kun
krescenti	PIV	木ᴷᴿᴱ	N	Y	1		G. (Genro) (Crescentia el bignoniacoj) de arboj kun grandaj, ovoidaj, berecaj fruktoj hava
krimologi	PIV	罪学	N		1		Scienco pri krimeco.
kriogenik	PIV	冻生学	N		1		Produktado de tre malaltaj temperaturoj k esploro de iliaj efikoj.
kriostat	PIV	冻态	N		1		Aparato por malvarmigi substancon g^is tre malaltaj temperaturoj.
kritm	PIV	伞ᴷᵀ	N	Y	1		G. (Genro) (Crithmum el apiacoj) de nur unu sp. (C. maritimum) de plurjara herbo salgusta,
krizomel	PIV	虫ᴷᴿ	N	Y	1		G. (Genro) (Chrysomela) de pli-malpli duonglobaj, okulfrape koloraj k brilaj koleopteroj, 
kromatografi	PIV	色志	N		1		Analizmetodo de la konsistaj^oj de miksaj^o, kiuj, solvitaj en fluido (gaso, likvo), migra
kromiil	PIV	金基	N		1		La radikalo CrO 2, trovig^anta en diversaj kombinaj^oj.
kromiflav	PIV	金黄	N		1		Plumba kromiato PbCrO 4.
kronometri	PIV	时测	N		1		Rilata al kronometrio.
ksanti	PIV	菊ᴷᴬ	N	Y	1		G. (Genro) (Xanthium el asteracoj) kosmopolita de 3−8 sp-oj (specioj) de monoikaj, unujara
kserografi	PIV	干志	N		1		Procedo de senkontakta presado, per specialaj pulvoroj fotokonduktivaj.
ksiloz	PIV	木糖	N		1		Pentozo, C 5 H 10 O 5, trovig^anta en c^iaj lignaj^oj sub formo de polisakarido.
ksiloste	PIV	木ᴷˢᴵ	N	Y	1		Sp. (Specio) de lonicero (Lonicera xylosteum), stara tufarbusto el Eu^ropo k Azio. Vd kapr
kuku	PIV	鸣ᴷᵁ	N		1		(ntr (netransitiva)) Krii pp (se paroli pri) kukolo; (f (figurasence)) krii « kuku», kas^a
kumul	PIV	累ᴷ	N		1		(tr (transitiva)) Plenumi samtempe plurajn funkciojn, mandatojn ks (kaj simile, kaj simila
kupres	PIV	木ᴷˢ	N	Y	1		G. (Genro) (Cupressus el kupresacoj) de dau^rafoliaj, monoikaj arboj kun malhele au^ blue 
kuruk	PIV	鸟ᴷᵁ	N	Y	1		Sp. (Specio) de silvio (Sylvia curruca), kun helgriza kapo, malhela vango k blanka gorg^o.
kvasi	PIV	木ᴷᴬ	N	Y	1		G. (Genro) (Quassia el simarubacoj) de 40 sp-oj (specioj) de tropikaj arboj.
labrusk	PIV	草ᴸᴮ	N	Y	1		Sp. (Specio) de vito (Vitis labrusca) el NE Usono, kultivata por beroj sukeraj au^ acidaj.
laburn	PIV	木ᴸᴮ	N	Y	1		G. (Genro) (Laburnum el fabacoj) de falfoliaj, venenaj trunkarbustoj k arbetoj kun trifoli
lagostom	PIV	鼠ᴸ	N	Y	1		Mamulo (unuspecia g. (genro) Lagostomus maximus) el la ordo de rong^uloj, tre ofta en Arge
lagotrik	PIV	猴ᴸᴳ	N	Y	1		G. (Genro) (Lagothrix) de S-Amerikaj mamuloj el la subordo de simioj, fam. (familio) de ce
lakari	PIV	菌ᴸ	N	Y	1		G. (Genro) (Laccaria el trikolomacoj) de ombrelfungoj sen ringo k sen stipingo, kun dikaj 
laktari	PIV	菌ᴸᴿ	N	Y	1		G. (Genro) (Lactarius el rusulacoj) de ombrelfungoj kun lamenohava bazidiujo sen ringo k s
lakun	PIV	缺ᴸ	N	Y	1		1 (lacuna) Malplenaj^o, mankoloko en histo. 2 Truo en teksto, ekz. (ekzemple) en Mezepoka 
lamn	PIV	鱼ᴸᴹ	N	Y	1		G. (Genro) (Lamna) de mang^eblaj s^arkoj el N Atlantiko k N Pacifiko, povantaj atingi long
lapsan	PIV	菊ᴸᴾ	N	Y	1		G. (Genro) (Lapsana el asteracoj) de unujaraj, laktosukohavaj herboj kun flavaj, malmultfl
larici	PIV	木ᴸᴿ	N	Y	1		Subsp. de la nigra pino (Pinus nigra subsp. laricio), alta, stara, rektatrunka arbo kun s^
lasciv	PIV	淫ᴸ	N		1		Avida au^ instiga al amorg^uoj. Vd malc^asta, sensama, voluptema.
lau^renci	PIV	金ᴸᵁ̆	N		1		Transurania elemento, Lr, atomnumero 103, atommaso 262,11.
lavsoni	PIV	木ᴸⱽ	N	Y	1		G. (Genro) (Lawsonia el litrumacoj) de nur unu sp. (L. inermis), trunkarbusto hejma en N A
lecide	PIV	菌ᴸᶜ	N	Y	1		G. (Genro) (Lecidea el lecideacoj) kosmopolita de c^. (c^irkau^) 400 sp-oj (specioj) de kr
lekanor	PIV	菌ᴸᴺ	N	Y	1		G. (Genro) (Lecanora el lekanoracoj) kosmopolita de c^. (c^irkau^) 300 sp-oj (specioj) de 
leksikograf	PIV	词汇记	N		1		Au^toro de vortaro.
leksikografi	PIV	词汇志	N		1		Scienco pri la farado de vortaroj.
lemn	PIV	草ᴸ	N	Y	1		G. (Genro) (Lemna el lemnacoj) de tre malgrandaj flosantaj plantoj, kies foliojn k tigojn 
lepad	PIV	虾ᴸ	N	Y	1		G. (Genro) (Lepas) de krustacoj el la subklaso de ciripedoj, similaj al la balanoj, sed pe
lepiot	PIV	菌ᴸᴾ	N	Y	1		1 (ss (striktasence)) G. (Genro) (Lepiota el agarikacoj) de lamenohavaj ombrelfungoj kun r
leptospir	PIV	菌ᴸᵀ	N		1		G. (Genro) (Leptospira el spiroketaloj) de eu^bakterioj, iuj akvejaj k unu (L. interrogans
levistik	PIV	伞ᴸ	N	Y	1		G. (Genro) (Levisticum el apiacoj) de nur unu sp. (L. officinale), plurjara herbo tre arom
licen	PIV	虫ᴸᶜ	N	Y	1		G. (Genro) (Lycaena k parencaj g-oj (genroj)) de ne grandaj tagpapilioj kun flugiloj bluaj
lige	PIV	草ᴸᴳ	N	Y	1		G. (Genro) (Lygeum el poacoj) de nur unu sp. (L. spartum), mediteranea, kun rampa rizomo k
likvidambar	PIV	木ᴸᴷ	N	Y	1		G. (Genro) (Liquidambar el hamamelidacoj) de monoikaj, falfoliaj arboj el la Mediteranea r
limin	PIV	槛ᴸ	N		1		Limo, sub kiu donita ekscito c^esas esti perceptebla; minimumo da nervekscito postulata, p
litops	PIV	草ᴸˢ	N	Y	1		G. (Genro) (Lithops el aizoacoj) de plurjaraj, sukulentaj preskau^ sen-tigaj plantoj kun g
litosfer	PIV	石球	N		1		Supra, rigida tavolego de la terglobo, ampleksanta la kruston k la ekstremsupran parton de
litoskop	PIV	石镜	N		1		Ilo, uzata por vidi k mezuri s^tonon en la veziko.
lobari	PIV	菌ᴸᴮ	N	Y	1		G. (Genro) (Lobaria el lobariacoj) kosmopolita de 60 sp-oj (specioj) de grandaj foliecaj a
lucid	PIV	明ᴸ	N		1		Havanta komprenkapablon ne malhelpatan de pli-malpli perturbitaj sentoj
lutreol	PIV	兽ᴸᴸ	N	Y	1		Sp. (Specio) de mustelo (Mustela lutreola), vivanta c^e au^ en akvo, kun tre valora felo k
madi	PIV	菊ᴹ	N	Y	1		G. (Genro) (Madia el asteracoj) de staraj herboj kun flavaj kapituloj; 18 sp-oj (specioj) 
maduk	PIV	木ᴹᴰ	N	Y	1		G. (Genro) (Madhuca, sin. (sinonimo (de latinscienca nomo)) Bassia, el sapotacoj) de c^. (
magnolifit	PIV	木植	N		1		Filumo (Magnoliophyta) el semplantoj. Sin. (sinonimo) angiospermoj.
magnoliofit	PIV	木植ᴹᴼ	N		1		Filumo (Magnoliophyta) el semplantoj. Sin. (sinonimo) angiospermoj.
makaon	PIV	虫ᴹᴷ	N	Y	1		Sp. (Specio) de papiliono (Papilio machaon) kun sulfurkoloraj flugiloj kun nigraj makuloj 
makrofag	PIV	宏吞	N		1		C^elo de la imuna sistemo, abunda en la kunigaj histoj
mangifer	PIV	木ᴹᶠ	N	Y	1		G. (Genro) (Mangifera el anakardiacoj) de dau^rafoliaj, poligamiaj arboj kun ledecaj folio
marasmi	PIV	菌ᴹˢ	N	Y	1		G. (Genro) (Marasmius el marasmiacoj) de ombrelfungoj kun lamenohava, malmulte karna bazid
marmoz	PIV	兽ᴹᴿ	N	Y	1		G. (Genro) (Marmosa) de malgrandaj mamuloj el la ordo de marsupiuloj, fam. (familio) de di
martagon	PIV	草ᴹᴳ	N	Y	1		Sp. (Specio) de lilio (Lilium martagon) el Eu^ropo k U Azio, kun violete rozaj, purpurmaku
martes	PIV	兽ᴹᵀ	N	Y	1		1 G. (Genro) (Martes) de mamuloj el la subordo de rabobestoj, fam. (familio) de musteledoj
mazam	PIV	兽ᴹᶻ	N	Y	1		G. (Genro) (Mazama) de S-Amerikaj mamuloj el la ordo de parhufuloj, fam. (familio) de cerv
mediaci	PIV	调解	N		1		Procedo (ekz. (ekzemple) en internaciaj rilatoj, en laborkonfliktoj k.a. (kaj aliaj)), lau
meh^aniz	PIV	械化	N		1		(tr (transitiva)) Anstatau^igi malnovajn laborfortojn per mas^inoj
meh^anograf	PIV	械记	N		1		Oficisto, kiu aplikas meh^anografion.
meh^anografi	PIV	械志	N		1		Tekniko, per kiu oni registras la informojn oficejajn, literajn au^ ciferajn, per traborad
melanom	PIV	黑瘤	N		1		1 Malbonprognoza kancero de hau^to k apuda mukozo; g^i devenas de la pigmentaj c^eloj de l
melopsitak	PIV	鸟ᴹᴸ	N	Y	1		G. (Genro) (Melopsittacus) de papagetoj el SE Azio k Au^stralio; ofte tenataj hejme en kag
mendelevi	PIV	金ᴹᴺ	N		1		Transurania elemento, Md, atomnumero 101, atommaso 258,10.
menisperm	PIV	草ᴹᴾ	N	Y	1		G. (Genro) (Menispermum el menispermacoj) de falfoliaj, dioikaj, lignecaj lianoj kun nigra
merg^	PIV	鸟ᴹᴿ	N	Y	1		G. (Genro) (Mergus) de nag^birdoj el la ordo de anseroformaj, kun longa, mallarg^a beko k 
meruli	PIV	菌ᴹᴸ	N	Y	1		G. (Genro) (Merulius el korticiacoj) de bazidifungoj, kies karna, glathimenia bazidiujo es
metastaz	PIV	超滞	N		1		Kancerrecidivo en alia korpoparto.
metatars	PIV	超足根	N		1		Rilata al metatarso. Vd metakarpo.
metroksil	PIV	木ᴹᴱ	N	Y	1		G. (Genro) (Metroxylon el arekacoj) de arbaj palmoj kun tre grandaj, plume kunmetaj folioj
mezere	PIV	木ᴹᶻ	N	Y	1		Sp. (Specio) de dafno (Daphne mezereum), falfolia arbusteto, antau^ ekfoliado kun malgrand
miopati	PIV	肌病	N		1		Grava, hereda muskola atrofio.
mikoplasm	PIV	菌浆	N		1		G. (Genro) (Mycoplasma el mikoplasmaloj) de tre malgrandaj eu^bakterioj, el kiuj M. pneumo
mirik	PIV	木ᴹᴿ	N	Y	1		G. (Genro) (Myrica el mirikacoj) de dioikaj arboj k trunkarbustoj kun ovalaj au^ lancetfor
miristik	PIV	木ᴹᴵ	N	Y	1		G. (Genro) (Myristica el miristikacoj) de dioikaj arboj kun ledecaj, dau^raj folioj k kun 
mitologi	PIV	神话学	N		1		Rilata al la mitologio
molok	PIV	龙ᴹ	N	Y	1		Lacertulo (unuspecia g. (genro) Moloch horridus) el la fam. (familio) de agamedoj, kies sk
momordik	PIV	瓜ᴹᴹ	N	Y	1		G. (Genro) (Momordica el kukurbacoj) de unu-k plur-jaraj herboj grimpaj, c^irohavaj; c^. (
monodelf	PIV	兽ᴹᴺ	N	Y	1		G. (Genro) (Monodelphis) de malgrandaj, S-Amerikaj mamuloj el la ordo de marsupiuloj, fam.
monoklin	PIV	单斜	N		1		(pp (se paroli pri) kristalsistemo) Havanta elementan c^elon, kiu estas neorta paralelepip
monopetal	PIV	单瓣	N		1		1 = unupetala. 2 (ark. (arkaismo, arkaisme)) = kunig^petala.
monotip	PIV	单型	N		1		Presmas^ino, kiu fandas k kompostas la literojn po unu. Vd linotipo.
mozasau^r	PIV	龙ᴹᶻ	N	Y	1		G. (Genro) (Mosasaurus) de maraj, longformaj reptilioj el kretaceo, parencaj al lacertuloj
mug	PIV	木ᴹᵁ	N	Y	1		Sp. (Specio) de pino (Pinus mugo), trunkarbusto au^ arbeto tre parenca al la hoka pino, of
muskarden	PIV	鼠ᴹᴿ	N	Y	1		Rong^ulo (unuspecia g. (genro) Muscardinus avellanarius) el la fam. (familio) de gliredoj,
mutil	PIV	残ᴹ	N		1		(tr (transitiva)) Difekti la tutecon de iu per forpreno de membro au^ de ekstera parto de 
nau^pli	PIV	虾ᴺ	N	Y	1		Unua larvo de la krustacoj.
nazu	PIV	兽ᴺ	N	Y	1		G. (Genro) (Nasua) de Amerikaj mamuloj el la subordo de rabobestoj, fam. (familio) de proc
negund	PIV	木ᴺᴳ	N	Y	1		Sp. (Specio) de acero (Acer negundo), arbo kun plume kunmetaj folioj, hejma de N Ameriko g
nekrofili	PIV	死爱	N		1		Emo al sekskunig^o kun kadavroj.
nelumb	PIV	莲ᴺ	N	Y	1		G. (Genro) (Nelumbo el nelumbacoj) de 2 sp-oj (specioj) de plurjaraj akvoplantoj parencaj 
neodim	PIV	金ᴺᴰ	N		1		1 Elemento, Nd, atomnumero 60, atommaso 144,24, lantanido
neofron	PIV	鸟ᴺᶠ	N	Y	1		Malgranda vulturo (unuspecia g. (genro) Neophron percnopterus) el la fam. (familio) de akc
neolog	PIV	新话	N		1		Lingvisto au^ verkisto, kiu provas enkonduki en lingvon g^is tiam ne uzatajn vortojn, kiuj
nepent	PIV	草ᴺᴺ	N	Y	1		1 Helena planto, kies suko magie forgesigis c^ian malg^ojon. 2 G. (Genro) (Nepenthes el ne
neptuni	PIV	金ᴺᴾ	N		1		Transurania elemento, Np, atomnumero 93, atommaso 237,05.
neu^rasteni	PIV	神经弱	N		1		Rilata al neu^rastenio
neu^rotrop	PIV	神经向	N		1		(pp (se paroli pri) kemia substanco, mikrobo, viruso ktp (kaj tiel plu)) Nervoafina.
neu^rospor	PIV	神经胞子	N	Y	1		G. (Genro) (Neurospora el Sordariaceae) kosmopolita de 12 sp-oj (specioj) de askofungoj, t
nobeli	PIV	金ᴺᴼ	N		1		Transurania elemento, No, atomnumero 102, atommaso 259,10.
ocelot	PIV	兽ᴼᶜ	N	Y	1		Sp. (Specio) de feliso (Felis pardalis), S Amerika, kun bele makulita felo.
ofri	PIV	兰ᴼᶠ	N	Y	1		G. (Genro) (Ophrys el orkidacoj) de plurjaraj herboj kun du subteraj tuberoj k kun floroj 
oftalmometr	PIV	目计	N		1		Aparato, inventita de D-ro Javal, por mezuri la kornean kurbig^on.
oftalmoskopi	PIV	目镜ᴼᴵ	N		1		Ekzameno de la okulfundo.
okapi	PIV	兽ᴼᴷ	N	Y	1		Parhufulo (unuspecia g. (genro) Okapia johnstoni) el la fam. (familio) de g^irafedoj, brun
okluzi	PIV	堵ᴼᴷ	N		1		1 Patologia fermig^o de kanalo, dukto au^ orifico
oksigen	PIV	氧生	N		1		(tr (transitiva)) Miksi kun oksigeno.
oksiur	PIV	虫ᴼᴷ	N	Y	1		G. (Genro) (Enterobius, sin. (sinonimo (de latinscienca nomo)) Oxyuris) de malgrandaj nema
oktaedr	PIV	八面	N		1		1 = regula okedro. 2 = okedro.
okupaci	PIV	占领	N		1		Uzurpa okupado de loko, lando ks (kaj simile, kaj similaj).
oleosom	PIV	油体	N	Y	1		Organeto de iuj vegetaj^aj c^eloj, ric^a je lipidoj, trovig^anta i.a. (interalie, inter al
oncidi	PIV	兰ᴼᴺ	N	Y	1		G. (Genro) (Oncidium el orkidacoj) de c^. (c^irkau^) 680 sp-oj (specioj) de plurjaraj, arb
ononid	PIV	豆ᴼᴺ	N	Y	1		G. (Genro) (Ononis el fabacoj) de herboj au^ arbustetoj, ofte glandharaj k/au^ dornaj, kun
onopord	PIV	菊ᴼ	N	Y	1		G. (Genro) (Onopordon el asteracoj) de grandaj, dujaraj, dornaj herboj, la unuan jaron kun
opres	PIV	迫ᴼ	N		1		(tr (transitiva)) Tirane premegi. Vd subpremi.
optometr	PIV	视计	N		1		Vidakreca tabulo; c^ia testo, uzata por mezuri la vid-akrecon.
orcin	PIV	兽ᴼᴿ	N	Y	1		G. (Genro) (Orcinus) de mamuloj el la ordo de cetacoj, kun sola sp., orko (Orcinus orca), 
organism	PIV	器主义	N		1		Apartenanta, rilata al organismo
organizaci	PIV	器化	N		1		1 Unuig^o de homoj, strebantaj organizite realigi certajn celojn
oriz	PIV	草ᴼᴿ	N	Y	1		G. (Genro) (Oryza el poacoj) tropika de 18 sp-oj (specioj).
ornitopod	PIV	鸟足	N	Y	1		G. (Genro) (Ornithopus el fabacoj) de unu-, du-k plur-jaraj herboj kun nepare plume kunmet
osmozmetr	PIV	渗计	N		1		Aparato, por mezuri la osmozan premon.
ostrakoderm	PIV	陶片皮	N		1		Grupo (Ostracodermi el la klaso de senmakzeluloj) de la plej primitivaj fis^oj, kovritaj d
otoskop	PIV	耳镜	N		1		Instrumento, per kiu oni vide ekzamenas la orelan kanalon k timpanan membranon.
ovogenez	PIV	卵源ᴼᶻ	N		1		Estig^o k disvolvig^o de inseksaj c^eloj.
ovogoni	PIV	卵源	N		1		La unua stadiformo de inseksa c^elo, duploida, ne diferencig^inta, naskonta ovociton.
paksil	PIV	菌ᴾᴷ	N	Y	1		G. (Genro) (Paxillus el paksilacoj el boletaloj) de ombrelfungoj sen ringo k sen stipingo,
pandan	PIV	木ᴾᴺ	N	Y	1		G. (Genro) (Pandanus el pandanacoj) de dioikaj, dau^rafoliaj arboj k trunkarbustoj kun mul
panteism	PIV	全神主义	N		1		Rilata al panteismo
parlamentari	PIV	军使	N		1		Tiu, kiu dum milito estas komisiita ektrakti kun la malamika komandanto au^ ties delegitoj
parmeli	PIV	菌ᴾᴿ	N	Y	1		G. (Genro) (Parmelia el parmeliacoj) kosmopolita de c^. (c^irkau^) 1300 sp-oj (specioj) de
partenocis	PIV	草ᴾᴬᴿᵀ	N	Y	1		G. (Genro) (Parthenocissus el vitacoj) de grimpaj lianoj au^ de arbustoj parencaj al ampel
pasiflor	PIV	草ᴾᴬˢ	N	Y	1		G. (Genro) (Passiflora el pasifloracoj) de herbecaj au^ lignecaj plantoj, g^enerale grimpa
patogenez	PIV	病源	N		1		Studo pri la mekanismoj, lau^ kiuj estig^as la malsanoj.
pejotl	PIV	草ᴾᵀ	N	Y	1		Sp. (Specio) (Lophophora williamsii el kaktacoj) de eta kakto mola, sendorna, lanuga, halu
pense	PIV	草ᴾˢ	N	Y	1		C^iu violo kun el la kvin petaloj nur unu malsuprendirekta. Vd trikoloreto.
pentagram	PIV	五图	N		1		Kvinpinta stelo, uzata kiel mistika au^ magia simbolo.
pergol	PIV	棚ᴾ	N		1		G^ardena konstruaj^o el kolonetoj subtenantaj maldense surmetitajn trabojn, kiel apogilo d
pericikl	PIV	围环	N	Y	1		(pp (se paroli pri) radiko de vaskulplantoj) La plej ekstera c^eltavolo de la steleo, saml
perifraz	PIV	围句	N		1		C^irkau^frazo (ekz. (ekzemple)
periglaci	PIV	围冰	N		1		(pp (se paroli pri) regiono) Klimate malvarma, situanta proksime al la rando de la surkont
persikari	PIV	草ᴾᴱᴿ	N	Y	1		1 G. (Genro) (Persicaria el poligonacoj) de c^. (c^irkau^) 150 sp-oj (specioj) el la mezva
petuni	PIV	茄ᴾ	N	Y	1		G. (Genro) (Petunia el solanacoj) de unu-k plur-jaraj herboj, kun unuopaj, longe pedunklaj
peziz	PIV	菌ᴾ	N	Y	1		G. (Genro) (Peziza el pezizacoj) de askofungoj kun askujo pelvoforma, ne au^ apenau^ pedun
pietat	PIV	敬ᴾᴵ	N		1		Respektoplena, sindona amo
piktur	PIV	描ᴾᴷ	N		1		Pentrarto. Vd skulpturo, arkitekturo.
pimpinel	PIV	伞ᴾᴹ	N	Y	1		G. (Genro) (Pimpinella el apiacoj) de unu-, du-k plur-jaraj herboj kun folioj 1−3-oble plu
pina	PIV	贝ᴾ	N	Y	1		G. (Genro) (Pinna) de grandaj (30−60 cm (centimetro) longaj) duvalvuloj el la varmaj k mez
pinastr	PIV	木ᴾᴿ	N	Y	1		Sp. (Specio) de pino (Pinus pinaster), arbo kun brunete rug^a s^elo, kun duopaj, 25−40 cm 
pingvikul	PIV	草ᴾᴵᴺ	N	Y	1		G. (Genro) (Pinguicula el lentibulariacoj) de plurjaraj, insektomang^antaj plantoj kun baz
pinktad	PIV	贝ᴾᴷ	N	Y	1		G. (Genro) (Pinctada, sin. (sinonimo (de latinscienca nomo)) Meleagrina) de grandaj maraj 
pipistrel	PIV	兽ᴾᴾ	N	Y	1		1 Sp. (Specio) (Pipistrellus pipistrellus) de mamulo el la ordo de kiropteroj, la plej mal
pirgeometr	PIV	火地计	N		1		Instrumento por mezuri la teran disradiadon.
piroliz	PIV	火解	N		1		Malkomponi substancon per seka varmo.
pirometr	PIV	火计	N		1		Aparato, uzata en termodinamiko por mezuri altajn temperaturojn, k funkcianta lau^ la prin
pirus	PIV	木ᴾᴵ	N	Y	1		G. (Genro) (Pyrus el rozacoj) de arboj k trunkarbustoj, ofte dornaj, kun defalemaj au^ duo
piteci	PIV	猴ᴾ	N	Y	1		G. (Genro) (Pithecia) de Amerikaj simioj el la fam. (familio) de cebedoj, kun interspaco i
plakoderm	PIV	板皮	N	Y	1		Klaso (Placodermi) de primitivaj fis^oj kun makzeloj k kun antau^a parto kovrita de kiraso
planimetr	PIV	平计	N		1		Instrumento por mezuri areojn en desegnaj^o.
plasmogami	PIV	浆配	N		1		Kunig^o de la c^elplasmoj de du c^eloj, g^enerale dum seksa procezo, ekz. (ekzemple) dum f
pleu^rot	PIV	菌ᴾᵁ̆	N	Y	1		G. (Genro) (Pleurotus el pleu^rotacoj) de ombrelfungoj kun karna, lamenohava bazidiujo, ki
pleziosau^r	PIV	龙ᴾ	N	Y	1		G. (Genro) (Plesiosaurus) de mezozoikaj, maraj nag^antaj sau^roj, kun longaj membroj k ple
plute	PIV	菌ᴾᴸ	N	Y	1		G. (Genro) (Pluteus el pluteacoj) de ombrelformaj bazidifungoj kun c^apelo facile apartige
podokarp	PIV	木ᴾᴰ	N	Y	1		G. (Genro) (Podocarpus el podokarpacoj) de dau^rafoliaj, monoikaj au^ dioikaj, koniferaj a
poligami	PIV	多配	N	Y	1		(pp (se paroli pri) planto) Portanta sur unu sama individuo k unuseksajn k duseksajn floro
politrik	PIV	多毛	N	Y	1		G. (Genro) (Polytrichum el politrikacoj) kosmopolita de c^. (c^irkau^) 200 sp-oj (specioj)
porfur	PIV	藻ᴾ	N	Y	1		G. (Genro) (Porphyra el bangiacoj) de maraj rug^algoj en formo de tre maldika folio; kosmo
pornograf	PIV	淫记	N		1		(pj (pejorative)) Au^toro de beletra, grafika au^ alispeca verko, en kiu la pritrakto de s
pornografi	PIV	淫志	N		1		Rilata al pornografio
prazeodim	PIV	金ᴾᶻ	N		1		1 Elemento, Pr, atomnumero 59 k atommaso 140,91, lantanido
prenantes	PIV	菊ᴾᴿ	N	Y	1		G. (Genro) (Prenanthes el asteracoj) de plurjaraj herboj, iuj volvig^antaj, kun de blankaj
prometi	PIV	金ᴾᴿ	N		1		1 Radioaktiva elemento, Pm, atomnumero 61, atommaso 145, lantanido
protaktini	PIV	金ᴾᴷ	N		1		Radioaktiva elemento, Pa, atomnumero 91, atommaso 231,04, aktiniido.
protopter	PIV	原翅	N	Y	1		G. (Genro) (Protopterus) el la subklaso de dipnoj, tropikafrikaj pulmfis^oj kapablaj ens^l
pseu^domorf	PIV	伪形	N		1		(pp (se paroli pri) mineralo) Alpreninta kristalan strukturon de anstatau^ita kristalo.
psidi	PIV	木ᴾˢ	N	Y	1		G. (Genro) (Psidium el mirtacoj) de arboj k trunkarbustoj kun grandaj, blankaj floroj k ku
psilofit	PIV	草ᴾᶠ	N	Y	1		G. (Genro) (Psilophyton el psilofitacoj) el la psilofitopsidoj, aspektanta kiel psiloto.
psilot	PIV	羊齿ᴾˢ	N	Y	1		G. (Genro) (Psilotum el psilotacoj) de 2 sp-oj (specioj) tropikaj k subtropikaj.
pteraspidmorf	PIV	翼甲形	N	Y	1		Klaso (Pteraspidomorphi) de senmakzeluloj, al kiu apartenas la miksinoj.
pterop	PIV	兽ᴾᵀ	N	Y	1		G. (Genro) (Pteropus) de mamuloj el la ordo de kiropteroj, grandaj fruktomang^antaj vesper
pudu	PIV	兽ᴾ	N	Y	1		G. (Genro) (Pudu) de S-Amerikaj parhufuloj el la fam. (familio) de cervedoj, la plej malgr
pukcini	PIV	菌ᴾᶜ	N	Y	1		G. (Genro) (Puccinia el uredaloj) kosmopolita de 3 000−4 000 sp-oj (specioj) de rustofungo
pulul	PIV	殖ᴾᴸ	N		1		(ntr (netransitiva)) Abunde, en mallonga tempo svarme multig^i.
rafi	PIV	木ᴿᶠ	N	Y	1		1 G. (Genro) (Raphia el arekacoj) de monoikaj arboj (palmoj) kun tre grandaj folioj (g^is 
raflezi	PIV	草ᴿᶠ	N	Y	1		G. (Genro) (Rafflesia el rafleziacoj) de parazitaj, monoikaj plantoj sen-tigaj k senfoliaj
ram	PIV	撞ᴿ	N		1		(tr (transitiva)) Mane au^ mas^ine enbati (fostojn ks (kaj simile, kaj similaj)).
rambutan	PIV	木ᴿᵀ	N	Y	1		1 Sp. (Specio) (Nephelium lappaceum el sapindacoj) de arbo el Malajzio, simila al lic^io, 
ramonc^	PIV	木ᴿᶜ̂	N	Y	1		Sp. (Specio) de flakurtio (Hindia flakurtio) el la tropika Malnova Mondo, kultivata por ad
ravenal	PIV	木ᴿⱽ	N	Y	1		G. (Genro) (Ravenala el strelitziacoj) de nur unu sp. (R. madagascariensis) el Madagaskaro
retus^	PIV	再触	N		1		Ago de tiu, kiu retus^as, k rezulto de tiu ago
rezidu	PIV	余ᴿᶻ	N		1		1 Restaj^o el petroj, pasintece elmetataj al la agado de eksteraj fenomenoj, nek transport
rizokarp	PIV	菌ᴿᶻ	N	Y	1		G. (Genro) (Rhizocarpon el rizokarpacoj) de askolikenoj kun talo krusteca k kun nigraj, le
rizomorf	PIV	根形	N	Y	1		(pp (se paroli pri) fungoj) Radikforma organo el kunig^intaj hifoj, kun apeksa kreskozono 
robini	PIV	木ᴿᴵ	N	Y	1		G. (Genro) (Robinia el fabacoj) de trunkarbustoj k arboj kun plume kunmetaj folioj, kiuj c
robur	PIV	木ᴿᴮ	N	Y	1		Sp. (Specio) de kverko (Quercus robur, sin. (sinonimo (de latinscienca nomo)) Q. peduncula
rodi	PIV	金ᴿᴼ	N		1		1 Elemento, Rh, atomnumero 45, atommaso 102,91
rokcel	PIV	菌ᴿᴷ	N	Y	1		G. (Genro) (Roccella el rokcelacoj) de arbustecaj likenoj precipe marbordaj, sur-rokaj k -
ror	PIV	吼ᴿ	N		1		(ntr (netransitiva)) Tigre, leone bleki.
rubidi	PIV	金ᴿᴮ	N		1		1 Elemento, Rb, atomnumero 37, atommaso 85,47, unuvalenta, alkala
rudbeki	PIV	菊ᴿ	N	Y	1		G. (Genro) (Rudbeckia el asteracoj) de unu-, du-k plur-jaraj herboj kun flavaj k/au^ rug^e
rusk	PIV	木ᴿˢ	N	Y	1		G. (Genro) (Ruscus el asparagacoj) de dioikaj tufarbustoj kun verdaj, klorofilaj tigoj k k
sajmiri	PIV	猴ˢ	N	Y	1		G. (Genro) (Saimiri) de Amerikaj simioj malgrandaj, kun mallongaj k molaj haroj, longa vos
sakarat	PIV	蔗盐	N		1		Metalderivaj^o de sakarido
sakarometri	PIV	蔗测	N		1		Diversproceda dozado de la sukero entenata en likvo, precipe en urino.
sakaromicet	PIV	蔗菌	N	Y	1		G. (Genro) (Saccharomyces el sakaromicetaloj) de mikroskopaj askofungoj; kosmopolita g. (g
sansevier	PIV	草ˢᴬᴺ	N	Y	1		G. (Genro) (Sansevieria el dracenacoj) de plurjaraj sukulentaj plantoj kun au^ sen tigo, k
sapind	PIV	木ˢᴰ	N	Y	1		G. (Genro) (Sapindus el sapindacoj) de poligamiaj arboj k trunkarbustoj kun alternaj, plum
sarkopt	PIV	虫ˢᴿ	N	Y	1		G. (Genro) (Sarcoptes) de araneoidoj el la ordo de akaruloj, kies inoj boras galeriojn en 
sasafras	PIV	木ˢˢ	N	Y	1		G. (Genro) (Sassafras el lau^racoj) de arboj, kies dau^remaj folioj, sekigitaj k pulvorigi
saturni	PIV	虫ˢᵀ	N	Y	1		G. (Genro) (Saturnia) de noktpapilioj kun grandaj, okulsimilaj makuloj sur la flugiloj.
scink	PIV	龙ˢ	N	Y	1		G. (Genro) (Scincus) de reptilioj el la subordo de lacertuloj, vivantaj en Saharo, kun dik
scintilografi	PIV	闪志	N		1		Skana procedo, per kiu oni videbligas la radioaktivecon de izotopo, afina al la esplorota 
segregaci	PIV	隔ˢᴳ	N		1		1 Sistemo, per kiu registaro apartigas diversajn grupojn de homoj lau^ ilia origino, etno,
seki	PIV	瓜ˢ	N	Y	1		G. (Genro) (Sechium el kukurbacoj) de 6 sp-oj (specioj) de tropik-Amerikaj plantoj, el kiu
sekvojadendr	PIV	木ˢᴶ	N	Y	1		G. (Genro) (Sequoiadendron el taksodiacoj) de nur unu sp. (S. giganteum) de konifera arbeg
selenid	PIV	矿化ˢ	N		1		Salo de selenida acido, H 2 Se.
selin	PIV	伞ˢᴸ	N	Y	1		G. (Genro) (Selinum el apiacoj) de 2 sp-oj (specioj) de plurjaraj herboj el Eu^ropo k U k 
serpentari	PIV	鸟ˢᴺ	N	Y	1		Longakrura Afrika rabobirdo (unuspecia g. (genro) Sagittarius secretarius el akcipitredoj)
serpul	PIV	菌ˢ	N	Y	1		1 G. (Genro) (Serpula el Coniophoraceae) de bazidifungoj kun krusteca bazidiujo kovrita de
serval	PIV	兽ˢ	N	Y	1		Sp. (Specio) de feliso (Felis serval), mezgranda Afrika rabobesto.
sfenodont	PIV	龙ˢᶠ	N	Y	1		La sola nun vivanta reptilio (unuspecia g. (genro) Sphenodon punctatus) el la ordo de rink
sigilari	PIV	草ˢᴵᴳ	N	Y	1		G. (Genro) (Sigillaria el likopsidoj) de arboformaj pteridofitoj kun apeksa tufo de folioj
silib	PIV	菊ˢᴮ	N	Y	1		G. (Genro) (Silybum el asteracoj) de unu-k du-jaraj, dornaj, fortikaj herboj kun plume duo
simpozi	PIV	会ˢᴹ	N		1		1C^e la helenoj, postmang^a drinkado kun muziko, dancoj de artistinoj, konversacio ktp (ka
sinkretism	PIV	混主义	N		1		Rilata al sinkretismo
skanograf	PIV	扫记	N		1		Aparato, ofte uzata medicine, kiu kreas bildon de la interno de io per komputila traktado 
skolim	PIV	菊ˢᴹ	N	Y	1		G. (Genro) (Scolymus el asteracoj) de 3 sp-oj (specioj) de dornaj, mediteraneaj herboj.
skopofili	PIV	镜爱	N		1		Voluptocela rigardado de erotikaj vidaj^oj au^ agoj
slab	PIV	板ˢ	N		1		1 Mezdika, ordinare oblonga plato el marmoro, s^tono, betono au^ cemento
smilak	PIV	草ˢᴷ	N	Y	1		G. (Genro) (Smilax el smilakacoj) de dioikaj lianoj herbecaj au^ lignecaj, plejparte dorna
smilodont	PIV	兽ˢᴹ	N	Y	1		G. (Genro) (Smilodon) de formortintaj rabobestoj el la fam. (familio) de felisedoj, kun gr
sonk	PIV	菊ˢᴺ	N	Y	1		G. (Genro) (Sonchus el asteracoj) de plantoj - unu-, du-k plur-jaraj herboj k arbustoj - l
sparti	PIV	木ˢᴬ	N	Y	1		G. (Genro) (Spartium el fabacoj) de nur unu sp. (S. junceum), tufarbusto parenca al genist
spatang	PIV	虫ˢᴾ	N	Y	1		G. (Genro) (Spatangus) de plate korformaj ekinoidoj, kiuj log^as en kota sablo marborda.
spermicid	PIV	精液杀	N		1		Substanco, mortiganta la spermatozoojn k uzata kiel loka, vagina antikoncipaj^o.
spermatofit	PIV	精植	N	Y	1		Grupego (eksa filumo Spermatophyta) de vaskulplantoj, kies reproduktorganoj (floroj) produ
spermatogenez	PIV	精源	N		1		Estig^o k disvolvig^o de virseksaj c^eloj.
spirometr	PIV	息计	N		1		Aparato, per kiu oni mezuras la aervolumenon, kiun povas elpus^i la pulmoj c^e maksimuma e
spirantes	PIV	兰ˢ	N	Y	1		G. (Genro) (Spiranthes el orkidacoj) de plurjaraj herboj kun senspronaj, blankaj floroj en
spire	PIV	木ˢᴾ	N	Y	1		1 (ss (striktasence)) G. (Genro) (Spiraea el rozacoj) de plurjaraj, falfoliaj tufarbustoj 
stereoplanigraf	PIV	立体划记	N		1		Optika instrumento, ebliganta la uzon de fotoj por fari mapojn.
stereotomi	PIV	立体切	N		1		Scienco pri la tajlado de s^tonoj, blokoj ks (kaj simile, kaj similaj), uzataj en arkitekt
sterilizator	PIV	不育化具	N		1		Aparato por sterilizi. Vd au^toklavo.
stetoskop	PIV	胸镜	N		1		Arto k scienco esplori per stetoskopado.
stomatoskop	PIV	口镜	N		1		Speguleto de kuracisto au^ dentisto, por esplori la bus^on.
stop	PIV	停ˢᵀ	N		1		(tr (transitiva)) Haltigi, pp (se paroli pri) mas^ino
strabometr	PIV	斜计ˢ	N		1		Instrumento, uzata por mezuri la devion de la du vidaksoj en la strabismo.
strabotomi	PIV	斜切	N		1		Kirurgia transs^ovo de iuj muskoloj, por korekti la strabismon.
stratigrafi	PIV	层志	N		1		Scienco pri la sinsekvoj de la sedimentaj demetaj^oj (g^enerale tavolig^intaj)
strikn	PIV	木ˢᴺ	N	Y	1		G. (Genro) (Strychnos el loganiacoj) de plantoj - arboj, trunkarbustoj, lignecaj lianoj - 
strob	PIV	木ˢᵀ	N	Y	1		Vejmuta pino (Pinus strobus).
suicid	PIV	自杀	N		1		Ago, per kiu mortigas sin memkonscia homo kiu, povante elekti la vivon, elektas tamen la m
sulfcianat	PIV	硫青盐	N		1		(ark. (arkaismo, arkaisme)) = tiocianato.
tag^et	PIV	菊ᵀᴳ̂	N	Y	1		G. (Genro) (Tagetes el asteracoj) de unujaraj herboj kun plume dividaj, forte odoraj folio
takigraf	PIV	速记	N		1		Aparato kiu au^tomate registras la rapidon de veturilo sub formo de diagramo.
taksodi	PIV	木ᵀᴷ	N	Y	1		G. (Genro) (Taxodium el taksodiacoj) de falfoliaj koniferaj arboj kun du specoj de s^osoj 
talitr	PIV	虾ᵀ	N	Y	1		G. (Genro) (Talitrus) de marbordaj krustacoj, sin nutrantaj per malkomponig^antaj vegetaj^
tam	PIV	草ᵀᴹ	N	Y	1		G. (Genro) (Tamus el dioskoreacoj) de dioikaj volvig^antaj lianoj kun karna rizomo; 4−5 sp
tamandu	PIV	兽ᵀᴹ	N	Y	1		G. (Genro) (Tamandua) de S-Amerikaj mamuloj el ordo de ksenartroj, fam. (familio) de mirme
tazet	PIV	草ᵀᶻ	N	Y	1		Sp. (Specio) de narciso (Narcissus tazetta) kun 3−5-opaj floroj tre aromaj, blankaj, flava
tegenari	PIV	蛛ᵀᴳ	N	Y	1		G. (Genro) (Tegenaria) de artropodoj el la ordo de araneuloj, kiuj faras horizontalan reto
telegrafi	PIV	远志	N		1		Rilata al telegrafio
telepati	PIV	远情	N		1		Rilata al telepatio
tensimetr	PIV	压计ᵀ	N		1		Aparato por mezuri tension
tenur	PIV	封ᵀ	N		1		Unu el la tri formoj de Mezepoka proprieto
teobrom	PIV	木ᵀᴮ	N	Y	1		G. (Genro) (Theobroma, sin. (sinonimo (de latinscienca nomo)) Cacao, el sterkuliacoj) de a
terafoz	PIV	蛛ᵀ	N	Y	1		G. (Genro) (Theraphosa) de tropikaj artropodoj el la ordo de araneuloj, fam. (familio) de 
teratogen	PIV	畸生	N		1		Tia, ke g^i produktas gravajn anomaliojn
terbi	PIV	金ᵀᴮ	N		1		1 Elemento, Tb, atomnumero 65, atommaso 158,93, lantanido
terminali	PIV	木ᵀᴹ	N	Y	1		G. (Genro) (Terminalia el kombretacoj) de c^. (c^irkau^) 150 sp-oj (specioj) de tropikaj a
termogenez	PIV	热源	N		1		Varmoproduktado (pp (se paroli pri) vivulo).
termograf	PIV	热记	N		1		Aparato por au^tomata registrado de temperaturvariado.
tiksotrop	PIV	触向	N		1		(pp (se paroli pri) likvo) Havanta, post agitado, pli grandan viskozon ol antau^e.
tipologi	PIV	型学	N		1		Esplorado, kies celo estas la klasifiko de studataj objektoj per antau^difinitaj kriterioj
topinambur	PIV	菊ᵀᴺ	N	Y	1		1 Tubera helianto. 2 La tubero de topinamburo 1, kiun oni kuiras kiel terpomon.
topografi	PIV	地志	N		1		Rilata al la topografio
tragelaf	PIV	兽ᵀᴳ	N	Y	1		G. (Genro) (Tragelaphus) de antilopoj, grandaj kiel kapreolo, vivantaj en Afriko sude de S
tragol	PIV	鹿ᵀ	N	Y	1		G. (Genro) (Tragulus) de tre malgrandaj parhufuloj, vivantaj en S k SE Azio, ne tre parenc
tragopogon	PIV	菊ᵀᴬ	N	Y	1		G. (Genro) (Tragopogon el asteracoj) de unu-, du-k plur-jaraj herboj kun pivotradiko, kun 
trakci	PIV	拉ᵀᴷ	N		1		La movo de trajnoj au^ manovrokompletoj per lokomotivoj au^ per envagonaj motoroj
tremel	PIV	菌ᵀᴹ	N	Y	1		G. (Genro) (Tremella el tremelacoj) de bazidifungoj gelatenecaj, sen stipo, sen c^apelo k 
tridakn	PIV	贝ᵀᴷ	N	Y	1		G. (Genro) (Tridacna) de moluskoj, klaso de duvalvuloj, al kiu apartenas la plej granda sp
trikolom	PIV	菌ᵀᴷ	N	Y	1		G. (Genro) (Tricholoma el trikolomacoj) de ombrelfungoj kun karna, lamenohava bazidiujo se
trombektomi	PIV	栓除	N		1		Ablacio de trombo el incizita vaskulo.
tuberkuloz	PIV	结症	N		1		Rilata al tuberkulozo
tujon	PIV	侧柏ᵀᴼ	N		1		Ketona monoterpeno, C 10 H 16 O, trovig^anta i.a. (interalie, inter aliaj) en tujo k absin
tujops	PIV	木ᵀᴶ	N	Y	1		G. (Genro) (Thujopsis el kupresacoj) de nur unu sp. (T. dolabrata) de arbo el Japanio.
tuku	PIV	鼠ᵀ	N	Y	1		Kn (Kolektiva nomo) de diversaspecaj oftaj S-Amerikaj rong^uloj el la g. (genro) Ctenomys,
tuli	PIV	金ᵀᴸ	N		1		1 Elemento, Tm, atomnumero 69, atommaso 168,93, lantanido
ulv	PIV	藻ᵁ	N	Y	1		G. (Genro) (Ulva el ulvacoj) de maraj verdalgoj en formo de maldika folio; kosmopolita g. 
umbilikari	PIV	菌ᵁᴹ	N	Y	1		G. (Genro) (Umbilicaria el umbilikariacoj) de foliecaj, umbilikohavaj askolikenoj roklog^a
unau^	PIV	兽ᵁ	N	Y	1		G. (Genro) (Choloepus) de S-Amerikaj mamuloj el la ordo de ksenartroj, fam. (familio) de b
unci	PIV	兽ᵁᶜ	N	Y	1		Sp. (Specio) (Panthera uncia) de rabobesto, vivanta en altaj montaroj de C Azio. Sin. (sin
urologi	PIV	尿学	N		1		Tiu parto de la medicino, kiu studas la urinan aparaton.
usne	PIV	菌ᵁ	N	Y	1		G. (Genro) (Usnea el parmeliacoj) kosmopolita de c^. (c^irkau^) 600 sp-oj (specioj) de arb
utrikl	PIV	囊ᵁ	N		1		Organo, aspektanta kiel eta felsako
valabi	PIV	兽ⱽᴸ	N	Y	1		Nomo de diversaj sp-oj (specioj) de marsupiuloj, similaj al kanguruo sed malpli grandaj, v
vanda	PIV	兰ⱽ	N	Y	1		G. (Genro) (Vanda el orkidacoj) de plurjaraj arbo-au^ rok-log^aj herboj el E k SE Azio; c^
variometr	PIV	变计	N		1		1 Variigebla indukta bobeno, servanta por mezuroj, agordo de anteno, ktp (kaj tiel plu). 2
venad	PIV	兽ⱽᴺ	N	Y	1		S-Amerika mamulo (unuspecia g. (genro) Ozotoceros bezoarticus) el la ordo de parhufuloj, f
vespertilion	PIV	蝠ⱽᴸ	N	Y	1		G. (Genro) (Vespertilio) de mamuloj el la ordo de kiropteroj kun relative mallongaj, dikaj
vibrator	PIV	振具	N		1		Aparato vibranta, pro la motoro, kiun g^i entenas en si, k uzata por densigi, kompaktigi b
vitologi	PIV	葡学	N		1		La scienco pri la diversaj vitospecoj, iliaj priskriboj, devenoj k scienca klasifikado.
volvariel	PIV	菌ⱽᴸ	N	Y	1		G. (Genro) (Volvariella el pluteacoj), tre disvastig^inta, de c^. (c^irkau^) 25 sp-oj (spe
volvok	PIV	藻ⱽᴸ	N	Y	1		G. (Genro) (Volvox) de dolc^akvaj duflagelaj protozooj klorofilohavaj, kiuj formas grandaj
ze	PIV	草ᶻ	N	Y	1		G. (Genro) (Zea el poacoj) de 4 sp-oj (specioj) el C Ameriko, el kiuj maizo. -> zeu^so.
zigen	PIV	虫ᶻ	N	Y	1		G. (Genro) (Zygaena) de papilioj kun klabfinaj antenoj k flugiloj g^enerale nigraj k rug^m
falaropod	PIV	鸟ᶠᴿ	N	Y	1		G. (Phalaropus) de malgrandaj arktaj vadbirdoj el la ordo de karadriformaj, kies piedfingr
hematopod	PIV	血足	N	Y	1		G. (Haematopus) de birdoj el la ordo de karadriformaj, i.a. H. ostralegus (marpigo), blank
makropod	PIV	宏足	N	Y	1		G. (Macropus) de kanguruoj, Au^straliaj saltantaj marsupiuloj kun tre longaj postaj kruroj
orikteropod	PIV	兽ᴼᴰ	N	Y	1		Afrika mamulo (unuspecia g. Orycteropus afer) el la ordo de tubetodentuloj, kun longaj kap
pteropod	PIV	翅足	N	Y	1		G. (Pteropus) de mamuloj el la ordo de kiropteroj, grandaj fruktomang^antaj vespertoj, viv
diazot	PIV	二氮	N		1		La funkcio N=N ^+ k la tre reakciema radikalo-N=N·
izocianat	PIV	等青盐	N		1		Organika derivaj^o de la nestabila izocianata acido HNCO
termokau^ter	PIV	热灼	N		1		Instrumento por fari fajropunktojn
vagomani	PIV	荡狂	N		1		Malsaneca impulso vagadi.
deoksioz	PIV	从氧糖	N		1		Monosakarido, C n H 2n O n-1 au^ C n H 2n O n-2, kun unu au^ du oksigenatomoj malpli ol en
izopropil	PIV	等丙	N		1		La radiko (CH 3) 2 CH-
termoregulig	PIV	热规使	N		1		Reguligo de varmo-produktado k -perdoj c^e homeotermaj vivuloj, el kio rezultas konstanta 
monosakarid	PIV	单蔗子	N		1		Sakarido, konsistanta el nur unu polihidroksila aldehido au^ ketono. Sin. (sinonimo) ozo, 
hidrosulfit	PIV	水硫盐	N		1		(ark. (arkaismo, arkaisme)) = ditionito (Vd (vidu) tion/).
ditionat	PIV	二硫	N		1		Salo de ditionata acido, H 2 O 6 S 2, unu el la politionataj acidoj.
tetrationat	PIV	四硫	N		1		Salo de tetrationata acido, H 2 O 6 S 4.
disulfid	PIV	二硫化	N		1		Organika substanco kun la g^enerala formulo R-S-S-R
naci	CSV2890	族	Y		94	gent=族ᴳ	La nehebreaj gentoj, la idolanoj
ŝraŭb	CSV2890	螺	Y		46	helic=螺ᴴᶜ	1 Provizita au^ fiksita per s^rau^bo(j). 2 Prezentanta formon de s^rau^bo. Vd spirala, hel
verm	CSV2890	虫ⱽ	Y		22	anelid=虫	1 (ark. (arkaismo, arkaisme)) Eksa, vasta filumo (Vermes), ampleksanta tre diversajn longf
var	CSV2890	内ⱽ	Y		18	intern=内	(varus) Prezentanta devion al la interna flanko
zo	CSV2890	兽ᶻ	Y	Y	16	animal=兽ᴬ	Animalo vs (vastasence) (en kunmetaj^oj)
trik	CSV2890	毛ᵀ	Y		14	har=毛	Haro (en kunmetaj^oj).
demokrat	CSV2890	民ᴰᴱ	Y		12	demokrati=民	Rilata al demokrato au^ demokratio
aŭtor	CSV2890	作ᴬ	Y		10	verk=作	Rilata al au^toro
furioz	CSV2890	狂ᶠᶻ	Y		9	frenez=狂	Preskau^ freneza, ne haltigebla kolero
animal	CSV2890	兽ᴬ	Y		8	zo=兽ᶻ	Regno (Animalia, sin. (sinonimo (de latinscienca nomo)) Metazoa), ampleksanta la plurc^ela
redaktor	CSV2890	编ᴿᴿ	Y		5	redakt=编ᴿ	Labori kiel redaktoro. Sin. (sinonimo) redakti 2.
insign	CSV2890	徽	Y		2	emblem=徽,blazon=徽ᴮ	Tuto de la emblemoj, servantaj kiel distingigaj signoj al iu familio, urbo k.a. (kaj aliaj
kirurg	CSV2890	外科	Y		2	kirurgi=外科,kirurgi=外科	Rilata al kirurgio; kuracebla per kirurgio
telefon	CSV2890	远声	Y		1	son=声	1 Sistemo de transsendado de sonoj je distanco per elektraj kurentoj au^ ondoj
sulf	PEJVO	硫	Y		26	sulfur=硫	Mll de sulfuro, uzata en nomoj de kombinaj^oj. Vd tio/, tiono.
gastr	PEJVO	胃ᴳ	Y		22	stomak=胃,stomak=胃	Stomako (en kunmetaj^oj).
neŭr	PEJVO	神经ᴺᵁ̆	Y		20	nerv=神经,nerv=神经	Nervo, nerva histo (en kunmetaj^oj).
oksi	PEJVO	氧	Y		19	oksigen=氧生,oksigen=氧生	Mll de oksigeno, uzata en kunmetaj^oj por montri la c^eeston de oksigeno (kompare kun la n
risort	PEJVO	弹簧	Y		17	elast=弹ᴱ	(ntr (netransitiva)) Esti elasta kiel risorto
cefal	PEJVO	头ᶜ	Y		16	kap=头,kap=头	Kapo 1 (en kunmetaj^oj)
gami	PEJVO	配ᴳ	Y		15	gamet=配子	Suf. (Sufikso) kun la signifo «kunig^o de gametoj au^ de aliaj seksaj elementoj»
galvan	PEJVO	电ᴳ	Y		12	kurent=电流	Efiko de kontinua kurento
enter	PEJVO	肠ᴱ	Y		11	intest=肠	Intesto (en kunmetaj^oj)
gist	PEJVO	酵母	Y		11	ferment=酵	(ntr (netransitiva)) Fermenti per gisto
fit	PEJVO	植ᶠ	Y	Y	10	plant=植	Planto vs (vastasence) (uzata en kunmetaj^oj)
artr	PEJVO	节ᴬᴿ	Y		9	artik=节	Artiko (en kunmetaj^oj).
ald	PEJVO	中音	Y		8	sopran=女高音,tenor=男高音	(pp (se paroli pri) registro de instrumento) Inter soprana k tenora
pneu^mon	PEJVO	肺ᴾᴺ	Y		7	pulm=肺	Pulmo (en kunmetaj^oj).
rin	PEJVO	鼻ᴿ	Y		6	naz=鼻	Nazo (en kunmetaj^oj).
bobel	PEJVO	泡ᴮ	Y		5	efervesk=泡	(ntr (netransitiva)) Eligi bobelojn (pp (se paroli pri) akvo). Vd eferveski, s^au^mo.
dermat	PEJVO	皮ᴰᵀ	Y		5	haŭt=皮	Hau^to (en kunmetaj^oj).
grafit	PEJVO	石墨	Y		5	parafin=石蜡	Lubriki per grafito. Vd olei, grasi, parafino.
nudel	PEJVO	面ᴺ	Y		5	spaget=面ˢᴾ	Pastaj^oj el akvo k tritika faruno (malmolgrajna), distranc^itaj lau^ mallarg^aj rubandoj,
termi	PEJVO	温ᵀᴿ	Y		5	temperatur=温	Korpa temperaturo (en kunmetaj^oj).
koroid	PEJVO	脉膜	Y		4	uve=葡萄膜	1 Rilata al koroido. 2 (evi (evitinda)) = korioida. Vd uveo.
lapar	PEJVO	腹ᴸ	Y		4	abdomen=腹	Abdomeno (en kunmetaj^oj).
sor	PEJVO	胞ˢ	Y	Y	4	spor=胞子	1 (pp (se paroli pri) filikoj) Sporangiaro, kovrita au^ ne de induzio. 2 (pp (se paroli pr
adjunkt	PEJVO	助ᴬ	Y		3	help=助	(pp (se paroli pri) bildigo) Reprezentanta la bildigon dualan al la donita bildigo helpe d
agnostik	PEJVO	不可知	Y		3	agnostikism=不可知主义	Rilata al agnostikismo.
bariton	PEJVO	男中音	Y		3	mez=中,tenor=男高音	(pp (se paroli pri) registro) Meza inter basa k tenora
c^ant	PEJVO	咏	Y		3	psalm=咏,kantik=咏	Formo de kantado uzata por psalmoj k kantikoj
iteraci	PEJVO	复ᴵ	Y		3	ripet=复,ripet=复	1 (pp (se paroli pri) komputa procedo) Ripeto de la sama procedo en komputado
korelaci	PEJVO	相关	Y		3	rilat=关	1 Mezuro de interrilato inter du stokastaj variabloj. 2 = korelativeco.
makaroni	PEJVO	管面	Y		3	tub=管	Pastaj^oj el tritika faruno, muldita en formo de pli-malpli longaj au^ dikaj tuboj, glataj
mung	PEJVO	草ᴹᵁᴺ	Y		3	herb=草	1 Sp. (Specio) de vigno (Vigna radiata, sin. (sinonimo (de latinscienca nomo)) V. mungo va
parotid	PEJVO	腮腺	Y		3	gland=腺	La plej granda el la salivaj glandoj, situanta antau^ la orelo k apud la mandiblo
pneu^mat	PEJVO	气ᴾ	Y		3	gas=气	Funkcianta per la entenata au^ elpus^anta gaso
protozo	PEJVO	原兽	Y		3	zo=兽ᶻ	Vd (vidu) zoo.
spele	PEJVO	洞ˢᴾ	Y		3	kav=洞,kavern=洞,grot=洞	Natura subtera kavo, i.a. (interalie, inter aliaj) kaverno k groto.
spiril	PEJVO	螺菌	Y		3	spiroket=螺旋体	Grupo de eu^bakterioj (g-oj (genroj) Spirillum k parencaj) helicoidaj (en formo de korkoti
preri	PEJVO	草原ᴾ	Y		3	herb=草	C^iu el la vastaj ebenaj^oj de N-Ameriko, iam kovritaj de herboj, nun dedic^itaj al la gra
agor	PEJVO	场ᴬ	Y		2	plac=场	Placo en la antikvaj helenaj urboj. Vd forumo.
amonit	PEJVO	菊石	Y		2	fosili=化石	Grupo de fosiliaj cefalopodoj el la subklaso Ammonoidea, kiuj vivis de triaso g^is kretace
astat	PEJVO	卤ᴬˢ	Y		2	halogen=卤	Radioaktiva elemento, At, atomnumero 85, atommaso 209,99, halogeno.
celenter	PEJVO	腔肠	Y	Y	2	celom=体腔	Interna kavo de malsuperaj bestoj, kies sakforma korpo konsistas el nur 2 c^eltavoloj, ekt
dog	PEJVO	犬ᴰ	Y		2	buldog=犬,mops=犬	Grupo de hundrasoj, al kiu apartenas i.a. (interalie, inter aliaj) la buldogoj k mopsoj.
eritroni	PEJVO	猪牙花	Y	Y	2	flor=花	G. (Genro) (Erythronium el liliacoj) de herboj kun tunika bulbo, kun du elbazaj folioj k k
introvertit	PEJVO	内向	Y		2	intern=内	Havanta personecon, karakterizitan de tendenco senti sin pli bone sola au^ kun malmultaj o
katgut	PEJVO	肠线	Y		2	intest=肠	1 Fadeno el organika substanco, uzata en kirurgio pro g^ia facila sorbig^ado en la organis
labi	PEJVO	唇ᴸᴮ	Y	Y	2	lip=唇	(pp (se paroli pri) kunig^petala korolo au^ kunig^sepala kaliko) Havanta unu au^ du lipojn
obstetrik	PEJVO	产科	Y		2	akuŝ=产	Rilata al akus^o
piore	PEJVO	脓漏	Y		2	pio=脓ᴾᴵ	Piooreo (Vd (vidu) pioo).
pone	PEJVO	矮马	Y		2	ĉeval=马	C^evalo de malgranda raso (ne pli ol 1,40 m), kun longaj haroj.
spaget	PEJVO	面ˢᴾ	Y		2	makaroni=管面	Tre maldikaj k longaj pastaj^oj, fadenformaj. Vd makaronioj, vermic^eloj.
afis	PEJVO	虫ᴬˢ	Y		1	afid=虫	(evi (evitinda)) = afido.
aleksin	PEJVO	补ᴬ	Y		1	komplement=补ᴷᴸ	(ark. (arkaismo, arkaisme)) = komplemento 3.
anatom	PEJVO	剖	Y		1	anatomi=剖	Rilata al anatomio
arkus	PEJVO	弧ᴬˢ	Y		1	ark=弧	(evi (evitinda)) = arko 2.
bedeli	PEJVO	脂ᴮ	Y		1	rezin=脂	Nekonata speco de aroma rezino
gramin	PEJVO	禾ᴳᴿ	Y		1	gramine=禾	(evi (evitinda)) = gramineo.
jaspis	PEJVO	玉ᴶᴾ	Y		1	jasp=玉	(ark. (arkaismo, arkaisme)) = jaspo
karbamid	PEJVO	尿素ᴷ	Y		1	ure=尿素	(ark. (arkaismo, arkaisme)) = ureo.
konfidenci	PEJVO	秘ᴷᴵ	Y		1	konfidenc=秘	(ark. (arkaismo, arkaisme)) = konfidenco.
konkir	PEJVO	克ᴷᴵ	Y		1	konker=克	(ark. (arkaismo, arkaisme)) = konkeri.
konsistenc	PEJVO	贯ᴷᴺ	Y		1	koher=贯	(evi (evitinda)) = koher(ec)o 1.
metropoliten	PEJVO	地铁ᴹᴾ	Y		1	metro=地铁	(ark. (arkaismo, arkaisme)) = metroo.
parcial	PEJVO	部ᴾᶜ	Y		1	part=部	(pp (se paroli pri) derivaj^o) = parta.
proteid	PEJVO	蛋白ᴾᴰ	Y		1	protein=蛋白	(ark. (arkaismo, arkaisme)) = proteino.
psikiatr	PEJVO	心医	Y		1	psikiatri=心医	Rilata al psikiatrio
psor	PEJVO	癣ᴾ	Y		1	skabi=癣	1 Homeopatia termino, nomanta la tuton de la organismaj memtoksig^oj. 2 = skabio.
skizofit	PEJVO	菌ˢᴷ	Y		1	bakteri=菌ᴮ	(ark. (arkaismo, arkaisme)) = bakterioj vs (vastasence).
ŝpic	PEJVO	犬ˢ̂	Y		1	hund=犬	Longhara speco de c^ambra hundo.
venere	PEJVO	性病ⱽᴱ	Y		1	vener=性病	(evi (evitinda)) = venera.
micet	PIV	菌ᴹᶜ	Y	Y	17	fung=菌,mikot=菌ᴹᴵ,fung=菌,fung=菌	(ark. (arkaismo, arkaisme)) = fungo. Vd -micet/, -mikot/, fungo, gisto, s^imo.
nefr	PIV	肾ᴺ	Y		11	ren=肾,ren=肾	Reno (precipe en kunmetaj^oj).
blast	PIV	胚ᴮ	Y		10	embri=胚	Fundamenta embria c^eltavolo.
aden	PIV	腺ᴬ	Y		10	gland=腺	Glando (en kunmetaj^oj).
kole	PIV	胆ᴷ	Y		9	gal=胆	Galo 1 (pref-e (prefikse) uzata).
siliciat	PIV	硅盐	Y		8	sal=盐	1 Salo de siliciata acido, H 2 SiO 3 au^ alia hidrato (ekz. (ekzemple) H 4 SiO 4, H 2 Si 2
sterol	PIV	固醇	Y		8	alkohol=醇	(kn (kolektiva nomo)) Steroido kun alkohola grupo
aken	PIV	瘦果	Y	Y	7	frukt=果	1 (ss (striktasence)) Seka frukto (precipe de la asteracoj) ne dehiska, unusema, kies peri
kinez	PIV	动ᴷᶻ	Y		7	kinezoterapi=动疗	G^enerala termino, signifanta «movado au^ movig^o» k uzata por difini la medicinan gimnast
lau^s	PIV	虫ᴸ	Y	Y	7	insekt=虫	Insekto nesaltanta, parazitanta sur vertebruloj k vegetaj^oj.
lipid	PIV	脂ᴸᴾ	Y		7	gras=脂,gras=脂	C^iu el la naturaj esteroj el alkoholo k grasa acido, eventuale kombinitaj kun alispecaj m
globin	PIV	珠蛋白	Y		6	protein=蛋白	(kn (kolektiva nomo)) Globforma proteino, kombinig^anta kun hemo en heteroproteinon (heter
seism	PIV	震ˢᴱ	Y		6	sism=震	Tertremo. Sin. (sinonimo) sismo.
stomat	PIV	口ˢ	Y		6	buŝ=口	Bus^o (en kunmetaj^oj).
citoz	PIV	胞ᶜᶻ	Y		5	ĉel=胞,ĉel=胞	(pp (se paroli pri) c^elo) Formig^o k movig^o de veziketoj, kiuj rolas en la inters^ang^oj
pio	PIV	脓ᴾᴵ	Y		5	pus=脓	Puso (en kunmetaj^oj)
plazi	PIV	生ᴾᴸ	Y		5	fiziologi=生理学	Histoformanta aktivado, fiziologia au^ patologia
punktur	PIV	刺ᴾᴺ	Y		5	pik=刺,punkci=穿刺	Terapia piko de la hau^to au^ de histo. Vd punkcio.
sket	PIV	滑ˢᵀ	Y		5	glit=滑	(ntr (netransitiva)) Gliti 2.
adip	PIV	脂ᴬ	Y		4	gras=脂,steat=脂ˢᵀ	Graso 1. Vd steato.
aspleni	PIV	羊齿ᴬˢ	Y	Y	4	filik=羊齿	G. (Genro) (Asplenium el aspleniacoj) de filikoj kun rozeto el folioj simplaj k integraj, 
elu	PIV	淋ᴱ	Y		4	eluvi=淋ᴱⱽ	(tr (transitiva)) Tralavi per likvo au^ gaso apartigotajn substancojn alsorbitajn sur subs
espart	PIV	茅	Y	Y	4	alf=茅	Komuna nomo de diversaj herboj Mediteraneaj (i.a. (interalie, inter aliaj) ligeo, spartio 
fosfo	PIV	磷ᶠᴼ	Y		4	fosfor=磷,fosfat=磷盐	Mll de fosforo, fosfato au^ fosfatamido en kelkaj tradiciaj nomoj de kunmetaj^oj
gamet	PIV	配子	Y		4	zigot=合子	Seksa c^elo (tipe unuploida), destinita unuig^i kun sekse diferenca gameto, el kio rezulta
glac^er	PIV	冰川	Y		4	glaci=冰	Grandega eterna maso de glacio, devenanta el la akumulo de neg^o sur la supraj^o de la ter
gluk	PIV	糖ᴳᴸ	Y		4	glukoz=糖	Glukozo (en kunmetaj^oj).
h^ord	PIV	脊索	Y	Y	4	spin=脊	(chorda dorsalis) Kartilageca kordo, formanta la bazon por la spino c^e vertebruloj, ekzis
inciz	PIV	切ᴵ	Y		4	tranĉ=切	(tr (transitiva)) Fari incizon en parto de la korpo
klast	PIV	屑	Y		4	detrit=碎屑	1 Fragmento de rompita kristalo, roko au^ fosilio. 2 = detrito.
kondr	PIV	软骨ᴷᴺ	Y		4	kartilag=软骨,kondrit=软骨炎	1 Kartilago (en kunmetaj^oj). 2 Minerala grajneto (c^. (c^irkau^) 1 mm diametra), precipe 
krement	PIV	变ᴷ	Y		4	ŝanĝ=变	S^ang^i la valoron de variablo per konstanta diferenco
lab	PIV	皱胃	Y		4	stomak=胃	1 = abomaso. 2 La membrano de la stomako de la mamuloj (inkl. (inkluzive) de la homo), kiu
salubr	PIV	健ˢᴸ	Y		4	san=健	Favora por la sano
sau^r	PIV	爬虫	Y	Y	4	reptili=爬虫	Kn (Kolektiva nomo) de reptilioj eksklude de la testuduloj k serpentoj.
somat	PIV	体ˢᵀ	Y		4	korp=体	1 Tuto de la c^eloj de embrio k poste de individuo, kun escepto de la sekse reproduktig^aj
steat	PIV	脂ˢᵀ	Y		4	gras=脂,adip=脂ᴬ	Graso 1 (en kunmetaj^oj). Vd adipo.
striptiz	PIV	脱衣舞	Y		4	danc=舞	Nudrivela senvestig^a danco.
tekton	PIV	硬木	Y	Y	4	lign=木	1 G. (Genro) (Tectona el verbenacoj) de 4 sp-oj (specioj) de arboj el SE Azio. 2 Ligno de 
fic	PIV	藻ᶠᶜ	Y	Y	4	alg=藻	Suf. (Sufikso), uzata por formi nomojn de klasoj de algoj el la genra nomo uzata por la ti
gordi	PIV	虫ᴳᴿ	Y	Y	4	verm=虫ⱽ	G. (Genro) (Gordius) de longaj, harformaj vermoj, similaj al nematodoj, vivantaj en sensal
alotrop	PIV	异形	Y		3	form=形	(pp (se paroli pri) substanco) Ekzistanta sub du au^ pluraj fizikaj (i.a. (interalie, inte
amni	PIV	羊膜	Y		3	membran=膜	La interna membrano, c^irkau^anta la embrion de reptilioj, birdoj k mamuloj.
anzu	PIV	杏ᴬᴺ	Y	Y	3	abrikot=杏	1 Var. (Vari(aj^)o) de abrikotarbo (Prunus armeniaca var. (vari(aj^)o) ansu) el E marborda
arek	PIV	棕ᴬ	Y	Y	3	palm=棕	G. (Genro) (Areca el arekacoj) de dau^ra-au^ duondau^ra-foliaj, monoikaj arboj (palmoj) ku
atrop	PIV	颠ᴬ	Y	Y	3	beladon=颠	G. (Genro) (Atropa el solanacoj) de 4 plurjaraj plantoj hejmaj de U Eu^ropo g^is Himalajo,
bent	PIV	底栖	Y		3	fund=底	Vivularo de la fundo de maro au^ lago. Vd pelago.
bigarel	PIV	脆樱	Y	Y	3	ĉeriz=樱	Rug^a k blanka c^erizo, kun dolc^a, tre firma karno.
celom	PIV	体腔	Y	Y	3	korp=体,celenter=腔肠	Korpa kavo c^e la plimulto de animaloj, en kiu trovig^as la intesto k ceteraj internaj org
c^ur	PIV	精液ᶜ̂	Y		3	sperm=精液	(fm (familiara, familiare)) Spermo
deprec	PIV	贬ᴰᴾ	Y		3	devalut=贬	(tr (transitiva)) Redukti la merkatvaloron de varo au^ de valuto, esprimitan en unu alia v
dikro	PIV	二色	Y		3	kolor=色,pleokro=多色	(pp (se paroli pri) neizotropa kristalo) Alprenanta du kolorojn, depende de la direkto de 
eu^kariot	PIV	真核	Y		3	nukle=核	Ano de eu^kariotoj.
falun	PIV	贝岩	Y		3	petr=岩ᴾ	Detrita sedimenta petro malmulte kohera, konsistanta el tre multaj konkopecoj, sablo k eve
filari	PIV	丝虫	Y		3	vukeri=虫ⱽᴷ	1 (ark. (arkaismo, arkaisme)) = vukerio. 2 Kn (Kolektiva nomo) de nematodoj parazitantaj e
frok	PIV	袍ᶠ	Y		3	rob=袍	Longa monah^a robo, kun malstriktaj manikoj.
galb	PIV	凸ᴳ	Y		3	konveks=凸	Kurba konveksa konturo de arta objekto, kolono, seg^opiedo, seg^odorso ks (kaj simile, kaj
glicer	PIV	甘油ᴳᶜ	Y		3	glicerol=甘油	Radiko, CH 2 OH-CHOH-CH 2 -, de glicerolo (en kunmetaj^oj)
globulin	PIV	球蛋白	Y		3	protein=蛋白	(kn (kolektiva nomo)) Proteino kun pli-malpli globformaj partoj, solvebla en akvo, kun gra
glutam	PIV	谷氨	Y		3	glutamat=谷氨盐	Radiko de glutamata acido (en kunmetaj^oj).
grumis^am	PIV	木ᴳᴹ	Y	Y	3	eu^geni=木ᴱᵁ̆,eu^geni=木ᴱᵁ̆	1 Sp. (Specio) de eu^genio (Brazila eu^genio) kultivata por bero, iom c^erizosimila, blank
hemat	PIV	血ᴴᵀ	Y		3	sang=血	(en kunmetaj^oj) 1 Sango
ion	PIV	离子ᴵ	Y		3	jon=离子	(evi (evitinda)) = jono.
ipek	PIV	吐根	Y	Y	3	radik=根,radik=根	1 Sp. (Specio) (Psychotria ipecacuanha el rubiacoj) de plurjara Brazila herbo kultivata po
kakinok	PIV	柿ᴷ	Y	Y	3	diospir=柿ᴰ,persimon=柿	1 Sp. (Specio) de diospiro (Diospyros kaki), poligamia fruktarbo kun tomatsimilaj, de flav
kalm	PIV	静ᴷᴸ	Y		3	trankvil=静,kviet=静	Plene senmova aero
kandid	PIV	菌ᴷᴺ	Y	Y	3	fung=菌	G. (Genro) (Candida el sakaromicetaloj) kosmopolita de c^. (c^irkau^) 165 sp-oj (specioj) 
karadri	PIV	鸟ᴷᴵ	Y	Y	3	pluvi=鸟ᴾⱽ	G. (Genro) (Charadrius) de vadbirdoj el la ordo de karadriformaj, mezgrandaj kun nur 3 pie
kardj	PIV	胃门	Y		3	stomak=胃,pilor=幽门	(ostium cardiacum) Ezofaga aperturo de la stomako. Vd piloro.
karoten	PIV	萝卜素	Y		3	karot=胡萝卜	Orang^kolora lipido, C 40 H 56, tetraterpeno, tre ofta en la naturo, aparte abunda en kelk
knid	PIV	刺胞	Y	Y	3	ĉel=胞	Speco de c^elo, trovig^anta c^e diversaj celenteruloj, kiu je tus^o elsendas eksteren brul
konglomer	PIV	团ᴷ	Y		3	aglomer=团	(tr (transitiva)) Kunligi per liga substanco sam-au^ nesam-specajn elementojn, pecojn. Vd 
kopal	PIV	脂ᴷ	Y		3	rezin=脂	Malmola, vitreca rezino, ricevata el la trunko de kelkaj arboj el koniferoj (g. (genro) ag
kuspid	PIV	尖ᴷ	Y		3	pint=尖	(cuspis) Pinta elemento, ekz. (ekzemple) de dentoj (molaroj k antau^molaroj), de koraj val
ladan	PIV	香脂	Y	Y	3	arom=香	Aroma gumo, liverita de la folioj k tigoj de ladanarbusto, uzata en parfumindustrio.
le	PIV	背风	Y		3	vent=风	Tiu flanko de s^ipo, kiu estas s^irmita kontrau^ la vento.
lofi	PIV	蛤蟆鱼	Y	Y	3	fiŝ=鱼	G. (Genro) (Lophius) de maraj fis^oj kun grandaj kapo k bus^o sed mallarg^a cetera korpo, 
miring	PIV	鼓膜	Y		3	timpan=鼓室,membran=膜,membran=膜	Timpana membrano (membrana tympani)
mizogin	PIV	厌女	Y		3	mizantrop=厌人	Homo, kiu malamas, evitadas la virinojn au^ havas pri ili malfavorajn opiniojn. Vd mizantr
nekton	PIV	自游	Y		3	plankton=浮游	Tuto de la pelagaj vivuloj aktive nag^antaj, sendependaj de la akvofluoj. Vd planktono.
onk	PIV	肿瘤	Y		3	tumor=瘤	Tumoro, precipe maligna.
papir	PIV	纸草ᴾᴬ	Y		3	papirus=纸草	Papiruso (en kunmetaj^oj)
pelag	PIV	浮ᴾ	Y		3	plankton=浮游	Vivularo de la akvomaso de maro au^ de lago, sed ne de ties fundo. Vd bento, nektono, plan
plegi	PIV	瘫ᴾᴸ	Y		3	paraliz=瘫	Paralizo (suf-e (sufikse) uzata)
pleokro	PIV	多色	Y		3	plur=多,kolor=色	(pp (se paroli pri) neizotropa kristalo) Alprenanta plurajn kolorojn, depende de la direkt
pralin	PIV	仁糖	Y		3	sirop=糖浆,sirop=糖浆	Sukeraj^o, farita el amandoj brunigitaj en bolanta siropo. Vd drag^eo.
procelari	PIV	海燕	Y	Y	3	mar=海	G. (Genro) (Procellaria) de malgrandaj, hirundsimilaj marbirdoj el la tropikaj k au^strala
prokariot	PIV	原核	Y		3	nukleon=核子	Ano de prokariotoj.
prote	PIV	帝王花	Y	Y	3	flor=花	1 G. (Genro) (Protea el proteacoj) de arbustoj kun divers-formaj k ‑dimensiaj folioj k kun
psitak	PIV	鹦鹉	Y	Y	3	papag=鹦,papag=鹦	Papago (unuspecia g. (genro) Psittacus erithacus), vivanta en CU Afriko, griza kun diversa
radikl	PIV	根ᴿᴸ	Y		3	radik=根	Radiko de krania au^ spina nervo.
remork	PIV	拖车	Y		3	bicikl=车,aŭtomobil=车ᴬᴹ,tram=电车,tren=拖	1 S^ipo, barko, barg^o, trenata de motors^ipo. Vd trens^ipo. 2 Veturilo trenata de biciklo
retikul	PIV	网ᴿᴷ	Y		3	ret=网	1 Virina mansaketo. 2 Reta histo.
salmon	PIV	鱼ˢᴺ	Y	Y	3	salm=鱼,fiŝ=鱼,trut=鱼	G. (Genro) (Salmo) de fis^oj el la fam. (familio) salmonedoj, kiu ampleksas salmon k la tr
sampl	PIV	样ˢᴹ	Y		3	muestr=样ᴹ,specimen=样	Aro de observoj, rigardataj kiel estig^intaj lau^ stokasta modelo. Vd muestro.
sarkom	PIV	肉瘤	Y		3	tumor=瘤	Maligna tumoro, evoluinta el konektivo
serpenten	PIV	蛇纹石	Y		3	asbest=石棉	(kn (kolektiva nomo)) Mineralo el magnezia, monoklina folisiliciato, Mg 6 (OH) 6, sub form
stek	PIV	肉排	Y		3	viand=肉	Dika tranc^aj^o de viando au^ fis^o, por rosti au^ friti
s^rot	PIV	粗粉	Y		3	krud=粗	Interprodukto de muelado (pistado) de grajnoj; furag^o por bestoj el grajnoj; kruda materi
s^us	PIV	滑ˢ̂	Y		3	ski=滑	(ntr (netransitiva)) Rekte malsupreniri per skioj lau^ la linio de plej granda deklivo k s
tabet	PIV	脊髓病	Y		3	mjel=髓	Sifilisa afekcio, kiun karakterizas sklerozo de la postaj mjelaj funikloj k diversaj motor
tore	PIV	斗牛	Y		3	tau^r=牡牛	(ntr (netransitiva)) Batali en cirko kontrau^ tau^ro.
trace	PIV	轴线	Y		3	aks=轴	Akso de projektita vojo au^ fervojo, desegnita sur plano au^ markita sur la tereno. Vd iti
zigot	PIV	合子	Y		3	gamet=配子	La rezulto de la unuig^o inter du gametoj
trap	PIV	草ᵀᴾ	Y	Y	3	herb=草	G. (Genro) (Trapa el trapacoj) de unu-k plur-jaraj, dolc^akvaj herboj kun duspecaj folioj,
abrazi	PIV	磨蚀	Y		2	erozi=蚀	1 Erozio pro frotado de materialo transportita de akvo, glacio au^ vento. Vd bati
abrog	PIV	废ᴬᴿ	Y		2	abol=废ᴬ	(tr (transitiva)) Nuligi leg^on au^ dekreton fare de la rajtigitaj instancoj.
acipenser	PIV	鱼ᴬᴾ	Y	Y	2	fiŝ=鱼,sevrug=鱼,sterled=鱼,sturg=鱼,fraj=鱼卵	G. (Genro) (Acipenser) de kondrosteaj fis^oj, al kiu apartenas sevrugo, sterledo k sturgo;
afinaci	PIV	炼ᴬ	Y		2	pudl=搅炼	(tr (transitiva)) Purigi likvan metalon.
akcidenc	PIV	偶ᴬ	Y		2	hazard=偶,kontingenc=偶	Tiu eco de fenomeno, kiu ne estas esenca, sed trovig^as c^e g^i nur hazarde, kontingence
aktini	PIV	海葵	Y	Y	2	mar=海	1 Rozosimila ses-koralulo (Actinia k parencaj g-oj (genroj)), vivanta unuope, fiksig^inta 
albugine	PIV	白膜	Y		2	blank=白,membran=膜	Tre blanka fibra membrano de testiko k aneksaj^o; (ankau^
aleksi	PIV	失读	Y		2	leg=读	Organika perturbo de la kapablo legi. -> agnozio, agrafio.
alize	PIV	信风ᴬ	Y		2	vent=风	Iu el la ventoj, kiuj regule blovas tra la tuta jaro inter la tropikoj k estas deturnataj 
ambulatori	PIV	廊ᴬ	Y		2	galeri=廊	1 Parto de domo, kie c^irkau^ korto estas arang^ita promenejo. Vd galerio, klostro. 2 Part
ament	PIV	穗ᴬ	Y	Y	2	spik=穗	Infloresko, densa spiko ofte konussimila, kies unuseksaj floroj defalas unubloke.
anafor	PIV	复ᴬ	Y		2	ripet=复	1 Ritmofiguro, konsistanta en la ripeto de unu sama vorto au^ vortgrupo komence de sinsekv
anaglif	PIV	雕ᴬᴺ	Y		2	relief=雕	1 Ornamo bareliefe skulptita au^ c^izita sur vazo, sarkofago ks (kaj simile, kaj similaj).
anal	PIV	史ᴬ	Y		2	histori=史	Rakonto de historiaj faktoj, strikte kronologia
angiom	PIV	血管瘤	Y		2	sang=血	Tumorsimila formacio, konsistanta el angioj, aparte el sangaj angioj.
apercept	PIV	统觉	Y		2	konsci=觉	1 Konscia perceptado; kapablo sintezi la perceptaj^ojn en la tuto de la scioj, emocioj, va
apterig	PIV	鸟ᴬᴾ	Y	Y	2	bird=鸟,kivi=鸟	G. (Genro) (Apteryx) de senflugilaj, senkarinaj birdoj, vivantaj en Nov-Zelando. Sin. (sin
aspart	PIV	天冬	Y		2	aspartat=天冬盐	Radiko de aspartata acido (en kunmetaj^oj).
au^toklav	PIV	高压锅	Y		2	prem=压	1 Speco de metala vazo tre fortika k hermete fermebla, en kiu oni povas preme varmigi likv
belon	PIV	针鱼	Y	Y	2	fiŝ=鱼	G. (Genro) (Belone) de belonoformaj fis^oj, kun dorsa nag^ilo proksime al la vosto k kun l
bigarad	PIV	酸橙	Y	Y	2	oranĝ=橙,oranĝ=橙	1 Subsp. de citruso (Citrus aurantium subsp. a.) hejma en Hindio k Birmanio, arbeto kun gl
bilharzi	PIV	血虫	Y		2	skistosom=血虫ˢ	(ark. (arkaismo, arkaisme)) = skistosomo.
bleni	PIV	滑鱼	Y	Y	2	fiŝ=鱼	G. (Genro) (Blennius) de fis^oj el la ordo de perkoformaj, plejparte maraj k vivantaj sur 
bordun	PIV	低音	Y		2	bas=低,bas=低	Plej basa sonorilo, kordo au^ orgentubo.
bras	PIV	帆索	Y		2	vel=帆	S^nuro fiksita c^e la pinto de jardo au^ gafo, por g^ustigi g^in.
brec^i	PIV	角砾岩	Y		2	petr=岩ᴾ,angul=角	Sedimenta, klasta petro, konsistanta el minimume 50% da angulaj rompitaj rokfragmentoj pli
brisur	PIV	标ᴮ	Y		2	mark=标	Distinga marko, aldonita al iu blazono, por g^in distingi de la blazono de la c^efa hereda
bugr	PIV	肛交ᴮ	Y		2	sodomi=肛交	(tr (transitiva)) (fm (familiara, familiare)) Sodomii. Sin. (sinonimo) anuskoiti, pugfiki.
cerebr	PIV	脑ᶜᴿ	Y		2	encefal=脑ᴱ	(cerebrum) La supra parto de la encefalo, kun siaj hemisferoj k pedunkloj
ciper	PIV	草ᶜᴾ	Y	Y	2	herb=草	G. (Genro) (Cyperus el ciperacoj) de unu-k plur-jaraj herboj kun malgrandaj, ne okulfrapaj
cipre	PIV	宝贝	Y	Y	2	konk=贝	G. (Genro) (Cypraea) de gastropodoj kun belkolora, porcelaneca konko.
cisticerk	PIV	囊尾虫	Y	Y	2	larv=幼虫,teni=条虫,vost=尾,vezik=囊	Larvo de iuj tenioj, enkistig^anta en muskoloj k cerbo k karakterizata de vosta veziko, ki
cug	PIV	铁杉	Y	Y	2	abi=杉	G. (Genro) (Tsuga el pinacoj) de koniferaj arboj kun malgrandaj, dense sidaj pingloj, kies
c^ement	PIV	牙骨质	Y		2	substanc=质,dentin=齿质	1 Malmola substanco, formanta la eksteran tavolon de la dentoradikoj. Vd dentino. 2 Produk
c^ir	PIV	卷须	Y	Y	2	volv=卷	1 Maldika, volva organo de grimpaj plantoj, per kiu ili alkroc^ig^as
c^izoj	PIV	剪ᶜ̂	Y		2	tond=剪,tond=剪	Speco de fortika tondilo, por tranc^i el metalfolio, tondi ladon ktp (kaj tiel plu).
dentin	PIV	齿质	Y		2	substanc=质,dent=齿,c^ement=牙骨质,dent=齿	(dentinum) Malmola substanco k histo de la dentoj de vertebruloj (samkonsista kiel eburo),
desapont	PIV	失望	Y		2	esper=望	(tr (transitiva)) Ne kontentigi la esperojn de iu.
detrit	PIV	碎屑	Y		2	fragment=碎	Mineralo au^ fragmento de mineralo, de roko au^ de fosilio, devenanta el la erozio de kont
difeomorf	PIV	微分同胚	Y		2	difeomorfi=微分同胚,sam=同,difeomorfi=微分同胚,difeomorfi=微分同胚	(pp (se paroli pri) geometria objekto) Tia, ke ekzistas difeomorfio inter la objekto k ali
diskrimin	PIV	辨ᴰᴷ	Y		2	disting=辨,disting=辨	(ntr (netransitiva)) 1 Distingi inter pluraj kazoj. 2 Distingi inter pluraj frekvencoj.
dracen	PIV	龙血树	Y	Y	2	arb=树	G. (Genro) (Dracaena el dracenacoj) de arboj k trunkarbustoj ofte multabranc^aj, kun glav-
draj^	PIV	根芽	Y	Y	2	s^os=芽,radik=根	S^oso, kiu kreskas el radiko k per kies replantado oni rapide povas reprodukti planton, ek
efedrin	PIV	麻黄碱	Y		2	alkaloid=碱似	Alkaloido el efedro, ekstraktata i.a. (interalie, inter aliaj) el C^inia efedro, C 10 H 15
ekvipotencial	PIV	等势	Y		2	egal=等,potencial=势	Regiono de egala potencialo.
enkau^stik	PIV	蜡画	Y		2	vaks=蜡,vaks=蜡	1 Farbo varme diluita en vakso. 2 S^miraj^o, konsistanta c^efe el vakso k terebintoleo, k 
epik	PIV	史诗ᴱᴷ	Y		2	poezi=诗	Poezio, kiu esprimas k revivigas la sperton de tuta popolo au^ epoko.
epoksi	PIV	环氧	Y		2	cikl=环	Triatoma ciklo, ege strec^a k reakciema
etuv	PIV	炉ᴱ	Y		2	forn=炉	Speciala forno, diversmaniere uzata
eu^metrop	PIV	正视	Y		2	ĝust=正	(pp (se paroli pri) okulo) Tia, ke, estante en neakomodo, la lumradioj, venantaj de malpro
fag^	PIV	吞ᶠ	Y		2	bakteriofag^=菌吞ᴮᴳ̂	Mll de bakteriofag^o.
file	PIV	里脊	Y		2	spin=脊	1 Karnoric^a peco de bovo, bovido, kapreolo ks (kaj simile, kaj similaj), detranc^ebla de 
flameng	PIV	火烈鸟	Y	Y	2	fenikopter=鸟	Fenikoptero. -> flamengofloro.
frakt	PIV	分形	Y		2	figur=形	Geometria figuro kun ric^a detala strukturo je ajne malgranda skalo, ofte tro malregula po
galin	PIV	鸡ᴳ	Y	Y	2	kok=鸡	G. (Genro) (Gallus) de birdoj, al kiu apartenas i.a. (interalie, inter aliaj) la koko.
glikogen	PIV	糖原	Y		2	glukoz=糖	Polisakarido, (C 6 H 10 O 5) n, trovebla precipe en la hepato k muskoloj, k transformebla 
gofr	PIV	压花	Y		2	punt=花边	(tr (transitiva)) Enpremi per varma ilo (mal)reliefajn ornamaj^ojn (ondumetojn, krispojn, 
goliard	PIV	游学	Y		2	student=学	Unu el la migrantaj kleruloj (studentoj, klerikoj ks (kaj simile, kaj similaj)), kiuj en l
granulom	PIV	粒瘤	Y		2	tumor=瘤	Nomo de inflamaj tumoroj, kau^zataj de diversaj infektoj, i.a. (interalie, inter aliaj) tu
greb	PIV	潜鸟ᴳᴿ	Y	Y	2	podicip=潜鸟ᴾ	Podicipo k parencaj g-oj (genroj), akvolog^aj.
hals	PIV	帆索ᴴ	Y		2	vel=帆	Takelo au^ s^nuro c^e la antau^a malsupra angulo de velo, por plistrec^i la antau^an rando
hesperornit	PIV	黄昏鸟	Y	Y	2	bird=鸟	G. (Genro) (Hesperornis) de dentohavaj birdoj el malfrua kretaceo de N Ameriko.
hidatid	PIV	包虫	Y	Y	2	larv=幼虫,ekinokok=虫ᴱᴷ,cisticerk=囊尾虫	Larvo de ekinokoko, en formo de granda veziko kun multaj skoleksoj en la interno. Vd cisti
hierodul	PIV	庙奴	Y		2	templ=庙	Junulo au^ junulino, kiu devis log^i dum difinita tempo interne de templo k tie sin dedic^
hif	PIV	菌丝	Y	Y	2	fung=菌,miceli=菌ᴹᴱ	Fadenforma elemento de funga micelio.
holoste	PIV	硬骨	Y	Y	2	skelet=骨	Superordo (Holostei) de aktinopterigaj fis^oj kun parte osteca skeleto. Vd kondrosteoj, te
homotet	PIV	位似	Y		2	homoteti=位似,homoteti=位似	(pp (se paroli pri) geometria figuro) Estanta grandigita au^ malgrandigita bildo senrotaci
homotop	PIV	同伦	Y		2	homotopi=同伦,homotopi=同伦	(pp (se paroli pri) geometria figuro au^ spaco) Estanta kontinue deformita bildo de alia, 
ikt	PIV	拍ᴵ	Y		2	takt=拍ᵀ	1En la antikva metriko, bato kiu akompanis la fortan eron de takto au^ piedo. 2En la g^erm
impos^t	PIV	拱座	Y		2	volb=拱	1 Eltranc^ita s^tonego, g^enerale iom elstaranta, sur kiu kus^as unu malsupra ekstremaj^o 
iskiat	PIV	坐神	Y		2	nerv=神经,iski=坐骨,nerv=神经	Grava miksa nervo, sendanta motorajn fibrojn al muskoloj de femuro, kruro k piedo, k ricev
jodl	PIV	假声	Y		2	voĉ=声	(ntr (netransitiva)) Kanti kun rapida alterno de kap-k brust-voc^o
karakal	PIV	耳猫	Y	Y	2	link=山猫	Sp. (Specio) de linko (Lynx caracal), vivanta en dezertoj de Afriko k S Azio.
karcinom	PIV	癌ᴷᴿ	Y		2	kancer=癌	Epitelia kancera variaj^o.
karis	PIV	假虎刺	Y	Y	2	dorn=刺	G. (Genro) (Carissa el apocinacoj) de 37 sp-oj (specioj) de tropikaj, dornaj trunkarbustoj
karj	PIV	山核桃	Y	Y	2	drup=核果,jugland=核桃,drup=核果	G. (Genro) (Carya el juglandacoj) de falfoliaj, monoikaj arboj kun folioj, virseksaj ament
kasi	PIV	腊肠树	Y	Y	2	arb=树	G. (Genro) (Cassia el fabacoj) de arboj kun plume kunmetaj folioj k kun flavaj, rozaj au^ 
kiromanci	PIV	手相	Y		2	man=手	Au^gurado surbaze de la formo k la linioj de mano.
klejstogam	PIV	闭花	Y	Y	2	flor=花,ferm=闭,flor=花	(pp (se paroli pri) floro au^ florplanto) Karakterizata de fekundig^o (memfekundig^o), oka
klimaks	PIV	顶ᴷᴷ	Y		2	supr=顶	1 La lasta termo de gradacio. 2 (f (figurasence)) Plej supra punkto, apogeo
klozet	PIV	厕ᴷ	Y		2	latrin=厕	Necesejo, ordinare kun pelvo k akvos^pruco. Vd latrino.
knut	PIV	鞭ᴷ	Y		2	vip=鞭	Mallonga ledrimena vipo, uzata en Rusio por peli brutojn
kobr	PIV	眼镜蛇	Y	Y	2	serpent=蛇,naj=蛇ᴺ	Kn (Kolektiva nomo) de la venenaj serpentoj el la g. (genro) najo k parencaj g-oj (genroj)
kokle	PIV	耳蜗	Y		2	orel=耳	(cochlea) Spiralforma osta kanalo, parto de la interna orelo. Sin. (sinonimo) heliko.
konvikt	PIV	判ᴷⱽ	Y		2	juĝ=判	(tr (transitiva)) Pro konvinkaj pruvoj jug^i kulpa en proceso
koril	PIV	木ᴷᴵ	Y	Y	2	arbust=灌木	G. (Genro) (Corylus el betulacoj) de monoikaj plantoj - arbustoj, pli malofte arboj - kun 
korm	PIV	茎叶体	Y	Y	2	korp=体,tig=茎,foli=叶	1 Vegeta korpo de la superaj plantoj, konsistanta el radiko, tigo k folioj. Vd talo. 2 (ev
krin	PIV	颈毛	Y		2	har=毛	C^iu el la longaj haroj de c^evala, leona ktp (kaj tiel plu) kolhararo au^ vosto.
kromatin	PIV	染色质	Y		2	substanc=质	C^elnuklea kolorigebla substanco, konsistanta el DNA k proteinoj (histonoj)
ksantom	PIV	黄瘤	Y		2	flav=黄	Flava hau^ta tumoreto el lipidplenaj c^eloj.
kurar	PIV	箭毒	Y		2	venen=毒	Drasta vegetaj^a veneno, estiganta muskolan paralizon, uzata de la Indianoj por venenigi s
kurm	PIV	果ᴷᴿ	Y	Y	2	aliz=果	Speco de pirforma sorpo, flava, rug^eta au^ bruneta, nur tromature mang^ebla, uzata por ko
kvik	PIV	麦草	Y	Y	2	elitrigi=草ᴱᴵ,elitrigi=草ᴱᴵ	1 (ss (striktasence)) Sp. (Specio) ordinara elitrigio. 2 (vs (vastasence)) Elitrigio.
kvivit	PIV	鸣ᴷ	Y		2	pep=鸣ᴾ	Tiu krieto
lamprid	PIV	月鱼	Y	Y	2	fiŝ=鱼	Granda mara fis^o (unuspecia g. (genro) Lampris guttatus), pelage vivanta en varmaj maroj;
lapil	PIV	火砾	Y		2	vulkan=火山	Lafero, inter 2−60 mm (milimetro(j)) dimensia, els^prucigita de vulkanoj. Vd bombo, cindro
leandr	PIV	虾ᴸᴺ	Y	Y	2	salikok=虾,krangon=虾ᴷᴺ,pandal=虾ᴾᴰ	G. (Genro) (Leander, sin. (sinonimo (de latinscienca nomo)) Palaemon) de malgrandaj marbor
ligatur	PIV	结扎	Y		2	lig=结	1 a) Fadeno, per kiu oni ligas sangan vaskulon, kiun oni sekcis. b) Tiu ligado mem k ties 
lime	PIV	青柠	Y	Y	2	limon=柠檬,limed=甜柠	1 Sp. (Specio) de citruso (Citrus aurantiifolia), arbeto hejma en E Azio, parenca al limon
limed	PIV	甜柠	Y	Y	2	lime=青柠	1 Sp. (Specio) de citruso (Citrus limetta), arbo kun fruktoj similaj al citronoj, sed pli 
litiaz	PIV	结石ᴸ	Y		2	kalkulus=结石	Formig^o de s^tonetoj (kalkulusoj) en unu glando, veziko ktp (kaj tiel plu)
metamer	PIV	段ᴹ	Y	Y	2	segment=段ˢ,segment=段ˢ	1 Segmento 2. 2 Segmento de embrio.
midriaz	PIV	散瞳	Y		2	pupil=瞳	Dilatig^o de la pupiloj.
midz	PIV	舔吸	Y		2	lek=舔,suĉ=吸	(tr (transitiva)) Voluptocele leki k suc^i ies penison
miksin	PIV	鱼ᴹᴷ	Y	Y	2	petromiz=鱼	G. (Genro) (Myxine) de maraj senmakzeluloj sen okuloj k kun unu paro da brankaj truoj; la 
mioz	PIV	缩瞳	Y		2	pupil=瞳	Mallarg^ig^o de la pupilo.
nau^tik	PIV	航ᴺᵁ̆	Y		2	navigaci=航	Arto de la navigacio.
neoten	PIV	幼ᴺ	Y		2	larv=幼虫	Konservanta larvajn au^ junecajn karakterojn, kvankam kapabla sin reprodukti
neritik	PIV	浅海	Y		2	mar=海	La parto de maro, kus^anta super la kontinenta breto.
notakant	PIV	刺背	Y	Y	2	dors=背	G. (Genro) (Notacanthus) de teleosteaj fis^oj el Mediteraneo k Antarkto, kun longa korpo, 
nova	PIV	新星	Y		2	stel=星	Stelo, kiu - pro eksploda forj^eto de siaj eksteraj tavoloj en progresinta fazo de sia evo
oks	PIV	牛ᴼ	Y		2	tau^r=牡牛,bov=牛	Kastrita tau^ro. Vd bovo. -> oksovostosupo.
oratori	PIV	清唱剧	Y		2	oper=歌剧	Verko, kutime religia, analoga al opero, sed sen agado, scenaj^o k kostumoj.
ovi	PIV	羊ᴼ	Y	Y	2	ŝaf=羊	G. (Genro) (Ovis) de mamuloj el la ordo de parhufuloj, fam. (familio) de bovedoj, al kiu a
palatin	PIV	宫伯	Y		2	graf=伯	Grafo, havanta en sia graflando la saman jurisdikcion, kiel aliloke la reg^o
pamp	PIV	原ᴾᴾ	Y	Y	2	step=草原,preri=草原ᴾ	S-Amerika stepo. Vd prerio.
pastern	PIV	系部	Y		2	part=部	Parto de c^evalkruro super la hufo, responda al la unuaj du falangoj. Vd fanono.
patn	PIV	梁ᴾ	Y		2	trab=梁,c^evron=梁	C^iu el la horizontalaj traboj, kus^antaj sur la gabloj k la trusoj k portantaj la c^evron
pemikan	PIV	干肉	Y		2	viand=肉	Preparaj^o el sekigita k pistita viando, miksita kun graso, por longa konservado.
pilor	PIV	幽门	Y		2	kardj=胃门	(pylorus) Duodena orifico de la stomako. Vd kardjo.
pjel	PIV	肾盆	Y		2	pelv=盆,ren=肾	(pelvis renalis) Rena pelveto, c^e la komenco de la uretero.
pluvi	PIV	鸟ᴾⱽ	Y	Y	2	karadri=鸟ᴷᴵ	Kn (Kolektiva nomo) de sp-oj (specioj) de karadrio (Charadrius) k de parenca g. (genro) (P
podicip	PIV	潜鸟ᴾ	Y	Y	2	bird=鸟,greb=潜鸟ᴳᴿ	G. (Genro) (Podiceps) de akvolog^aj birdoj, kies kruroj trovig^as tuj antau^ la vosto, k k
preg	PIV	压ᴾᴳ	Y		2	prem=压	(tr (transitiva)) Doni definitivan formon al metalpeco, premante g^in, sub tre forta premo
propriocept	PIV	体感	Y		2	korp=体	(tr (transitiva)) Percepti la pozicion k movojn de sia propra korpo k de ties partoj
prospektor	PIV	探矿	Y		2	esplor=探,esplor=探	Homo, kiu pli-malpli science serc^as la ercohavajn regionojn, precipe pri oro k nafto.
psok	PIV	咬虫	Y	Y	2	insekt=虫,pedik=虫	G. (Genro) (Psocus) de malgrandaj insektoj iom similaj al pedikoj, sed flugilohavaj k viva
pubi	PIV	耻骨ᴾᴵ	Y		2	pub=耻骨,iski=坐骨	(os pubis) Antau^a parto de la koksosto. Sin. (sinonimo) pubosto. Vd ilio, iskio.
pudend	PIV	阴部	Y		2	part=部	Parto, kiu etendig^as de la pubo g^is la anuso, k entenas c^e viro la penison k skroton, c
puerper	PIV	产后	Y		2	akuŝ=产	Rilata al la akus^o k al la periodo, kiu tuj sekvas g^in
redoks	PIV	氧减	Y		2	oksid=氧化	Duopo, konsistanta el du atomoj, jonoj au^ molekuloj, unu reduktanta, la alia oksidanta, k
rekvizit	PIV	道具	Y		2	mebl=具ᴹ	Objekto (meblo, ilo kc (kaj ceteraj)) necesa por plenumado de iu sceno
resus	PIV	猴ᴿ	Y	Y	2	makak=猴,magot=猴ᴹ	Sp. (Specio) de makako (Macaca mulatta, sin. (sinonimo (de latinscienca nomo)) M. rhesus),
rizofor	PIV	红树ᴿ	Y	Y	2	arb=树,mangl=红树	G. (Genro) (Rhizophora el rizoforacoj) de dau^rafoliaj arboj k trunkarbustoj kun interplek
rota	PIV	皇院	Y		2	tribunal=法院,pap=教皇	Eklezia tribunalo de la papo, i.a. (interalie, inter aliaj) pri geedzaj demandoj.
rugin	PIV	刮ᴿ	Y		2	skrap=刮	Kirurgia skrapilo, uzata precipe por disigi la perioston disde la osto.
sabin	PIV	杜松ˢ	Y	Y	2	juniper=杜松,juniper=杜松	Sp. (Specio) de junipero (Juniperus sabina) el la montaroj de Eu^ropo k U Azio, venena, ku
salp	PIV	海桶	Y	Y	2	mar=海	G. (Genro) (Salpa) de tunikuloj, malgrandaj, barelformaj, senkoloraj, pelage vivantaj en m
saltier	PIV	带ˢ	Y		2	ruband=带,kordon=带	Rubando, kordono au^ ornama c^eno, kiun oni portas c^irkau^ la kolo, k kiu pendas pinte su
sapot	PIV	人心果	Y	Y	2	ber=浆果,ber=浆果	1 Alia, nelegitima nomo (Sapota) de la g. (genro) manilkaro. 2 Sp. (Specio) de manilkaro (
seroz	PIV	浆膜	Y		2	membran=膜	Membrano, konsistanta el du lamenoj (parieta k viscera), entenanta kavon, kiu ne komunikig
sfenisk	PIV	企鹅ˢ	Y	Y	2	pingven=企鹅	G. (Genro) (Spheniscus) de pingvenoj, vivantaj en S Afriko k Galapagoj.
sial	PIV	硅铝	Y		2	silici=硅,alumini=铝	La supra parto de la kontinenta terkrusto, konsistanta el petroj ric^aj je silicio (Si) k 
silen	PIV	蝇子草	Y	Y	2	herb=草	G. (Genro) (Silene el kariofilacoj) de plantoj - unu-k plur-jaraj herboj k kelkaj arbustet
simbrank	PIV	鱼ˢᴬ	Y	Y	2	fiŝ=鱼	G. (Genro) (Synbranchus, sin. (sinonimo (de latinscienca nomo)) Symbranchus) de S Amerikaj
sinklinal	PIV	向斜	Y		2	antiklinal=背斜	Konkava parto de falto. Vd antiklinalo.
sit	PIV	鸟ˢᴵ	Y	Y	2	bird=鸟	G. (Genro) (Sitta) de birdoj el la ordo de paseroformaj, kun blugriza dorso, kapablaj grim
skalen	PIV	斜角	Y		2	oblikv=斜,klin=斜	Nomo de pluraj oblikvaj muskoloj, kiuj levas la ripojn k klinas la kolan vertebraron
skistosom	PIV	血虫ˢ	Y	Y	2	verm=虫ⱽ	G. (Genro) (Schistosoma) de parazitaj vermoj el trematodoj, kies fadenforma ino restas en 
sklerot	PIV	巩膜	Y	Y	2	membran=膜,korne=角膜	1 (sclera) Fibreca membrano, kiu konsistigas la s^elon de la okulglobo, k estas, en sia an
skold	PIV	责ˢ	Y		2	riproĉ=责	(tr (transitiva)) Riproc^e admoni
skorpen	PIV	蝎鱼	Y	Y	2	fiŝ=鱼,fiŝ=鱼	G. (Genro) (Scorpaena) de fis^oj el la ordo de skorpenoformaj, kies nag^ilostoj havas vene
skovel	PIV	刷ˢᴷ	Y		2	bros=刷	Cilindra raspa broso, fiksita c^e la ekstremo de stango au^ vergo, k servanta por purigi l
skrutini	PIV	检ˢ	Y		2	ekzamen=检,kontrol=检	Oficiala ekzameno de la voc^donoj por kontroli ties validecon k la ekzaktecon de ties kalk
soldanel	PIV	雪铃	Y	Y	2	neĝ=雪	G. (Genro) (Soldanella el primolacoj) de malaltaj, plurjaraj herboj kun baza rozeto el int
solfeg^	PIV	唱名	Y		2	kant=唱,nom=名	Sistemo, kiu asocias c^iun tonon de la gamo kun aparta silabo (do, re, mi, fa, sol, la, si
sporotrik	PIV	菌ˢᴾ	Y	Y	2	fung=菌	G. (Genro) (Sporothrix) de neperfektaj fungoj; 23 tre disvastig^intaj sp-oj (specioj), el 
stimulin	PIV	激素ˢ	Y		2	hormon=激素,stimul=激	Organisma substanco (precipe pp (se paroli pri) hormono), kiu stimulas la agadon de organo
stink	PIV	臭ˢ	Y		2	fetor=臭	Malbonodora, fiodora, fetora.
strongil	PIV	圆虫	Y	Y	2	filari=丝虫	G. (Genro) (Strongylus) de nematodoj, parazitaj en diversaj animaloj. Vd filario.
sued	PIV	草ˢᴰ	Y	Y	2	herb=草,salsol=草ˢᴸ,salikorni=草ˢᴬᴸ	G. (Genro) (Suaeda el kenopodiacoj) de salejaj plantoj - unu-k plur-jaraj herboj k arbuste
sulfam	PIV	氨硫	Y		2	sulfamat=氨硫盐	Radiko de sulfamata acido (en kunmetaj^oj).
s^ibu	PIV	柿涩	Y		2	kakinok=柿ᴷ	Bruna, taninoric^a, strange odoranta suko el nematura frukto de kakinoko, uzata en Japanio
s^oh^t	PIV	屠ˢ̂	Y		2	buĉ=屠	(tr (transitiva)) Buc^i lau^ la hebrea rito.
s^ort	PIV	短裤ˢ̂	Y		2	kulot=短裤	Mallonga kuloto, plejofte el tolo, nilono ks (kaj simile, kaj similaj), portata de sportis
s^raman	PIV	苦僧	Y		2	asket=苦行	1 (ss (striktasence)) Hinda asketo ekster la bramana tradicio. 2 (vs (vastasence)) En kelk
talam	PIV	丘脑	Y		2	cerb=脑	(thalamus) Nomo de du dikaj kernoj de griza substanco, situantaj ambau^flanke de la tria c
teba	PIV	鸦片ᵀ	Y		2	opi=鸦片	(ark. (arkaismo, arkaisme)) Rilata al opio
tenar	PIV	鱼际	Y		2	hipotenar=亚鱼际	(thenar) Elstaraj^o en la manplato c^e la bazo de la polekso. Vd hipotenaro.
tribunus	PIV	官ᵀ	Y		2	oficir=军官	1 C^iu el la du (origine) g^is dek (lastatempe) Romaj oficistoj, elektitaj de la plebo, po
trikofit	PIV	毛癣菌	Y	Y	2	fung=菌	G. (Genro) (Trichophyton) de c^. (c^irkau^) 20 sp-oj (specioj) de mikroskopaj, neperfektaj
umbr	PIV	鱼ᵁ	Y	Y	2	fiŝ=鱼	G. (Genro) (Umbra) de fis^oj el la fam. (familio) de umbredoj, ordo de salmonoformaj, malg
upas	PIV	毒木	Y		2	venen=毒,venen=毒	Tre forta vegetaj^a veneno, uzata de Malajoj por veneni siajn sagojn.
urat	PIV	尿酸盐	Y		2	sal=盐,acid=酸,urin=尿	Unu el la saloj de la urata acido, kiu povas precipitig^i en la organismo, au^ en la artik
urus^i	PIV	漆ᵁ	Y	Y	2	lak=漆	1 Sp. (Specio) de sumako (Rhus verniciflua) el mezvarma E Azio, arbo el kies fruktoj oni e
uve	PIV	葡萄膜	Y		2	membran=膜,iris=虹膜,koroid=脉膜	La vaskula membrano de la okulo, formita de la iriso, ciliara korpo k koroido. Sin. (sinon
vajd	PIV	蓝ⱽ	Y	Y	2	blu=蓝,indig=蓝	1 Tinktura izatido. 2 Blua kolorilo, ricevita per fermentigo de vajdo 1, parenca al indigo
vajr	PIV	松鼠皮	Y		2	pelt=皮	Pelto, prezentata per vicoj de helmetformaj bildoj, alterne lazuraj k arg^entaj.
veksil	PIV	旗ⱽ	Y		2	flag=旗	Speco de flago en formo de kvadrata s^tofo, fiksita per s^nuro al horizontala trabeto, kiu
vokoid	PIV	元ⱽᴰ	Y		2	vokal=元	Parolsono, dum kies prononco la aero fluas el la bus^o super la meza parto de la lango sen
vrak	PIV	残船	Y		2	ŝip=船	1 Ruino de s^ipo, aviadilo au^ alia veturilo, kus^anta sur la grundo. 2 Veturilo, kies res
mikot	PIV	菌ᴹᴵ	Y	Y	2	fung=菌	Suf. (Sufikso), uzata por formi nomojn de filumoj c^e la fungoj
afrodit	PIV	虫ᴬᴰ	Y	Y	2	anelid=虫,verm=虫ⱽ,nereid=虫ᴺᴿ	G. (Genro) (Aphrodita) de anelidoj el la klaso de poliketoj; mallongaj dikaj vermoj kun be
andre	PIV	苔ᴬ	Y	Y	2	musk=苔	G. (Genro) (Andreaea el andreacoj) de muskoj, kies kapsulo dehiskas per 4 (au^ pli ol 4) l
as^ok	PIV	木ᴬˢ̂	Y	Y	2	sarak=木ˢᴿ	Sp. (Specio) de sarako (Saraca asoka) el Hindio k Malajzio, dau^rafolia arbo kun belaj, de
eritre	PIV	草ᴱᵀ	Y	Y	2	centau^ri=草ᶜᵁ̆,centau^ri=草ᶜᵁ̆	1 Sp. (Specio) de centau^rio (Centaurium erythraea) el Eu^ropo, kun rozkoloraj floroj, med
korifen	PIV	鱼ᴷᴿ	Y	Y	2	fiŝ=鱼	G. (Genro) (Coryphaena) de maraj fis^oj el la ordo de perkoformaj, kun kruta frunto k long
paris	PIV	草ᴾᴿ	Y	Y	2	herb=草	G. (Genro) (Paris el triliacoj) de plurjaraj herboj, kies tigo portas unu verticilon el 4(
sagitari	PIV	草ˢᴳ	Y	Y	2	herb=草	G. (Genro) (Sagittaria el alismacoj) de dolc^akvaj, plurjaraj herboj kun superakvaj folioj
veronik	PIV	草ⱽᴺ	Y	Y	2	herb=草,bekabung=草ᴮᴷ	G. (Genro) (Veronica el skrofulariacoj) de unu-k plur-jaraj herboj kun radformaj, dustamen
abiogenez	PIV	无生源	Y		1	biogenez=生源	(ark. (arkaismo, arkaisme)) Spontana generado; estig^o de la vivo el neorganika materio. V
abutil	PIV	草ᴬᴮ	Y	Y	1	herb=草	G. (Genro) (Abutilon el malvacoj) de pli ol 100 sp-oj (specioj) de arbustoj k unu-k plur-j
adaptometri	PIV	适测	Y		1	mezur=测	Mezuro de la retina adaptig^emo.
adenit	PIV	腺炎	Y		1	gland=腺,inflam=炎	Kn (Kolektiva nomo) de la glandaj inflamoj.
adenoidit	PIV	腺似炎	Y		1	inflam=炎	Inflamo de la adenoidaj vegetaj^oj.
adenpati	PIV	腺病	Y		1	gland=腺	C^iu afekcio de glando.
adenopati	PIV	腺病ᴬᴼ	Y		1	gland=腺	C^iu afekcio de glando.
adipogenez	PIV	脂源	Y		1	gras=脂	Formig^o de graso 1 c^e animaloj.
aeremi	PIV	气血	Y		1	aer=气,sang=血	Enesto de libera aero en la sango k difektoj kau^zataj de g^i
aerogram	PIV	气图	Y		1	diagram=通图,atmosfer=气ᴬᵀ	1 Malpeza aerpos^ta letero, ekspedata je reduktita prezo. 2Speciala diagramo de la rilato 
aerolog	PIV	气学家ᴬ	Y		1	aerologi=气学ᴬ	Spertulo pri aerologio.
aerologi	PIV	气学ᴬ	Y		1	atmosfer=气ᴬᵀ	Scienco pri la esplorado de la altaj aertavoloj en la atmosfero.
aerometri	PIV	气测	Y		1	aer=气	Scienco pri la fizikaj ecoj de la aero.
agami	PIV	鸟ᴬᴳ	Y	Y	1	bird=鸟	Sp. de birdo (Psophia crepitans) el la ordo de gruformaj, vivanta en S Ameriko.
agatid	PIV	木ᴬᴳ	Y	Y	1	lign=木,kau^ri=木ᴷᵁ̆,damar=木ᴰᴹ	G. (Genro) (Agathis, sin. (sinonimo (de latinscienca nomo)) Dammara, el arau^kariacoj) de 
agerat	PIV	菊ᴬᴳ	Y	Y	1	eu^patori=菊ᴱᵁ̆	G. (Genro) (Ageratum el asteracoj), parenca al eu^patorio, de arbustoj k de unu-k plur-jar
air	PIV	草ᴬᴿ	Y	Y	1	herb=草	G. (Genro) (Aira el poacoj) de unujaraj herboj kun 2-floraj spiketoj en paniklo; c^. (c^ir
aizo	PIV	草ᴬᶻ	Y	Y	1	herb=草	G. (Genro) (Aizoon el aizoacoj) de 11 sp-oj (specioj) de plurjaraj herboj el Afriko, SU Az
ajapan	PIV	菊ᴬᴶ	Y	Y	1	eu^patori=菊ᴱᵁ̆	G. (Genro) (Ayapana el asteracoj), tre parenca al eu^patorio, de 14 sp-oj (specioj) el tro
ajug	PIV	草ᴬᴶ	Y	Y	1	herb=草	G. (Genro) (Ajuga el lamiacoj) de plurjaraj herboj kun kruce kontrau^e duopaj folioj k kun
akantias	PIV	鱼ᴬᴷ	Y	Y	1	fiŝ=鱼	Sp. (Specio) (Squalus acanthias) de s^arko, griza k blanka, kun akra pikilo antau^ c^iu el
akantocefal	PIV	刺头	Y	Y	1	kap=头	Filumo (Acanthocephala) de vermoj similaj al nematodoj, sen bus^o k sen intesto, sed kun e
akebi	PIV	木ᴬᴷ	Y	Y	1	arbust=灌木	G. (Genro) (Akebia el Lardizabalaceae) de volvig^antaj arbustoj kun mane kunmetaj, 3−5-fol
akeronti	PIV	虫ᴬᴵ	Y	Y	1	atropos=虫ᴬᴾ,atropos=虫ᴬᴾ	G. (Genro) (Acherontia) de noktpapilioj el la fam. (familio) de sfingedoj, i.a. (interalie
akinezi	PIV	无动	Y		1	mov=动	Malfacileco au^ neebleco de movoj.
akme	PIV	顶ᴬ	Y		1	kulmin=顶	1 Tiu periodo de malsano, en kiu la simptomoj atingas la maksimumon de intenso. 2 Kulmina 
akor	PIV	草ᴬᴼ	Y	Y	1	herb=草	G. (Genro) (Acorus el akoracoj) de plurjaraj herboj kun horizontala rizomo, klingoformaj f
akrocefal	PIV	锐头	Y	Y	1	kap=头	G. (Genro) (Acrocephalus) de birdoj el la ordo de paseroformaj, fam. (familio) de silviedo
akroh^ord	PIV	蛇ᴬᴷ	Y	Y	1	serpent=蛇	Reptilio (g. (genro) Acrochordus) el la subordo de serpentoj, senvenena, vivanta en akvo c
akronim	PIV	锐名	Y		1	nom=名	Vorto konsistanta el la komencliteroj de kompleksa nomo komerca, scienca, politika ktp (ka
aksolotl	PIV	蛙ᴬᴷ	Y	Y	1	ambistom=蛙ᴬᴹ	La larvo de la Meksika ambistomo, kapabla sin reprodukti. -> neotena.
akte	PIV	草ᴬᵀ	Y	Y	1	herb=草,herb=草	G. (Genro) (Actaea el ranunkolacoj) de 8 sp-oj (specioj) de plurjaraj herboj el Eu^ropo, A
aktinomicet	PIV	射菌	Y		1	fung=菌,mikobakteri=菌菌	1 G. (Genro) (Actinomyces) el la grupo de aktinomicetoj. 2 Ano de la aktinomicetoj.
aland	PIV	鱼ᴬᴰ	Y		1	idus=鱼ᴵ	(evi (evitinda)) = iduso.
alatern	PIV	木ᴬᴱ	Y	Y	1	ramn=木ᴿᴹ,arbust=灌木	Sp. (Specio) de ramno (Rhamnus alaternus) el la Mediteranea regiono k Krimeo, arbusto au^ 
albugineit	PIV	白膜炎	Y		1	inflam=炎,albugine=白膜	Inflamo de albugineo(j).
alced	PIV	鸟ᴬᴸ	Y	Y	1	bird=鸟,alcion=翠鸟	G (Alcedo) de birdoj el la ordo de koraciformaj, kun verda k lazura koloroj k longa, rekta
aleator	PIV	偶ᴬᴸ	Y		1	hazard=偶	Rilata al hazardo; loteca.
alektor	PIV	鸟ᴬᴿ	Y	Y	1	bird=鸟,perdrik=鸟	G. (Genro) (Alectoris) de birdoj parencaj al perdriko 1, sed kun vizag^o ne rufa k kun rug
aleu^rod	PIV	虫ᴬᵁ̆	Y	Y	1	insekt=虫	G. (Genro) (Aleyrodes, sin. (sinonimo (de latinscienca nomo)) Aleurodes) de insektoj el la
algolog	PIV	藻学家	Y		1	algologi=藻学	Specialisto pri algologio.
algologi	PIV	藻学	Y		1	alg=藻	Scienco, pri la algoj.
algiolog	PIV	痛学家	Y		1	algiologi=痛学	Specialisto pri algiologio.
algiologi	PIV	痛学	Y		1	dolor=痛	Parto de medicino pri la doloroj k ilia kuracado.
aliari	PIV	草ᴬᴬ	Y	Y	1	sizimbri=草ˢᶻ,herb=草	G. (Genro) (Alliaria el brasikacoj), parenca al sizimbrio, de herboj, kies folioj frotate 
alis	PIV	草ᴬᴸ	Y	Y	1	herb=草	G. (Genro) (Alyssum el brasikacoj) de herboj k arbustetoj, kies folioj surhavas pli-malpli
alkalometri	PIV	碱测	Y		1	alkal=碱	Titrado per alkaloj, au^ dozado de alkaleco.
alkekeng	PIV	茄ᴬ	Y	Y	1	fizalid=茄ᶠ	Sp. (Specio) de fizalido (Physalis alkekengi), plurjara herbo el Azio k SE Eu^ropo, kun bl
alkoholat	PIV	醇盐	Y		1	sal=盐,alkohol=醇,alkohol=醇	Metala salo de alkoholo 1.
alkoholemi	PIV	醇血	Y		1	alkohol=醇,sang=血	C^eesto de etila alkoholo (etanolo) en la sango
alkoholometr	PIV	醇计	Y		1	alkohol=醇	Mezurilo por taksi la enhavon je alkoholo.
alokazi	PIV	草ᴬᴸᴼ	Y	Y	1	herb=草	G. (Genro) (Alocasia el arumacoj) de plurjaraj, ofte rizomaj herboj kun grandaj folioj; c^
alopekur	PIV	草ᴬᴸᴼᴾ	Y	Y	1	herb=草	G. (Genro) (Alopecurus el poacoj) de unu-k plur-jaraj herboj kun ovoida au^ cilindra, mult
alotrofi	PIV	异养	Y		1	nutr=养	Stato, en kiu organaj substancoj (albumino, fibrino k.a. (kaj aliaj)) perdis siajn normala
altometri	PIV	高测	Y		1	geodezi=测地	Parto de la geodezio koncernanta la mezuradon de altaj^oj, alireblaj au^ ne.
ambistom	PIV	蛙ᴬᴹ	Y	Y	1	aksolotl=蛙ᴬᴷ	G. (Genro) (Ambystoma) de amfibioj el la ordo de urodeloj, el kiu kelkaj sp-oj (specioj) o
amblistom	PIV	蛙ᴬˢ	Y		1	ambistom=蛙ᴬᴹ	(ark. (arkaismo, arkaisme)) = ambistomo.
ameloz	PIV	糊糖	Y		1	glukoz=糖,amel=糊	Polisakarido, polimero de glukozo, (C 6 H 5 O 5) n, unu el la du c^efaj konsistaj^oj de am
amelanc^	PIV	木ᴬᶜ̂	Y	Y	1	arbust=灌木	G. (Genro) (Amelanchier el rozacoj) de 33 sp-oj (specioj) de N-hemisferaj arboj k arbustoj
amofil	PIV	草ᴬᶠ	Y	Y	1	herb=草	G. (Genro) (Ammophila el poacoj) de plurjaraj herboj, kreskantaj en la marsabloj, kun long
amok	PIV	狂ᴬ	Y		1	frenez=狂	Speco de freneza murdemo, iam trovig^anta en la malajaj popoloj
amom	PIV	姜ᴬ	Y	Y	1	kardamom=姜ᴷᴰ,eletari=姜ᴱ	G. (Genro) (Amomum el zingibracoj) de plurjaraj tropikaj herboj kun horizontala, aroma riz
ampelopraz	PIV	葱ᴬᴹ	Y	Y	1	alium=葱ᴬᴸ,pore=葱,pore=葱	1 Kf. (Kultivoformo) de aliumo (Allium ampeloprasum gr. (grupo) Ampeloprasum), legomo plur
anagir	PIV	木ᴬᴺ	Y	Y	1	arbust=灌木	G. (Genro) (Anagyris el fabacoj) de arbustoj; 1 au^ 2 Mediteraneaj k Kanariaj sp-oj (speci
anakardi	PIV	木ᴬᴺᴬᴷ	Y	Y	1	arbust=灌木	G. (Genro) (Anacardium el anakardiacoj) de arbetoj k arbustoj, kies frukto (s^ajnfrukto) k
anakond	PIV	蛇ᴬ	Y	Y	1	boa=蛇,piton=巨蛇	Grandega sufokserpento (Eunectes murinus) el la N parto de S Ameriko, vivanta en akvo. Vd 
anakoret	PIV	隐ᴬ	Y		1	ermit=隐	Religiulo vivanta en solejo. Vd ermito, dezertulo.
anamirt	PIV	木ᴬᴺᴬ	Y	Y	1	kokl=木ᴷᴷ,kokl=木ᴷᴷ	G. (Genro) (Anamirta el menispermacoj), parenca al koklo, de nur unu sp. (A. cocculus), di
anarik	PIV	鱼ᴬᴿ	Y	Y	1	fiŝ=鱼	G. (Genro) (Anarhichas) de bongustaj fis^oj el la ordo de perkoformaj, subordo de blenioid
anastatik	PIV	草ᴬᴺᴬ	Y	Y	1	herb=草	G. (Genro) (Anastatica el brasikacoj) de nur unu sp. (A. hierochuntica) el la dezertoj de 
andropogon	PIV	草ᴬᴺᴰ	Y	Y	1	herb=草,cimbopogon=草ᶜᴮ	G. (Genro) (Andropogon el poacoj) de unu-k plur-jaraj herboj kun unufloraj spiketoj en pan
androzac	PIV	草ᴬᶜ	Y	Y	1	herb=草	G. (Genro) (Androsace el primolacoj) de c^. (c^irkau^) 100 sp-oj (specioj) de unu-k du-jar
aneksit	PIV	并炎	Y		1	inflam=炎	Inflamo de aneksaj^oj, tute aparte pp (se paroli pri) la uteraj aneksaj^oj (ovarioj, salpi
anemogram	PIV	风图	Y		1	vent=风	Registrilfolio, sur kiu estas au^tomate registrata la forto de la vento.
anemometri	PIV	风测	Y		1	mezur=测,vent=风	Tiu parto de la meteologio pri la mezuro de vento-forto k -direkto.
angiit	PIV	脉炎ᴬ	Y		1	angi=脉ᴬᴺ,inflam=炎	Kn (Kolektiva nomo) de c^iuj angiaj inflamoj.
angiologi	PIV	脉学	Y		1	angi=脉ᴬᴺ	Fako de anatomio pri la angioj.
angiosperm	PIV	脉种	Y	Y	1	sem=种,sem=种	Unu el la du filumoj de la spermatofitoj (flor-au^ sem-plantoj), karakterizata de ovolo(j)
anoksemi	PIV	无氧血	Y		1	oksigen=氧生,sang=血	Manko de oksigeno en sango.
anoksi	PIV	无氧	Y		1	oksigen=氧生	Manko de oksigeno en histoj.
antiar	PIV	木ᴬᵀ	Y	Y	1	upas=毒木	G. (Genro) (Antiaris el morusacoj) de nur unu sp. (A. toxicaria) el Afriko k Azio, tropika
antiklinal	PIV	背斜	Y		1	sinklinal=向斜	Konveksa parto de falto. Vd sinklinalo.
antilid	PIV	豆ᴬᴺ	Y	Y	1	gus^=豆	G. (Genro) (Anthyllis el fabacoj) de unu-k plur-jaraj herboj k de tufarbustoj kun diversko
antistrof	PIV	抗节	Y		1	strof=节ˢᵀ	En la helena h^oro, kanto metrike egala al la strofo, situanta post g^i k antau^ la epodo
antoksant	PIV	草ᴬᴺᵀᴼ	Y	Y	1	herb=草	G. (Genro) (Anthoxanthum el poacoj) de unu-k plur-jaraj herboj kun spiketoj en spikforma p
antr	PIV	洞ᴬ	Y		1	kavern=洞,kav=洞	1 Kaverno. 2 Kavernoforma kavo de iuj organoj
antrisk	PIV	伞ᴬᴿ	Y	Y	1	cerefoli=伞	G. (Genro) (Anthriscus el apiacoj) de herboj kun folioj plume dividaj k kun blankaj floroj
antropofag	PIV	人吞	Y		1	kanibal=食人	Homo, kiu en difinitaj okazoj mang^as la karnon de alia homo Vd kanibalo.
anturi	PIV	草ᴬᴺᵀ	Y	Y	1	herb=草	G. (Genro) (Anthurium el arumacoj) de plurjaraj herboj kun simplaj au^ mane kunmetaj folio
anuri	PIV	无尿	Y		1	urin=尿	Halto de la urina sekrecio.
aortit	PIV	主脉炎	Y		1	inflam=炎,aort=主脉	Inflamo de la aortaj tunikoj.
apatosau^r	PIV	龙ᴬᴾ	Y	Y	1	dinosau^r=恐龙	G. (Genro) (Apatosaurus) de herbomang^antaj dinosau^roj el la ordo sau^riskioj, el malfrua
apios	PIV	豆ᴬᴾ	Y	Y	1	gus^=豆	G. (Genro) (Apios el fabacoj) de plurjaraj herboj kun tuberaj radikoj, volve grimpaj tigoj
apocin	PIV	草ᴬᴾ	Y	Y	1	herb=草	G. (Genro) (Apocynum el apocinacoj) de plurjaraj herboj; c^. (c^irkau^) 12 sp-oj (specioj)
arabidops	PIV	草ᴬᴿᴬᴮ	Y	Y	1	herb=草	G. (Genro) (Arabidopsis el brasikacoj) de 15-20 sp-oj (specioj) de herboj el la N hemisfer
arabis	PIV	草ᴬᴿᴬ	Y	Y	1	herb=草	G. (Genro) (Arabis el brasikacoj) de unu-, du-k plur-jaraj herboj kun blankaj, rozaj, blua
araknoidit	PIV	蛛膜炎	Y		1	inflam=炎,araknoid=蛛膜	Inflamo de la araknoido.
arali	PIV	木ᴬᴿ	Y	Y	1	arbust=灌木	G. (Genro) (Aralia el araliacoj) de falfoliaj arboj k arbustoj kun ofte dornaj tigoj, kun 
arbologi	PIV	树学	Y		1	arb=树	Scienco pri arboj k arbustoj.
arenari	PIV	草ᴬᴿᴱ	Y	Y	1	herb=草	G. (Genro) (Arenaria el kariofilacoj) de malaltaj, unu-au^ plur-jaraj herboj kun g^enerale
argani	PIV	木ᴬᴬ	Y	Y	1	lign=木	G. (Genro) (Argania el sapotacoj) de nur unu sp. (A. spinosa) el Maroko, dau^rafolia, dorn
argemon	PIV	草ᴬᴳ	Y	Y	1	herb=草	G. (Genro) (Argemone el papavacoj) de plantoj - unu-, du-k plur-jaraj herboj k unu tufarbu
arkan	PIV	秘ᴬ	Y		1	sekret=秘	1 Sekreta instruo au^ rito, rezervita al inicitoj. 2 Taroka karto
arketip	PIV	原型ᴬ	Y		1	original=原,tip=型	1 Eterna ideo, modelo de la estaj^oj. 2 Originalo, sur kiu oni kopiis la ceterajn manuskri
arktostafil	PIV	木ᴬᴼ	Y	Y	1	arbust=灌木	G. (Genro) (Arctostaphylos el erikacoj) de arbustetoj, arbustoj k arbetoj kun simplaj, led
armadel	PIV	兽ᴬᴿ	Y	Y	1	dazipod=兽ᴰᶻ	1 Kn (Kolektiva nomo) de la mamuloj, apartenantaj al la fam. (familio) de dazipodedoj. 2 S
armadilidi	PIV	虾ᴬ	Y	Y	1	onisk=虾	G. (Genro) (Armadillidium) de krustacoj, parencaj al onisko.
armeri	PIV	草ᴬᴱ	Y	Y	1	herb=草	G. (Genro) (Armeria el plumbagacoj) de malaltaj, tufig^antaj plantoj - plurjaraj herboj k 
armoraci	PIV	草ᴬᴿᴹ	Y	Y	1	herb=草	G. (Genro) (Armoracia el brasikacoj) de plurjaraj herboj kun tubera radiko, kun folioj kut
arsenid	PIV	矿化	Y		1	arsen=矿	Kombinaj^o de metalo k arseno, ekz. (ekzemple) K 3 As.
arteriit	PIV	脉炎ᴬᴿ	Y		1	inflam=炎,arteri=脉ᴬ	Inflamaj lezoj de la arterioj.
arteriektomi	PIV	脉除	Y		1	arteri=脉ᴬ	Desekco de arteria fragmento.
artroz	PIV	节症	Y		1	artik=节	Neinflama kronika afekcio de la artikoj.
artrologi	PIV	节学	Y		1	artik=节	Anatomia fako pri la artikoj.
artropod	PIV	节足	Y	Y	1	artik=节,miriapod=万足	Filumo (Arthropoda) de senvertebraj animaloj, kies korpo konsistas el ringoformaj segmento
arum	PIV	草ᴬᴹ	Y	Y	1	herb=草	G. (Genro) (Arum el arumacoj) de venenaj, plurjaraj herboj kun tuberforma rizomo, portanta
arund	PIV	草ᴬᴰ	Y	Y	1	donak=草ᴰᴷ,donak=草ᴰᴷ	G. (Genro) (Arundo el poacoj), parenca al fragmito, de kanoj kun dikaj, fortikaj, 2−6 m al
arunk	PIV	草ᴬᵁ	Y	Y	1	herb=草	G. (Genro) (Aruncus el rozacoj), parenca al spireo, de nur unu sp. (A. dioicus) de granda 
arvikol	PIV	鼠ᴬᴿ	Y	Y	1	mikrot=鼠ᴹᴷ	G. (Genro) (Arvicola) de rong^uloj parencaj al mikroto, havantaj mallongajn oreloj n, fosa
askomicet	PIV	囊菌	Y		1	askomikot=囊菌ᴬᴷ	(ark. (arkaismo, arkaisme)) = askomikotoj.
askomikot	PIV	囊菌ᴬᴷ	Y		1	fung=菌,hif=菌丝,ask=囊ᴬ	Filumo (Ascomycota) de superaj fungoj, kun septaj hifoj k kun sporoj naskig^antaj interne 
aspartat	PIV	天冬盐	Y		1	sal=盐	Salo de aspartata acido, HOOC-CH 2-CH(NH 2)-COOH, unu el la 20 c^efaj aminacidoj de la pro
aspidistr	PIV	草ᴬˢᴾ	Y	Y	1	herb=草	G. (Genro) (Aspidistra el konvalacoj) de plurjaraj, dau^rafoliaj herboj kun rampa rizomo, 
aspr	PIV	粗ᴬ	Y		1	krud=粗	Prezentanta krude raspecan supraj^on
astilb	PIV	草ᴬˢᵀ	Y	Y	1	herb=草	G. (Genro) (Astilbe el saksifragacoj) de plurjaraj herboj kun multegaj, malgrandaj floroj 
astrakant	PIV	木ᴬˢᵀ	Y	Y	1	arbust=灌木	G. (Genro) (Astracantha el fabacoj) parenca al astragalo, de dornaj, ofte kusenformaj arbu
astre	PIV	菌ᴬ	Y	Y	1	gasteromicet=胃菌,fung=菌,geastr=菌ᴳ,geastr=菌ᴳ	G. (Genro) (Astraeus el astreacoj el gasteromicetoj) de fungoj, aspektantaj kiel geastroj,
atmosferografi	PIV	气志	Y		1	atmosfer=气ᴬᵀ,klimat=气候	Priskribo de la atmosfero k g^iaj influoj al la tero, ties vegetaj^oj, klimato ktp (kaj ti
atmosferologi	PIV	气学ᴬᵀ	Y		1	atmosfer=气ᴬᵀ,veter=气,meteologi=气学	Scienco pri la atmosfero k ties influoj al la vetero, esenca parto de la meteologio.
atropos	PIV	虫ᴬᴾ	Y	Y	1	akeronti=虫ᴬᴵ,raŭp=毛虫	Plej konata sp. de akerontio (Acherontia atropos), kun krani-simila desegnaj^o sur la tora
au^brieti	PIV	草ᴬᵁ̆	Y	Y	1	herb=草	G. (Genro) (Aubrietia el brasikacoj) de tre malaltaj, kvazau^ tapis^formantaj, plurjaraj h
au^k	PIV	鸟ᴬᵁ̆	Y	Y	1	uri=鸟ᵁᴿ	G. (Genro) (Alca) de N-Atlantikaj nag^birdoj el la ordo de karadriformaj, kun alta beko, p
au^kume	PIV	木ᴬᵁ	Y	Y	1	lign=木	G. (Genro) (Aucoumea el burseracoj) de nur unu sp. (A. klaineana), alta arbo el tropika U 
au^rikulari	PIV	菌ᴬᵁ̆	Y	Y	1	fung=菌	G. (Genro) (Auricularia el au^rikulariacoj) de glathimeniaj fungoj, kies pli-malpli gelate
au^tomorfi	PIV	自形	Y		1	izomorfi=等形ᴵᴵ	Izomorfio de objekto sur g^in mem.
aviceni	PIV	木ᴬᶜ	Y	Y	1	arbust=灌木,mangrov=木ᴹⱽ	G. (Genro) (Avicennia el verbenacoj) de 4−7 sp-oj (specioj) de arbustoj, log^antaj en mang
avikulari	PIV	蛛ᴬⱽ	Y	Y	1	migal=蛛	G. (Genro) (Avicularia, sin. (sinonimo (de latinscienca nomo)) Mygale) de tropikaj grandaj
avocet	PIV	鸟ᴬⱽ	Y	Y	1	bird=鸟	Sp. (Specio) (Recurvirostra avosetta) de birdo el la ordo de karadriformaj, fam. (familio)
azarol	PIV	木ᴬᶻ	Y	Y	1	kratag=木	Sp. (Specio) de kratago (Crataegus azarolus), E-Mediteranea trunkarbusto kultivata por fru
azimen	PIV	木ᴬᴵ	Y	Y	1	arbust=灌木	G. (Genro) (Asimina el anonacoj) de arbustoj k malgrandaj arboj kun beroj; 8 sp-oj (specio
azotemi	PIV	氮血	Y		1	azot=氮,sang=血	Kvanto de azotaj ekskreciaj substancoj (ureo, uratoj ktp (kaj tiel plu)) en la sango
azoturi	PIV	氮尿	Y		1	azot=氮,ure=尿素,urat=尿酸盐,urin=尿	Kvanto de azotaj ekskreciaj substancoj (ureo, uratoj ktp (kaj tiel plu)) en la urino
bakteriolog	PIV	菌学家ᴮ	Y		1	bakteriologi=菌学	Sciencisto pri bakteriologio.
bakteriofag^	PIV	菌吞ᴮᴳ̂	Y		1	bakteri=菌ᴮ,fag^=吞ᶠ	Viruso, kiu reproduktig^as en bakteria c^elo. Sin. (sinonimo) fag^o.
balanit	PIV	藤壶炎	Y		1	inflam=炎,balan=藤壶	Inflamo de la balana mukozo.
balat	PIV	木ᴮᵀ	Y	Y	1	manilkar=木ᴹᴬ,manilkar=木ᴹᴬ,guta=木ᴳᵀ	1 Sp. (Specio) de manilkaro (Manilkara bidentata, sin. (sinonimo (de latinscienca nomo)) M
balenopter	PIV	鲸翅	Y	Y	1	cetac=鲸,bart=鲸须,balen=鲸	G. (Genro) (Balaenoptera) de cetacoj kun bartoj anst. (anstatau^) dentoj k kun dorsa nag^i
balote	PIV	草ᴮᴸ	Y	Y	1	herb=草	G. (Genro) (Ballota el lamiacoj) de plurjaraj, vilaj herboj kun purpuretaj au^ blankaj flo
balzamit	PIV	菊ᴮᶻ	Y	Y	1	tanacet=菊	Sp. (Specio) de tanaceto (Tanacetum balsamita, sin. (sinonimo (de latinscienca nomo)) Bals
bambuz	PIV	竹ᴮᶻ	Y	Y	1	bambu=竹	Tipa g. (genro) (Bambusa el poacoj) de bambuoj; c^. (c^irkau^) 120 sp-oj (specioj) el trop
bangific	PIV	藻藻ᴮ	Y	Y	1	bangi=藻ᴮ,porfur=藻ᴾ	Klaso (Bangiophyceae el rodofitoj) de rug^algoj lau^strukture relative simplaj, unuc^elaj,
bangiofic	PIV	藻藻ᴮᴼ	Y	Y	1	bangi=藻ᴮ,porfur=藻ᴾ	Klaso (Bangiophyceae el rodofitoj) de rug^algoj lau^strukture relative simplaj, unuc^elaj,
barbare	PIV	草ᴮᴮ	Y	Y	1	herb=草	G. (Genro) (Barbarea el brasikacoj) de du-k plur-jaraj herboj kun flavaj floroj en apeksaj
batometri	PIV	深测	Y		1	mezur=测,profund=深	Scienco pri la mezuro de la profundoj.
bau^hini	PIV	木ᴮᵁ̆	Y	Y	1	arbust=灌木	G. (Genro) (Bauhinia el fabacoj) de c^. (c^irkau^) 300 sp-oj (specioj) de tropikaj arboj, 
bazament	PIV	基ᴮᴹ	Y		1	baz=基	Ampleksa bazo de monumento, palaco, granda konstruaj^o ks (kaj simile, kaj similaj).
bazidimicet	PIV	担子菌	Y		1	bazidimikot=担子菌ᴮᴷ	Precipa klaso (Basidiomycetes) de la bazidimikotoj.
bazidiomicet	PIV	担子菌ᴮᴼ	Y		1	bazidimikot=担子菌ᴮᴷ	Precipa klaso (Basidiomycetes) de la bazidimikotoj.
bazidimikot	PIV	担子菌ᴮᴷ	Y		1	fung=菌,agarik=菌,likoperd=菌ᴸᴷ,tremel=菌ᵀᴹ,ustilag=菌ᵁᵀ	Filumo (Basidiomycota) de superaj fungoj bazidihavaj; c^. (c^irkau^) 16 000 sp-oj (specioj
bazidiomikot	PIV	担子菌ᴮᶻ	Y		1	fung=菌,agarik=菌,likoperd=菌ᴸᴷ,tremel=菌ᵀᴹ,ustilag=菌ᵁᵀ	Filumo (Basidiomycota) de superaj fungoj bazidihavaj; c^. (c^irkau^) 16 000 sp-oj (specioj
bazili	PIV	草ᴮᶻ	Y	Y	1	ocim=草ᴼ,herb=草	Sp. (Specio) de ocimo (Ocimum basilicum), unujara, bonodora herbo, kies fres^aj au^ sekigi
bekabung	PIV	草ᴮᴷ	Y	Y	1	veronik=草ⱽᴺ,herb=草	Sp. (Specio) de veroniko (Veronica beccabunga), plurjara, akveja herbo kun pli-malpli kus^
bemeri	PIV	草ᴮᴱ	Y	Y	1	herb=草,rami=草ᴿᴹ	G. (Genro) (Boehmeria el urtikacoj) de plurjaraj herboj, arbustoj k arboj, monoikaj au^ di
benzinometr	PIV	汽油计	Y		1	benzin=汽油	En veturilo, indikilo pri la nivelo de la benzino.
beret	PIV	帽ᴮᴱ	Y		1	ĉap=帽,biret=帽	Ronda plata c^apo el drapo, uzata origine de eu^skaj kampuloj, k poste de diverslandaj lab
bernikl	PIV	鸟ᴮᴿ	Y	Y	1	bird=鸟	Sp. (Specio) (Branta bernicla) de relative malgranda, arkta birdo el la ordo de anseroform
bertoleti	PIV	木ᴮᴿ	Y	Y	1	lecitid=木ᴸᶜ	G. (Genro) (Bertholletia el lecitidacoj) de nur unu sp. (B. excelsa) de arbo el tropika S 
biskutel	PIV	草ᴮᵁ	Y	Y	1	herb=草	G. (Genro) (Biscutella el brasikacoj) de c^. (c^irkau^) 40 sp-oj (specioj) de unu-k plur-j
bismutat	PIV	金盐ᴮ	Y		1	sal=盐,bismut=金	Salo de bismuta acido, HBiO 3 au^ H 3 BiO 4.
bistort	PIV	草ᴮᵀ	Y	Y	1	herb=草	Sp. (Specio) de poligono vs (vastasence) (Persicaria bistorta, sin. (sinonimo (de latinsci
blapt	PIV	虫ᴮᴾ	Y	Y	1	insekt=虫	G. (Genro) (Blaps) de insektoj el la ordo de koleopteroj, kiuj eliras precipe nokte; ne ma
blastomicet	PIV	胚菌	Y	Y	1	fung=菌,fung=菌	G. (Genro) (Blastomyces) de mitozosporaj fungoj.
bleti	PIV	兰ᴮ	Y	Y	1	orkide=兰	G. (Genro) (Bletia el orkidacoj) de plurjaraj terlog^aj orkideoj kun plursegmentaj tuberoj
bobolink	PIV	鸟ᴮᴮ	Y	Y	1	bird=鸟	Sp. (Specio) (Dolichonyx oryzivorus) de birdo el la ordo de paseroformaj, multkolora kun f
bomben	PIV	蛙ᴮᴹ	Y	Y	1	bombinator=蛙ᴮᵀ	G. (Genro) (Bombina, sin. (sinonimo (de latinscienca nomo)) Bombinator) de malgrandaj Eu^r
bombicil	PIV	鸟ᴮᴹ	Y	Y	1	bird=鸟,bird=鸟	G. (Genro) (Bombycilla) de birdoj el la ordo de paseroformaj birdoj, kun silkeca plumaro t
bombinator	PIV	蛙ᴮᵀ	Y		1	bomben=蛙ᴮᴹ	(ark. (arkaismo, arkaisme)) = bombeno.
bonazi	PIV	鸟ᴮᶻ	Y	Y	1	bird=鸟,lagop=鸟ᴸᴳ,tetraon=鸟	Sp. (Specio) (Bonasa bonasia, sin. (sinonimo (de latinscienca nomo)) Tetrastes b.) de bird
bonit	PIV	鱼ᴮᴺ	Y	Y	1	fiŝ=鱼	Kn (Kolektiva nomo) de diversaj, ne tre grandaj sp-oj (specioj) de fis^oj el la fam. (fami
bops	PIV	鱼ᴮᴾ	Y	Y	1	fiŝ=鱼	Fis^o (unuspecia g. (genro) Boops boops) el la ordo de perkoformaj, kun grandaj okuloj k m
borat	PIV	矿盐	Y		1	sal=盐	Salo de borata acido, H 3 BO 3.
bosveli	PIV	木ᴮˢ	Y	Y	1	lign=木	G. (Genro) (Boswellia el burseracoj) de balzamaj arboj kun nepare kunmetaj folioj k kun fl
botrit	PIV	菌ᴮᴿ	Y	Y	1	fung=菌	G. (Genro) (Botrytis) de mikroskopaj, neperfektaj fungoj kun unuc^elaj konidioj arig^intaj
botrop	PIV	蛇ᴮ	Y	Y	1	serpent=蛇,krotal=蛇	G. (Genro) (Bothrops) de venenaj serpentoj, vivantaj en tropika Ameriko, parencaj al krota
boviste	PIV	菌ᴮⱽ	Y	Y	1	likoperd=菌ᴸᴷ	G. (Genro) (Bovista el likoperdacoj) de bazidifungoj kun globforma, ferma bazidiujo tute s
bri	PIV	苔ᴮ	Y	Y	1	musk=苔	G. (Genro) (Bryum el briacoj) kosmopolita de c^. (c^irkau^) 1 050 sp-oj (specioj) de musko
brifit	PIV	苔植	Y		1	musk=苔	Filumo, ampleksanta la muskojn k hepatmuskojn; c^. (c^irkau^) 22 000 sp-oj (specioj) el 1 
bromeli	PIV	草ᴮᴵ	Y	Y	1	herb=草	G. (Genro) (Bromelia el bromeliacoj) de plurjaraj herboj kun mallonga tigo, kiu portas den
bromus	PIV	草ᴮˢ	Y	Y	1	herb=草,gres=牧草	G. (Genro) (Bromus el poacoj) de herboj unu-k plur-jaraj, kun spiketoj en simpla au^ branc
bronkoskop	PIV	支镜	Y		1	bronk=支ᴮ	Aparato, por esplorrigardi la internon de la bronkoj.
bronkoskopi	PIV	支镜ᴮᴵ	Y		1	bronkoskop=支镜	Esplorado per bronkoskopo.
brosm	PIV	鱼ᴮᴹ	Y	Y	1	fiŝ=鱼	Mara fis^o (unuspecia g. (genro) Brosme brosme) el la ordo de gadoformaj, fam. (familio) d
brum	PIV	雾ᴮ	Y		1	nebul=雾	Malklarig^o de la atmosfero pro akva vaporo, kun vidodistanco de pli ol 1 km (kilometro). 
brunel	PIV	草ᴮᴺ	Y	Y	1	herb=草	G. (Genro) (Prunella, sin. (sinonimo (de latinscienca nomo)) Brunella, el lamiacoj) de 4 s
brunfelsi	PIV	木ᴮᶠ	Y	Y	1	arbust=灌木	G. (Genro) (Brunfelsia el solanacoj) de dau^rafoliaj arboj k arbustoj kun alternaj, ledeca
bucer	PIV	鸟ᴮᶜ	Y	Y	1	bird=鸟,bird=鸟	G. (Genro) (Buceros) de birdoj el la fam. (familio) de upupedoj, vivantaj en SE Azio, kara
bufag	PIV	鸟ᴮᶠ	Y	Y	1	bird=鸟	G. (Genro) (Buphagus) de Afrikaj birdoj el la ordo de paseroformaj, fam. (familio) de stur
bufon	PIV	丑ᴮ	Y		1	arleken=丑,histrion=丑,klau^n=丑,pajac=丑	Persono, ordinare misforma (nano, g^ibulo ks (kaj simile, kaj similaj)), kiun reg^oj au^ n
buftalm	PIV	菊ᴮᶠ	Y	Y	1	aster=菊	G. (Genro) (Buphthalmum el asteracoj) de plurjaraj herboj kun flavaj, radiaj kapituloj sim
bugenvil	PIV	木ᴮⱽ	Y	Y	1	arbust=灌木	G. (Genro) (Bougainvillea el niktagacoj) de grimpaj arbustoj kun pli-malpli dornaj tigoj, 
bukorak	PIV	鸟ᴮᴷ	Y		1	bucer=鸟ᴮᶜ	(ark. (arkaismo, arkaisme)) = bucero.
bungar	PIV	蛇ᴮᴺ	Y	Y	1	serpent=蛇,serpent=蛇,krajt=蛇ᴷᴿ	G. (Genro) (Bungarus) de serpentoj el la fam. (familio) de elapedoj, vivantaj en S Azio, s
bupleu^r	PIV	伞ᴮ	Y	Y	1	umbel=伞	G. (Genro) (Bupleurum el apiacoj) de plantoj - unu-, du-k plur-jaraj herboj k tufarbustoj 
buprest	PIV	虫ᴮᵀ	Y	Y	1	insekt=虫	Insekto (Buprestis k parencaj g-oj (genroj)) el la ordo de koleopteroj; vivas precipe en v
bursit	PIV	囊炎	Y		1	inflam=炎,burs=囊ᴮ	Inflamo de seroza burso.
burser	PIV	木ᴮᵁ	Y	Y	1	arbust=灌木	G. (Genro) (Bursera el burseracoj) de falfoliaj arboj k arbustoj kun tre odora suko ric^a 
buterometr	PIV	黄油计	Y		1	buter=黄油	Aparato, por difini la entenon de butero je graso.
butom	PIV	草ᴮᴹ	Y	Y	1	herb=草	G. (Genro) (Butomus el butomacoj) de nur unu sp. (B. umbellatus), plurjara herbo kun longa
cece	PIV	虫ᶜ	Y	Y	1	glosin=虫ᴳᴺ	Vulgara nomo de la glosino.
cecidomi	PIV	虫ᶜᴰ	Y	Y	1	insekt=虫,larv=幼虫	Insekto (Cecidomyia k parencaj g-oj (genroj)) el la ordo de dipteroj, iom parenca al kulo;
cedrel	PIV	木ᶜᴰ	Y	Y	1	ailant=木,lign=木	G. (Genro) (Cedrela el meliacoj) de arboj similaj al ailanto, kun longaj plume kunmetaj fo
ceib	PIV	木ᶜ	Y	Y	1	baobab=木,bombak=木棉ᴮ	G. (Genro) (Ceiba el bombakacoj) de tropikaj falfoliaj arboj, parenca al baobabo k bombako
celastr	PIV	木ᶜᵀ	Y	Y	1	evonim=木	G. (Genro) (Celastrus el celastracoj) de tropikaj k subtropikaj lianoj kun fruktoj similaj
celtid	PIV	木ᶜᴸ	Y	Y	1	lign=木	G. (Genro) (Celtis el ulmacoj) de arboj k trunkarbustoj, fal-au^ dau^ra-foliaj, g^enerale 
cenobit	PIV	僧ᶜ	Y		1	monah^=僧	Monah^o vivanta en komunumo, kontraste al anakoreto
centau^ri	PIV	草ᶜᵁ̆	Y	Y	1	herb=草,eritre=草ᴱᵀ	G. (Genro) (Centaurium el gencianacoj) de unu-, du-k plur-jaraj herboj kun integraj, senpe
centrant	PIV	草ᶜᴱ	Y	Y	1	herb=草	G. (Genro) (Centranthus el valerianacoj) de unu-, du-k plur-jaraj herboj, kies floroj, cum
cepol	PIV	鱼ᶜ	Y	Y	1	fiŝ=鱼	G. (Genro) (Cepola) de maraj fis^oj el la ordo de perkoformaj, kiuj havas tre malgrandajn 
cerambik	PIV	虫ᶜᴹ	Y	Y	1	insekt=虫	G. (Genro) (Cerambyx) de insektoj el la ordo de koleopteroj, kun tre longaj antenoj, vivan
cerast	PIV	蛇ᶜ	Y	Y	1	serpent=蛇	G. (Genro) (Cerastes) de malgrandaj N-Afrikaj k SU-Aziaj serpentoj el la fam. (familio) de
cerasti	PIV	草ᶜˢ	Y	Y	1	herb=草	G. (Genro) (Cerastium el kariofilacoj) de unu-k plur-jaraj herboj malgrandaj, g^enerale vi
cercid	PIV	木ᶜᴿ	Y	Y	1	lign=木	G. (Genro) (Cercis el fabacoj) de falfoliaj arboj k trunkarbustoj kun rozaj, violetaj au^ 
cerkari	PIV	虫ᶜᴿ	Y	Y	1	larv=幼虫,fasciol=虫	Vostohava larvo de iuj trematodoj, i.a. (interalie, inter aliaj) fasciolo.
certi	PIV	鸟ᶜᴿ	Y	Y	1	bird=鸟	G. (Genro) (Certhia) de birdoj el la ordo de paseroformaj, kun longa, kurba beko, grimpant
cestr	PIV	木ᶜˢ	Y	Y	1	arbust=灌木	G. (Genro) (Cestrum el solanacoj) de staraj au^ grimpaj arbustoj kun alternaj, simplaj fol
ceterak	PIV	羊齿ᶜ	Y	Y	1	aspleni=羊齿ᴬˢ,filik=羊齿	Sp. (Specio) de asplenio (Asplenium ceterach), filiko kun longformaj, plume sed alterne kv
cetoni	PIV	虫ᶜᵀ	Y	Y	1	insekt=虫	G. (Genro) (Cetonia) de insektoj el la ordo de koleopteroj, parenca al skarabo; la sp-oj (
cezalpini	PIV	木ᶜᶻ	Y	Y	1	lign=木	G. (Genro) (Caesalpinia el fabacoj) de arboj k trunkarbustoj kun plejofte dornaj branc^oj,
cianat	PIV	青盐	Y		1	sal=盐	Salo au^ organika derivaj^o de cianata acido HOCN.
cicindel	PIV	虫ᶜᶜ	Y	Y	1	insekt=虫,larv=幼虫	G. (Genro) (Cicindela) de insektoj el la ordo de koleopteroj, kiuj havas longan, mallarg^a
cikadomorf	PIV	蝉形	Y	Y	1	cikad=蝉	Subordo (Cicadomorpha) de insektoj el la ordo de hemipteroj, ampleksanta i.a. (interalie, 
ciklometr	PIV	环计	Y		1	taksimetr=车计	Instrumento por mezuri c^e rado la iritan vojlongon. Vd hodometro, taksimetro, kilometrilo
cimbalari	PIV	草ᶜᴹ	Y	Y	1	linari=草ᴸᴺ	G. (Genro) (Cymbalaria el skrofulariacoj), parenca al linario, diferenca de g^i i.a. (inte
cimbopogon	PIV	草ᶜᴮ	Y	Y	1	herb=草,andropogon=草ᴬᴺᴰ	G. (Genro) (Cymbopogon el poacoj) de plurjaraj, aromaj herboj ric^aj je esencoj (geraniolo
cimicifug	PIV	草ᶜᶜ	Y	Y	1	akte=草ᴬᵀ,herb=草	G. (Genro) (Cimicifuga el ranunkolacoj), tre parenca al akteo, de staraj, plurjaraj herboj
cinar	PIV	草ᶜᴺ	Y	Y	1	herb=草	G. (Genro) (Cynara el asteracoj) de plurjaraj herboj kun rozeto el suprendirektaj, grandaj
cinerari	PIV	菊ᶜᴺ	Y	Y	1	seneci=菊,seneci=菊	1 Hibrido (Pericallis × (hibrido (en latinscienca nomo)) hybrida el asteracoj), plurjara h
cinkl	PIV	鸟ᶜᴺ	Y	Y	1	bird=鸟	G. (Genro) (Cinclus) de birdoj el la ordo de paseroformaj, kun mallongaj vosto k flugiloj 
cinodont	PIV	草ᶜᴰ	Y	Y	1	herb=草	G. (Genro) (Cynodon el poacoj) kosmopolita de 8 sp-oj (specioj) de plurjaraj, rizomaj herb
cinoglos	PIV	草ᶜᴳ	Y	Y	1	herb=草	G. (Genro) (Cynoglossum el boragacoj) de unu-k precipe du-k plur-jaraj herboj pli-malpli h
cinozur	PIV	草ᶜᶻ	Y	Y	1	herb=草,gazon=草坪	G. (Genro) (Cynosurus el poacoj) de unu-k plur-jaraj herboj kun spiketoj duspecaj (floroha
circe	PIV	草ᶜᴿ	Y	Y	1	herb=草	G. (Genro) (Circaea el onagracoj) de plurjaraj herboj kun subteraj stolonoj, kun staraj ti
cirkaet	PIV	鸟ᶜᵀ	Y	Y	1	cirku=鸟ᶜᵁ	G. (Genro) (Circaetus) de rabobirdoj (el la fam. (familio) de akcipitredoj) kun strigosimi
cirku	PIV	鸟ᶜᵁ	Y	Y	1	bird=鸟	G. (Genro) (Circus) de birdoj el la ordo de falkoformaj, fam. (familio) de akcipitredoj, s
cirsi	PIV	菊ᶜᴿ	Y	Y	1	kardu=菊ᴷᴿ,kardu=菊ᴷᴿ	G. (Genro) (Cirsium el asteracoj) de unu-, du-k plur-jaraj herboj kun g^enerale dornaj tig
cistopterid	PIV	羊齿ᶜˢ	Y	Y	1	filik=羊齿,pterid=羊齿	G. (Genro) (Cystopteris el driopteridacoj) de malgrandaj filikoj kun 2−4-oble plume divida
citolog	PIV	胞学家	Y		1	citologi=胞学ᶜ	Specialisto pri citologio.
citologi	PIV	胞学ᶜ	Y		1	ĉel=胞,c^elologi=胞学	Scienco pri la strukturo k funkciado de la c^eloj. Sin. (sinonimo) c^elologio.
citoplasm	PIV	胞浆	Y		1	plasm=浆	C^elplasmo. Vd plasmo.
citotrop	PIV	胞向	Y		1	ĉel=胞	Afina al la c^eloj
citrat	PIV	柑盐	Y		1	sal=盐,citrus=柑	Salo de citrata acido, HOOC-C(OH)(CH 2-COOH)-CH 2-COOH, abunda en la fruktoj de la g. (gen
citrol	PIV	瓜ᶜ	Y	Y	1	kolocint=药瓜	G. (Genro) (Citrullus el kukurbacoj) de monoikaj au^ dioikaj, unu-au^ plur-jaraj lianoj ku
civetikt	PIV	兽ᶜ	Y	Y	1	civet=兽	Rabobesto (unuspecia g. (genro) Civettictis civetta, sin. (sinonimo (de latinscienca nomo)
c^ampinjon	PIV	菌ᶜ̂	Y	Y	1	agarik=菌,agarik=菌,fung=菌	Sp. (Specio) de agariko (duspora agariko), mang^ebla fungo kultivata, tre uzata en kuirart
c^erimoli	PIV	果ᶜ̂	Y	Y	1	frukt=果,frukt=果	1 Sp de anono (Annona cherimola, sin. (sinonimo (de latinscienca nomo)) A. cherimolia) el 
c^eti	PIV	鸟ᶜ̂	Y	Y	1	bird=鸟	1 G. (Genro) (Cettia) de malgrandaj birdoj el la ordo de paseroformaj, fam. (familio) de s
c^ifc^af	PIV	鸟ᶜ̂ᶠ	Y	Y	1	bird=鸟,fitis=鸟ᶠ	Sp. (Specio) de filoskopo (Phylloscopus collybita), birdo distingebla disde fitiso pro kan
c^ik	PIV	虫ᶜ̂	Y	Y	1	insekt=虫	Tropika insekto (unuspecia g. (genro) Tunga penetrans) el la ordo de afanipteroj; la ino e
dakriocistit	PIV	泪囊炎	Y		1	inflam=炎,dakriocist=泪囊	Inflamo de dakriocisto(j).
daktilis	PIV	草ᴰˢ	Y	Y	1	herb=草	G. (Genro) (Dactylis el poacoj) de 1−5 sp-oj (specioj) de plurjaraj herboj el Eu^ropo, Azi
dalbergi	PIV	木ᴰᴮ	Y	Y	1	lign=木,lign=木	G. (Genro) (Dalbergia el fabacoj) de tropikaj plantoj - arbetoj, trunkarbustoj k lignecaj 
damar	PIV	木ᴰᴹ	Y	Y	1	agatid=木ᴬᴳ,lign=木,agatid=木ᴬᴳ	1 Sp. (Specio) de agatido (Agathis dammara) el Malajzio, kultivata por ligno k Manila kopa
dau^k	PIV	伞ᴰ	Y	Y	1	umbel=伞	G. (Genro) (Daucus el apiacoj) de unu-k precipe du-jaraj herboj kun 2−3-oble plume dividaj
davali	PIV	羊齿ᴰ	Y	Y	1	filik=羊齿	G. (Genro) (Davallia el davaliacoj) de 34 sp-oj (specioj) de tropikaj k subtropikaj filiko
delikvesk	PIV	潮解ᴰ	Y		1	likvesk=潮解	(evi (evitinda)) = likveska.
demonologi	PIV	魔学	Y		1	demon=魔	Sistema priskribo de la naturo k la povoj de demonoj.
demonomani	PIV	魔狂	Y		1	frenez=狂	Vario de frenezo, en kiu la maniulo imagas sin demonhavanto.
dendrokronolog	PIV	树时学家	Y		1	dendrokronologi=树时学	Fakulo pri dendrokronologio.
densometri	PIV	密测	Y		1	dens=密	Tekniko de mezurado de densoj.
densteti	PIV	羊齿ᴰᴺ	Y	Y	1	filik=羊齿	G. (Genro) (Dennstaedtia el denstetiacoj) de c^. (c^irkau^) 45 sp-oj (specioj) de filikoj 
deoksi	PIV	从氧	Y		1	oksigen=氧生	Pref. (Prefikso) indikanta, ke c^e la koncerna molekulo mankas atomo(j) de oksigeno kompar
deport	PIV	逐ᴰ	Y		1	ekzil=逐	(tr (transitiva)) 1 Pune transporti al fora loko (eventuale kun submeto al trudlaboro). Vd
dermapter	PIV	皮翅	Y	Y	1	elitr=硬翅	Ordo (Dermaptera) de insektoj kun mallongaj elitroj k kies abdomeno finig^as per mola pinc
dermest	PIV	虫ᴰᴿ	Y	Y	1	insekt=虫	G. (Genro) (Dermestes) de insektoj el la ordo de koleopteroj; iuj sp-oj (specioj) vivas en
desmod	PIV	兽ᴰˢ	Y	Y	1	best=兽	G. (Genro) (Desmodus) de mamuloj el la ordo de kiropteroj (vespertuloj), vivantaj en S k C
did	PIV	鸟ᴰ	Y	Y	1	bird=鸟	Sp. (Specio) (Raphus cucullatus) de granda, dika ne flugkapabla birdo, el la ordo de kolom
dielektrikmetr	PIV	介电计	Y		1	dielektrik=介电	Aparato por mezuri la proprecojn de dielektriko.
difenbaki	PIV	草ᴰᴮ	Y	Y	1	herb=草	G. (Genro) (Dieffenbachia el arumacoj) de tre venenaj, plurjaraj herboj kun fortika tigo 2
difilobotri	PIV	虫ᴰᶠ	Y	Y	1	verm=虫ⱽ,teni=条虫,larv=幼虫	Sp. (Specio) (Diphyllobothrium latum, sin. (sinonimo (de latinscienca nomo)) Botriocephalu
digitari	PIV	草ᴰᴳ	Y	Y	1	herb=草	G. (Genro) (Digitaria el poacoj) de unu-k plur-jaraj herboj kun infloresko el spikoj fingr
digram	PIV	二字	Y		1	grafem=字ᴳ	Grupo de du grafemoj uzataj por prezenti unu fonemon
diktamn	PIV	草ᴰᵀ	Y	Y	1	fraksinel=草ᶠˢ,origan=香草,herb=草,origan=香草,origan=香草	1 G. (Genro) (Dictamnus el rutacoj) de nur unu sp. (D. albus). Vd fraksinelo. 2 Sp de orig
dione	PIV	草ᴰᴺ	Y	Y	1	herb=草	G. (Genro) (Dionaea el drozeracoj) de nur unu sp. (D. muscipula) el SE Usono, insekto-kapt
dioskore	PIV	草ᴰᴿ	Y	Y	1	herb=草	G. (Genro) (Dioscorea el dioskoreacoj) de alten volvig^antaj, plurjaraj, poligamiaj herboj
diplomologi	PIV	证学	Y		1	diplom=证	Scienco pri la malnovaj diplomoj el paleografia, formulara, historia ktp (kaj tiel plu) vi
diplopod	PIV	双足	Y	Y	1	miriapod=万足,kilopod=千足	Klaso (Diplopoda) de miriapodoj kun du paroj da kruroj sur c^iu segmento. Vd kilopodoj.
diskomicet	PIV	盘菌	Y	Y	1	askomikot=囊菌ᴬᴷ	Nenatura grupo de askomikotoj, kies askujoj estas apotecioj. Vd pirenomicetoj.
ditisk	PIV	虫ᴰ	Y	Y	1	insekt=虫	G. (Genro) (Dytiscus) de insektoj el la ordo de koleopteroj, kiuj vivas nag^ante en nesala
divertikulektomi	PIV	囊室除	Y		1	divertikul=囊室	Kirurgia fortranc^o de divertikulo.
donak	PIV	草ᴰᴷ	Y	Y	1	arund=草ᴬᴰ,arund=草ᴬᴰ	Sp. (Specio) de arundo (Arundo donax) el la Mediteranea regiono, kultivata k uzata kiel or
drab	PIV	草ᴰ	Y	Y	1	herb=草	G. (Genro) (Draba el brasikacoj) de unu-, du-k precipe plur-jaraj, malaltaj herboj kun elb
drimi	PIV	草ᴰᴹ	Y	Y	1	herb=草	G. (Genro) (Drimia el hiacintacoj) de plurjaraj herboj kun tunika bulbo; c^. (c^irkau^) 12
driopterid	PIV	羊齿ᴰᴿ	Y	Y	1	filik=羊齿	G. (Genro) (Dryopteris el driopteridacoj) de filikoj kun 1−4-oble plume kunmetaj folioj, p
dromaj	PIV	鸟ᴰᴶ	Y		1	dromice=鸟ᴰᴿ	(evi (evitinda)) = dromiceo.
dromice	PIV	鸟ᴰᴿ	Y	Y	1	bird=鸟,strut=鸵鸟	G. (Genro) (Dromiceius) de brunkoloraj Au^straliaj birdoj el la ordo de kazuaroformaj. Vd 
drozer	PIV	草ᴰᶻ	Y	Y	1	herb=草	G. (Genro) (Drosera el drozeracoj) de plurjaraj herboj insektomang^antaj, kun baza rozeto 
drozofil	PIV	虫ᴰᶻ	Y	Y	1	insekt=虫	G. (Genro) (Drosophila) de malgrandaj insektoj el la ordo de dipteroj.
dugong	PIV	兽ᴰᴳ	Y	Y	1	manat=兽	Unuspecia g. (genro) (Dugong dugong) de sirenoj; pluraj subsp-oj, vivantaj sur la marbordo
ecidi	PIV	菌ᴱᴰ	Y	Y	1	eci=菌ᴱ	1 Grupo (eksa g. (genro) Aecidium) de neperfektaj rustofungoj (uredaloj). 2 (evi (evitinda
efedr	PIV	木ᴱᶠ	Y	Y	1	arbust=灌木	G. (Genro) (Ephedra el efedracoj) de evoluintaj, monoikaj gimnospermoj - lianoj, arbustoj 
egilop	PIV	草ᴱᴳ	Y	Y	1	herb=草	G. (Genro) (Aegilops el poacoj) de unujaraj herboj kun pluraristaj spiketoj; 21 sp-oj (spe
ekbali	PIV	瓜ᴱ	Y	Y	1	elateri=瓜	G. (Genro) (Ecballium el kukurbacoj) de nur unu sp. (E. elaterium), plurjara, Mediteranea 
ekinokok	PIV	虫ᴱᴷ	Y	Y	1	larv=幼虫,hidatid=包虫,teni=条虫	G. (Genro) (Echinococcus) de plathelmintoj el la klaso de cestodoj, kies tre malgranda, pl
ekinops	PIV	菊ᴱᴷ	Y	Y	1	kardu=菊ᴷᴿ	G. (Genro) (Echinops el asteracoj) de du-k plur-jaraj herboj g^enerale dornaj k aspektanta
ekspresionist	PIV	表家	Y		1	ekspresionism=表主义	Artisto, laboranta lau^ la principoj de ekspresionismo.
ekv	PIV	兽ᴱ	Y	Y	1	kiang=兽ᴷ	G. (Genro) (Equus) de mamuloj el la ordo de neparhufuloj, al kiu apartenas azeno, c^evalo,
ekzogami	PIV	外配	Y		1	endogami=内配	1 Moro, deviganta la membrojn de klano edzig^i nur ekster sia klano. 2 Reproduktig^o inter
elafr	PIV	虫ᴱᶠ	Y	Y	1	insekt=虫,karab=虫ᴷᴮ	G. (Genro) (Elaphrus) de malgrandaj insektoj el la ordo de koleopteroj, kun grandaj okuloj
elap	PIV	蛇ᴱ	Y	Y	1	serpent=蛇	G. (Genro) (Elaps) de kolorric^aj, venenaj serpentoj, vivantaj en tropika Ameriko, aparten
elastomer	PIV	弹链节	Y		1	mer=链节	Vd (vidu) mero.
elatin	PIV	草ᴱᴺ	Y	Y	1	herb=草	G. (Genro) (Elatine el elatinacoj) de malgrandaj, unu-k plur-jaraj, rampaj, akvejaj herboj
eledon	PIV	贝ᴱ	Y	Y	1	polp=贝	G. (Genro) (Eledone) de polpoj kun unu vico de suc^iloj sur c^iu brako. Vd oktopodo.
elektrofon	PIV	电声	Y		1	gramofon=图声,son=声	Gramofono, c^e kiu la registrado k reproduktado de la sonoj okazas per elektromekanikaj pr
elektrovalent	PIV	电价	Y		1	valent=价ⱽ	(pp (se paroli pri) valenta ligo) Polara. Vd kovalenta.
eleokarit	PIV	草ᴱᴷ	Y	Y	1	herb=草	G. (Genro) (Eleocharis el ciperacoj) kosmopolita de c^. (c^irkau^) 120 sp-oj (specioj) de 
eletari	PIV	姜ᴱ	Y	Y	1	amom=姜ᴬ,kardamom=姜ᴷᴰ	G. (Genro) (Elettaria el zingibracoj) de plurjaraj herboj parencaj al amomo sed kun malden
elitrigi	PIV	草ᴱᴵ	Y	Y	1	herb=草,kvik=麦草,cinodont=草ᶜᴰ,hordelim=草ᴴᴼ	G. (Genro) (Elytrigia el poacoj) de plurjaraj herboj kun rizomo, kun verdaj au^ glau^kaj, 
elode	PIV	草ᴱᴸ	Y	Y	1	helode=草ᴴᴱᴸᴼ	G. (Genro) (Elodea, sin. (sinonimo (de latinscienca nomo)) Helodea, el hidrokaritacoj) de 
embrifit	PIV	胚植	Y	Y	1	plant=植,embri=胚,briofit=苔植,kormofit=茎叶体植	Grupego de plantoj karakterizataj de embrio 2 k de arkegonio, k ampleksanta la vaskulplant
embriofit	PIV	胚植ᴱᴼ	Y	Y	1	plant=植,embri=胚,briofit=苔植,kormofit=茎叶体植	Grupego de plantoj karakterizataj de embrio 2 k de arkegonio, k ampleksanta la vaskulplant
embrigenez	PIV	胚源	Y		1	ontogenez=在源	Serio de la formoj, tra kiuj animala au^ planta organismo trapasas de la fekundigita ovo g
emid	PIV	龟ᴱ	Y	Y	1	testud=龟	Testudulo (Emys k parencaj g-oj (genroj)) el la fam. (familio) de emidedoj, vivantaj en ma
enantiomorf	PIV	映形	Y		1	alotrop=异形,enantiotrop=映向	(pp (se paroli pri) substanco) Tia, ke g^i posedas du kristalformojn, kiuj povas transig^i
enantiotrop	PIV	映向	Y		1	enantiomorf=映形	(pp (se paroli pri) substanco). Tia, ke g^i posedas du alotropajn formojn, kiuj povas tran
encefalalgi	PIV	脑痛	Y		1	cerb=脑	Intensa kapdoloro, observata en la cerba sifiliso.
encefalografi	PIV	脑志	Y		1	cerb=脑	Registrado k studo de la osciloj de elektra potencialo, kiuj konstante estig^as en la cerb
encefalogram	PIV	脑图	Y		1	encefalografi=脑志	Kurbo ricevita per encefalografio.
endoderm	PIV	内皮	Y	Y	1	intern=内	1 Interna c^eltavolo de la embrio, kiu aperas c^e la gastrulo
endogami	PIV	内配	Y		1	intern=内,ekzogami=外配	1 Moro, deviganta la membrojn de klano edzig^i interne de sia klano. 2 Reproduktig^o inter
endogen	PIV	内生	Y		1	intern=内	Interndevena; formig^anta au^ okazanta en la interno de organo, de c^elo, de organismo au^
endokrinolog	PIV	内分泌学家	Y		1	endokrinologi=内分泌学	Specialisto pri endokrinologio.
endokrinologi	PIV	内分泌学	Y		1	endokrin=内分泌	Studo de la endokrinaj glandoj, de iliaj perturboj k de la malsanoj kau^zataj de tiuj c^i.
endomorfi	PIV	内形	Y		1	homomorfi=同形ᴴᴵ	Homomorfio de objekto al g^i mem.
endoskopi	PIV	内ᴱᴰ镜ˢᴷ	Y		1	endoskop=内镜	Ekzamenado per endoskopo.
endosperm	PIV	内种	Y	Y	1	sem=种,perisperm=围种	Nutraj^rezerva, unuploida histo de la semo de la gimnospermoj, kiu c^irkau^as k nutras la 
entel	PIV	猴ᴱ	Y	Y	1	presbit=猴ᴾᴿ,hulman=猴	Sp. (Specio) de presbito (Presbytis entellus), brunflava, kun nigraj vizag^o, manoj k pied
enzimologi	PIV	酵素学	Y		1	enzim=酵素	Studesploro de la enzimoj.
eperlan	PIV	鱼ᴱᴾ	Y	Y	1	osmer=鱼ᴼ,fiŝ=鱼	Sp. (Specio) (Osmerus eperlanus) de fis^o el la ordo de salmonoformaj, kun odoro de kukumo
epicentr	PIV	表央	Y		1	hipocentr=亚央	Punkto de la tersurfaco, vertikale super la fokuso de tertremo. Vd hipocentro.
epidendr	PIV	兰ᴱ	Y	Y	1	orkide=兰	G. (Genro) (Epidendrum el orkidacoj) de arbo-, rok-au^ grundo-log^aj, plurjaraj orkideoj t
epifenomen	PIV	副现象	Y		1	akcesor=副,fenomen=现,fenomen=现	Akcesora fenomeno koncerne la observataj^on; negrava, netus^anta la esencon de la pritrakt
epifit	PIV	表植	Y	Y	1	plant=植,plant=植	Planto, kiu kreskas sur alia planto, sed ne nutras sin el tiu c^i
epigenez	PIV	表源	Y		1	deven=源	1 Teorio lau^ kiu la ovo, nediferencig^inta, disvolvig^as al embrio per iompostioma difere
epimorfi	PIV	表形	Y		1	homomorfi=同形ᴴᴵ,morfi=形ᴹᴵ	Surjekcia homomorfio; pli g^enerale, morfio kun analoga eco.
epipaleolitik	PIV	后古石学	Y		1	paleolitik=古石学,mezolitik=中石学	Tuto de la paleolitikaj kulturoj post la malapero de la rangiferoj k antau^ la mezolitiko.
epiteliom	PIV	上皮瘤	Y		1	tumor=瘤,epiteli=上皮	Kancera tumoro, devenanta el epitelio
ereti	PIV	木ᴱᴿ	Y	Y	1	lign=木	G. (Genro) (Ehretia el boragacoj) de lignecaj plantoj, el kiuj kelkaj arboj, kun alternaj,
erigeron	PIV	菊ᴱᴿ	Y	Y	1	koniz=菊ᴷᶻ,aster=菊	G. (Genro) (Erigeron el asteracoj), tre parenca al konizo k astero, de unu-, du-k plur-jar
eritren	PIV	木ᴱᴺ	Y	Y	1	arbust=灌木	G. (Genro) (Erythrina el fabacoj) de c^. (c^irkau^) 110 sp-oj (specioj) de arboj k arbusto
eritroblast	PIV	红胚	Y		1	eritrocit=红胞	Nukleohava c^elo de la ostmedolo, finevolue hemoglobinohava, antau^anto de eritrocito
eritroksil	PIV	木ᴱᴷ	Y	Y	1	koka=木	G. (Genro) (Erythroxylum el eritroksilacoj) de lignecaj plantoj kun s^osoj lau^aspekte oft
eritropoez	PIV	红生	Y		1	eritrocit=红胞	Formig^o de la eritrocitoj en la osta medolo de plenkreskulo au^ en la hepato de embrio. S
eritropoezin	PIV	红生素	Y		1	eritrocit=红胞	Poezino, stimulanta la produktadon de eritrocitoj en la osta medolo k sekve pliiganta la o
erodi	PIV	草ᴱᴿ	Y	Y	1	herb=草	G. (Genro) (Erodium el geraniacoj) de plantoj - unu-, du-k plur-jaraj herboj k arbustetoj 
erofil	PIV	草ᴱᶠ	Y	Y	1	drab=草ᴰ,herb=草	G. (Genro) (Erophila el brasikacoj), tre parenca al drabo, de unujaraj herboj kun rondaj a
erotogen	PIV	色生	Y		1	erot=色ᴱᴿ	Tia, ke g^i kapablas estigi erotajn sensaj^ojn
erotologi	PIV	色情学	Y		1	eroto=色情,erotik=色	Scienca studo pri la eroto k g^iaj diversaj formoj au^ perversioj. Vd erotika.
eskul	PIV	木ᴱˢ	Y	Y	1	hipokastan=木ᴴˢ	G. (Genro) (Aesculus el hipokastanacoj) de falfoliaj arboj k trunkarbustoj kun kontrau^e d
es^olzi	PIV	草ᴱˢ̂	Y	Y	1	herb=草	G. (Genro) (Eschscholzia el papavacoj) de unu, du-k plur-jaraj herboj kun grandaj floroj l
etlinger	PIV	姜ᴱᵀ	Y	Y	1	amom=姜ᴬ	G. (Genro) (Etlingera el zingibracoj), tre parenca al amomo, de c^. (c^irkau^) 60 sp-oj (s
eu^frazi	PIV	草ᴱᶻ	Y	Y	1	herb=草	G. (Genro) (Euphrasia el skrofulariacoj) de malgrandaj, staraj, unujaraj, duonparazitaj he
eu^geni	PIV	木ᴱᵁ̆	Y	Y	1	arbust=灌木	G. (Genro) (Eugenia el mirtacoj) de dau^rafoliaj arboj k arbustoj kun kontrau^e duopaj, g^
eu^ripterigi	PIV	龙ᴱ	Y	Y	1	iktiosau^r=鱼龙	G. (Genro) (Eurypterygius el fis^sau^roj) de maraj fis^similaj sau^roj, kiuj vivis dum fru
ezofagoskop	PIV	食管镜	Y		1	endoskop=内镜	Instrumento por esplori la ezofagon. Vd endoskopo.
ezofagoskopi	PIV	食管镜ᴱᴵ	Y		1	ezofagoskop=食管镜	Esplorado k ekzamenado per ezofagoskopo.
falangi	PIV	蛛ᶠ	Y	Y	1	opilion=盲蛛	G. (Genro) (Phalangium) de artropodoj el la klaso de araneoidoj, ordo de opilionuloj, tre 
falarid	PIV	草ᶠᴰ	Y	Y	1	herb=草	G. (Genro) (Phalaris el poacoj) de unu-k plur-jaraj herboj, kun mallarg^aj, plataj folioj 
faringoskopi	PIV	咽镜ᶠᴵ	Y		1	faringoskop=咽镜	Ekzameno per faringoskopo.
fazeolus	PIV	豆ᶠˢ	Y	Y	1	gus^=豆	G. (Genro) (Phaseolus el fabacoj) de unu au^ plurjaraj herboj au^ lianoj kun trifolieraj, 
fenikur	PIV	鸟ᶠᴺ	Y	Y	1	bird=鸟	G. (Genro) (Phoenicurus) de birdoj el la ordo de paseroformaj, fam. (familio) de turdedoj,
fenotip	PIV	现型	Y		1	genotip=生型	Tuto au^ parto de la videblaj au^ konstateblaj karakteroj de individuo, kiuj rezultas el l
fenugrek	PIV	豆ᶠᴺ	Y	Y	1	trigonel=豆ᵀ	Sp. (Specio) de trigonelo (Trigonella foenum-graecum el fabacoj), unujara herbo sekastate 
ferat	PIV	铁盐	Y		1	sal=盐	Salo de imaga ferata acido, H 2 FeO 4.
ferolag	PIV	伞ᶠᴳ	Y	Y	1	ferol=伞,umbel=伞	G. (Genro) (Ferulago), tre parenca al ferolo, diferenca de g^i precipe pro multabraktea in
fiber	PIV	鼠ᶠᴮ	Y		1	ondatr=鼠ᴼ	(ark. (arkaismo, arkaisme)) = ondatro.
fibrinogen	PIV	纤蛋白生	Y		1	protein=蛋白,okaz=生	Solvebla proteino, sintezata en la hepato, cirkulanta en la sangoplasmo k transformig^anta
fikari	PIV	草ᶠᴵ	Y	Y	1	ranunkol=草,herb=草	Sp. (Specio) de ranunkolo (Ranunculus ficaria), plurjara herbo kun klabformaj, tuberaj rad
filipendul	PIV	草ᶠᴾ	Y	Y	1	herb=草,ulmari=草ᵁ	G. (Genro) (Filipendula el rozacoj), parenca al spireo, de plurjaraj herboj kun plume kunm
filodendr	PIV	草ᶠᴺ	Y	Y	1	monster=草ᴹᴼ	G. (Genro) (Philodendron el arumacoj) de plantoj - plejparte epifitaj herbecaj lianoj kun 
fiteu^m	PIV	草ᶠᵀ	Y	Y	1	herb=草	G. (Genro) (Phyteuma el kampanulacoj) de plurjaraj herboj kun multaj, malgrandaj floroj en
fitis	PIV	鸟ᶠ	Y	Y	1	c^ifc^af=鸟ᶜ̂ᶠ	Sp. (Specio) de filoskopo (Phylloscopus trochilus), distingebla disde c^ifc^afo pro helbru
fitoftor	PIV	菌ᶠᶠ	Y	Y	1	peronospor=菌ᴾˢ	G. (Genro) (Phytophthora el Pythiales) kosmopolita de c^. (c^irkau^) 40 sp-oj (specioj) de
fitolak	PIV	草ᶠᴸ	Y	Y	1	herb=草	G. (Genro) (Phytolacca el fitolakacoj) de arboj, arbustoj k herboj el la tropikaj k subtro
fizalid	PIV	茄ᶠ	Y	Y	1	alkekeng=茄ᴬ	G. (Genro) (Physalis el solanacoj) de unu-k plur-jaraj herboj kun funelkorolaj, blanketaj 
fle	PIV	草ᶠ	Y	Y	1	herb=草	G. (Genro) (Phleum el poacoj) de unu-k plur-jaraj herboj kun unufloraj spiketoj en inflore
flebit	PIV	脉炎	Y		1	inflam=炎,vejn=脉	Inflamo de vejno, ofte c^e la malsupraj membroj; iafoje formig^as koagulaj^o, kiu povas ka
flebotom	PIV	虫ᶠᴮ	Y	Y	1	insekt=虫,reptili=爬虫	G. (Genro) (Phlebotomus) de sangosuc^aj insektoj el la ordo de dipteroj, kiuj iom parencas
flebotomi	PIV	脉切	Y		1	vejn=脉	Eltiro de vejna sango ordinare c^e la kubutfaldo.
floks	PIV	草ᶠᴷ	Y	Y	1	herb=草	G. (Genro) (Phlox el polemoniacoj) de unu-k plur-jaraj herboj au^ tufarbustoj kun plejofte
fluometr	PIV	流计	Y		1	flu=流	Aparato, por mezuri la rapidecon de fluo (ekz. (ekzemple) en rivero).
foksen	PIV	鱼ᶠᴷ	Y	Y	1	fiŝ=鱼	G (Phoxinus) de malgrandaj fis^oj el fam. (familio) de ciprinedoj, kun tre malgrandaj skva
foliklit	PIV	囊炎ᶠ	Y		1	inflam=炎,folikl=囊	Inflamo de foliklo.
fonologi	PIV	声学	Y		1	son=声	1 Studo de la sonoj de lingvo, kiel konsistigantaj unu sistemon de kontrastaj unuoj
formi	PIV	草ᶠᴿ	Y	Y	1	herb=草	G. (Genro) (Phormium el agavacoj) de plurjaraj herboj, el kies karneca rizomo kreskas star
formiat	PIV	形盐	Y		1	sal=盐	Salo de formiata acido, H-COOH.
formiil	PIV	形基	Y		1	formiat=形盐,bromoform=卤形,kloroform=氯形,jodoform=碘形	Radikalo de formiata acido, H-C=O·. Vd bromoformo, kloroformo, jodoformo. -> formolo.
fosfatemi	PIV	磷盐血	Y		1	fosfat=磷盐,sang=血	Kvanto de fosfatoj en la sango.
fototerapi	PIV	光疗ᶠ	Y		1	terapi=疗	Vd (vidu) terapio.
fragari	PIV	草ᶠᴳ	Y	Y	1	herb=草	G. (Genro) (Fragaria el rozacoj) de plurjaraj herboj kun rizomo, surteraj stolonoj, trifol
fraksinel	PIV	草ᶠˢ	Y	Y	1	diktamn=草ᴰᵀ,herb=草	Sola sp. de la g. (genro) diktamno (Dictamnus albus, sin. (sinonimo (de latinscienca nomo)
frigan	PIV	虫ᶠᴿ	Y	Y	1	insekt=虫,larv=幼虫	G. (Genro) (Phryganea) de insektoj el la friganedoj, kies larvoj, vivantaj en akvo, konstr
fruktolog	PIV	果学家	Y		1	fruktologi=果学	Specialisto pri fruktologio.
fruktologi	PIV	果学	Y		1	frukt=果	Fruktoscienco, branc^o de la plantanatomio, speciale pri la strukturo de fruktoj k semoj.
fruktoz	PIV	果糖	Y		1	suker=糖,glukoz=糖,frukt=果	Sukero, ketoheksozo, C 6 H 12 O 6, izomero de glukozo, trovig^anta i.a. (interalie, inter 
ftir	PIV	虫ᶠ	Y	Y	1	insekt=虫,pedik=虫	G. (Genro) (Phthirus) de insektoj el la ordo de anopluroj, parazitaj sur la ingvena region
fulgoromorf	PIV	蜡蝉形	Y	Y	1	fulgor=蜡蝉	Subordo (Fulgoromorpha) de insektoj el la ordo de hemipteroj, kun 4 membranecaj flugiloj, 
fulmar	PIV	鸟ᶠᴸ	Y	Y	1	bird=鸟	G. (Genro) (Fulmarus) de birdoj el la ordo de procelariformaj, similaj al malgranda mevo s
fungolog	PIV	菌学家ᶠ	Y		1	fungologi=菌学ᶠ,mikolog=菌学家	Specialisto pri fungologio. Sin. (sinonimo) mikologo.
fungologi	PIV	菌学ᶠ	Y		1	fung=菌,mikologi=菌学	Scienco pri la fungoj. Sin. (sinonimo) mikologio.
futurolog	PIV	未学家	Y		1	futurologi=未学	Fakulo pri futurologio.
gage	PIV	草ᴳ	Y	Y	1	herb=草	G. (Genro) (Gagea el liliacoj) de malaltaj, plurjaraj herboj kun malgranda tunika bulbo, k
gak	PIV	鸣ᴳ	Y		1	blek=鸣	(ntr (netransitiva)) Bleki (pp (se paroli pri) ansero).
galag	PIV	猴ᴳᴸ	Y	Y	1	indri=猴ᴵ,loris=猴ᴸ,tarsi=猴ᵀᴿ	Prasimio (Galago k parencaj g-oj (genroj)) kun grandaj oreloj k longa vosto. Vd indrio, le
galang	PIV	姜ᴳ	Y	Y	1	alpini=姜ᴬᴸ,alpini=姜ᴬᴸ,alpini=姜ᴬᴸ,alpini=姜ᴬᴸ,alpini=姜ᴬᴸ	1 (ss (striktasence)) Sp. (Specio) de alpinio (Alpinia galanga) el tropika Azio, kultivata
galeops	PIV	草ᴳᴸ	Y	Y	1	herb=草	G. (Genro) (Galeopsis el lamiacoj) de unujaraj, ofte haraj herboj kun floroj en s^ajnverti
galg	PIV	豆ᴳᴸ	Y	Y	1	gus^=豆	G. (Genro) (Galega el fabacoj) de plurjaraj herboj kun alternaj, nepare plume kunmetaj fol
galinag	PIV	鸟ᴳᴺ	Y	Y	1	bird=鸟	1 Sp. (Specio) (Gallinago gallinago) de malgranda birdo el la ordo de karadriformaj, fam. 
gametofit	PIV	配子植	Y	Y	1	plant=植,plant=植	(pp (se paroli pri) plantoj, havantaj alternadon de generacioj) Unuploida generacio de pla
gangliit	PIV	节炎ᴳ	Y		1	inflam=炎	Inflamo de tiu nerva tubereto.
garcini	PIV	木ᴳᶜ	Y	Y	1	mangostan=木ᴹᵀ,mangostan=木ᴹᵀ	G. (Genro) (Garcinia el kluziacoj) de monoikaj, dau^rafoliaj arboj, kun fruktoj (beroj) ma
gasmetr	PIV	气计	Y		1	gas=气	Mezurilo de la uzita kvanto da brul gaso.
gasteromicet	PIV	胃菌	Y	Y	1	himenomicet=膜菌	Grupo de bazidifungoj, ampleksanta la eksan klason Gasteromycetes, kies bazidioj produktig
gastrit	PIV	胃炎	Y		1	inflam=炎,stomak=胃	Inflamo de la stomaka mukozo.
gastralgi	PIV	胃痛	Y		1	stomak=胃,dolor=痛,epigastr=表胃	Stomaka doloro, kiun la malsanulo lokalizas c^e la epigastro.
gastrektomi	PIV	胃除	Y		1	stomak=胃	Tuta au^ parta desekco de la stomako.
gastrenterit	PIV	胃肠炎	Y		1	inflam=炎,stomak=胃,intest=肠	Inflamo de la stomaka k intesta mukozoj.
gastrofil	PIV	胃爱	Y	Y	1	stomak=胃	G. (Genro) (Gastrophilus) de insektoj el la fam. (familio) de ojstredoj, kies larvoj paraz
geastr	PIV	菌ᴳ	Y	Y	1	astre=菌ᴬ	G. (Genro) (Geastrum el geastracoj) de bazidifungoj kun ferma, glob-au^ bulbo-forma bazidi
genotip	PIV	生型	Y		1	gen=生ᴳ,fenotip=现型	Genaro au^ aro da studataj genoj, kontraste kun fenotipo.
geodinamik	PIV	地力	Y		1	geologi=地学,dinamik=力,geologi=地学	Scienco pri la fortoj, kiuj estigas la geologiajn fenomenojn. Sin. (sinonimo) dinamika geo
geokemi	PIV	地化学	Y		1	kemi=化学,ter=地	Scienco pri la distribuo, kvanto k cikloj de la kemiaj elementoj en la konsistaj^oj de la 
geomorfologi	PIV	地形学	Y		1	form=形	Scienco pri la g^enerala ekstera formo de la tersurfaco.
geopolitik	PIV	地政	Y		1	politik=政,geografi=地	Politiko de potencaj s^tatoj koncerne al geografiaj partoj de la mondo
geosfer	PIV	地球	Y		1	ter=地,biosfer=生球,hidrosfer=水球,litosfer=石球	C^iu el la samcentraj tavolegoj k tegaj^egoj de Tero. Vd astenosfero, atmosfero, biosfero,
geoteknik	PIV	地技	Y		1	geologi=地学	Esplorado pri la konsisto k proprecoj de konstru-grundo k -subgrundo per sciencaj, precipe
geoterm	PIV	地热	Y		1	ter=地	Varmo de la interno de Tero k varmenergio, kiun g^i liveras.
geris	PIV	虫ᴳˢ	Y	Y	1	cim=臭虫,cim=臭虫	G. (Genro) (Gerris) de longkruraj cimoj, rapide mars^antaj sur sen-au^ malrapid-fluaj akvo
gesneri	PIV	草ᴳᴿ	Y	Y	1	herb=草	G. (Genro) (Gesneria el gesneriacoj) de tufarbustoj k plurjaraj herboj kun tubera rizomo k
gibon	PIV	猴ᴳ	Y	Y	1	orangutan=猴ᴼ	G. (Genro) (Hylobates) de mamuloj el la subordo de simioj, homosimilaj, sed kun longegaj b
ginseng	PIV	草ᴳᴳ	Y	Y	1	panak=草ᴾᴺ,panak=草ᴾᴺ	1 (ss (striktasence)) Sp. (Specio) de panako (Panax ginseng el araliacoj) el E Azio, kulti
giromagnet	PIV	旋磁	Y		1	magnet=磁	Rilata al magnetaj proprecoj de turnig^antaj elektraj s^argoj.
glaciolog	PIV	冰学家	Y		1	glaciologi=冰学	Specialisto pri glaciologio.
glaciologi	PIV	冰学	Y		1	glaci=冰,glac^er=冰川	Scienco pri la glacio, pli speciale pri glac^eroj.
glikogenogenez	PIV	糖原源	Y		1	glikogen=糖原,glukoz=糖	Estig^o de glikogeno el molekuloj de glukozo.
glikogenoliz	PIV	糖原解	Y		1	hidroliz=水解,glikogen=糖原,glukoz=糖,glukoliz=糖解	Hidrolizo de glikogeno al glukozo. -> glukolizo.
glorioz	PIV	草ᴳᶻ	Y	Y	1	herb=草	G. (Genro) (Gloriosa el kolc^ikacoj) de nur unu plurforma sp. (G. (Genro) superba); plurja
glosektomi	PIV	舌除	Y		1	lang=舌	Tuta au^ parta fortranc^o de la lango.
glosin	PIV	虫ᴳᴺ	Y	Y	1	insekt=虫,cece=虫ᶜ	G. (Genro) (Glossina) de insektoj el la ordo de dipteroj, kies sp-oj (specioj) transportas
glosit	PIV	舌炎	Y		1	inflam=炎,lang=舌	Inflamo de la lango.
glukoliz	PIV	糖解	Y		1	glukoz=糖,glikogenoliz=糖原解	Malkomponado de glukozo al piruvata acido dum la metabolo. -> glikogenolizo.
glukozemi	PIV	糖血ᴳᶻ	Y		1	glukoz=糖,sang=血	Kvanto de glukozo en la sango
glukozuri	PIV	糖尿ᴳᶻ	Y		1	glukoz=糖,urin=尿,suker=糖,diabet=糖尿,glukuri=糖尿	C^eesto au^ kvanto de glukozo en urino, pro perturbo de la sukera metabolo, ordinare okaze
glutamat	PIV	谷氨盐	Y		1	sal=盐,sal=盐	Salo de glutamata acido nutraj^industrie k kuirarte uzata sub formo de natria salo (monona
gonidi	PIV	藻ᴳ	Y	Y	1	alg=藻	(ark. (arkaismo, arkaisme)) La simbioza algo (vs (vastasence)) de likeno.
goniometr	PIV	角计	Y		1	angul=角,angul=角	1 Instrumento por mezuri angulojn, provizita per fadenoj, fendoj au^ lorno
goniometri	PIV	角测	Y		1	mezur=测,angul=角	Arto pri mezuro de anguloj.
gonokokemi	PIV	淋菌血	Y		1	gonokok=淋菌,sang=血	Gonokoka sanga infekto.
gosipi	PIV	草ᴳˢ	Y	Y	1	herb=草	G. (Genro) (Gossypium el malvacoj) de plantoj - unu-, du-k plur-jaraj herboj k tufarbustoj
granulocit	PIV	粒胞	Y		1	leu^kocit=白胞	Vario de leu^kocito, kun profunde entranc^a nukleo k granuloplena c^elplasmo
gratiol	PIV	草ᴳᵀ	Y	Y	1	veronik=草ⱽᴺ,herb=草	G. (Genro) (Gratiola el skrofulariacoj), parenca al veroniko, de c^. (c^irkau^) 20 sp-oj (
gravimetri	PIV	重测	Y		1	gravitometri=引测	Kvanta analizo, c^e kiu oni transigas la determinotan substancon en peseblan formon. Vd ti
graviol	PIV	果ᴳᴸ	Y	Y	1	frukt=果,frukt=果	1 Sp. (Specio) de anono (A. muricata), arbeto kun tre grandaj, moldornaj, bongustaj frukto
gravitometri	PIV	引测	Y		1	mezur=测,gravit=引,geodezi=测地	Mezuro de gravito, pli speciale en geofiziko k geodezio.
grundgenez	PIV	土源	Y		1	grund=土	Estig^o k evoluo de grundo.
grundolog	PIV	土学家ᴳ	Y		1	grundologi=土学,pedolog=土学家	Fakulo pri grundologio. Sin. (sinonimo) pedologo.
grundologi	PIV	土学	Y		1	grund=土,pedologi=童学	Scienco pri la grundoj, i.a. (interalie, inter aliaj) iliaj ecoj k genezo. Sin. (sinonimo)
gujdak	PIV	贝ᴳ	Y	Y	1	panope=贝ᴾᴾ,panope=贝ᴾᴾ	Kn (Kolektiva nomo) de kelkaj grandaj sp-oj (specioj) de moluskoj el la g. (genro) panopeo
guta	PIV	木ᴳᵀ	Y	Y	1	palakvi=木ᴾᴸ,palakvi=木ᴾᴸ,pajen=木ᴾᴶ	1 Sp. (Specio) de palakvio (Palaquium gutta), pasintece ekspluatata por produktado de guta
gvaran	PIV	木ᴳⱽ	Y	Y	1	pau^lini=木ᴾᵁ̆	1 Sp. (Specio) de pau^linio (Paullinia cupana) el tropika S Ameriko, ligneca, grimpa liano
hapal	PIV	猴ᴴ	Y		1	kalitriks=猴ᴷᵀ	(ark. (arkaismo, arkaisme)) = kalitrikso.
harpagofit	PIV	草ᴴᴳ	Y	Y	1	herb=草	G. (Genro) (Harpagophytum el pedaliacoj) de du sp-oj (specioj) de plurjaraj herboj el S Af
hedizar	PIV	豆ᴴᶻ	Y	Y	1	gus^=豆	G. (Genro) (Hedysarum el fabacoj) de plantoj - unu-k plur-jaraj herboj k arbustetoj - kun 
hedonism	PIV	乐主义ᴴ	Y		1	plezur=乐	Etika tendenco, vidanta celon k motivon de la homa agado en serc^o de la plezuro.
hedonist	PIV	乐家ᴴ	Y		1	hedonism=乐主义ᴴ	Adepto de hedonismo.
helikoni	PIV	草ᴴᴱ	Y	Y	1	herb=草	G. (Genro) (Heliconia el muzacoj) de plurjaraj, g^is 3 m altaj herboj, aspektantaj kiel na
heliocentr	PIV	日央	Y		1	centr=央	Mezurata rilate al la centro de Suno.
heliograf	PIV	日光镜	Y		1	optik=光学,tag=日	1 Optika telegrafa aparato. 2 Instrumento por indiki la dau^ron de sunbrilo, tagon post ta
heliogravur	PIV	日刻	Y		1	fotogravur=拍刻	Fotokemia kavpresa sistemo (en kiu la kavoj ricevas la inkon). -> fotogravuro.
helioskop	PIV	日镜	Y		1	teleskop=镜	Teleskopo, arang^ita speciale por observi Sunon.
helmintologi	PIV	蠕学	Y		1	helmint=蠕	Studo de la helmintoj k de la perturboj, kiujn ili kau^zas.
helode	PIV	草ᴴᴱᴸᴼ	Y		1	elode=草ᴱᴸ	(ark. (arkaismo, arkaisme)) = elodeo.
hemant	PIV	草ᴴᴺ	Y	Y	1	herb=草	G. (Genro) (Haemanthus el amaralidacoj) de plurjaraj herboj kun rug^aj au^ blankaj floroj 
hematop	PIV	鸟ᴴᴹ	Y	Y	1	bird=鸟	G. (Genro) (Haematopus) de birdoj el la ordo de karadriformaj, i.a. (interalie, inter alia
hematoz	PIV	血症	Y		1	sang=血,globul=血球	Transformig^o de la sango en la spirorganoj (pulmoj, brankoj, hau^to ktp (kaj tiel plu)), 
hemiceluloz	PIV	半胞糖	Y		1	glukoz=糖	Polimero de glukozo, (C 6 H 10 O 5) n, en la vegetaj^a c^elmuro, malpli longc^ena ol celul
hemih^ord	PIV	半脊索	Y	Y	1	h^ord=脊索	Mallonga dorsa h^ordo limig^anta je la antau^bus^a regiono.
hemiplegi	PIV	半瘫	Y		1	plegi=瘫ᴾᴸ	Vd (vidu) plegio.
hemostaz	PIV	血滞	Y		1	hemoragi=出血	Haltigo de hemoragio
herbicid	PIV	草杀	Y		1	herb=草	C^ia substanco, kiu mortigas trud herbojn.
herniari	PIV	草ᴴᴿ	Y	Y	1	herb=草	G. (Genro) (Herniaria el kariofilacoj) de malaltaj, kus^aj, unu-k plur-jaraj herboj kun ne
herpest	PIV	兽ᴴᴿ	Y	Y	1	best=兽,mungot=兽	G. (Genro) (Herpestes) de malgrandaj mamuloj el la subordo de rabobestoj, fam. (familio) d
hesperid	PIV	草ᴴᴰ	Y	Y	1	herb=草	G. (Genro) (Hesperis el brasikacoj) de unu-, du-k plur-jaraj herboj kun blankaj, rozaj au^
heterogamet	PIV	异配子	Y		1	gamet=配子,diferenc=异	Produktanta du tipojn de gametoj, kiuj diferencas pro seksaj kromosomoj
heteronomi	PIV	他律	Y		1	leĝ=律	Situacio de persono au^ de kolektivo, kiu ricevas la leg^ojn el ekstero. Vd au^tonomio.
heteropter	PIV	异翅	Y	Y	1	hemipter=半翅	Subordo (Heteroptera) de insektoj el la ordo de hemipteroj, kies antau^aj flugiloj estas d
heterozigot	PIV	异合子	Y		1	homozigot=同合子	Individuo au^ c^elo, kiu, koncerne la studatan karakteron (econ), heredis malsaman genon d
heve	PIV	木ᴴ	Y	Y	1	lign=木	G. (Genro) (Hevea el eu^forbiacoj) de monoikaj, laktosukohavaj arboj kun alternaj, trifoli
hidracid	PIV	水酸	Y		1	acid=酸	Senoksigenaj acidoj, c^efe tiuj derivitaj de halogenoj
hidrastid	PIV	草ᴴᴵ	Y	Y	1	herb=草	G. (Genro) (Hydrastis el ranunkolacoj) de nur unu sp. (H. canadensis) el NE k C Ameriko, p
hidrofon	PIV	水声	Y		1	akv=水	Instrumento por au^skulti sonon, dissenditan tra akvo
hidrogeolog	PIV	水地学家	Y		1	hidrogeologi=水地学	Specialisto pri hidrogeologio.
hidrogeologi	PIV	水地学	Y		1	akv=水	Scienco pri la subteraj akvoj, i.a. (interalie, inter aliaj) pri ilia cirkulado k naturaj 
hidrograf	PIV	水记	Y		1	hidrografi=水志	Specialisto pri hidrografio.
hidrografi	PIV	水志	Y		1	hidrosfer=水球	La parto de geografio pri la hidrosfero (maroj, riveroj, lagoj ks (kaj simile, kaj similaj
hidroker	PIV	鼠ᴴ	Y	Y	1	kapibar=鼠	G. (Genro) (Hydrochoerus) de Amerikaj mamuloj el la ordo de rong^uloj, vivantaj de oligoce
hidroliz	PIV	水解	Y		1	akv=水	(tr (transitiva)) Malkombini molekulojn au^ salojn per akvo
hidrolog	PIV	水学家	Y		1	hidrologi=水学	Specialisto pri hidrologio.
hidrologi	PIV	水学	Y		1	akv=水	Scienco pri la akvoj, iliaj enhavo k proprecoj.
hidrosfer	PIV	水球	Y		1	akv=水	Tuto de la akvaj elementoj de Tero
hidroterm	PIV	水热	Y		1	akv=水	Rilata al la cirkulado de varmaj akvoj, ligitaj kun la fino de vulkana erupcio au^ la kris
hieraci	PIV	菊ᴴᴿ	Y	Y	1	pilozel=菊ᴾᴸ	G. (Genro) (Hieracium el asteracoj) de plurjaraj herboj kun simplaj, integraj au^ dentaj f
higrograf	PIV	湿记	Y		1	higrometr=湿计	Au^tomate registranta higrometro.
himantop	PIV	鸟ᴴᴺ	Y	Y	1	bird=鸟,himantopod=鸟ᴴᴰ	Birdo (unuspecia g. (genro) (Himantopus himantopus) el la ordo de karadriformaj, kun longa
himene	PIV	木ᴴᴹ	Y	Y	1	mahagon=木,kopaifer=木ᴷᴼᴾ	G. (Genro) (Hymenaea el fabacoj), de c^. (c^irkau^) 15 sp-oj (specioj) de tropikaj arboj e
himenomicet	PIV	膜菌	Y	Y	1	gasteromicet=胃菌	Grupo de bazidifungoj (ampleksanta la eksan klason Hymenomycetes), kies bazidioj formig^as
hiperestezi	PIV	超感ᴴᴵ	Y		1	sens=感	Troa, nenormala sensiveco, kau^zata de superekscitig^o de la sensaj nervoj.
hipn	PIV	苔ᴴ	Y	Y	1	musk=苔	G. (Genro) (Hypnum el hipnacoj) de multabranc^aj muskoj, kies sporujoj formig^as flanke su
hipocentr	PIV	亚央	Y		1	epicentr=表央	Loko en la interno de Tero, kie estig^as tertremo; fokuso de tertremo. Vd epicentro.
hipoderm	PIV	亚皮	Y	Y	1	haŭt=皮	1 Subhau^ta, grasoric^a konektivo, kiu ligas la dermon al la subaj muskoloj. Sin. (sinonim
hipofe	PIV	木ᴴᴾ	Y	Y	1	arbust=灌木	G. (Genro) (Hippophae el eleagnacoj) de dornaj, dioikaj, falfoliaj arboj k arbustoj; 3 sp-
hipogastr	PIV	亚胃	Y		1	epigastr=表胃	Meza malsupra parto de la ventro, kus^anta sub linio pasanta c^e la supro de la koksostoj.
hipoglos	PIV	亚舌	Y	Y	1	lang=舌	1 Tuto de la nervoj de la 12a krania paro, kiuj donas fibrojn al la langaj muskoloj (ankau
hipogrif	PIV	马狮鹰	Y		1	ĉeval=马,grif=狮鹰	Fabela estaj^o, duone c^evalo duone grifo.
hipokastan	PIV	木ᴴˢ	Y	Y	1	eskul=木ᴱˢ,eskul=木ᴱˢ	1 (ark. (arkaismo, arkaisme)) Alia nomo (Hippocastanum, nomenklature ne legitima) de eskul
hipola	PIV	鸟ᴴ	Y	Y	1	bird=鸟,lokustel=鸟ᴸᴷ	G. (Genro) (Hippolais) de birdoj el la ordo de paseroformaj, fam. (familio) de silviedoj, 
hipotalam	PIV	亚丘脑	Y		1	talam=丘脑	(hypothalamus) Regiono de la diencefalo sub la talamoj, formanta la plankon de la tria ven
hipotenar	PIV	亚鱼际	Y		1	tenar=鱼际	(hypothenar) Elstaraj^o en la manplato c^e la ulna rando. Vd tenaro.
hipurid	PIV	草ᴴᴾ	Y	Y	1	herb=草	G. (Genro) (Hippuris el hipuridacoj) de nur unu sp. (H. vulgaris), kosmopolita, plurjara a
histogenez	PIV	织源	Y		1	hist=织ᴴ	Formig^o k disvolvig^o de la histoj.
histologi	PIV	织学	Y		1	hist=织ᴴ	Scienco pri la histoj.
historiografi	PIV	史志	Y		1	historiograf=史记	La arto au^ verkaro de historiografo.
holk	PIV	草ᴴᴷ	Y	Y	1	herb=草	G. (Genro) (Holcus el poacoj) de plurjaraj, molharaj herboj kun dufloraj spiketoj en densa
holost	PIV	草ᴴˢ	Y	Y	1	herb=草	G. (Genro) (Holosteum el kariofilacoj) de unu-k du-jaraj herboj kun umbelforma cumo; 3−4 s
homofon	PIV	同声	Y		1	ident=同ᴵ,homonim=同名	Morfemo au^ vorto foneme identa kun alia morfemo au^ vorto. Vd homonimo.
homologi	PIV	同学	Y		1	matematik=数学	1 Strukturo konstruita el nehomologaj cikloj. 2 Branc^o de la matematiko, kie oni studas h
homopter	PIV	同翅	Y	Y	1	hemipter=半翅,heteropter=异翅	Grupo (eksa ordo Homoptera) de insektoj kun g^enerale kvar membranecaj flugiloj, ampleksan
homozigot	PIV	同合子	Y		1	heterozigot=异合子	Individuo au^ c^elo, kiu koncerne la studatan karakteron (econ) heredis la saman genon de 
hordelim	PIV	草ᴴᴼ	Y	Y	1	herb=草,elitrigi=草ᴱᴵ	G. (Genro) (Hordelimus el poacoj) de nur unu sp. (H. europaeus), plurjara herbo el la mont
hort	PIV	果园	Y		1	ĝarden=园	G^ardeno de fruktarboj.
humul	PIV	草ᴴᴹ	Y	Y	1	herb=草	G. (Genro) (Humulus el kanabacoj) de plurjaraj, dioikaj, volvig^antaj herboj kun kontrau^e
iberis	PIV	草ᴵᴮ	Y	Y	1	herb=草	G. (Genro) (Iberis el brasikacoj) de herboj au^ arbustetoj kun blankaj, violetaj au^ purpu
idus	PIV	鱼ᴵ	Y	Y	1	leu^cisk=鱼ᴸᵁ̆,bram=鱼,plot=鱼	Sp. (Specio) de leu^cisko (Leuciscus idus), kun arg^enta ventro k rug^etaj nag^iloj (c^e l
ikneu^mon	PIV	虫ᴵᴷ	Y	Y	1	insekt=虫,larv=幼虫	1 G. (Genro) (Ichneumon) de insektoj el la ordo de himenopteroj, kies larvoj parazitas en 
ikonologi	PIV	圣像学	Y		1	ikon=圣像	Studo de la ikonoj.
ikonoklast	PIV	圣像屑	Y		1	statu=像ˢ	1 Rompisto de bildoj, statuoj de sanktuloj ktp (kaj tiel plu), rigardataj kiel idolaj^oj. 
ikonostaz	PIV	圣像滞	Y		1	ikon=圣像	En la ortodoksaj preg^ejoj, vando, apartiganta la sanktejon disde la cetero de la preg^ejo
iksor	PIV	木ᴵ	Y	Y	1	arbust=灌木	G. (Genro) (Ixora el rubiacoj) de c^. (c^irkau^) 300 sp-oj (specioj) de tropikaj, dau^rafo
iktiolog	PIV	鱼学家ᴵᴷ	Y		1	iktiologi=鱼学	Sciencisto pri iktiologio.
iktiologi	PIV	鱼学	Y		1	fiŝ=鱼	Parto de la zoologio pri la fis^oj.
ileit	PIV	肠炎ᴵ	Y		1	inflam=炎,ile=肠	Inflamo de la ileo.
imortel	PIV	草ᴵᴹ	Y	Y	1	limoni=草ᴸᴼ	Florhava planto, kiu sekigita konservas sian formon k ornaman valoron; imorteloj precipe a
impatient	PIV	草ᴵᵀ	Y	Y	1	herb=草	G. (Genro) (Impatiens el balzaminacoj) de plantoj - unu-k plur-jaraj herboj k kelkaj arbus
impulsometr	PIV	冲计	Y		1	impuls=冲	Aparato, kiu registras (au^ gravuras) la formon de kurent impulsoj, elirantaj el telefono 
indri	PIV	猴ᴵ	Y	Y	1	galag=猴ᴳᴸ,tarsi=猴ᵀᴿ	G. (Genro) (Indri) de prasimioj, vivantaj en Madagaskaro, kun malgranda, pinta kapo, malgr
infiks	PIV	缀ᴵ	Y		1	afiks=缀	Afikso, kiu enmetig^as interne de rad. (radiko); ekz. (ekzemple) la infikso n de L. «junge
interferometri	PIV	涉测	Y		1	interferometr=涉计	Parto de la fiziko, en kiu oni uzas interferometrojn
interfon	PIV	间声	Y		1	mikrofon=微声	Interkomunika sistemo, kiu uzas au^ telefonaparatojn au^ kapau^dilojn k mikrofonojn, por p
ipome	PIV	草ᴵᴾ	Y	Y	1	herb=草	G. (Genro) (Ipomoea el konvolvulacoj) de arbustetoj k de plurjaraj herboj volvig^antaj, ra
irisit	PIV	虹膜炎	Y		1	inflam=炎,iris=虹膜	Inflamo de iriso(j).
irisektomi	PIV	虹膜除	Y		1	iris=虹膜	Parta desekco de la iriso.
irisotomi	PIV	虹膜切	Y		1	iris=虹膜	Simpla entranc^o de iriso, por krei artan pupilon.
iskiatalgi	PIV	坐神痛	Y		1	dolor=痛,iskiat=坐神	Sindromo, karakterizata precipe de tre vigla doloro lau^longe de la iskiato k g^iaj branc^
izatid	PIV	草ᴵᶻ	Y	Y	1	isat=草,herb=草	G. (Genro) (Isatis el brasikacoj) de du-k plur-jaraj herboj kun stara tigo, kun malgrandaj
izoelektr	PIV	等电	Y		1	egal=等	(pp (se paroli pri) molekulo) Tia, ke g^iaj pozitivaj k negativaj s^argoj estas egalaj
izoglos	PIV	等语	Y		1	lingv=语,lingv=语	En la teritorio de lingvo au^ dialekto, linio dividanta la lokojn, kiuj diferencas inter s
izolepid	PIV	草ᴵᴸ	Y	Y	1	isolep=草,scirp=草ˢᶜ,herb=草	G. (Genro) (Isolepis el ciperacoj), tre parenca al scirpo, de c^. (c^irkau^) 70 sp-oj (spe
izometr	PIV	等米	Y		1	egal=等	(pp (se paroli pri) metrika spaco) Tia, ke c^iuj g^iaj distancoj estas egalaj al la respon
jabiru	PIV	鸟ᴶᴮ	Y	Y	1	bird=鸟	Tropika birdo (Jabiru k parencaj g-oj (genroj)) el la ordo de cikoniformaj, kun granda kol
jaborand	PIV	木ᴶᴮ	Y	Y	1	pilokarp=木ᴾᴷ,pilokarp=木ᴾᴷ	1 Sp. (Specio) de pilokarpo (Pilocarpus jaborandi). 2 Pilokarpo. 3 Farmaciaj^o ekstraktata
jakarand	PIV	木ᴶᴷ	Y	Y	1	lign=木	G. (Genro) (Jacaranda el bignoniacoj) de arboj k trunkarbustoj kun kontrau^e duopaj, plume
jatagan	PIV	刀ᴶ	Y		1	sabr=刀	Sabro sen mans^irmilo kun klingo dukurba, uzata precipe de janic^aroj.
jazion	PIV	草ᴶ	Y	Y	1	herb=草	G. (Genro) (Jasione el kampanulacoj) de unu-, du-k plur-jaraj herboj kun helbluaj floroj e
jing	PIV	鸟ᴶ	Y	Y	1	bird=鸟	G. (Genro) (Jynx) de birdoj el la ordo de pegoformaj, kun relative mallonga beko k tre tor
jodat	PIV	碘盐	Y		1	sal=盐	Salo de jodata acido.
jodometri	PIV	碘测	Y		1	jodid=碘化,jod=碘	Kvanta analiza metodo, uzanta la oksidigon de jodido al jodo.
kablogram	PIV	缆图	Y		1	kabl=缆	Telegramo, sendata per transmara kablo.
kacur	PIV	木ᴷᶜ	Y	Y	1	cercidifil=木ᶜᶠ,cercidifil=木ᶜᶠ	Sp. (Specio) de cercidifilo (Japania cercidifilo).
kaguang	PIV	兽ᴷᴳ	Y	Y	1	galeopitek=兽	Populara nomo de la sp-oj (specioj) de la ordo dermopteroj. Vd galeopiteko.
kairin	PIV	鸟ᴷᴺ	Y	Y	1	bird=鸟	G. (Genro) (Cairina) de du sp-oj (specioj) de birdoj el fam. (familio) anasedoj, kun ne pl
kajeput	PIV	木ᴷᴶ	Y	Y	1	melaleu^k=木ᴹᵁ̆,melaleu^k=木ᴹᵁ̆	1 Sp. (Specio) de melaleu^ko (kajeputa melaleu^ko), el kiu oni ekstraktas kajeputesencon; 
kala	PIV	草ᴷᴬ	Y	Y	1	herb=草	G. (Genro) (Calla el arumacoj) de nur unu sp. (C. palustris), plurjara, marc^a herbo el la
kaladi	PIV	草ᴷᴰ	Y	Y	1	herb=草	G. (Genro) (Caladium el arumacoj) de plurjaraj herboj kun tubera rizomo k elbazaj folioj p
kalamagrostid	PIV	草ᴷᴳ	Y	Y	1	herb=草	G. (Genro) (Calamagrostis el poacoj) de c^. (c^irkau^) 230 sp-oj (specioj) de plurjaraj he
kalamint	PIV	草ᴷᴬᴸ	Y	Y	1	sature=草ˢᵀ,herb=草	G. (Genro) (Calamintha, el lamiacoj), tre parenca al satureo, de bonodoraj, plurjaraj herb
kalate	PIV	草ᴷᴱ	Y	Y	1	herb=草	G. (Genro) (Calathea el marantacoj) de plurjaraj herboj kun verdaj au^ ofte ankau^ parte o
kalceolari	PIV	草ᴷᶜ	Y	Y	1	herb=草	G. (Genro) (Calceolaria el skrofulariacoj) de plantoj - unu-k plur-jaraj herboj k tufarbus
kaliceb	PIV	猴ᴷᶜ	Y	Y	1	titi=猴ᵀ	G. (Genro) (Callicebus) de malgrandaj Amerikaj simioj kun longa k mola hararo, longa vosto
kalidr	PIV	鸟ᴷᴸ	Y	Y	1	bird=鸟,tring=鸟ᵀᴿ	G. (Genro) (Calidris) de birdoj el la ordo de karadriformaj, fam. (familio) de skolopedoj,
kalitrik	PIV	草ᴷᴬᴸᴵ	Y	Y	1	herb=草	G. (Genro) (Callitriche el kalitrikacoj) de unu-k plur-jaraj, akvejaj herboj kun fadenform
kalitris	PIV	木ᴷᴬᴸ	Y	Y	1	lign=木	G. (Genro) (Callitris el kupresacoj) de 14 sp-oj (specioj) de arboj, iuj uzataj por ligno 
kalkulmetr	PIV	算计	Y		1	kalkul=算	C^iuforma ilo (glit kalkulilo k.a. (kaj aliaj)), por faciligi kalkulojn per legado de grad
kalosom	PIV	虫ᴷᴸ	Y	Y	1	insekt=虫,larv=幼虫	G. (Genro) (Calosoma) de insektoj el la ordo de koleopteroj, fam. (familio) de karabedoj, 
kalt	PIV	草ᴷᵀ	Y	Y	1	herb=草	G. (Genro) (Caltha el ranunkolacoj) de plurjaraj akvejaj herboj kun larg^e korformaj folio
kameciparis	PIV	木ᴷᴬᴹᴱ	Y	Y	1	kupres=木ᴷˢ,lign=木	G. (Genro) (Chamaecyparis el kupresacoj), parenca al kupreso, de monoikaj arboj k trunkarb
kamemel	PIV	菊ᴷᴱ	Y	Y	1	antemid=菊	G. (Genro) (Chamaemelum el asteracoj), parenca al antemido, de 6 sp-oj (specioj) de herboj
kancerologi	PIV	癌学	Y		1	kancer=癌	Studo de la kanceroj.
kanis	PIV	犬ᴷ	Y	Y	1	hund=犬	G. (Genro) (Canis) de mamuloj el la subordo de rabobestoj, al kiu apartenas hundo, kojoto,
kantalup	PIV	瓜ᴷᴺ	Y	Y	1	melon=瓜	Grupo (Cantalupensis) de kf-oj (kultivoformoj) de melono kun sulkaj fruktoj, havantaj veru
kara	PIV	藻ᴷ	Y	Y	1	nitel=藻ᴺ	G. (Genro) (Chara el karaacoj) de dolc^akvaj verdalgoj kun regulaj, verticilaj disbranc^aj
karab	PIV	虫ᴷᴮ	Y	Y	1	insekt=虫,elafr=虫ᴱᶠ	G. (Genro) (Carabus) de insektoj el la ordo de koleopteroj, rapidkuraj, kun kvarartikaj an
karagan	PIV	木ᴷᴬᴿ	Y	Y	1	arbust=灌木	G. (Genro) (Caragana el fabacoj) de falfoliaj, ofte dornaj arbustoj kun plume kunmetaj fol
karakterologi	PIV	格学	Y		1	karakter=格	Scienca studo de la homaj karakteroj k de la rimedoj klasi individuon en karakteran katego
karakul	PIV	羊ᴷᴿ	Y		1	ŝaf=羊	Raso de s^afo, de kies j^usnaskitaj idoj oni ekhavas astrakanon.
kardamom	PIV	姜ᴷᴰ	Y	Y	1	eletari=姜ᴱ,amom=姜ᴬ,amom=姜ᴬ	1 (ss (striktasence)) Sp. (Specio) de eletario (Elettaria cardamomum) el Hindio, plurjara 
kardiogram	PIV	心图	Y		1	kardiograf=心记	Kurblinio ricevita per kardiografo.
kardiotomi	PIV	心切	Y		1	inciz=切ᴵ,kor=心	Kirurgia incizo de la koro.
kardjalgi	PIV	胃门痛	Y		1	gastralgi=胃痛,kardj=胃门	Formo de gastralgio, situanta apud la kardjo.
kardjotomi	PIV	胃门切	Y		1	inciz=切ᴵ,kardj=胃门	Kirurgia incizo de la kardjo.
kardu	PIV	菊ᴷᴿ	Y	Y	1	cirsi=菊ᶜᴿ	G. (Genro) (Carduus el asteracoj) de unu-, du-k plur-jaraj, dornaj herboj kun tubetfloraj 
karduel	PIV	鸟ᴷᴰ	Y	Y	1	bird=鸟	G. (Genro) (Carduelis) de birdoj el la ordo de paseroformaj, fam. (familio) de fringedoj, 
karenc	PIV	缺ᴷ	Y		1	mank=缺	(evi (evitinda)) = manko.
karet	PIV	龟ᴷᴿ	Y	Y	1	testud=龟	Mara testudulo (unuspecia g. (genro) Caretta caretta) el la fam. (familio) de keloniedoj, 
karum	PIV	伞ᴷᴿ	Y	Y	1	karvi=伞	G. (Genro) (Carum el apiacoj) de unu-, du-k plur-jaraj herboj kun 2−3-oble plume dividaj f
kastane	PIV	木ᴷᴬˢ	Y	Y	1	lign=木	G. (Genro) (Castanea el fagacoj) de arboj k trunkarbustoj kun defalemaj, dentaj folioj, ku
katarant	PIV	草ᴷᴬᵀ	Y	Y	1	herb=草	G. (Genro) (Catharanthus el apocinacoj) de unu-k plur-jaraj herboj au^ arbustetoj; 6 sp-oj
katari	PIV	草ᴷᴿ	Y	Y	1	nepet=草ᴺᵀ,nepet=草ᴺᵀ,herb=草	Sp. (Specio) de nepeto (Nepeta cataria) el Eu^ropo k U k C Azio, plurjara herbo medicine u
kau^ri	PIV	木ᴷᵁ̆	Y	Y	1	agatid=木ᴬᴳ,lign=木,agatid=木ᴬᴳ,agatid=木ᴬᴳ,damar=木ᴰᴹ	1 Sp. (Specio) de agatido (Agathis australis) el Nov-Zelando, kultivata por ornamo, ligno 
kavi	PIV	鼠ᴷ	Y	Y	1	kobaj=鼠	G. (Genro) (Cavia) de Amerikaj mamuloj el la ordo de rong^uloj, kun hufosimilaj ungegoj, a
kazuaren	PIV	木ᴷᴬᶻ	Y	Y	1	arbust=灌木,lign=木	G. (Genro) (Casuarina el kazuarenacoj) de monoikaj au^ dioikaj plantoj - arboj, arbustoj k
kebrac^	PIV	木ᴷᶜ̂	Y	Y	1	lign=木	Ligno el diversaj S Amerikaj sp-oj (specioj) de arboj - nome blanka kebrac^o (el Aspidospe
keir	PIV	草ᴷᴵ	Y	Y	1	erizim=草,herb=草	Sp. (Specio) de erizimo (Erysimum cheiri, sin. (sinonimo (de latinscienca nomo)) Cheiranth
keratit	PIV	角炎	Y		1	korne=角膜,inflam=炎	Kn (Kolektiva nomo) de c^iuj korneaj inflamoj
kilopod	PIV	千足	Y	Y	1	miriapod=万足,diplopod=双足	Klaso (Chilopoda) de rapidkuraj miriapodoj, kies segmentoj havas paron da kruroj po unu. V
kladogenez	PIV	支源	Y		1	klad=支ᴷ	Estig^o k evoluo de la kladoj
klatr	PIV	菌ᴷ	Y	Y	1	fung=菌	G. (Genro) (Clathrus el klatracoj) de fungoj kun fragila bazidiujo, kiun junstadie tute c^
klavari	PIV	菌ᴷⱽ	Y	Y	1	fung=菌,fung=菌	1 (ss (striktasence)) G. (Genro) (Clavaria el klavariacoj) de fungoj kun glathimenia bazid
klematit	PIV	草ᴷᴸᴱ	Y	Y	1	herb=草	G. (Genro) (Clematis el ranunkolacoj) de plurjaraj herboj k tufarbustoj plejparte grimpaj 
kleom	PIV	草ᴷᴹ	Y	Y	1	herb=草	G. (Genro) (Cleome el kaporacoj) de c^. (c^irkau^) 150 sp-oj (specioj) de plantoj - unu-, 
klerodendr	PIV	木ᴷᴸᴱᴿ	Y	Y	1	arbust=灌木	G. (Genro) (Clerodendrum el verbenacoj) de c^. (c^irkau^) 400 sp-oj (specioj) de arboj k a
klimatolog	PIV	气候学家	Y		1	klimatologi=气候学	Fakulo pri klimatologio.
klimatologi	PIV	气候学	Y		1	klimat=气候	Scienco pri la priskribo, eksplikado k klasifikado de la klimatoj, k pri ilia efiko sur la
klimatoterapi	PIV	气候疗	Y		1	klimat=气候	Apliko al la kuracado de la divers klimataj efikoj sur la homa korpo.
klitorektomi	PIV	阴蒂除	Y		1	klitor=阴蒂	Ablacio de la klitoro. -> ekscizi.
klorat	PIV	氯盐	Y		1	sal=盐	Salo de klorata acido, HClO 3
kloremi	PIV	氯血	Y		1	klor=氯,sang=血	C^eesto au^ kvanto de kloro en la sango.
kloridemi	PIV	氯化血	Y		1	klorid=氯化,sang=血	C^eesto au^ kvanto de kloridoj en la sango.
klorit	PIV	氯盐ᴷᴵ	Y		1	sal=盐	Salo de klorita acido, HClO 2.
klorofic	PIV	绿藻	Y	Y	1	klorofit=绿植,ulvofic=藻藻ᵁ	Klaso (Chlorophyceae el klorofitoj) de verdalgoj unuc^elaj, koloniaj au^ filamentaj, plejp
klorofit	PIV	绿植	Y	Y	1	klorofic=绿藻	Filumo (Chlorophyta), v.s. proks. (proksimume) ampleksanta la verdalgojn; 4 klasoj, el kiu
kojlektomi	PIV	结肠除	Y		1	kojl=结肠	Parta au^ tuta fortranc^o de la kojlo.
kojlostomi	PIV	结肠漏	Y		1	kojl=结肠	Kreado de artefarita anuso, per alkudro de la kojlo (pli ofte la descenda) al la korpekste
kokl	PIV	木ᴷᴷ	Y	Y	1	arbust=灌木,anamirt=木ᴬᴺᴬ	G. (Genro) (Cocculus el menispermacoj) de arbustoj k lignecaj lianoj kun unuseksaj, unu-au
kokotrau^st	PIV	鸟ᴷᴷ	Y	Y	1	bird=鸟,karduel=鸟ᴷᴰ,pirul=鸟ᴾᴿ	G. (Genro) (Coccothraustes) de relative grandaj birdoj el la ordo de paseroformaj, fam. (f
koksit	PIV	股炎	Y		1	artrit=节炎,koks=股	Artrito c^e la kokso.
koksopati	PIV	股病	Y		1	koks=股	Kn (Kolektiva nomo) de la koksaj malsanoj k afekcioj.
kolecistit	PIV	胆囊炎	Y		1	inflam=炎	Inflamo de la galveziko.
koleemi	PIV	胆血	Y		1	gal=胆,sang=血	Ekzisto de galaj elementoj en la sango
kolokazi	PIV	草ᴷᶻ	Y	Y	1	herb=草	G. (Genro) (Colocasia el arumacoj) de plurjaraj herboj kun rizomoj g^enerale tuberaj k ame
kolormetr	PIV	色计	Y		1	kolor=色	Aparato por mezuri diversajn parametrojn de koloro, i.a. (interalie, inter aliaj) intenson
kolormetri	PIV	色测	Y		1	kolor=色	La fako pri la mezurado de la parametroj de koloro.
kolorometri	PIV	色测ᴷᴼ	Y		1	kolor=色	La fako pri la mezurado de la parametroj de koloro.
kolute	PIV	木ᴷᴼ	Y	Y	1	arbust=灌木	G. (Genro) (Colutea el fabacoj) de arbustoj kun nepare plume kunmetaj folioj, kun floroj e
kombret	PIV	木ᴷᴼᴹ	Y	Y	1	arbust=灌木	G. (Genro) (Combretum el kombretacoj) de arbustoj grimpaj au^ ne, kun integraj, kontrau^e 
kombu	PIV	藻ᴷᴹ	Y	Y	1	laminari=藻,laminari=藻	Sp. (Specio) de laminario (fingroforma laminario), uzata en homa nutrado.
komelin	PIV	草ᴷᴼᴹ	Y	Y	1	herb=草	G. (Genro) (Commelina el komelinacoj) de plurjaraj herboj, kun neregulaj floroj g^enerale 
komifor	PIV	木ᴷᴼᴹᴵ	Y	Y	1	lign=木	G. (Genro) (Commiphora, sin. (sinonimo (de latinscienca nomo)) Balsamodendron el burseraco
kompan	PIV	伴ᴷᴼ	Y		1	kamarad=伴ᴷᴿ	(fm (familiara, familiare)) Preferata kunulo, kamarado
kondrit	PIV	软骨炎	Y		1	inflam=炎,kartilag=软骨,kondr=软骨ᴷᴺ	1 Inflamo de kartilago. 2 Aerolito, precipe konsistanta el kondroj 2.
kondrom	PIV	软骨瘤	Y		1	tumor=瘤,kartilag=软骨	Tumoro el kartilaga histo.
kondrektomi	PIV	软骨除	Y		1	kartilag=软骨,kartilag=软骨	Desekco de kartilago, precipe de la ripaj kartilagoj.
kondrostom	PIV	鱼ᴷᴰ	Y	Y	1	fiŝ=鱼	G. (Genro) (Chondrostoma) de fis^oj el la ordo de ciprinoformaj, fam. (familio) de ciprine
kongr	PIV	鱼ᴷᴺ	Y	Y	1	fiŝ=鱼	G. (Genro) (Conger) de grandaj fis^oj el la ordo de angiloformaj, tute sen skvamoj. Sin. (
konioz	PIV	尘症	Y		1	polv=尘	Malsano, estigata de polvo.
koniz	PIV	菊ᴷᶻ	Y	Y	1	erigeron=菊ᴱᴿ	G. (Genro) (Conyza el asteracoj), tre parenca al erigerono, de unu-k du-jaraj herboj k de 
konsolid	PIV	草ᴷᴼᴺ	Y	Y	1	delfini=草,herb=草	G. (Genro) (Consolida el ranunkolacoj), tre parenca al delfinio, de c^. (c^irkau^) 45 sp-o
kopaifer	PIV	木ᴷᴼᴾ	Y	Y	1	himene=木ᴴᴹ	G. (Genro) (Copaifera el fabacoj) de c^. (c^irkau^) 30 sp-oj (specioj) de tropikaj arboj e
kopris	PIV	虫ᴷᴾ	Y	Y	1	insekt=虫	G. (Genro) (Copris) de insektoj el la ordo de koleopteroj, fam. (familio) de geotrupedoj, 
koraci	PIV	鸟ᴷᶜ	Y	Y	1	bird=鸟,alced=鸟ᴬᴸ	G. (Genro) (Coracias) de belaj, multkoloraj birdoj sen metalbrilo, parencaj al alcedo, viv
kordit	PIV	弦炎	Y		1	inflam=炎	Inflamo de la voc^kordoj.
koridal	PIV	草ᴷᴼᴿ	Y	Y	1	herb=草	G. (Genro) (Corydalis el fumariacoj) de c^. (c^irkau^) 400 sp-oj (specioj) de unu-k plur-j
koriks	PIV	虫ᴷᴷ	Y	Y	1	insekt=虫	G. (Genro) (Corixa) de insektoj el la ordo de hemipteroj, subordo de heteropteroj, vivanta
koriz	PIV	炎ᴷᴿ	Y		1	rinit=鼻炎,katar=炎	Rinito. Vd kataro, malvarmumo.
korkor	PIV	草ᴷᴼ	Y	Y	1	herb=草	G. (Genro) (Corchorus el tiliacoj) de c^. (c^irkau^) 100 sp-oj (specioj) de altaj herboj k
koroidit	PIV	脉膜炎	Y		1	inflam=炎,koroid=脉膜	Inflamo de koroido(j).
koronariit	PIV	冠炎ᴷ	Y		1	inflam=炎,koronari=冠ᴷᴿ	Inflamo de la koronariaj arterioj, neofte povanta estigi miokardian infarkton.
koronel	PIV	蛇ᴷᴺ	Y	Y	1	serpent=蛇	G. (Genro) (Coronella) de senvenenaj serpentoj el la fam. (familio) de kolubredoj, kun gla
kortikotrop	PIV	皮向	Y		1	kortik=皮ᴷ	Havanta afinecon al la kortika substanco de la surrena glando (kortikoafina) au^ stimulant
kosmonau^tik	PIV	宇航学	Y		1	astronau^tik=星航学	Scienco pri la kondic^oj k pretigo de la rimedoj por vojag^oj inter la planedoj au^ la ste
krajt	PIV	蛇ᴷᴿ	Y	Y	1	bungar=蛇ᴮᴺ	Vulgara nomo de bungaro.
krakt	PIV	鸟ᴷᴿᴬ	Y		1	perisore=鸟ᴾˢ	(ark. (arkaismo, arkaisme)) = perisoreo.
krangon	PIV	虾ᴷᴺ	Y	Y	1	salikok=虾,leandr=虾ᴸᴺ,pandal=虾ᴾᴰ	G. (Genro) (Crangon) de marbordaj salikokoj, kiuj estas grizaj post kuirado. Vd leandro, p
kraniologi	PIV	颅学	Y		1	antropologi=人学,krani=颅	1 Frenologio. 2 Antropologia fako pri la kranioj.
krek	PIV	鸟ᴷᴿ	Y	Y	1	kreks=鸟ᴷˢ	Sp. (Specio) (Anas crecca) de malgranda anaso. -> krekso. / Malgranda golfo, uzebla kiel n
kreks	PIV	鸟ᴷˢ	Y	Y	1	bird=鸟,krek=鸟ᴷᴿ	Birdo (unuspecia g. (genro) Crex crex) el la ordo de gruformaj, fam. (familio) de raledoj,
kremometr	PIV	酪计	Y		1	krem=酪	Instrumento, uzata por mezuri la kvanton da kremo en lakto.
kril	PIV	虾ᴷᴿ	Y	Y	1	eu^fau^zi=磷虾	Planktono de malvarmaj maroj, konsistanta el etaj krustacoj (precipe el g. (genro) eu^fau^
krimolog	PIV	罪学家	Y		1	krimologi=罪学	Fakulo pri krimologio.
krinum	PIV	草ᴷᵁ	Y	Y	1	herb=草	G. (Genro) (Crinum el amarilidacoj) de herboj kun granda tunika bulbo, kun larg^aj, elbaza
kriometri	PIV	冻测	Y		1	mezur=测	Mezuro de la temperaturoj de frostig^o de solvaj^o.
kriptogram	PIV	羊齿ᴷ	Y	Y	1	filik=羊齿	G. (Genro) (Cryptogramma el adiantacoj), alpa k boreala, de 2 sp-oj (specioj) de filikoj.
krizop	PIV	虫ᴷᶻ	Y	Y	1	insekt=虫	G. (Genro) (Chrysopa) de afidovoraj insektoj el la ordo de neu^ropteroj, kun verda korpo, 
kromosfer	PIV	色球	Y		1	fotosfer=光球	Tavolo kelkmil km (kilometro) dika, transig^a inter fotosfero k korono.
kronostratigrafi	PIV	时层志	Y		1	stratigrafi=层志,tavol=层,temp=时	Stratigrafio pri la ag^o de la tavoloj k iliaj tempaj rilatoj
krotalari	PIV	豆ᴷᵀ	Y	Y	1	gus^=豆	G. (Genro) (Crotalaria el fabacoj) de plantoj - unu-k plur-jaraj herboj k arbustoj - kun s
kroton	PIV	草ᴷᴿᴼ	Y	Y	1	herb=草	G. (Genro) (Croton, el eu^forbiacoj), tropika k subtropika, de c^. (c^irkau^) 750 sp-oj (s
krozofor	PIV	草ᴷᶠ	Y	Y	1	herb=草	G. (Genro) (Chrozophora el eu^forbiacoj) de 6−12 sp-oj (specioj) de herboj k tufarbustoj, 
ksantosom	PIV	草ᴷˢᴬ	Y	Y	1	herb=草,kolokazi=草ᴷᶻ	G. (Genro) (Xanthosoma el arumacoj) de plurjaraj herboj kun dika au^ tubera, laktosukohava
ksenon	PIV	气ᴷˢ	Y		1	gas=气	1 Elemento, Xe, atomnumero 54, atommaso 131,29. 2 Nobla gaso.
kseroderm	PIV	干皮	Y		1	haŭt=皮,sek=干	Afekcio, en kiu la hau^to estas tre seka.
kseroftalmi	PIV	干目	Y		1	sek=干	Afekcio, en kiu la konjunktivo estas tre seka pro manko de vitamino A.
ksestobi	PIV	虫ᴷˢ	Y	Y	1	insekt=虫	G. (Genro) (Xestobium) de insektoj el la fam. (familio) de anobiedoj, ordo de koleopteroj,
kubeb	PIV	木ᴷᴱ	Y	Y	1	arbust=灌木	Sp. (Specio) de pipero (Piper cubeba) el Indonezio, grimpa arbusto kun beroj pedunklaj, me
kukumis	PIV	瓜ᴷˢ	Y	Y	1	kukum=瓜,melon=瓜	G. (Genro) (Cucumis el kukurbacoj) de unu-k plur-jaraj herboj, monoikaj au^ dioikaj, volve
kumar	PIV	木ᴷᴹ	Y	Y	1	dipterik=木ᴰᴾ,tonk=木	Malnova nomo (Coumarouna) de la g. (genro) dipteriko, kies plej konata sp. estas tonko.
kumarat	PIV	木盐	Y		1	sal=盐	Salo au^ estero de kumarata acido, C 6 H 4 (OH)CH=CHCOOH.
kus	PIV	木ᴷᵁ	Y	Y	1	sorbus=木ˢᴮ	1 Sp. (Specio) (Hagenia abyssinica, el rozacoj) de E-Afrika, monoika arbo aspektanta kiel 
kuskut	PIV	草ᴷᵁˢ	Y	Y	1	herb=草	G. (Genro) (Cuscuta el konvolvulacoj) de unujaraj, parazitaj herboj senradikaj k senfoliaj
kvecal	PIV	鸟ᴷⱽ	Y	Y	1	bird=鸟,bird=鸟,bird=鸟	Sp. (Specio) de birdo (Pharomachrus mocinno) el la ordo de trogonoformaj, kun longa vosto,
labr	PIV	鱼ᴸ	Y	Y	1	fiŝ=鱼	G. (Genro) (Labrus) de maraj fis^oj el la ordo de perkoformaj, kun dikaj lipoj k kun pikaj
lagop	PIV	鸟ᴸᴳ	Y	Y	1	bird=鸟,lagopod=鸟ᴸᴰ	G. (Genro) (Lagopus) de birdoj el la ordo de galinoformaj, fam. (familio) de tetraonedoj, 
lampetr	PIV	鱼ᴸᴾ	Y	Y	1	petromiz=鱼	G. (Genro) (Lampetra) de senmakzeluloj parencaj al petromizo, iuj vivantaj parte en maro p
lani	PIV	鸟ᴸ	Y	Y	1	bird=鸟	G. (Genro) (Lanius) de birdoj el la ordo de paseroformaj, kun forta beko, kun tranc^o en l
laparoskopi	PIV	腹镜	Y		1	abdomen=腹	Esploro de la abdomena kavo per optika instrumento, ens^ovita tra aperturo de trokaro.
laringolog	PIV	喉学家	Y		1	laring=喉	Kuracisto, kiu specialig^is pri la laringaj malsanoj, ofte ankau^ pri la nazaj k orelaj (o
laringologi	PIV	喉学	Y		1	laring=喉	Studo de la laringo k ties malsanoj.
laringoskopi	PIV	喉镜	Y		1	laring=喉,laring=喉,spegul=镜	Rekta ekzameno de la laringo per laringa spegulo (laringoskopo).
laringotomi	PIV	喉切	Y		1	laring=喉,inciz=切ᴵ	Malfermo de la laringo per incizo.
latifundi	PIV	庄ᴸ	Y		1	bien=庄	Grandegaj bienoj, rigardataj kiel karakteriza parto de la ekonomia k politika strukturo de
latimeri	PIV	鱼ᴸᵀ	Y	Y	1	fiŝ=鱼,fiŝ=鱼	La sola nun vivanta fis^o (Latimeria chalumnae) el la ordo de krosopterigoj, 1,5 m longa, 
latre	PIV	草ᴸᵀ	Y	Y	1	herb=草	G. (Genro) (Lathraea el skrofulariacoj) de senklorofilaj herboj, parazitantaj la radikojn 
lecitid	PIV	木ᴸᶜ	Y	Y	1	lign=木,bertoleti=木ᴮᴿ	G. (Genro) (Lecythis el lecitidacoj) de dau^rafoliaj arboj kun 6-nombraj floroj en grapolo
leguzi	PIV	草ᴸᴱ	Y	Y	1	herb=草	G. (Genro) (Legousia, sin. (sinonimo (de latinscienca nomo)) Specularia, el kampanulacoj) 
leksikolog	PIV	词汇学家	Y		1	leksikologi=词汇学	Specialisto pri leksikologio.
lensometr	PIV	镜计	Y		1	lens=镜	Aparato por mezuri la dioptrikan povon de la okulvitraj lensoj.
lentibulari	PIV	草ᴸᴵ	Y	Y	1	utrikulari=草ᵁᵀ	(ark. (arkaismo, arkaisme)) Alia nomo (Lentibularia, nomenklature ne legitima) de utrikula
lentisk	PIV	木ᴸˢ	Y	Y	1	pistaci=木ᴾᶜ,pistaci=木ᴾᶜ,terebint=木	Sp. (Specio) de pistacio (Pistacia lentiscus), dau^rafolia trunkarbusto au^ arbeto kun par
leontodon	PIV	菊ᴸᵀ	Y	Y	1	leontod=菊,taraksak=菊ᵀᴿ	G. (Genro) (Leontodon el asteracoj) de plurjaraj laktosukohavaj herboj kun baza rozeto el 
lepidi	PIV	草ᴸᴾ	Y	Y	1	herb=草	G. (Genro) (Lepidium el brasikacoj) de plantoj - unu-k plur-jaraj herboj k kelkaj arbustet
lepist	PIV	菌ᴸˢ	Y	Y	1	klitocib=菌ᴷᴸ,trikolom=菌ᵀᴷ	G. (Genro) (Lepista el trikolomacoj) de lamenohavaj ombrelfungoj sen stipingo k sen ringo,
lept	PIV	虫ᴸᴾ	Y	Y	1	larv=幼虫,akar=虫	1 Larvo (Leptus) de sp. de akaro (Trombicula autumnalis) el la fam. (familio) trombidiedoj
leptinotars	PIV	虫ᴸᴺ	Y	Y	1	insekt=虫,larv=幼虫	Insekto (unuspecia g. (genro) Leptinotarsa decemlineata) el la ordo de koleopteroj, flavet
leptocefal	PIV	鱼ᴸᶜ	Y	Y	1	angil=鱼	(Leptocephalus) Larvo de angilo, 25−70 cm (centimetro) longa, vivanta en maro dum tri jaro
leu^cisk	PIV	鱼ᴸᵁ̆	Y	Y	1	fiŝ=鱼,plot=鱼,rutel=鱼ᴿᵀ	G. (Genro) (Leuciscus) de fis^oj el la ordo de ciprinoformaj, fam. (familio) de ciprinedoj
leu^kant	PIV	菊ᴸᵁ̆	Y	Y	1	krizantem=菊	G. (Genro) (Leucanthemum el asteracoj), parenca al krizantemo, de plurjaraj herboj, kies r
leu^koj	PIV	草ᴸᵁ̆	Y	Y	1	herb=草,levkoj=草	G. (Genro) (Leucojum el amarilidacoj), parenca al galanto, de plurjaraj herboj kun tunika 
leu^kopoez	PIV	白生	Y		1	leu^kocit=白胞	Formig^o de leu^kocitoj en la organismo. Sin. (sinonimo) leu^kocitopoezo.
levator	PIV	举具	Y		1	lev=举	1 = elevatoro. 2 Nomo de diversaj muskoloj, kiuj servas por levi membron
lienit	PIV	脾炎	Y		1	inflam=炎,lien=脾	Inflamo de la lieno.
lienektomi	PIV	脾除	Y		1	lien=脾	Parta au^ tuta ablacio de la lieno.
lig^e	PIV	虫ᴸᴳ̂	Y	Y	1	insekt=虫,afid=虫	G. (Genro) (Lygaeus) de insektoj el la ordo de hemipteroj, subordo de heteropteroj, nigraj
likoperd	PIV	菌ᴸᴷ	Y	Y	1	gasteromicet=胃菌,fung=菌,boviste=菌ᴮⱽ	G. (Genro) (Lycoperdon el likoperdacoj el gasteromicetoj) de fungoj kun glob-, klab-au^ pi
likopersik	PIV	茄ᴸ	Y	Y	1	tomat=茄	G. (Genro) (Lycopersicon el solanacoj) de unu-k plur-jaraj herboj kun nepare plume kunmeta
limet	PIV	甜柠ᴸᵀ	Y		1	limed=甜柠	(evi (evitinda)) = limedo.
limfocit	PIV	淋胞	Y		1	leu^kocit=白胞	Blanka globulo kun unu dika globa nukleo. Vd leu^kocito.
limne	PIV	贝ᴸ	Y	Y	1	konk=贝	G. (Genro) (Lymnea, sin. (sinonimo (de latinscienca nomo)) Limnaea) de nesalakvaj gastropo
limoni	PIV	草ᴸᴼ	Y	Y	1	herb=草	G. (Genro) (Limonium, sin. (sinonimo (de latinscienca nomo)) Statice, el plumbagacoj) de p
limoz	PIV	鸟ᴸᴹ	Y	Y	1	bird=鸟	G. (Genro) (Limosa) de birdoj el la ordo de karadriformaj, fam. (familio) de skolopedoj, k
linari	PIV	草ᴸᴺ	Y	Y	1	herb=草,cimbalari=草ᶜᴹ	1 (ss (striktasence)) G. (Genro) (Linaria el skrofulariacoj) de unu-k plur-jaraj herboj ku
lipoliz	PIV	脂解	Y		1	hidroliz=水解,lipid=脂ᴸᴾ	Hidrolizo de la lipidoj en la organismo.
lipom	PIV	脂瘤	Y		1	tumor=瘤	Negrava tumoro, konsistanta el subhau^ta grashisto.
lipoprotein	PIV	脂蛋白	Y		1	protein=蛋白	Vd (vidu) proteino.
liriodendr	PIV	木ᴸᴰ	Y	Y	1	lign=木	G. (Genro) (Liriodendron el magnoliacoj) de falfoliaj arboj kun 2−4-lobaj, apekse detranc^
litologi	PIV	石学	Y		1	petrologi=岩学	Parto de petrologio pri la fizikaj karakteroj de la petroj.
litorn	PIV	鸟ᴸᵀ	Y	Y	1	turd=鸟,turd=鸟,turd=鸟	Granda sp. de turdo (Turdus pilaris) kun grizaj verto, kapo k postdorso. Sin. (sinonimo) g
litosperm	PIV	草ᴸᴿ	Y	Y	1	herb=草,herb=草	1 (ss (striktasence)) G. (Genro) (Lithospermum el boragacoj) de c^. (c^irkau^) 45 sp-oj (s
litotomi	PIV	石切	Y		1	ŝton=石	Fragmentigo k eltiro de s^tono el la urina veziko.
litrum	PIV	草ᴸᴹ	Y	Y	1	herb=草,salikari=草	G. (Genro) (Lythrum el litrumacoj) de unu-k plur-jaraj herboj - iuj malsupraparte lignecaj
lizosom	PIV	解体	Y		1	hidroliz=水解	(pp (se paroli pri) eu^kariotaj c^eloj) Vakuolo kun acida enhavo k enzimoj kapablaj hidrol
logani	PIV	草ᴸᴬ	Y	Y	1	herb=草	G. (Genro) (Logania el loganiacoj) de c^. (c^irkau^) 25 sp-oj (specioj) de plurjaraj herbo
lokustel	PIV	鸟ᴸᴷ	Y	Y	1	bird=鸟,hipola=鸟ᴴ	G. (Genro) (Locustella) de birdoj el la ordo de paseroformaj, fam. (familio) de silviedoj,
loli	PIV	草ᴸᴸ	Y	Y	1	herb=草	G. (Genro) (Lolium el poacoj) de unu-, du-k plur-jaraj herboj kun maldensa spiko el plataj
longan	PIV	木ᴸᴺ	Y	Y	1	rambutan=木ᴿᵀ	1 Sp. (Specio) (Dimocarpus longan el sapindacoj) de arbo el Hindio k Srilanko, parenca al 
lorant	PIV	木ᴸᵀ	Y	Y	1	kratag=木	G. (Genro) (Loranthus el lorantacoj) de nur unu sp. (L. europaeus), arbusteto el SE k C Eu
lori	PIV	鸟ᴸᴿ	Y	Y	1	bird=鸟	G. (Genro) (Lorius) de birdoj el la ordo de psitakoformaj, vivantaj en Au^stralio k apudaj
loris	PIV	猴ᴸ	Y	Y	1	galag=猴ᴳᴸ,indri=猴ᴵ,tarsi=猴ᵀᴿ	G. (Genro) (Loris) de S-Aziaj prasimioj, malrapide movig^antaj, senvostaj, kun mallongaj o
luzul	PIV	草ᴸᶻ	Y	Y	1	herb=草	G. (Genro) (Luzula el junkacoj) de plurjaraj herboj g^enerale haraj, kun gramineecaj folio
magnetosfer	PIV	磁球	Y		1	magnet=磁	Dikega, neregulforma tegaj^o de magneta kampo c^irkau^ Tero k aliaj c^ielaj korpoj (Suno, 
magnetoskop	PIV	磁镜	Y		1	magnet=磁,magnetofon=磁	Aparato por magnete registri sur bendon samtempe sonojn k movig^antajn bildojn el kamerao 
magot	PIV	猴ᴹ	Y	Y	1	makak=猴,resus=猴ᴿ	N-Afrika simio el la g. (genro) makako (Macaca sylvanus), la sola sp. de antropoidoj, kiu 
makeri	PIV	木ᴹᴷ	Y	Y	1	palisandr=木	G. (Genro) (Machaerium el fabacoj) de lianoj k kelkaj arboj, c^i tiuj uzataj por palisandr
malariologi	PIV	疟学	Y		1	malari=疟	Studo de malario k de g^ia kuracado.
malarioterapi	PIV	疟疗	Y		1	terapi=疗,malari=疟	(ark. (arkaismo, arkaisme)) Terapia inokulo de la malaria hematozoo, pasintece uzata por k
malus	PIV	木ᴹˢ	Y	Y	1	arbust=灌木	G. (Genro) (Malus el rozacoj) de falfoliaj arboj k arbustoj kun simplaj folioj, kun 5-sepa
mamektomi	PIV	乳除	Y		1	mam=乳	Ablacio de mamo.
mandril	PIV	猴ᴹᴺ	Y	Y	1	pavian=猴	Sp. (Specio) (Papio sphinx) de simio el la subordo de antropoidoj, fam. (familio) de cerko
mangostan	PIV	木ᴹᵀ	Y	Y	1	garcini=木ᴳᶜ,garcini=木ᴳᶜ	Sp. (Specio) de garcinio (Garcinia mangostana) el Malajzio, dau^rafolia arbo kun elipsaj, 
mangrov	PIV	木ᴹⱽ	Y	Y	1	pterokarp=木ᴾᴱ,aviceni=木ᴬᶜ	Pli-malpli saleja arbara vegetaj^aro de la tropikaj marbordoj, en kiu plejkovras precipe s
manihot	PIV	草ᴹᴴ	Y	Y	1	herb=草	G. (Genro) (Manihot el eu^forbiacoj) de plurjaraj herboj k arbustoj kun mane 3−7-lobaj fol
manilkar	PIV	木ᴹᴬ	Y	Y	1	balat=木ᴮᵀ	G. (Genro) (Manilkara, sin Achras k Sapota, el sapotacoj) de c^. (c^irkau^) 65 sp-oj (spec
mapotek	PIV	图包	Y		1	map=图	Ejo, kie oni klasas k konservas mapojn 1.
marant	PIV	草ᴹᴿ	Y	Y	1	herb=草,kalate=草ᴷᴱ	G. (Genro) (Maranta el marantacoj) de plurjaraj herboj kun ofte okulfrape koloraj, ornamaj
marubi	PIV	草ᴹᴮ	Y	Y	1	herb=草	G. (Genro) (Marrubium el lamiacoj) de plurjaraj, malofte unujaraj herboj kun krenelaj, kri
mastoidit	PIV	乳突炎	Y		1	inflam=炎,mastoid=乳突	Inflamo de mastoido(j).
matiol	PIV	草ᴹᵀ	Y	Y	1	herb=草	G. (Genro) (Matthiola el brasikacoj) de unu-, du-k plur-jaraj herboj kun simplaj folioj k 
matrikari	PIV	菊ᴹᵀ	Y	Y	1	kamomil=甘菊	G. (Genro) (Matricaria el asteracoj) de unu-, du-k plur-jaraj herboj kun plume dividaj fol
mediologi	PIV	境学	Y		1	medi=境	Studo de la rilatoj inter la vivuloj k ilia medio
mediastinit	PIV	纵隔炎	Y		1	inflam=炎,mediastin=纵隔	Inflamo de mediastina konektivo.
medolektomi	PIV	髓除	Y		1	medol=髓	Desekco de la medola histo (pp (se paroli pri) la surrena glando).
medolpati	PIV	髓病	Y		1	medol=髓,mjelopati=髓病ᴹᴶ	Kn (Kolektiva nomo) de la afekcioj de la osta medolo. -> mjelopatio.
medolopati	PIV	髓病ᴹᴼ	Y		1	medol=髓,mjelopati=髓病ᴹᴶ	Kn (Kolektiva nomo) de la afekcioj de la osta medolo. -> mjelopatio.
megateri	PIV	兽ᴹᴳ	Y	Y	1	bradip=兽	G. (Genro) (Megatherium), parenca al bradipo, de gigantaj mamuloj, kiuj vivis dum kvaterna
megommetr	PIV	兆计	Y		1	izolmetr=隔计	Aparato por mezuri tre altajn rezistancojn. Vd izolmetro.
melaleu^k	PIV	木ᴹᵁ̆	Y	Y	1	arbust=灌木	G. (Genro) (Melaleuca el mirtacoj) de arboj k arbustoj kun alternaj au^ kontrau^e duopaj, 
melanemi	PIV	黑血	Y		1	sang=血	Enesto de melanino en la sango.
meleagren	PIV	贝ᴹᴸ	Y		1	pinktad=贝ᴾᴷ	(ark. (arkaismo, arkaisme)) = pinktado.
melo	PIV	虫ᴹ	Y	Y	1	kantarid=虫	G. (Genro) (Meloe) de koleopteroj kun metalbrilaj, mallongaj, diverg^antaj elitroj, k kiu 
meniant	PIV	草ᴹᴱ	Y	Y	1	herb=草	G. (Genro) (Menyanthes el meniantacoj) de nur unu sp. (M. trifoliata), plurjara herbo kun 
merluc^	PIV	鱼ᴹᶜ̂	Y	Y	1	fiŝ=鱼	G. (Genro) (Merluccius) de fis^oj el la ordo de gadoformaj, fam. (familio) de gadedoj, i.a
mesenter	PIV	中肠	Y		1	mesoenter=中肠ᴹᴼ	Mesoentero (Vd (vidu) meso/).
mesoenter	PIV	中肠ᴹᴼ	Y		1	intest=肠,mesenter=中肠	Mesoo, liganta la abdomenan parieton al la maldika intesto. Sin. (sinonimo) mesentero.
metafaz	PIV	超相	Y		1	faz=相	Fazo de mitozo k mejozo, dum kiu la kromosomoj arang^ig^as c^e la ekvatoro de la c^elspind
metalografi	PIV	金志	Y		1	metal=金ᴹ	Scienco pri la metaloj.
mezant	PIV	中ᴹᵀ	Y		1	median=中	(evi (evitinda)) = mediano.
mezembriant	PIV	草ᴹᶻ	Y	Y	1	herb=草	G. (Genro) (Mesembryanthemum el aizoacoj) de unu-k du-jaraj, sukulentaj, kus^aj herboj kun
mezenter	PIV	中肠ᴹᶻ	Y		1	mesoenter=中肠ᴹᴼ	(evi (evitinda)) = mesoentero (Vd (vidu) meso/).
mezoderm	PIV	中皮	Y		1	ektoderm=外皮,endoderm=内皮	C^eltavolo de embrio, kiu formig^as inter la ektodermo k endodermo
mezolitik	PIV	中石学	Y		1	paleolitik=古石学,neolitik=新石学,mikrolit=微石	Transira facio, post la paleolitiko k antau^ la neolitiko, karakterizata de la mikrolitoj,
miit	PIV	肌炎	Y		1	inflam=炎	Inflamo de la muskola histo.
miceli	PIV	菌ᴹᴱ	Y	Y	1	fung=菌,hif=菌丝,fung=菌,fung=菌,fung=菌	Funga fadenaro, maso el interplektig^antaj hifoj septaj (c^e superaj fungoj) au^ senseptaj
micetologi	PIV	菌学ᴹᶜ	Y		1	fungologi=菌学ᶠ	(evi (evitinda)) = fungologio.
mikobakteri	PIV	菌菌	Y		1	aktinomicet=射菌,bacil=菌,bacil=菌	G. (Genro) (Mycobacterium el aktinomicetoj) de eu^bakterioj, ofte aspektantaj kiel baciloj
mikoriz	PIV	菌ᴹᶻ	Y	Y	1	fung=菌	Simbioza, nepatogena au^ neforte patogena asocio de fungo kun la radikoj de planto.
mikroskopi	PIV	微镜ˢᴷ	Y		1	mikroskop=微镜	Esploro pere de mikroskopo.
mikrobologi	PIV	细菌学	Y		1	mikrob=细菌,mikrobiologi=微生学	Studo pri la mikroboj k ilia agado. Sin. (sinonimo) mikrobiologio.
mikrobicid	PIV	细菌杀	Y		1	mikrob=细菌	Substanco detruanta au^ mortiganta la mikrobojn.
mikrolit	PIV	微石	Y		1	mezolitik=中石学,mikroskop=微镜	1 Malgranda silikosplito, ofte geometria, elemento de prahistoria ilaro, c^efe dum la mezo
mikrospor	PIV	微胞子	Y	Y	1	spor=胞子	G. (Genro) (Microsporum) de parazitaj neperfektaj fungoj, kau^zoj de diversaj malsanoj c^e
mikrot	PIV	鼠ᴹᴷ	Y	Y	1	mus=鼠,rat=鼠	G. (Genro) (Microtus) de mamuloj el la ordo de rong^uloj, fam. (familio) de musedoj kun ma
mimul	PIV	草ᴹ	Y	Y	1	herb=草	G. (Genro) (Mimulus el skrofulariacoj) de unu-k plur-jaraj herboj k arbustetoj kun unuope 
mirabil	PIV	草ᴹᴵ	Y	Y	1	herb=草,niktag=草ᴺᴷ	G. (Genro) (Mirabilis el niktagacoj) de unu-k plur-jaraj herboj kun floroj unu-au^ plur-op
miringit	PIV	鼓膜炎	Y		1	inflam=炎,miring=鼓膜	Inflamo de unu au^ ambau^ miringoj.
miringotomi	PIV	鼓膜切	Y		1	inciz=切ᴵ,miring=鼓膜	Incizo de miringo.
miroksil	PIV	木ᴹᴵᴿ	Y	Y	1	lign=木,mahagon=木	G. (Genro) (Myroxylon el fabacoj) de 2−3 sp-oj (specioj) de tropik-Amerikaj arboj kun dau^
mish^ant	PIV	草ᴹˢ	Y	Y	1	herb=草,miskant=草	G. (Genro) (Miscanthus el poacoj) de plurjaraj herboj kun mane arig^intaj spikoj el spiket
mitrit	PIV	冠炎	Y		1	inflam=炎,mitr=冠ᴹ	Inflamo de la mitra valvo.
mjelopati	PIV	髓病ᴹᴶ	Y		1	mjel=髓,medolopati=髓病ᴹᴼ	C^iu afekcio de la mjelo. -> medolopatio.
mola	PIV	鱼ᴹᴸ	Y	Y	1	fiŝ=鱼	Fis^o (unuspecia g. (genro) Mola mola) el la fam. (familio) de molaedoj, kun ronda korpo f
moldavik	PIV	草ᴹᴰ	Y	Y	1	herb=草	Sp. (Specio) de drakocefalo (Dracocephalum moldavica), unujara, aroma herbo hejma en mezva
moli	PIV	木ᴹᴸ	Y	Y	1	skin=木ˢᴷ	Sp. (Specio) de skino (Schinus molle), arbo kun pendaj branc^oj k plume kunmetaj folioj; h
molini	PIV	草ᴹᴸ	Y	Y	1	herb=草	G. (Genro) (Molinia el poacoj) de 2−4 sp-oj (specioj) de herboj el la mezvarmaj regionoj d
molv	PIV	鱼ᴹⱽ	Y	Y	1	fiŝ=鱼,merlang=鱼,brosm=鱼ᴮᴹ,lojt=鱼,eglefin=鱼	G. (Genro) (Molva) de fis^oj el la fam. (familio) de gadedoj, kun tre longforma korpo, fad
monard	PIV	草ᴹᴺ	Y	Y	1	herb=草	G. (Genro) (Monarda el lamiacoj) de plurjaraj, staraj herboj kun floroj arig^intaj en apek
monili	PIV	菌ᴹᴼ	Y	Y	1	fung=菌	G. (Genro) (Monilia) de mikroskopaj fungoj (neperfekta formo de neu^rosporo), kies sporoj 
monist	PIV	单家	Y		1	monism=单主义	Adepto de monismo.
monodor	PIV	木ᴹᴼ	Y	Y	1	muskat=木	G. (Genro) (Monodora el anonacoj) de c^. (c^irkau^) 15 sp-oj (specioj) de arboj k grimpaj 
monomorfi	PIV	单形	Y		1	homomorfi=同形ᴴᴵ,morfi=形ᴹᴵ	Enjekcia homomorfio; pli g^enerale, morfio kun analoga eco.
monster	PIV	草ᴹᴼ	Y	Y	1	filodendr=草ᶠᴺ	G. (Genro) (Monstera el arumacoj) de epifitaj lianoj kun aeraj radikoj k kun grandaj, lede
morfogenez	PIV	形源	Y		1	embriogenez=胚源	Estig^o k disvolvig^o de la organoj dum la embria vivo. Vd embriogenezo.
mortadel	PIV	肠ᴹ	Y		1	salam=腊肠	Speco de tre dika salamo
mukor	PIV	菌ᴹᴿ	Y	Y	1	fung=菌	G. (Genro) (Mucor el mukoracoj el zigomicetoj) de mikroskopaj fungoj, kies sporoj produkti
mureks	PIV	贝ᴹ	Y	Y	1	konk=贝	G. (Genro) (Murex) de moluskoj el la klaso de gastropodoj, brankohavaj, kun grandaj dornoj
musend	PIV	木ᴹᴺ	Y	Y	1	arbust=灌木	G. (Genro) (Mussaenda el rubiacoj) de tropikaj arbustoj staraj, kus^aj au^ grimpaj, hejmaj
muskoloz	PIV	筋症	Y		1	muskol=筋,mukoz=粘症	Muskola parieto de la visceroj, inter la ekstera serozo k la interna mukozo.
naj	PIV	蛇ᴺ	Y	Y	1	serpent=蛇,kobr=眼镜蛇	G. (Genro) (Naja) de serpentoj venenaj, kiuj povas plilarg^igi la nukan regionon. Vd kobro
napel	PIV	草ᴺ	Y	Y	1	akonit=草	Sp. (Specio) de akonito (Aconitum napellus) el Eu^ropo k Azio, kun bluaj floroj, pororname
nardostaki	PIV	草ᴺᴿ	Y	Y	1	herb=草	G. (Genro) (Nardostachys el valerianacoj) de nur unu sp. (N. grandiflora) de Himalaja plur
nasturti	PIV	草ᴺˢ	Y	Y	1	herb=草	G. (Genro) (Nasturtium el brasikacoj) de dolc^akvaj herboj kun integraj au^ diverse entran
natrik	PIV	蛇ᴺᵀ	Y	Y	1	serpent=蛇	G. (Genro) (Natrix) de senvenenaj serpentoj el la fam. (familio) de kolubredoj, ovonaska, 
nau^l	PIV	木ᴺ	Y	Y	1	melaleu^k=木ᴹᵁ̆,melaleu^k=木ᴹᵁ̆	Sp. (Specio) de melaleu^ko (kvinripa melaleu^ko), Nov-Kaledonia arbo, el kiu oni ekstrakta
nefoskop	PIV	云镜	Y		1	nub=云	Instrumento, por mezuri la direkton k rapidecon de la nuboj.
nefrit	PIV	肾炎	Y		1	inflam=炎,nefr=肾ᴺ	Inflamo de nefro(j).
nefrektomi	PIV	肾除	Y		1	ren=肾	Parta au^ tuta ablacio de unu reno.
nefrologi	PIV	肾学	Y		1	ren=肾	Medicina fako pri la renoj.
nefropati	PIV	肾病	Y		1	ren=肾	(Kn (Kolektiva nomo)) Rena afekcio.
nefrolepid	PIV	羊齿ᴺ	Y	Y	1	filik=羊齿	G. (Genro) (Nephrolepis el nefrolepidacoj) de c^. (c^irkau^) 30 sp-oj (specioj) de tropika
nekrofor	PIV	虫ᴺᴷ	Y	Y	1	insekt=虫	G. (Genro) (Necrophorus) de insektoj el la ordo de koleopteroj, kun nigraj elitroj ofte or
nekroz	PIV	死症	Y	Y	1	mort=死,gangren=坏死,mort=死,simptom=症ˢ	1 Morto de histo. Vd gangreno. 2 Morto de plant-c^eloj au^ ‑histo, precipe kiam la koncern
nemakejl	PIV	鱼ᴺᴹ	Y	Y	1	fiŝ=鱼,kobitid=鱼	G. (Genro) (Nemacheilus) de fis^oj parencaj al kobitido, vivantaj en ne-au^ malmult-sala, 
neoplasm	PIV	新浆	Y		1	neoplazi=新生	Malsaneca histo, rezultanta el neoplazio. Vd kancero.
neoplazi	PIV	新生	Y		1	nova=新星	Formig^o de nova histo per pli-malpli senbrida multoblig^o de nenormalaj c^eloj, kiu kondu
nepa	PIV	虫ᴺ	Y	Y	1	insekt=虫	G. (Genro) (Nepa) de insektoj el la ordo de hemipteroj, subordo de heteropteroj, vivantaj 
nepet	PIV	草ᴺᵀ	Y	Y	1	herb=草,katari=草ᴷᴿ	G. (Genro) (Nepeta el lamiacoj) de plurjaraj, aromaj herboj kun kontrau^e duopaj folioj k 
nereid	PIV	虫ᴺᴿ	Y	Y	1	nere=虫,anelid=虫,afrodit=虫ᴬᴰ	G. (Genro) (Nereis) de anelidoj el la klaso de poliketoj, vivantaj sur s^tona, sabla au^ k
nervologi	PIV	神经学	Y		1	nerv=神经	Anatomia fako pri la nerva sistemo.
neu^rit	PIV	神经炎	Y		1	inflam=炎,nerv=神经	Kn (Kolektiva nomo) de inflamaj au^ degeneraj lezoj de la nervoj.
neu^rolog	PIV	神经学家	Y		1	neu^rologi=神经学	Specialisto pri neu^rologio.
neu^rom	PIV	神经瘤	Y		1	tumor=瘤,nerv=神经	Tumoro el la nerva histo.
neu^ropati	PIV	神经病	Y		1	nerv=神经	1 (kn (kolektiva nomo)) Nerva afekcio
niktag	PIV	草ᴺᴷ	Y	Y	1	mirabil=草ᴹᴵ	Alia nomo (Nyctago), nomenklature ne legitima, de la g. (genro) mirabilo.
niobat	PIV	金盐ᴺ	Y		1	sal=盐	Salo de niobata acido H 3 NbO 4.
nitel	PIV	藻ᴺ	Y	Y	1	kara=藻ᴷ	G. (Genro) (Nitella el karaacoj) kosmopolita de c^. (c^irkau^) 20 sp-oj (specioj), el kiuj
nopal	PIV	草ᴺᴼ	Y	Y	1	opunti=草ᴼᴾ,opunti=草ᴼᴾ	1 Alia, nelegitima nomo (Nopalea) de opuntio. 2 Vulgara nomo de opuntio.
notofag	PIV	树ᴺ	Y	Y	1	arb=树,fag=树	G. (Genro) (Nothofagus el fagacoj) de fal-au^ dau^ra-foliaj arboj diferencaj de fago pro v
notonekt	PIV	虫ᴺᵀ	Y	Y	1	insekt=虫,koriks=虫ᴷᴷ,cim=臭虫	G. (Genro) (Notonecta) de insektoj el la ordo de heteropteroj, vivantaj en akvo same kiel 
nucifrag	PIV	鸟ᴺᶜ	Y	Y	1	bird=鸟,krakt=鸟ᴷᴿᴬ	G. (Genro) (Nucifraga) de birdoj el la ordo de paseroformaj, fam. (familio) de korvedoj, k
nuklegami	PIV	核配	Y		1	nukle=核	Kunig^o de du nukleoj dum seksa procezo.
nukleogami	PIV	核配ᴺᴼ	Y		1	nukle=核	Kunig^o de du nukleoj dum seksa procezo.
numeni	PIV	鸟ᴺᴹ	Y	Y	1	bird=鸟	G. (Genro) (Numenius) de relative grandaj birdoj el la ordo de karadriformaj, fam. (famili
obten	PIV	获ᴼ	Y		1	akir=获	(tr (transitiva)) Akiri kiel rezultaj^on; ricevi post klopodo; elpeti.
oceanolog	PIV	洋学家	Y		1	oceanologi=洋学	Specialisto pri oceanologio.
oceanologi	PIV	洋学	Y		1	ocean=洋	Scienca studo de la oceanoj k de ties fundoj
ocim	PIV	草ᴼ	Y	Y	1	herb=草	G. (Genro) (Ocimum el lamiacoj) de spice odoraj herboj au^ tufarbustoj kun floroj en s^ajn
oftalmoskop	PIV	目镜	Y		1	okul=目	Optika aparato, por ekzameni la internon de la okulo k tute aparte la okulfundon k la reti
ojdi	PIV	菌ᴼ	Y	Y	1	fung=菌	G. (Genro) (Oidium), tre disvastig^inta, de c^. (c^irkau^) 120 sp-oj (specioj) de mikrosko
okrom	PIV	木ᴼᴷ	Y	Y	1	lign=木	G. (Genro) (Ochroma el bombakacoj) de nur unu sp. (O. pyramidale) el tropika Ameriko, arbo
oksiuricid	PIV	虫杀ᴼ	Y		1	oksiur=虫ᴼᴷ	Medikamento, mortiganta la oksiurojn.
oleometr	PIV	油计	Y		1	ole=油	En veturilo, indikilo pri la nivelo de oleo.
oligoelement	PIV	寡素	Y		1	element=素	C^iu kemia elemento, spurkvante necesa por la vivo (ekz. (ekzemple) Cu, Mn, Zn).
oligoterapi	PIV	寡疗	Y		1	oligoelement=寡素	Kuracado per oligoelementoj, g^enerale uzata en alternativa medicino.
onagr	PIV	马ᴼ	Y	Y	1	kulan=马,hemion=马	Sp. (Specio) de ekvo (Equus onager, sin. (sinonimo (de latinscienca nomo)) E. kulan) paren
ondatr	PIV	鼠ᴼ	Y	Y	1	kojp=鼠	Rong^ulo (unuspecia g. (genro) Ondatra zibethicus) el N Ameriko, kun nag^hau^to inter la p
onkologi	PIV	肿瘤学	Y		1	tumor=瘤	Studo pri la tumoroj (precipe la malignaj) k ilia kuracado.
optometri	PIV	视测	Y		1	optometr=视计	Determino de la vid-akreco per optometro.
opul	PIV	木ᴼᴾ	Y	Y	1	viburn=木	Sp. (Specio) de viburno (Viburnum opulus), tufarbusto kun pinte lobaj k dentaj folioj, kun
opunti	PIV	草ᴼᴾ	Y	Y	1	nopal=草ᴺᴼ	G. (Genro) (Opuntia, sin. (sinonimo (de latinscienca nomo)) Cactus, el kaktacoj) de kaktoj
orat	PIV	金盐	Y		1	sal=盐	Salo de orata acido, H 3 AuO 3 au^ HAuO 2.
orangutan	PIV	猴ᴼ	Y	Y	1	gibon=猴ᴳ	Sp. (Specio) (Pongo pygmaeus) de granda, homsimila simio el Sumatro k Borneo, rug^bruna, k
oriel	PIV	凸窗	Y		1	fenestr=窗	Speco de elstara fenestro, precipe c^e supra etag^o. Sin. (sinonimo) korbelfenestro.
orific	PIV	孔ᴼ	Y		1	apertur=孔	Enira au^ elira aperturo
orikterop	PIV	兽ᴼᵀ	Y	Y	1	orikteropod=兽ᴼᴰ	Afrika mamulo (unuspecia g. (genro) Orycteropus afer) el la ordo de tubetodentuloj, kun lo
orkidektomi	PIV	丸除	Y		1	testik=丸	Fortranc^o de testiko.
orkidoterapi	PIV	丸疗	Y		1	terapi=疗,testik=丸	Terapio per ekstraktoj el testikoj.
orn	PIV	木ᴼ	Y	Y	1	fraksen=木	Sp. (Specio) de frakseno (Fraxinus ornus) el S Eu^ropo k U Azio, kun okulfrapaj, verdete b
ornitogal	PIV	草ᴼᴳ	Y	Y	1	herb=草	G. (Genro) (Ornithogalum el hiacintacoj) de herboj kun tunika bulbo, kun liniformaj au^ ma
orobank	PIV	草ᴼᴮ	Y	Y	1	herb=草,herb=草	G. (Genro) (Orobanche el skrofulariacoj) de herboj - plejparte plurjaraj - senklorofilaj, 
oronti	PIV	草ᴼᴼ	Y	Y	1	herb=草	G. (Genro) (Orontium el arumacoj) de nur unu sp. (O. aquaticum) el NE Ameriko, plurjara, a
ortofon	PIV	直声	Y		1	voĉ=声	(pp (se paroli pri) prononcado) Normala, kontraste kun balbutado k.a. (kaj aliaj) voc^aj p
ortoromb	PIV	直角菱	Y		1	rekt=直	(pp (se paroli pri) kristalsistemo) Havanta elementan c^elon, kiu estas rekta prismo kun o
osmer	PIV	鱼ᴼ	Y	Y	1	fiŝ=鱼,eperlan=鱼ᴱᴾ	G. (Genro) (Osmerus) de salmonoformaj fis^oj, al kiu apartenas eperlano.
osmiat	PIV	金盐ᴼˢ	Y		1	sal=盐	Salo de osmiata acido, H 2 OsO 4.
ostit	PIV	骨炎	Y		1	inflam=炎,ost=骨	Inflamo de osto(j). Vd ostomedolito.
ostektomi	PIV	骨除	Y		1	ost=骨	Kirurgia fortranc^o de osto.
ostogenez	PIV	骨源	Y		1	ost=骨	Formig^o k evoluo de la osta histo.
ostom	PIV	骨瘤	Y		1	tumor=瘤,ost=骨	Tumoro el osta histo.
ostopati	PIV	骨病	Y		1	ost=骨	C^iu osta afekcio.
ostotomi	PIV	骨切	Y		1	tranĉ=切,ost=骨	Kirurgia tranc^o de osto.
osteopati	PIV	骨病ᴼᴱ	Y		1	ostopati=骨病	Tiu kuracometodo. Vd kiropraktiko. -> ostopatio.
otologi	PIV	耳学	Y		1	orel=耳,orel=耳	Studo pri la orelo k orelaj malsanoj. -> laringo.
otoskopi	PIV	耳镜ᴼᴵ	Y		1	otoskop=耳镜	Ekzameno de la akustika meato per otoskopo, spegulumo ktp (kaj tiel plu).
ovariit	PIV	卵巢炎	Y		1	inflam=炎,ovari=卵巢	Inflamo de ovario(j) 1.
ovariektomi	PIV	卵巢除	Y		1	ovari=卵巢	Fortranc^o de unu au^ ambau^ ovarioj 1.
ovocit	PIV	卵胞	Y		1	ĉel=胞,ovogoni=卵源	Inseksa c^elo, devenanta el ovogonio, naskonta ovolon
ozonometr	PIV	臭氧计	Y		1	ozon=臭氧	Aparato, por mezuri la kvanton de ozono en la atmosfero au^ en gaso.
pagel	PIV	鱼ᴾᴳ	Y	Y	1	fiŝ=鱼	G. (Genro) (Pagellus) de maraj fis^oj el la fam. (familio) de sparedoj, ordo de perkoforma
pajen	PIV	木ᴾᴶ	Y	Y	1	palakvi=木ᴾᴸ	G. (Genro) (Payena el sapotacoj) de 15 sp-oj (specioj) de arboj el U Malajzio, i.a. (inter
palakvi	PIV	木ᴾᴸ	Y	Y	1	guta=木ᴳᵀ,guta=木ᴳᵀ,pajen=木ᴾᴶ	G. (Genro) (Palaquium el sapotacoj) de laktosukohavaj arboj; c^. (c^irkau^) 110 sp-oj (spe
palatit	PIV	口顶炎	Y		1	palat=口顶	Bus^inflamo, limigita al la palato.
palemon	PIV	虾ᴾᴸ	Y		1	leandr=虾ᴸᴺ	(ark. (arkaismo, arkaisme)) = leandro.
palpebrit	PIV	目皮炎	Y		1	inflam=炎,palpebr=目皮	Inflamo de palpebro(j). Sin. (sinonimo) blefarito.
panak	PIV	草ᴾᴺ	Y	Y	1	herb=草	G. (Genro) (Panax el araliacoj) de plurjaraj herboj kun dika au^ tubera radiko, kun senbra
pandal	PIV	虾ᴾᴰ	Y	Y	1	salikok=虾,salikok=虾,leandr=虾ᴸᴺ	G. (Genro) (Pandalus) de malgrandaj marbordaj salikokoj kun kurba abdomeno, longa rostro k
paniklit	PIV	脂炎	Y		1	inflam=炎	Inflamo de la paniklo 1.
pankrati	PIV	草ᴾᴷ	Y	Y	1	herb=草	G. (Genro) (Pancratium el amarilidacoj) de plurjaraj herboj kun tunika bulbo k kun densa u
pankreatit	PIV	胰炎	Y		1	inflam=炎,pankreat=胰	Akuta au^ kronika inflamo de la pankreato.
pankreatektomi	PIV	胰除	Y		1	pankreat=胰	Parta au^ plena ablacio de la pankreato.
panope	PIV	贝ᴾᴾ	Y	Y	1	gujdak=贝ᴳ	G. (Genro) (Panopea) de grandaj maraj lamenbrankuloj, i.a. (interalie, inter aliaj) gujdak
papau^	PIV	木ᴾᴾ	Y	Y	1	azimen=木ᴬᴵ,azimen=木ᴬᴵ	Sp. (Specio) de azimeno (triloba azimeno) el NE Ameriko, malgranda arbo kun 6−7 cm (centim
papirolog	PIV	纸草学家	Y		1	papirologi=纸草学	Specialisto pri papirologio.
papirologi	PIV	纸草学	Y		1	papirus=纸草	Scienco pri la dec^ifro de la antikvaj papirusoj.
parantrop	PIV	猴ᴾᴺ	Y	Y	1	au^stralopitek=猴ᴬᵁ̆	G. (Genro) (Paranthropus) de homenoj, el kiuj pluraj vegetaranaj sp-oj (specioj) vivis en 
paraziticid	PIV	寄生杀	Y		1	parazit=寄生	Substanco, uzata por mortigi parazitojn.
parez	PIV	瘫ᴾᶻ	Y		1	paraliz=瘫	Paralizo, konsistanta el malforta malpliig^o de la kontrahebleco.
parietari	PIV	草ᴾᴬᴿ	Y	Y	1	herb=草	G. (Genro) (Parietaria el urtikacoj) de unu-k plur-jaraj herboj kun integra-au^ sinuet-ran
paroniki	PIV	草ᴾᴵ	Y	Y	1	herb=草	G. (Genro) (Paronychia el kariofilacoj) kosmopolita de c^. (c^irkau^) 110 sp-oj (specioj) 
parotidit	PIV	腮腺炎	Y		1	inflam=炎,parotid=腮腺	Inflamo de unu au^ ambau^ parotidoj
parteni	PIV	菊ᴾᴺ	Y	Y	1	tanacet=菊,kamomil=甘菊	Sp. (Specio) de tanaceto (Tanacetum parthenium) el SE Eu^ropo k SU Azio, unu el la kamomil
patienc	PIV	草ᴾᴬ	Y	Y	1	rumeks=草ᴿᴷ,herb=草	Sp. (Specio) de rumekso (Rumex patientia) el E Eu^ropo k U Azio, plurjara herbo kun granda
patrologi	PIV	父学	Y		1	patr=父	Scienca studo pri la ekleziaj Patroj.
pau^lini	PIV	木ᴾᵁ̆	Y	Y	1	gvaran=木ᴳⱽ	G. (Genro) (Paullinia el sapindacoj) de c^. (c^irkau^) 195 sp-oj (specioj) de dau^rafoliaj
pau^lovni	PIV	木ᴾⱽ	Y	Y	1	lign=木	G. (Genro) (Paulownia el skrofulariacoj) de falfoliaj arboj kun de bluete violaj g^is pres
pedali	PIV	草ᴾᴰ	Y	Y	1	herb=草	G. (Genro) (Pedalium el pedaliacoj) de nur unu sp. (P. murex) el Afriko, Madagaskaro k Azi
pedikular	PIV	草ᴾᴱᴰ	Y	Y	1	herb=草	G. (Genro) (Pedicularis el skrofulariacoj) de du-k plur-jaraj, duonparazitaj herboj kun al
pedolog	PIV	土学家	Y		1	pedologi=童学,grundolog=土学家ᴳ	Specialisto pri pedologio. Sin. (sinonimo) grundologo.
pelvometri	PIV	盆测	Y		1	pelv=盆	Mezurado de la pelvo, precipe en akus^arto.
pene	PIV	虾ᴾ	Y	Y	1	salikok=虾	G. (Genro) (Penaeus k parencaj g-oj (genroj)) de grandaj mang^eblaj salikokoj el la profun
penicil	PIV	菌ᴾᴺ	Y	Y	1	fung=菌	G. (Genro) (Penicillium el Trichocomaceae) de neperfektaj fungoj kun penikforma konidiujo;
penicilinoterapi	PIV	青霉素疗	Y		1	penicilin=青霉素	Kuracado per penicilino.
penisit	PIV	阴茎炎	Y		1	inflam=炎,penis=阴茎	Inflamo de la tuta peniso.
pepon	PIV	瓜ᴾ	Y	Y	1	kukurb=瓜,melopep=瓜,potiron=瓜ᴾᵀ	1 Sp. (Specio) de kukurbo (Cucurbita pepo, sin. (sinonimo (de latinscienca nomo)) C. melop
perikardiit	PIV	围心炎	Y		1	inflam=炎,perikardi=围心	Inflamo de la perikardio.
perilj	PIV	草ᴾᴶ	Y	Y	1	ocim=草ᴼ,herb=草	G. (Genro) (Perilla el lamiacoj), parenca al ocimo, de unujaraj, aromaj herboj; 6 sp-oj (s
perisore	PIV	鸟ᴾˢ	Y	Y	1	bird=鸟	G. (Genro) (Perisoreus) el la ordo de paseroformaj birdoj, fam. (familio) de korvedoj, dis
perisperm	PIV	围种	Y	Y	1	sem=种,angiosperm=脉种	Nutraj^rezerva, duploida histo de la semo de iuj angiospermoj, kiu, kun la albumeno, nutra
perispirit	PIV	围灵	Y		1	spirit=灵	En la spiritisma kredo, duonmateria substanco, servanta al la spirito kiel unua envolvaj^o
perkolator	PIV	浸具	Y		1	perkol=浸	Aparato por perkoli
permanent	PIV	恒ᴾ	Y		1	konstant=恒	Dau^ranta sen interrompo k s^ang^ig^o. Vd konstanta.
peronospor	PIV	菌ᴾˢ	Y	Y	1	fitoftor=菌ᶠᶠ,plasmopar=菌ᴾᴹ	G. (Genro) (Peronospora el peronosporaloj) kosmopolita de c^. (c^irkau^) 75 sp-oj (specioj
perturbograf	PIV	扰记	Y		1	perturb=扰	Aparato por mezuri la amplitudon k dau^ron de perturbo en elektra reto.
petrografi	PIV	岩志	Y		1	petr=岩ᴾ	Scienca priskribo de la petroj.
petrolog	PIV	岩学家	Y		1	petrologi=岩学	Specialisto pri petrologio.
petrologi	PIV	岩学	Y		1	petr=岩ᴾ	Scienco pri la petroj.
petrel	PIV	鸟ᴾᵀ	Y	Y	1	bird=鸟	Kn (Kolektiva nomo) de diversaj malgrandaj procelariformaj birdoj (g-oj (genroj) Bulweria,
petroselin	PIV	岩伞	Y		1	selin=伞ˢᴸ	Vd (vidu) selino.
pierid	PIV	蝶ᴾᴿ	Y	Y	1	pieris=蝶	G. (Genro) (Pieris) de tagpapilioj, kies larvoj vivas sur folioj de brasiko k diversaj bra
pietist	PIV	敬家	Y		1	pietism=敬主义	Adepto de pietismo
pilokarp	PIV	木ᴾᴷ	Y	Y	1	jaborand=木ᴶᴮ,jaborand=木ᴶᴮ	G. (Genro) (Pilocarpus el rutacoj) de tufarbustoj k arbustetoj kun plume kunmetaj folioj k
pilozel	PIV	菊ᴾᴸ	Y	Y	1	hieraci=菊ᴴᴿ,hieraci=菊ᴴᴿ	1 Sp. (Specio) de hieracio (Hieracium pilosella) sen tigo, kun baza rozeto el integraj, ma
pinofit	PIV	松植	Y	Y	1	spermatofit=精植	Filumo (Pinophyta) el la spermatofitoj. Sin. (sinonimo) gimnospermoj.
pinikol	PIV	鸟ᴾᴷ	Y	Y	1	bird=鸟,kokotrau^st=鸟ᴷᴷ	G. (Genro) (Pinicola) de birdoj el la ordo de paseroformaj, fam. (familio) de fringedoj, k
pioemi	PIV	脓血	Y		1	pus=脓,sang=血,absces=脓肿	C^eesto de puso en la sango, kreanta multoblajn abscesojn en diversaj lokoj de la organism
piper	PIV	椒ᴾᴱ	Y	Y	1	pipr=椒	G. (Genro) (Piper el piperacoj) de plantoj - arbetoj, arbustoj, lianoj k herboj - kun alte
pipi	PIV	鸟ᴾᴾ	Y	Y	1	bird=鸟,motacil=鸟	G. (Genro) (Anthus) de birdoj el la ordo de paseroformaj, fam. (familio) de motaciledoj, d
pirakant	PIV	木ᴾᴬ	Y	Y	1	kratag=木	G. (Genro) (Pyracantha el rozacoj), parenca al kratago, de falfoliaj, g^enerale dornaj tuf
piral	PIV	虫ᴾᴿ	Y	Y	1	larv=幼虫	Eksa g. (genro) (Pyrale) de malgrandaj papilioj, kies larvoj vivas en kunteksitaj folioj. 
piranj	PIV	鱼ᴾᴺ	Y	Y	1	serasalm=鱼ˢˢ,fiŝ=鱼,serasalm=鱼ˢˢ	1 Sp. (Specio) de serasalmo (Serrasalmus piraya), fis^o kun mallonga, alta korpo k akregaj
piretr	PIV	菊ᴾ	Y	Y	1	tanacet=菊,tanacet=菊	1 (ark. (arkaismo, arkaisme)) G. (Genro) (Pyrethrum), nun inkludita en tanaceto. 2 Vermici
pirokorak	PIV	鸟ᴾᴵ	Y	Y	1	bird=鸟	G. (Genro) (Pyrrhocorax) de S-Eu^ropaj montaj birdoj el la ordo de paseroformaj, fam. (fam
pirul	PIV	鸟ᴾᴿ	Y	Y	1	bird=鸟	1 Sp. (Specio) (Pyrrhula pyrrhula) de birdo el la ordo de paseroformaj, fam. (familio) de 
pistaci	PIV	木ᴾᶜ	Y	Y	1	lentisk=木ᴸˢ,terebint=木	G. (Genro) (Pistacia el anakardiacoj) de dioikaj, rezinoric^aj trunkarbustoj k arboj kun p
pitang	PIV	木ᴾᵀ	Y	Y	1	eu^geni=木ᴱᵁ̆,arbust=灌木,eu^geni=木ᴱᵁ̆,grumis^am=木ᴳᴹ	1 Sp. (Specio) de eu^genio (Eugenia pitanga) el Brazilo k Argentino, arbusto kun rug^aj, m
pitek	PIV	猴ᴾᴷ	Y		1	presbit=猴ᴾᴿ	(ark. (arkaismo, arkaisme)) = presbito.
pituitari	PIV	垂体ᴾ	Y		1	hipofiz=垂体	(gl. (glandula, glandulae) pituitaria) = hipofizo.
pizolit	PIV	豌石	Y		1	piz=豌	Globeto g^enerale kalcita (pli malofte aragonita), granda proks. (proksimume) kiel pizo (g
pjelit	PIV	肾盆炎	Y		1	inflam=炎,pjel=肾盆	Akuta au^ kronika inflamo de la pjela mukozo.
plasmopar	PIV	菌ᴾᴹ	Y	Y	1	fitoftor=菌ᶠᶠ,peronospor=菌ᴾˢ	G. (Genro) (Plasmopara el peronosporaloj) de c^. (c^irkau^) 20, tre disvastig^intaj sp-oj 
platale	PIV	鸟ᴾᴬ	Y	Y	1	bird=鸟	G. (Genro) (Platalea) de birdoj el la ordo de cikoniformaj, kun longa beko, kies antau^o e
platenat	PIV	白金盐	Y		1	sal=盐	Salo de platenata acido H 2 PtO 3.
platiceri	PIV	羊齿ᴾᵀ	Y	Y	1	filik=羊齿	G. (Genro) (Platycerium el polipodiacoj) de epifitaj filikoj kun duformaj folioj, unuj ron
plektrant	PIV	草ᴾᴸᴱ	Y	Y	1	herb=草	G. (Genro) (Plectranthus el lamiacoj) de c^. (c^irkau^) 200 sp-oj (specioj) de tropikaj k 
ploce	PIV	鸟ᴾᶜ	Y	Y	1	bird=鸟	G. (Genro) (Ploceus) de birdoj el la ordo de paseroformaj, fam. (familio) de ploceedoj, ki
plumbat	PIV	铅盐	Y		1	sal=盐	Salo de nestabila plumbata acido, H 2 PbO 3.
plumbit	PIV	铅盐ᴾᴵ	Y		1	sal=盐	Salo de imaga plumbita acido H 2 PbO 2.
plumbag	PIV	草ᴾᴸ	Y	Y	1	herb=草	1 G. (Genro) (Plumbago el plumbagacoj) de plantoj – unu-k plur-jaraj herboj, tufarbustoj k
pluvmetr	PIV	雨计	Y		1	pluv=雨	Ilo por mezuri la kvanton de falinta pluvo.
pluvometr	PIV	雨计ᴾᴼ	Y		1	pluv=雨	Ilo por mezuri la kvanton de falinta pluvo.
pneu^monit	PIV	肺炎ᴾᴺ	Y		1	inflam=炎,pulm=肺,pulm=肺	Inflamo de unu pulmo (simpla pneu^monito), au^ de la du pulmoj (duobla pneu^monito), kau^z
pneu^monektomi	PIV	肺除	Y		1	pulm=肺	Parta au^ tuta ablacio de unu pulmo.
pneu^monokonioz	PIV	肺尘症	Y		1	pulm=肺	Malsano, kau^zata de la fiksig^o de karbaj, silicaj ks (kaj simile, kaj similaj) polveroj 
pneu^monologi	PIV	肺学	Y		1	pulm=肺	Studo pri la pulmoj k iliaj malsanoj.
pneu^monopati	PIV	肺病	Y		1	pulm=肺	Kn (Kolektiva nomo) de la pulmaj malsanoj.
pogostemon	PIV	草ᴾᴼᴳ	Y	Y	1	herb=草,pac^ul=香草	G. (Genro) (Pogostemon el lamiacoj) de c^. (c^irkau^) 95 sp-oj (specioj) de plurjaraj herb
polarograf	PIV	极记	Y		1	elektrod=极	Aparato, kiu au^tomate registras la kurenton dum elektrolizo c^e gutanta hidrarga elektrod
polarografi	PIV	极志	Y		1	polarograf=极记	Metodo de kvalita au^ kvanta analizo per polarografo, precipe uzata por analizi la metaloj
polemolog	PIV	战学家	Y		1	polemologi=战学	Specialisto pri polemologio.
polemologi	PIV	战学	Y		1	milit=战,sociologi=社学	Scienca studado de la milito rigardata kiel sociologia fenomeno.
polemoni	PIV	草ᴾᴹ	Y	Y	1	herb=草	G. (Genro) (Polemonium el polemoniacoj) de unu-, du-k plur-jaraj herboj kun plume kunmetaj
polenolog	PIV	粉学家	Y		1	polenologi=粉学	Specialisto pri polenologio.
polenologi	PIV	粉学	Y		1	polen=粉ᴾᴺ	Scienco pri la poleno k vastasence ankau^ pri la sporoj
poliant	PIV	草ᴾᴼ	Y	Y	1	herb=草	G. (Genro) (Polianthes el agavacoj) de du sp-oj (specioj) de Meksikaj plurjaraj herboj kun
poligal	PIV	草ᴾᴳ	Y	Y	1	herb=草	G. (Genro) (Polygala el poligalacoj) de plantoj -unu-k plur-jaraj herboj, arbustetoj, arbu
poligonat	PIV	草ᴾᴼᴸ	Y	Y	1	herb=草	G. (Genro) (Polygonatum el konvalacoj) de plurjaraj herboj kun rizomo, havanta okulfrapajn
polinukle	PIV	多核	Y		1	nukle=核,plur=多	(pp (se paroli pri) c^elo) S^ajne plurnuklea pro nukleo profunde divida en plurajn lobojn.
poliplektr	PIV	鸟ᴾᴼᴸ	Y	Y	1	bird=鸟	G. (Genro) (Polyplectron), tre parenca al fazano, de birdoj kun 2 au^ 3 ergotoj sur c^iu t
polipodi	PIV	多足	Y	Y	1	mult=多,mult=多	G. (Genro) (Polypodium el polipodiacoj) de filikoj kun rampa rizomo k kun folioj simplaj a
polipor	PIV	菌ᴾᴾ	Y	Y	1	fistulin=菌ᶠᵀ	1 (ss (striktasence)) G. (Genro) (Polyporus el poliporacoj) kosmopolita de c^. (c^irkau^) 
polipter	PIV	多翅	Y	Y	1	mult=多	G. (Genro) (Polypterus) de fis^oj el la superordo de kondrosteoj, kun multaj malgrandaj do
polistik	PIV	羊齿ᴾᴸ	Y	Y	1	filik=羊齿	G. (Genro) (Polystichum el driopteridacoj) de filikoj kun vertikala rizomo, kun rozeto el 
politikolog	PIV	政学家ᴾᴷ	Y		1	politikologi=政学ᴾᴷ	Specialisto pri politikologio.
politikologi	PIV	政学ᴾᴷ	Y		1	politik=政,geopolitik=地政	Scienca studado de la diversaj aspektoj de la politika vivo (partioj, balotoj, politikuloj
pomolog	PIV	苹学家	Y		1	pomologi=苹学	Fakulo pri pomologio.
pontederi	PIV	草ᴾᴼᴺ	Y	Y	1	herb=草	G. (Genro) (Pontederia el pontederiacoj) de 5 Amerikaj sp-oj (specioj) de plurjaraj, akvej
porc^	PIV	门廊	Y		1	portik=柱廊	Antau^konstruaj^o c^e dompordo, destinita por s^irmi kontrau^ pluvo k vento. Vd alero, mar
porfiri	PIV	鸟ᴾᴼ	Y	Y	1	bird=鸟	1 Sp. (Specio) (Porphyrio porphyrio) de birdo el la fam. (familio) de raledoj, nigre blua 
portulak	PIV	草ᴾᵁ	Y	Y	1	herb=草	G. (Genro) (Portulaca el portulakacoj) de unu-k plur-jaraj herboj kun pli-malpli karnecaj,
potentil	PIV	草ᴾᴱ	Y	Y	1	herb=草,tormentil=草ᵀᴱ	G. (Genro) (Potentilla el rozacoj) de plurjaraj herboj k tufarbustoj kun mane au^ nepare p
potiron	PIV	瓜ᴾᵀ	Y	Y	1	kukurb=瓜	Sp. (Specio) de kukurbo (Cucurbita maxima), kultivata por grandaj, pli-malpli globaj au^ l
pozidoni	PIV	草ᴾᶻ	Y	Y	1	herb=草,zoster=草	G. (Genro) (Posidonia el pozidoniacoj) de 9 sp-oj (specioj) de maraj herboj el la marbordo
presbit	PIV	猴ᴾᴿ	Y	Y	1	entel=猴ᴱ	G. (Genro) (Presbytis, inkl. (inkluzive) Semnopithecus) de simioj el la fam. (familio) de 
primatologi	PIV	灵长学	Y		1	primat=灵长	Scienco pri la primatoj.
prist	PIV	鱼ᴾˢ	Y	Y	1	fiŝ=鱼,raj=鱼	G. (Genro) (Pristis) de fis^oj parencaj al rajoj, sed kun supra makzelo longa kiel glavo, 
profaz	PIV	前相	Y		1	faz=相	Unua fazo de la mitozo k de la mejozo, kiam la kromosomoj permikroskope ekvideblas.
profilakt	PIV	防ᴾᴿ	Y		1	prevent=防ᴾ	(tr (transitiva)) = preventi.
prognat	PIV	凸ᴾᴳ	Y		1	protrud=凸ᴾ	Prezentanta antau^en-elstara(j)n makzelo(j)n. Vd protruda, ortognata.
projekciator	PIV	射具	Y		1	projekci=射ᴾᴿ	Aparato, por projekcii bildojn sur ekranon
pronel	PIV	鸟ᴾᴺ	Y	Y	1	bird=鸟	G. (Genro) (Prunella) de birdoj el la ordo de paseroformaj, malgrandaj, similaj al pasero,
prostatit	PIV	前列腺炎	Y		1	inflam=炎,prostat=前列腺	Inflamo de la prostato.
prostatektomi	PIV	前列腺除	Y		1	prostat=前列腺	Parta au^ tuta ablacio de la prostato.
proverbolog	PIV	谚学家	Y		1	proverb=谚	Studanto pri proverboj.
proverbologi	PIV	谚学	Y		1	proverb=谚	Scienco pri proverboj.
provirus	PIV	前毒	Y		1	virus=毒,virus=毒	Virusa genaro, integrig^inta en la genaron de kromosomo de la gastiganto (gastiganta kromo
psikopati	PIV	心病ᴾᴵ	Y		1	psik=心	Psika malordo, karakterizata precipe de neregataj impulsoj, humora nestabileco k nekapablo
psokopter	PIV	咬虫翅	Y	Y	1	insekt=虫	Ordo (Psocoptera) de insektoj, ampleksanta psokon k.a. (kaj aliaj) g-ojn.
ptarmik	PIV	菊ᴾᵀ	Y	Y	1	akile=菊	Sp. (Specio) de akileo (Achillea ptarmica) el Eu^ropo k Azio, plurjara, terniga herbo kun 
pteranodont	PIV	龙ᴾᵀ	Y	Y	1	pterodaktil=龙ᴾᴰ,ramforink=龙ᴿ	G. (Genro) (Pteranodon) de grandaj flugsau^roj, kiuj vivis dum malfrua kretaceo, eltrovita
pteridofit	PIV	羊齿植	Y	Y	1	plant=植,kriptogam=植	Filumo (Pteridophyta) de plantoj sen floroj k sen semoj sed kun tipaj vaskuloj (vaskulaj k
pterodaktil	PIV	龙ᴾᴰ	Y	Y	1	pteranodont=龙ᴾᵀ,ramforink=龙ᴿ	G. (Genro) (Pterodactylus) de relative malgrandaj, mallongvostaj flugsau^roj el malfrua j^
pterokarp	PIV	木ᴾᴱ	Y	Y	1	mangrov=木ᴹⱽ	G. (Genro) (Pterocarpus el fabacoj) de c^. (c^irkau^) 20 sp-oj (specioj) de tropikaj, grim
pterokl	PIV	鸟ᴾᴱ	Y	Y	1	sirapt=鸟ˢᴾ,bird=鸟	G. (Genro) (Pterocles), parenca al sirapto, de birdoj vivantaj en duondezertaj au^ stepaj 
ptilonorink	PIV	鸟ᴾᵀᴵ	Y	Y	1	bird=鸟	Au^stralia birdo (unuspecia g. (genro) Ptilonorhynchus violaceus) el la ordo de paseroform
pubiotomi	PIV	耻骨切	Y		1	tranĉ=切,pubi=耻骨ᴾᴵ	Flanka tranc^o de pubio, en iuj malfacilaj akus^oj.
pufin	PIV	鸟ᴾᶠ	Y	Y	1	bird=鸟	G. (Genro) (Puffinus) de maraj birdoj el la fam. (familio) de procelariedoj, kun longforma
pulmonari	PIV	草ᴾᵁᴸᴹ	Y	Y	1	herb=草	G. (Genro) (Pulmonaria el boragacoj) de malaltaj, plurjaraj herboj kun simplaj, integraj, 
pulpit	PIV	瓤炎	Y		1	inflam=炎,pulp=瓤	Inflamo de la denta pulpo.
pulsatil	PIV	草ᴾᵁᴸ	Y	Y	1	herb=草	G. (Genro) (Pulsatilla el ranunkolacoj) de plurjaraj herboj kun plume dividaj folioj, kun 
pumili	PIV	木ᴾᴹ	Y	Y	1	mug=木ᴹᵁ	Sp. (Specio) de pino (Pinus pumilio) el la montaroj de C Eu^ropo, trunkarbusto (g^is 5 m a
rabotator	PIV	刨具	Y		1	rabot=刨	Elektra mas^ino por paralele raboti la duan facon.
radiklit	PIV	根炎	Y		1	inflam=炎,radikl=根ᴿᴸ	Inflamo de radiklo.
rafanistr	PIV	草ᴿˢ	Y	Y	1	herb=草	Sp. (Specio) de rafano (Raphanus raphanistrum), N-hemisfera, unu-, du-au^ plur-jara herbo 
rafinoz	PIV	精糖	Y		1	sakaroz=蔗糖	Trisakarido, C 18 H 32 O 16, trovig^anta kun sakarozo en la suko de multaj plantoj, i.a. (
rakialgi	PIV	脊痛	Y		1	dolor=痛,raki=脊ᴿ	Doloro de rakio.
ramforink	PIV	龙ᴿ	Y	Y	1	pterodaktil=龙ᴾᴰ,pteranodont=龙ᴾᵀ	G. (Genro) (Rhamphorhynchus) de malgrandaj, longvostaj flugsau^roj el j^urasio k tre malfr
rami	PIV	草ᴿᴹ	Y	Y	1	bemeri=草ᴮᴱ,bemeri=草ᴮᴱ	1 (ark. (arkaismo, arkaisme)) G. (Genro) (Ramium) nomenklature ne legitima de bemerio. 2 C
ramn	PIV	木ᴿᴹ	Y	Y	1	arbust=灌木,frangol=木,alatern=木ᴬᴱ,frangol=木	G. (Genro) (Rhamnus el ramnacoj) de arbustoj au^ arboj kun simplaj folioj, kun malgrandaj,
rampl	PIV	坡道	Y		1	dekliv=坡	Dekliva vojo, ebliganta al veturiloj atingi la suprajn etag^ojn de konstruaj^o.
rapunkol	PIV	草ᴿᴾ	Y	Y	1	kampanul=草,herb=草	Sp. (Specio) de kampanulo (Campanula rapunculus) el Eu^ropo, U Azio k N Afriko, dujara her
rati	PIV	比ᴿ	Y		1	proporci=比ᴾ	(evi (evitinda)) = proporcio 4, rilatumo.
rau^volfi	PIV	草ᴿᵁ̆	Y	Y	1	herb=草	G. (Genro) (Rauvolfia el apocinacoj) de 60 sp-oj (specioj) de tropikaj herboj, kelkaj uzat
read	PIV	草ᴿᴰ	Y	Y	1	papaver=草,papaver=草	Sp. (Specio) de papavero (Papaver rhoeas) kun g^enerale skarlataj floroj, hejma en Eu^ropo
rekognosk	PIV	侦ᴿ	Y		1	skolt=侦	(ntr (netransitiva)) = skolti (pp (se paroli pri) soldato).
remor	PIV	鱼ᴿᴹ	Y	Y	1	fiŝ=鱼	G. (Genro) (Remora) de precipe tropikaj k subtropikaj marfis^oj el la ordo de perkoformaj,
reniat	PIV	金盐ᴿ	Y		1	sal=盐	Salo de reniata acido H 2 ReO 4.
retinit	PIV	网膜炎	Y		1	inflam=炎,retin=网膜	Inflamo de retino(j)
retinopati	PIV	网膜病	Y		1	retin=网膜	Afekcio de la retino
reum	PIV	草ᴿᵁ	Y	Y	1	herb=草	G. (Genro) (Rheum el poligonacoj) de plurjaraj herboj sen-au^ mallong-tigaj, kun larg^aj, 
reu^matolog	PIV	风湿学家	Y		1	reu^matologi=风湿学	Specialisto pri reu^matologio.
reu^matologi	PIV	风湿学	Y		1	reu^matism=风湿主义	Studo de la diversaj reu^matismoj.
rinit	PIV	鼻炎	Y		1	inflam=炎,naz=鼻	Inflamo de la naza mukozo.
rinologi	PIV	鼻学	Y		1	naz=鼻	Studo de la nazaj kavoj k de ties afekcioj.
rinoplasti	PIV	鼻塑	Y		1	plasti=塑ᴾᴸ	Vd (vidu) plastio.
rinoskopi	PIV	鼻镜	Y		1	spegul=镜	Esplorado de la nazkavoj, au^ tra la naztruoj au^ tra la faringo, per spegulo.
rinant	PIV	草ᴿᵀ	Y	Y	1	herb=草	G. (Genro) (Rhinanthus el skrofulariacoj) de unu-k plur-jaraj duonparazitaj herboj kun kva
rizopod	PIV	根足	Y	Y	1	pseu^dopod=伪足	Superklaso (Rhizopoda) de protozooj kun c^efa formo amebeca, t.e. (tio estas) kun pseu^dop
romboedr	PIV	菱面	Y		1	edr=面,romb=菱	Paralelepipedo, kies c^iuj edroj estas romboj.
rosometr	PIV	露计	Y		1	ros=露	Aparato por mezuri per pesado la kvanton de estig^inta roso.
rubetr	PIV	鸟ᴿ	Y	Y	1	saksikol=鸟ˢˢ	Sp. (Specio) de saksikolo (Saxicola rubetra) kun malhelaj vangoj, blanka strieto super c^i
rubi	PIV	草ᴿᴮ	Y	Y	1	herb=草	G. (Genro) (Rubia el rubiacoj) de plurjaraj herboj k arbustetoj kun kontrau^e duopaj folio
rumeks	PIV	草ᴿᴷ	Y	Y	1	herb=草,patienc=草ᴾᴬ	G. (Genro) (Rumex el poligonacoj) de unu-k plur-jaraj herboj kun floroj en grapolo au^ pan
rusul	PIV	菌ᴿ	Y	Y	1	laktari=菌ᴸᴿ	G. (Genro) (Russula el rusulacoj) de ombrelfungoj diferencaj de laktario i.a. (interalie, 
rutel	PIV	鱼ᴿᵀ	Y	Y	1	leu^cisk=鱼ᴸᵁ̆,fiŝ=鱼,plot=鱼	G. (Genro) (Rutilus), parenca al leu^cisko, de fis^oj el la fam. (familio) ciprinedoj, viv
sakarometr	PIV	蔗计	Y		1	polarimetr=极计	Polarimetro, indikanta la proporcion de sukero en solvaj^o.
saksikol	PIV	鸟ˢˢ	Y	Y	1	bird=鸟,rubetr=鸟ᴿ	G. (Genro) (Saxicola), parenca al enanto, de birdoj el la ordo de paseroformaj, fam. (fami
salikat	PIV	柳盐	Y		1	sal=盐,salik=柳	Salo de salik(il)ata acido, uzata kontrau^ febro, doloro k inflamo (precipe c^e reu^matism
salikorni	PIV	草ˢᴬᴸ	Y	Y	1	herb=草	G. (Genro) (Salicornia el kenopodiacoj) de salejaj plantoj - unu-k plur-jaraj sukulentaj h
salpingit	PIV	卵管炎	Y		1	inflam=炎,salping=卵管	Inflamo de salpingo(j).
salsol	PIV	草ˢᴸ	Y	Y	1	salikorni=草ˢᴬᴸ,salikorni=草ˢᴬᴸ	G. (Genro) (Salsola el kenopodiacoj) de salejaj plantoj tre parencaj al salikornio sed kun
salvelen	PIV	鱼ˢᴸ	Y	Y	1	fiŝ=鱼	G. (Genro) (Salvelinus) de fis^oj el la fam. (familio) salmonedoj, tre diversformaj, vivan
samol	PIV	草ˢᴹ	Y	Y	1	herb=草	G. (Genro) (Samolus el primolacoj) de plurjaraj herboj kun integraj, de lini-g^is spatul-f
sangvisorb	PIV	草ˢᴮ	Y	Y	1	herb=草	G. (Genro) (Sanguisorba, sin. (sinonimo (de latinscienca nomo)) Poterium, el rozacoj) de p
sanikl	PIV	伞ˢᴺ	Y	Y	1	umbel=伞	G. (Genro) (Sanicula el apiacoj) de plurjaraj herboj kun simplaj, mane duon-au^ kvazau^-di
sanpau^li	PIV	草ˢᴺ	Y	Y	1	herb=草	G. (Genro) (Saintpaulia el gesneriacoj) de plurjaraj herboj kun 1−2-opaj, bluaj, blankaj, 
saponari	PIV	草ˢᴼ	Y	Y	1	herb=草	G. (Genro) (Saponaria el kariofilacoj) de unu-, du-k plur-jaraj herboj kun kontrau^e duopa
sapor	PIV	味ˢ	Y		1	gust=味	(ntr (netransitiva)) Gusti 1.
saprofit	PIV	腐植	Y		1	sapr=腐ˢᴿ,epifit=表植	1 Vegetaj^o, vivanta el sapro. Vd parazito, epifito. 2 Saprobakterio.
saprozo	PIV	腐兽	Y	Y	1	protozo=原兽,sapr=腐ˢᴿ	Protozoo au^ metazoo, vivanta el sapro.
saraceni	PIV	草ˢᴵ	Y	Y	1	nepent=草ᴺᴺ,nepent=草ᴺᴺ	G. (Genro) (Sarracenia el saraceniacoj) de insektomang^antaj plantoj, havantaj urnojn simi
sarak	PIV	木ˢᴿ	Y	Y	1	as^ok=木ᴬˢ̂	G. (Genro) (Saraca el fabacoj) de arboj kun nepare plume kunmetaj folioj k kun okulfrape k
sature	PIV	草ˢᵀ	Y	Y	1	herb=草	G. (Genro) (Satureja el lamiacoj) de tre aromaj plantoj - unujaraj herboj k precipe arbust
scintilogram	PIV	闪图	Y		1	skem=图,scintilografi=闪志	Skema perpunkta bildo de organo ricevita per scintilografio.
scintilometr	PIV	闪计	Y		1	fotometr=光计	Au^tomate registranta fotometro, por objektive observi la scintiladon de astroj.
scirp	PIV	草ˢᶜ	Y	Y	1	herb=草,izolepid=草ᴵᴸ,junk=草	1 (ss (striktasence)) G. (Genro) (Scirpus el ciperacoj) de unu-, du-k plur-jaraj herboj ku
sebast	PIV	鱼ˢᴮ	Y	Y	1	fiŝ=鱼	G. (Genro) (Sebastes) de fis^oj el la ordo de skorpenoformaj, tute rug^aj, naskantaj idojn
sedimentolog	PIV	沉学家	Y		1	sedimentologi=沉学	Specialisto pri sedimentologio.
sedimentologi	PIV	沉学	Y		1	sediment=沉ˢ,sediment=沉ˢ	Scienco pri sedimentoj, sedimentig^o k sedimentaj petroj.
seismograf	PIV	震记ˢᴱ	Y		1	seism=震ˢᴱ	Aparato, por enregistri la horon, dau^ron k intenson de seismaj movoj.
seismogram	PIV	震图	Y		1	seismograf=震记ˢᴱ	Enskribo de seismografo.
seismolog	PIV	震学家	Y		1	seismologi=震学ˢᴱ	Specialisto pri seismologio.
seismologi	PIV	震学ˢᴱ	Y		1	seism=震ˢᴱ	Scienco pri la kau^zoj, efikoj, antau^videbloj ktp (kaj tiel plu) de seismoj.
seksolog	PIV	性学家	Y		1	seksologi=性学	Specialisto pri seksologio.
seksologi	PIV	性学	Y		1	seks=性,patologi=病学	Studo pri la seksaj problemoj, psikologiaj au^ patologiaj, c^e la homo. Vd Freu^do.
selaginel	PIV	羊齿ˢ	Y	Y	1	pteridofit=羊齿植	G. (Genro) (Selaginella el selaginelacoj) de plejparte herbecaj, tufig^antaj, muskaspektaj
selenat	PIV	矿盐ˢ	Y		1	sal=盐	Salo de selenata acido, H 2 SeO 4.
selenit	PIV	矿盐ˢᴵ	Y		1	sal=盐	Salo de selenita acido, H 2 SeO 3.
semekarp	PIV	木ˢᴱ	Y	Y	1	anakardi=木ᴬᴺᴬᴷ	G. (Genro) (Semecarpus el anakardiacoj) de dau^rafoliaj arboj parencaj al anakardio, i.a. 
semiologi	PIV	符学	Y		1	sign=符,sign=符	1 Parto de la medicino pri la signoj de la malsanoj. 2 Scienco pri la sistemojn de signoj 
sensometri	PIV	感测	Y		1	estezometr=感计	Mezurado de la sensiveco de la sensorganoj per specialaj aparatoj (ekz. (ekzemple) estezom
sepsemi	PIV	腐血	Y		1	sang=血	Kn (Kolektiva nomo) de la afekcioj, kau^zataj de la dissemig^o, en la organismon k pere de
serologi	PIV	血清学	Y		1	ser=血清	1 Studo de la modifoj de la sero sub la influo de diversaj malsanoj. 2 Serumologio.
seran	PIV	鱼ˢᴿ	Y	Y	1	fiŝ=鱼	G. (Genro) (Serranus el la fam. (familio) de seranedoj) de maraj fis^oj, ege voremaj, herm
serasalm	PIV	鱼ˢˢ	Y	Y	1	fiŝ=鱼,piranj=鱼ᴾᴺ,piranj=鱼ᴾᴺ	G. (Genro) (Serrasalmus) de dolc^akvaj S-k C-Amerikaj ciprinoformaj fis^oj, kun akregaj de
seratul	PIV	菊ˢᴿ	Y	Y	1	centau^re=菊	G. (Genro) (Serratula el asteracoj) de plurjaraj herboj parencaj al centau^reo; c^. (c^irk
serin	PIV	鸟ˢᴿ	Y	Y	1	bird=鸟	1 G. (Genro) (Serinus) de malgrandaj birdoj el la fam. (familio) de fringedoj. 2 Sp. (Spec
serpentolog	PIV	蛇学家	Y		1	serpentologi=蛇学	Specialisto pri serpentologio.
serpentologi	PIV	蛇学	Y		1	serpent=蛇	Scienco pri la serpentoj.
sesleri	PIV	草ˢˢ	Y	Y	1	herb=草	G. (Genro) (Sesleria el poacoj) de c^. (c^irkau^) 30 sp-oj (specioj) de herboj el Eu^ropo 
sezel	PIV	伞ˢᶻ	Y	Y	1	umbel=伞	G. (Genro) (Seseli el apiacoj) de g^enerale plurjaraj herboj kun plume dividaj folioj k ku
sfagn	PIV	苔ˢ	Y	Y	1	musk=苔	G. (Genro) (Sphagnum el sfagnacoj) de c^. (c^irkau^) 150 sp-oj (specioj) de muskoj, N-hemi
sfeg	PIV	虫ˢ	Y	Y	1	insekt=虫,larv=幼虫	Insekto (Sphex k tre parencaj g-oj (genroj)) el la ordo de himenopteroj, kies larvoj sin n
sfigmograf	PIV	脉记	Y		1	arteri=脉ᴬ	Grafika instrumento, uzata por registri la pulsadon de arterio.
sfigmografi	PIV	脉志	Y		1	sfigmograf=脉记	Arto k procedaro de registrado per sfigmografo. -> sfigmomanometro.
sfinglipid	PIV	天蛾脂	Y		1	lipid=脂ᴸᴾ,gras=脂	Simpla au^ malsimpla lipido, konsistanta i.a. (interalie, inter aliaj) el sfingolo k grasa
siliciid	PIV	硅化	Y		1	silici=硅	Kombinaj^o de metalo kun silicio
silikat	PIV	硅盐ˢᴷ	Y		1	siliciat=硅盐	Tradicia nomo de siliciato.
simarub	PIV	木ˢᴹ	Y	Y	1	kvasi=木ᴷᴬ	(ark. (arkaismo, arkaisme)) Alia nomo (Simarouba, nomenklature ne legitima) de kvasio.
simfalang	PIV	猴ˢᴹ	Y	Y	1	gibon=猴ᴳ	Granda simio (unuspecia g. (genro) Symphalangus syndactylus) parenca al gibono, vivanta en
simfit	PIV	草ˢᶠ	Y	Y	1	herb=草	G. (Genro) (Symphytum el boragacoj) de plurjaraj herboj kun skorpioida cumo el ofte pendaj
simpatektomi	PIV	交感除	Y		1	simpat=交感	Desekco de simpata nervo.
simptomologi	PIV	症学	Y		1	simptom=症ˢ	Studo de la simptomoj de la malsanoj.
simuli	PIV	虫ˢᴹ	Y	Y	1	larv=幼虫	G. (Genro) (Simulium) de tre malgrandaj, sangosuc^antaj moskitoj, kies larvoj vivas en rap
sinkronoskop	PIV	共时镜	Y		1	sinkron=共时	Instrumento por montri, c^u du mas^inoj au^ funkciantaj partoj agas sinkrone.
sinoviit	PIV	滑炎	Y		1	inflam=炎,sinovi=滑ˢᴺ	Inflamo de la sinovia membrano de artiko au^ de la vaginalo de tendeno.
sirapt	PIV	鸟ˢᴾ	Y	Y	1	bird=鸟	G. (Genro) (Syrrhaptes) de kolomboformaj birdoj kun longaj pintaj flugiloj k plumkovritaj 
sium	PIV	伞ˢ	Y	Y	1	sizar=伞ˢᴿ	G. (Genro) (Sium el apiacoj) de plurjaraj herboj ofte subakvaj, kun plume dividaj folioj; 
sizar	PIV	伞ˢᴿ	Y	Y	1	sium=伞ˢ	Sp. (Specio) de siumo (S. sisarum) el E Azio, pasintece kultivata por i.a. (interalie, int
sizimbri	PIV	草ˢᶻ	Y	Y	1	herb=草	G. (Genro) (Sisymbrium el brasikacoj) de unu-, du-k plur-jaraj herboj kun flavaj floroj k 
skanografi	PIV	扫志	Y		1	skanograf=扫记	La tekniko, per kiu funkcias skanografo.
skandik	PIV	伞ˢᴷ	Y	Y	1	umbel=伞	G. (Genro) (Scandix el apiacoj) de unujaraj herboj kun blankaj floroj en malgrandaj umbelo
skarifikator	PIV	划具	Y		1	skarifik=划ˢᴷ	Speciala multeklinga aparato, por skarifiki.
skin	PIV	木ˢᴷ	Y	Y	1	moli=木ᴹᴸ	G. (Genro) (Schinus el anakardiacoj) de dioikaj arboj k trunkarbustoj kun dau^remaj, simpl
skizomicet	PIV	裂菌	Y		1	bakteri=菌ᴮ	(ark. (arkaismo, arkaisme)) = bakterioj, eksklude de la cianobakterioj.
sklare	PIV	草ˢᴿ	Y	Y	1	salvi=鼠尾草,salvi=鼠尾草	Sp. (Specio) de salvio (Salvia sclarea) el S Eu^ropo k U k C Azio, tre aroma pro multaj es
sklerant	PIV	草ˢᴷᴸ	Y	Y	1	herb=草	G. (Genro) (Scleranthus el kariofilacoj) de unu-, du-k plur-jaraj herboj kun malgrandaj, b
sklerotit	PIV	巩膜炎	Y		1	inflam=炎,sklerot=巩膜	Inflamo de skleroto(j) 1.
skolopendri	PIV	羊齿ˢᴷ	Y	Y	1	aspleni=羊齿ᴬˢ,filik=羊齿	Sp. (Specio) de asplenio (Asplenium scolopendrium) el Eu^ropo, pororname kultivata, plurja
skorpiur	PIV	豆ˢ	Y	Y	1	gus^=豆	G. (Genro) (Scorpiurus el fabacoj) de unujaraj herboj, kies helicoidaj gus^oj havas strang
skrofulari	PIV	草ˢᴷᴿ	Y	Y	1	herb=草	G. (Genro) (Scrophularia el skrofulariacoj) de du-k plur-jaraj herboj kun kvarflankaj tigo
skunk	PIV	鼠ˢᴷ	Y		1	mefit=鼠	1 Mefitfelo. 2 = mefito
skutelari	PIV	草ˢᵁ	Y	Y	1	herb=草	G. (Genro) (Scutellaria el lamiacoj) de plantoj - unu-k plur-jaraj herboj k arbustetoj - k
skvaten	PIV	鱼ˢⱽ	Y	Y	1	fiŝ=鱼,raj=鱼	G. (Genro) (Squatina) de maraj fis^oj el la ordo de elasmobrankoj, transig^aj inter s^arko
sofor	PIV	木ˢᶠ	Y	Y	1	arbust=灌木	G. (Genro) (Sophora el fabacoj) de arboj, arbustoj k arbustetoj, kies junaj branc^oj resta
somatogami	PIV	体配	Y		1	somat=体ˢᵀ	(pp (se paroli pri) eu^kariotoj) Fekundig^o per kunig^o de c^eloj nedistingeblaj de la som
sorbus	PIV	木ˢᴮ	Y	Y	1	arbust=灌木,sorp=木	G. (Genro) (Sorbus el rozacoj) de falfoliaj arboj, arbustoj k arbustetoj kun folioj simpla
spargani	PIV	草ˢᴾᴬ	Y	Y	1	herb=草	G. (Genro) (Sparganium el sparganiacoj) de unu-k plur-jaraj, dioikaj herboj kun liniformaj
spekulari	PIV	草ˢᴾᴱᴷ	Y		1	leguzi=草ᴸᴱ	(ark. (arkaismo, arkaisme)) = leguzio.
speleolog	PIV	洞学家	Y		1	speleologi=洞学	Specialisto pri speleologio.
spergul	PIV	草ˢᴾ	Y	Y	1	herb=草	G. (Genro) (Spergula el kariofilacoj) de unu-k du-jaraj herboj kun s^ajne verticilaj, lini
spergulari	PIV	草ˢᴾᴱ	Y	Y	1	herb=草	G. (Genro) (Spergularia el kariofilacoj) de unu-, du-k plur-jaraj herboj kun kontrau^e duo
spermatocit	PIV	精胞	Y		1	ĉel=胞	Virseksa c^elo, devenanta el spermatogonio, naskonta spermatozoon au^ spermation
sporofit	PIV	胞子植	Y	Y	1	plant=植,plant=植,zigot=合子,spor=胞子,gametofit=配子植	(pp (se paroli pri) plantoj havantaj alternadon de generacioj) Duploida generacio de plant
sporangi	PIV	胞子脉	Y	Y	1	ĉel=胞,spor=胞子	Organo au^ c^elo, ene produktanta sporojn
sporogoni	PIV	胞子源	Y	Y	1	sporofit=胞子植,spor=胞子	Sporofito de la briofitoj (muskoj k hepatmuskoj), tipe konsistanta el pedunkleto portanta 
sporotrikum	PIV	菌ˢᴹ	Y	Y	1	fung=菌	G. (Genro) (Sporotrichum) kosmopolita de c^. (c^irkau^) 40 sp-oj (specioj) de neperfektaj 
stakioz	PIV	水苏糖	Y		1	suker=糖	Sukero, tetrasakarido trovig^anta en plantoj, precipe el la fam. (familio) lamiacoj, sed a
stanat	PIV	锡盐	Y		1	sal=盐	Salo de stanata acido H 2 SnO 3.
stanit	PIV	锡盐ˢᴵ	Y		1	sal=盐	Salo de stanita acido H 2 SnO 2.
stapeli	PIV	草ˢᴬ	Y	Y	1	herb=草	G. (Genro) (Stapelia el asklepiadacoj) de sukulentaj, plurjaraj herboj kun g^enerale kvarf
stegosau^r	PIV	龙ˢᴳ	Y	Y	1	dinosau^r=恐龙	G. (Genro) (Stegosaurus) de g randaj herbovoraj dinosau^roj el la ordo ornitiskioj, kun ko
stekiometri	PIV	配比测	Y		1	proporci=比ᴾ	Studo de la proporcioj, lau^ kiuj kombinig^as inter si la kemiaj elementoj.
stelari	PIV	草ˢᴱ	Y	Y	1	herb=草	G. (Genro) (Stellaria el kariofilacoj) de unu-k plur-jaraj, kelkfoje grimpaj herboj kun g^
stelion	PIV	龙ˢᵀ	Y	Y	1	agam=龙ᴬ,agam=龙ᴬ	Sp. (Specio) de agamo (Agama stellio) malhelkolora, E-mediteranea.
sterkuli	PIV	木ˢᴸ	Y	Y	1	kola=木	G. (Genro) (Sterculia el sterkuliacoj), parenca al kolao, de c^. (c^irkau^) 150 sp-oj (spe
stomatit	PIV	口炎	Y		1	inflam=炎,buŝ=口	Kn (Kolektiva nomo) de la inflamoj de la bus^a mukozo
stomatolog	PIV	口学家	Y		1	stomatologi=口学	Specialisto pri stomatologio.
stomatologi	PIV	口学	Y		1	buŝ=口	Parto de la medicino, pri la bus^o k la dentoj.
stomatoskopi	PIV	口镜ˢᴵ	Y		1	stomatoskop=口镜	Arto k scienco esplori per stomatoskopo.
stramoni	PIV	茄ˢᵀ	Y	Y	1	datur=茄,datur=茄	Sp. (Specio) de daturo (Datura stramonium), unujara, tre venena herbo kun trumpetformaj, b
stratigraf	PIV	层记	Y		1	stratigrafi=层志	Specialisto pri stratigrafio.
stratiot	PIV	草ˢᵀᴿ	Y	Y	1	alo=草	G. (Genro) (Stratiotes el hidrokaritacoj) de nur unu sp. (S. aloides), el Eu^ropo k Azio, 
stratum	PIV	层ˢᴹ	Y		1	tavol=层,tavol=层,tavol=层	1 Tavolo 2. 2 C^iu el la sinsekvaj tavoloj de la epidermo. 3 Horizontala tavolo de vegetaj
strelici	PIV	草ˢᵀᴿᴱ	Y	Y	1	herb=草	G. (Genro) (Strelitzia el streliciacoj) de 5 sp-oj (specioj) de S-Afrikaj plurjaraj herboj
streptopeli	PIV	鸟ˢᴱ	Y	Y	1	bird=鸟	G. (Genro) (Streptopelia) de birdoj el la fam. (familio) de kolombedoj, al kiu apartenas i
stroboskopi	PIV	闪镜ˢᴵ	Y		1	stroboskop=闪镜	Metodo de observado per stroboskopo.
strofant	PIV	木ˢᴼ	Y	Y	1	arbust=灌木	G. (Genro) (Strophantus el apocinacoj) de lignecaj lianoj au^ arbustoj; c^. (c^irkau^) 40 
strofari	PIV	菌ˢᵀ	Y	Y	1	foliot=菌ᶠᴸ,hifolom=菌ᴴᶠ	G. (Genro) (Stropharia el strofariacoj) de ombrelfungoj kun ringo k brunvioletaj lamenoj; 
stuphar	PIV	填毛	Y		1	har=毛,stup=填	Havanta harojn similajn al stupo per sia flavhela koloro.
sukerat	PIV	糖盐	Y		1	sal=盐,glukoz=糖	Salo de sukerata acido, C 6 H 10 O 8, oksidig^a produkto de glukozo.
sukub	PIV	魔ˢᴷ	Y		1	diabl=魔,inkub=梦魔	Diablo, kiu alprenis la formon de virino, por kunig^i kun viro. Vd inkubo.
sul	PIV	鸟ˢᴸ	Y	Y	1	bird=鸟	G. (Genro) (Sula) de grandaj birdoj el la ordo de pelikanoformaj, kiuj log^as kolonie sur 
sulfamat	PIV	氨硫盐	Y		1	sal=盐	Salo de sulfamata acido H 2 NSO 3 H
sulfinat	PIV	硫盐ˢᴺ	Y		1	sal=盐	Salo de sulfinata acido, kun g^enerala formulo R-S(O)OH.
sumak	PIV	木ˢᵁ	Y	Y	1	arbust=灌木,ro=木	G. (Genro) (Rhus el anakardiacoj) de dioikaj au^ poligamiaj arboj k arbustoj kun venena se
surmulet	PIV	鱼ˢᵀ	Y	Y	1	fiŝ=鱼,fiŝ=鱼	Sp. (Specio) (Mullus surmuletus) de fis^o el la ordo de perkoformaj fis^oj, kun rug^a dors
sviteni	PIV	木ˢⱽ	Y	Y	1	mahagon=木	G. (Genro) (Swietenia el meliacoj) de ofte grandaj arboj kun pare plume kunmetaj folioj; 3
s^tern	PIV	鸟ˢ̂	Y	Y	1	bird=鸟	Birdo (Sterna k parencaj g-oj (genroj)) el la ordo de karadriformaj, kun tondiloforma vost
tadorn	PIV	鸟ᵀᴰ	Y	Y	1	bird=鸟,merg^=鸟ᴹᴿ	G. (Genro) (Tadorna) de birdoj el la ordo de anseroformaj, fam. (familio) de anasedoj, kun
takikardi	PIV	速心	Y		1	kor=心	Normala au^ nenormala akcelo de la kora pulsado.
takimetr	PIV	速计ᵀ	Y		1	rapidometr=速计	(evi (evitinda)) = rapidometro.
taksonom	PIV	分类	Y		1	klasifik=类	Specialisto pri taksonomio.
taliktr	PIV	草ᵀᵀ	Y	Y	1	herb=草	G. (Genro) (Thalictrum el ranunkolacoj) de plurjaraj herboj kun 2−3-oble plume kunmetaj fo
talon	PIV	券ᵀ	Y		1	kupon=券	1 Tiu responda, komplementa parto de c^eko, kvitanco, atestfolio ks (kaj simile, kaj simil
tangar	PIV	鸟ᵀᴳ	Y	Y	1	tanagr=鸟,bird=鸟	G. (Genro) (Tangara, sin. (sinonimo (de latinscienca nomo)) Tanagra) de okulfrape koloraj 
tantalat	PIV	金盐ᵀᴺ	Y		1	sal=盐,tantal=金	Salo de (nestabila) tantala acido, H 3 TaO 4.
taps	PIV	草ᵀˢ	Y	Y	1	verbask=草ⱽᴮ,herb=草	Sp. (Specio) de verbasko (Verbascum thapsus) el Eu^ropo k U Azio, dujara herbo kovrita de 
tapsi	PIV	伞ᵀ	Y	Y	1	umbel=伞	G. (Genro) (Thapsia el apiacoj) de plurjaraj herboj kun folioj preskau^ c^iuj elbazaj, 2−5
taraksak	PIV	菊ᵀᴿ	Y	Y	1	leontodon=菊ᴸᵀ	G. (Genro) (Taraxacum el asteracoj) de du-k plur-jaraj, laktosukohavaj herboj kun baza fol
tarsalgi	PIV	足根痛	Y		1	dolor=痛,tars=足根	Doloro c^e la tarso 1.
tarsi	PIV	猴ᵀᴿ	Y	Y	1	loris=猴ᴸ,galag=猴ᴳᴸ	G. (Genro) (Tarsius) de mamuloj el la ordo de primatoj, subordo de prasimioj, kun grandaj 
tarzit	PIV	眼板炎	Y		1	inflam=炎,tarz=眼板	Inflamo de tarzo(j).
tekneci	PIV	金ᵀᴷ	Y		1	urani=金	Radioaktiva elemento, Tc, atomnumero 43, atommaso 97,91, ricevata per fisio de uranio.
telekinez	PIV	远动	Y		1	mov=动	Supozata ago de la menso al la materio, pli speciale movo de objekto per la sola menso
telope	PIV	木ᵀᴾ	Y	Y	1	arbust=灌木,arbust=灌木	G. (Genro) (Telopea el proteacoj) de arboj k arbustoj kun rug^aj floroj en densaj kapoj c^
telurit	PIV	矿盐ᵀ	Y		1	sal=盐	Salo de telurita acido.
tendenit	PIV	筋炎	Y		1	inflam=炎,tenden=筋	Inflamo de tendeno.
tendenotomi	PIV	筋切	Y		1	tranĉ=切,tenden=筋	Tranc^o de tendeno.
tenebri	PIV	虫ᵀᴺ	Y	Y	1	insekt=虫,larv=幼虫	G. (Genro) (Tenebrio) de insektoj el la ordo de koleopteroj, brune nigraj, kies larvoj viv
teniicid	PIV	条虫杀	Y		1	teni=条虫	Medikamento, uzata por mortigi teniojn.
tensimetri	PIV	压测	Y		1	mezur=测,tensi=压ᵀ	Mezuro de diversaj tensioj
teogoni	PIV	神源	Y		1	politeism=多神主义	Genealogio de la dioj de politeisma popolo.
teratom	PIV	畸瘤	Y		1	tumor=瘤	Nomo de kompleksaj tumoroj kun multaj histoj.
tered	PIV	贝ᵀ	Y	Y	1	folad=贝	G. (Genro) (Teredo) de maraj moluskoj el la klaso de duvalvuloj, fam. (familio) de foladed
terminolog	PIV	词学家	Y		1	terminologi=词学	Fakulo pri terminologio.
testacel	PIV	贝ᵀˢ	Y	Y	1	konk=贝	G. (Genro) (Testacella) de surteraj moluskoj el la klaso de gastropodoj, aspektantaj kiel 
tetragoni	PIV	草ᵀᴳ	Y	Y	1	herb=草	1 G. (Genro) (Tetragonia el aizoacoj) de c^. (c^irkau^) 85 sp-oj (specioj) de herboj k arb
tetragram	PIV	四字	Y		1	liter=字	La nomo de la hebrea Dio, skribita per kvar literoj (JHVH). -> Javeo, Jehovo.
tetraklin	PIV	木ᵀᵀ	Y	Y	1	lign=木	G. (Genro) (Tetraclinis el kupresacoj) de nur unu sp. (T. articulata) de malgranda, dioika
teu^kri	PIV	草ᵀᵁ̆	Y	Y	1	herb=草	G. (Genro) (Teucrium el lamiacoj) de plantoj - herboj, plejparte plurjaraj, arbustetoj k t
tibus^en	PIV	木ᵀˢ̂	Y	Y	1	arbust=灌木	G. (Genro) (Tibouchina el Melastomaceae) de c^. (c^irkau^) 245 sp-oj (specioj) de dau^rafo
tifoid	PIV	疹似	Y		1	simil=似,tif=疹	Tia, ke g^i similas al tifo
tife	PIV	草ᵀᶠ	Y	Y	1	herb=草	G. (Genro) (Typha el tifeacoj) de plurjaraj, monoikaj, altaj herboj, kun staraj tigoj port
tilandsi	PIV	草ᵀᴺ	Y	Y	1	herb=草	G. (Genro) (Tillandsia el bromeliacoj) de plurjaraj herboj el tropika Ameriko, plejofte ep
timal	PIV	鱼ᵀᴹ	Y	Y	1	fiŝ=鱼	G. (Genro) (Thymallus) el la ordo de salmonoformaj fis^oj, fam. (familio) de salmonedoj, v
timele	PIV	草ᵀᴵ	Y	Y	1	herb=草	G. (Genro) (Thymelaea el timeleacoj) de c^. (c^irkau^) 30 sp-oj (specioj) de arbustetoj k 
tinam	PIV	鸟ᵀᴺ	Y	Y	1	bird=鸟	G. (Genro) (Tinamus) de kokosimilaj birdoj el la ordo de tinamoformaj, kiuj vivas en S k C
tipuan	PIV	木ᵀᴵ	Y	Y	1	robini=木ᴿᴵ,lign=木,lign=木	G. (Genro) (Tipuana el fabacoj) de nur unu sp. (T. tipu) de arbo, aspektanta kiel sendorna
tireotomi	PIV	甲状切	Y		1	laringotomi=喉切	(entranc^o de la tireoida kartilago. Vd laringotomio).
tiroidit	PIV	甲状炎	Y		1	inflam=炎,tiroid=甲状	Inflamo de la tiroido.
tiroidektomi	PIV	甲状除	Y		1	tiroid=甲状	Ablacio de la tiroido.
titanat	PIV	金盐ᵀ	Y		1	sal=盐	Salo de titana acido, H 2 TiO 3.
titi	PIV	猴ᵀ	Y	Y	1	kalitriks=猴ᴷᵀ,kaliceb=猴ᴷᶜ	Kn (Kolektiva nomo) de diversaj g-oj (genroj) k sp-oj (specioj) de pli-malpli malgrandaj A
tlasp	PIV	草ᵀᴸ	Y	Y	1	herb=草,kapsel=草	G. (Genro) (Thlaspi el brasikacoj) de unu-k plur-jaraj herboj kun plataj, rondaj au^ ovala
tonsilektomi	PIV	扁桃除	Y		1	tonsil=扁桃	Fortranc^o de la palataj tonsiloj.
topograf	PIV	地记ᵀ	Y		1	teren=地ᵀᴺ,not=记	(tr (transitiva)) Skizi au^ desegni la surfacon de tereno au^ regionparto, k noti la mezur
topolog	PIV	地学家ᵀ	Y		1	topologi=地学ᵀ	Specialisto pri topologio.
topologi	PIV	地学ᵀ	Y		1	matematik=数学	1 Branc^o de la matematiko, kie oni studas kontinuecon, konverg^on, dimension k ties algeb
tordometr	PIV	拧计	Y		1	tord=拧	Arang^aj^o por mezuri la gradon de tordo c^e dratoj, fadenoj ks (kaj simile, kaj similaj).
tormentil	PIV	草ᵀᴱ	Y	Y	1	potentil=草ᴾᴱ	Sp. (Specio) de potentilo (Potentilla erecta, sin. (sinonimo (de latinscienca nomo)) P. to
tortrik	PIV	虫ᵀᵀ	Y	Y	1	larv=幼虫	Noktpapilio (unuspecia g. (genro) Tortrix viridana), kies larvoj faras malutilon, kunteksa
tradeskanti	PIV	草ᵀᴰ	Y	Y	1	herb=草	G. (Genro) (Tradescantia el komelinacoj) de plurjaraj herboj kun violaj, bluaj, rozaj au^ 
trakeli	PIV	草ᵀᴷ	Y	Y	1	kampanul=草,herb=草	Sp. (Specio) de kampanulo (Campanula trachelium) el Eu^ropo, U Azio k N Afriko, plurjara h
trakin	PIV	鱼ᵀᴷ	Y	Y	1	fiŝ=鱼	G. (Genro) (Trachinus) de maraj fis^oj el la ordo de perkoformaj, subordo de trakinoidoj (
trau^matologi	PIV	创学	Y		1	patologi=病学,trau^mat=创	Parto de la patologio pri la vundoj k aliaj trau^matoj.
treponemicid	PIV	密螺旋体杀	Y		1	treponem=密螺旋体	Substanco, mortiganta la treponemojn
triceratop	PIV	龙ᵀ	Y	Y	1	dinosau^r=恐龙	G. (Genro) (Triceratops el la ordo de ornitiskioj) de kornohavaj dinosau^roj, kiuj vivis d
trigl	PIV	鱼ᵀᴿ	Y	Y	1	fiŝ=鱼	G. (Genro) (Trigla) de fis^oj el la ordo de skorpenoformaj, kun kirasa kapo, kun dornoj su
trigonel	PIV	豆ᵀ	Y	Y	1	gus^=豆,fenugrek=豆ᶠᴺ	G. (Genro) (Trigonella el fabacoj) de unu-k plur-jaraj herboj parencaj al medikago, kun 3-
trikopati	PIV	毛病	Y		1	har=毛	Kn (Kolektiva nomo) de la haraj malsanoj.
trikoplazi	PIV	毛生	Y		1	har=毛	Nenormala kreskado de haroj sur mukozo
trikopter	PIV	毛翅	Y	Y	1	har=毛	Ordo (Trichoptera) de insektoj kun pupa stadio, malakra suc^rostro k har-au^ skvam-kovrita
trili	PIV	草ᵀᴿ	Y	Y	1	herb=草,paris=草ᴾᴿ	G. (Genro) (Trillium el triliacoj) de plurjaraj herboj, kies tigo portas unu verticilon de
tring	PIV	鸟ᵀᴿ	Y	Y	1	bird=鸟	G. (Genro) (Tringa) de mezgrandaj Eu^ropaj birdoj el la ordo de karadriformaj, fam. (famil
trips	PIV	虫ᵀᴿ	Y	Y	1	insekt=虫	G. (Genro) (Thrips) de insektoj el la ordo de tizanopteroj, vivantaj sur herboj en la tuta
trisom	PIV	三体	Y		1	som=体ˢᴹ	Vd (vidu) -som/ ①.
trogi	PIV	虫ᵀᴳ	Y	Y	1	insekt=虫,psokopter=咬虫翅	Insekto (unuspecia g. (genro) Trogium pulsatorium) el la ordo de psokopteroj, kiu log^as e
troli	PIV	草ᵀᴼ	Y	Y	1	herb=草	G. (Genro) (Trollius el ranunkolacoj) de plurjaraj herboj kun grandaj, flavaj au^ orang^aj
tropidonot	PIV	蛇ᵀ	Y		1	natrik=蛇ᴺᵀ	(ark. (arkaismo, arkaisme)) = natriko.
tujan	PIV	侧柏	Y		1	tujon=侧柏ᵀᴼ	Simpla, unucikla monoterpeno, C 10 H 18, kies derivaj^oj estas gravaj natursubstancoj, i.a
turbot	PIV	鱼ᵀᴮ	Y	Y	1	fiŝ=鱼	Sp. (Specio) (Psetta maxima) de plata fis^o parenca al rombo.
uest	PIV	西ᵁ	Y		1	okcident=西	Okcidento 1, 2; simb. (simbolo)
ulmari	PIV	草ᵁ	Y	Y	1	filipendul=草ᶠᴾ,filipendul=草ᶠᴾ	Sp. (Specio) de filipendulo (Filipendula ulmaria, sin Spiraea u.) el Eu^ropo k SU Azio, ku
ulvofic	PIV	藻藻ᵁ	Y	Y	1	klorofic=绿藻	Klaso (Ulvophyceae el klorofitoj) de multac^elaj verdalgoj g^enerale grandaj, foliecaj au^
undari	PIV	藻ᵁᴺ	Y	Y	1	vakame=藻ⱽ	G. (Genro) (Undaria el alariacoj) de maraj brunalgoj; c^. (c^irkau^) 3−4 sp-oj (specioj) e
urografi	PIV	尿志	Y		1	radiografi=射志,urin=尿	Radiografio de la urina aparato, post injekto de substanco opaka al la X-radioj.
urolog	PIV	尿学家	Y		1	urologi=尿学	Specialisto pri urologio.
uratemi	PIV	尿酸盐血	Y		1	urat=尿酸盐,acid=酸,sang=血	C^eesto au^ kvanto de urata acido en la sango
ureemi	PIV	尿素血	Y		1	ure=尿素,sang=血	Enesto de ureo en la sango, uzata por taksi uremion.
uri	PIV	鸟ᵁᴿ	Y	Y	1	bird=鸟	G. (Genro) (Uria) de birdoj el la ordo de karadriformaj, fam. (familio) de au^kedoj, kun l
urinologi	PIV	尿学ᵁᴺ	Y		1	urin=尿	Studo de la urinoj.
urinometr	PIV	尿计	Y		1	urin=尿	Ilo por mezuri la relativan denson de urino.
urinoskopi	PIV	尿镜	Y		1	urin=尿	Klinika esploro de urino.
ustilag	PIV	菌ᵁᵀ	Y	Y	1	fung=菌	G. (Genro) (Ustilago el ustilagaloj) de mikroskopaj, parazitaj fungoj, kau^zantaj multajn 
uterit	PIV	宫炎	Y		1	inflam=炎,uter=宫	Inflama afekcio de la utero.
utrikulari	PIV	草ᵁᵀ	Y	Y	1	herb=草	G. (Genro) (Utricularia el lentibulariacoj) de plurjaraj herboj akvo-, arbo-au^ grundo-log
uveit	PIV	葡萄膜炎	Y		1	inflam=炎,uve=葡萄膜	Inflamo de uveo(j).
vagotomi	PIV	荡切	Y		1	sekc=切,vag=荡	Sekco de la vago.
vaginalgi	PIV	阴道痛	Y		1	dolor=痛,vagin=阴道	Dolora kontrakturo de la vagino.
vaginalit	PIV	套炎	Y		1	inflam=炎,vaginal=套ⱽ	Inflamo de vaginalo.
vakame	PIV	藻ⱽ	Y	Y	1	undari=藻ᵁᴺ,undari=藻ᵁᴺ	Sp. (Specio) de undario (Undaria pinnatifida), brunalgo uzata en homa nutrado, precipe en 
vakari	PIV	草ⱽᴷ	Y	Y	1	saponari=草ˢᴼ,herb=草,herbicid=草杀	G. (Genro) (Vaccaria el kariofilacoj), parenca al saponario, de nur unu sp. (V. hispanica)
valerianel	PIV	草ⱽᴸ	Y	Y	1	herb=草	G. (Genro) (Valerianella el valerianacoj) de g^enerale unujaraj herboj, uzataj por salatoj
vanes	PIV	虫ⱽᴺ	Y	Y	1	larv=幼虫	G. (Genro) (Vanessa) de belkoloraj tagpapilioj, kies dornoplenaj larvoj vivas sur urtikoj.
vaskulit	PIV	脉炎ⱽˢ	Y		1	inflam=炎,vaskul=脉ⱽˢ	Inflamo de vaskulo(j).
vendet	PIV	仇ⱽᴰ	Y		1	venĝ=仇	En tradiciaj moroj de Korsiko, veng^o pri ofendo au^ murdo, s^uldata de c^iuj familianoj d
venerologi	PIV	性病学	Y		1	vener=性病	Studo de la veneraj malsanoj, sifiliso, blenoragio, mola s^ankro, aidoso k.a. (kaj aliaj)
verbask	PIV	草ⱽᴮ	Y	Y	1	herb=草,taps=草ᵀˢ	G. (Genro) (Verbascum el skrofulariacoj) de du-k plur-jaraj, staraj, ofte lanugaj herboj k
verbezen	PIV	草ⱽᶻ	Y	Y	1	herb=草	G. (Genro) (Verbesina el asteracoj) de plantoj - unu-k plur-jaraj herboj, arbustoj k arboj
verticili	PIV	菌ⱽ	Y	Y	1	fung=菌	G. (Genro) (Verticillium) de mikroskopaj, neperfektaj fungoj kun verticilaj konididonaj c^
verumontanit	PIV	精丘炎	Y		1	inflam=炎,verumontan=精丘	Inflamo de la verumontano.
vibrafon	PIV	振声	Y		1	ksilofon=木声	Speco de ksilofono, sed kun metalaj lamenoj kun elektronika amplifo.
vign	PIV	豆ⱽᴳ	Y	Y	1	fazeolus=豆ᶠˢ,azuki=豆,voandze=豆ⱽᴺ,fazeolus=豆ᶠˢ,fazeol=豆	G. (Genro) (Vigna el fabacoj), tre parenca al fazeoluso, de pli-malpli volvig^antaj herboj
vikstremi	PIV	木ⱽᴷ	Y	Y	1	lign=木	G. (Genro) (Wikstroemia el timeleacoj) de c^. (c^irkau^) 50 sp-oj (specioj) de tufarbustoj
vinolog	PIV	酒学家	Y		1	vinologi=酒学	Specialisto pri vinologio.
vinologi	PIV	酒学	Y		1	vin=酒	Scienco pri la farado de vinoj.
vincetoksik	PIV	草ⱽᶜ	Y	Y	1	herb=草	G. (Genro) (Vincetoxicum el asklepiadacoj) de plurjaraj herboj, tufarbustoj k lignecaj lia
virusolog	PIV	毒学家ⱽ	Y		1	virusologi=毒学ⱽ	Fakulo pri virusologio.
virusologi	PIV	毒学ⱽ	Y		1	virus=毒	Studo pri la virusoj k virusozoj.
vivulicid	PIV	活者杀	Y		1	fungicid=菌杀,insekticid=虫杀,mikrobicid=细菌杀	Substanco, mortiganta tre diversaspeciajn vivulojn. Sin. (sinonimo) biocido. Vd fungicido,
viver	PIV	兽ⱽ	Y	Y	1	zibet=兽ᶻᴮ	G. (Genro) (Viverra) de S-Aziaj katosimilaj rabobestoj sveltaj, kun eta, pinta kapo k mall
voandze	PIV	豆ⱽᴺ	Y	Y	1	vign=豆ⱽᴳ,vign=豆ⱽᴳ,vign=豆ⱽᴳ,gus^=豆	1 (ark. (arkaismo, arkaisme)) Eksa g. (genro) (Voandzeia el fabacoj) nun inkludita en vign
vukeri	PIV	虫ⱽᴷ	Y	Y	1	filari=丝虫,filari=丝虫	G. (Genro) (Wuchereria, sin. (sinonimo (de latinscienca nomo)) Filaria) de parazitaj nemat
vulkanolog	PIV	火山学家	Y		1	vulkanologi=火山学	Specialisto pri vulkanologio.
vulkanologi	PIV	火山学	Y		1	vulkan=火山	Scienco pri la vulkanoj.
vulvit	PIV	外阴炎	Y		1	inflam=炎,vulv=外阴	Inflamo de la vulvo.
zelkov	PIV	木ᶻ	Y	Y	1	ulm=木,lign=木	G. (Genro) (Zelkova el ulmacoj), parenca al ulmo, de monoikaj arboj k trunkarbustoj; 4 sp-
zibet	PIV	兽ᶻᴮ	Y	Y	1	civet=兽,civet=兽,genot=兽,viver=兽ⱽ	Sp. (Specio) (Viverra zibetha) de mamulo el la ordo de karnovoruloj, fam. (familio) de viv
zigofil	PIV	草ᶻᴳ	Y	Y	1	herb=草	G. (Genro) (Zygophyllum el zigofilacoj) de plantoj - plurjaraj herboj, arbustetoj k tufarb
zinkat	PIV	锌盐	Y		1	sal=盐	Salo de teoria zinkata acido H 2 ZnO 2.
zoarc	PIV	鱼ᶻᴿ	Y	Y	1	fiŝ=鱼	G. (Genro) (Zoarces) de maraj fis^oj el la ordo de gadoformaj, malgrandaj, kun serpentofor
dazipod	PIV	兽ᴰᶻ	Y	Y	1	dazip=兽,armadel=兽ᴬᴿ	G. (Genro) (Dasypus) de malgrandaj S-Amerikaj mamuloj el la ordo de ksenartroj, kies dorso
himantopod	PIV	鸟ᴴᴰ	Y	Y	1	bird=鸟,himantop=鸟ᴴᴺ,himantop=鸟ᴴᴺ	Birdo (unuspecia g. (Himantopus himantopus) el la ordo de karadriformaj, kun longa, maldik
lagopod	PIV	鸟ᴸᴰ	Y	Y	1	lagop=鸟ᴸᴳ,bird=鸟	G. (Lagopus) de birdoj el la ordo de galinoformaj, fam. de tetraonedoj, kun plumkovritaj p
hemianopsi	PIV	半盲	Y		1	anopsi=盲ᴬ	Anopsio en duono (dekstra au^ maldekstra) de la vidokampo.
toksomani	PIV	毒狂	Y		1	toks=毒	Vd (vidu) tokso.
pseu^doartr	PIV	伪节	Y		1	artik=节	Okaza artiko, iafoje formig^anta post ostorompo.
diazotat	PIV	二氮盐	Y		1	sal=盐	Salo de la nestabila diazotata acido Ar-N=N-OH.
termobotel	PIV	热瓶	Y		1	botel=瓶,botel=瓶	Varmizola botelo, kun duoblaj parietoj, inter kiuj oni faris vakuon. Sin. (sinonimo) varmo
mikrobrec^i	PIV	微角砾岩	Y		1	brec^i=角砾岩	Brec^io el rokfragmentoj inter 1/16 k 2 mm (milimetro(j)).
termoelement	PIV	热素	Y		1	hejt=热,element=素	Aparato, enhavanta termoparon en elektra kontakto kun hejta elemento el drato, k uzata por
termofont	PIV	热泉	Y		1	font=泉	Fonto el varma k minerala akvo, uzata por kuracado.
biogenez	PIV	生源	Y		1	ontogenez=在源,filogenez=系源,abiogenez=无生源	1 Estig^o de la vivo sur tero. 2 (ark. (arkaismo, arkaisme)) Estig^o de vivulo el alia viv
mikrokristal	PIV	微晶	Y		1	mikroskop=微镜,kristal=晶,mikrolit=微石	(pp (se paroli pri) petro, senatente pri g^ia deveno) Konsistanta precipe au^ tute el nur 
dikromiat	PIV	二金盐	Y		1	sal=盐	Salo de dikromiata acido, H 2 Cr 2 O 7.
izoleu^cin	PIV	等亮	Y		1	leu^cin=亮ᴸ	Aminacido tre parenca al leu^cino, CH 3-CH 2-CH(CH 3)-CH(NH 2)-COOH; simb. (simbolo)
dimer	PIV	二链节	Y		1	mer=链节	Molekulo, konsistanta el du meroj.
monomer	PIV	单链节	Y		1	mer=链节,mer=链节	Molekulo, responda al mero, uzata en la fabrikado de poli mero.
oligomer	PIV	寡链节	Y		1	mer=链节	Molekulo, konsistanta el kelkaj meroj
tetramer	PIV	四链节	Y		1	mer=链节	Molekulo, konsistanta el kvar meroj.
trimer	PIV	三链节	Y		1	mer=链节	Molekulo, konsistanta el tri meroj.
mikromezuril	PIV	微测具	Y		1	mezur=测	Instrumento por precize mezuri tre maldikajn objektojn per antau^eniro de s^rau^bo
mikromov	PIV	微动	Y		1	mov=动,mikroskop=微镜	(pp (se paroli pri) s^rau^bo) Servanta por malrapide k tre malmulte movi la tubon de mikro
peroksid	PIV	过氧化	Y		1	oksid=氧化,oksid=氧化	(tr (transitiva)) 1 Oksidi substancon al pli alta oksida grado ol normale. 2 Tre heligi la
mikroond	PIV	微波	Y		1	ond=波	Elektromagneta ondo kun ondlongo inter 1 m k 1 mm (milimetro(j))
mikropipet	PIV	微移液	Y		1	pipet=移液,likv=液	Pipeto, uzata c^efe de biokemiistoj por elpreni mikrolitrojn da likvoj.
termorelajs	PIV	热转	Y		1	relajs=转	Relajso, sensiva al variado de temperaturo.
disakarid	PIV	二蔗子	Y		1	monosakarid=单蔗子,sakaroz=蔗糖	(kemio) Sakarido konsistanta el du monosakaridaj unuoj (ekz. sakarozo, laktozo).
trisakarid	PIV	三蔗子	Y		1	monosakarid=单蔗子	(kemio) Sakarido konsistanta el tri monosakaridaj unuoj.
polisakarid	PIV	多蔗子	Y		1	mult=多	Sakarido, konsistanta el du, tri…, kelkaj au^ multaj mono sakaridoj duope ligitaj per oksi
cefalospin	PIV	头脊	Y		1	cefal=头ᶜ,spin=脊	Rilata al cerbo au^ cefalo k al spino
kolesterolemi	PIV	胆醇血	Y		1	kole=胆ᴷ,sterol=固醇,sang=血	Kvanto de kole sterolo en la sango.
pirosulfat	PIV	火硫盐	Y		1	sal=盐	Salo de pirosulfata (disulfata) acido HO-S(O 2)-O-S(O 2)-OH.
izos^unt	PIV	等分流	Y		1	s^unt=分流,egal=等,s^unt=分流	S^unto, kies rezistanco estas egala al tiu de alia s^unto, lokita serie kun g^i.
bioterapi	PIV	生疗	Y		1	biologi=生	Kuracado per biologiaj substancoj au^ mikroboj.
aktinoterapi	PIV	射疗ᴬ	Y		1	terapi=疗,aktin=射ᴬ	Terapio per aktinaj radiadoj.
fokusterapi	PIV	焦点疗	Y		1	terapi=疗	Psika terapio, celanta klarigi k per tio kuraci specifan konflikton perturbo-generan en ho
fridoterapi	PIV	冷疗	Y		1	terapi=疗,frid=冷	Terapia uzo de la malvarmo kreita jen per frida dus^o au^ bano, malseka envolvig^o, glacio
hipnototerapi	PIV	催眠疗	Y		1	terapi=疗,hipnot=催眠	Terapia uzo de hipnoto, ekz. (ekzemple) por malpliigi dolorojn.
insulinoterapi	PIV	胰岛素疗	Y		1	terapi=疗,insulin=胰岛素	Terapio per insulino.
kemiterapi	PIV	化学疗	Y		1	kemi=化学	Kuracado, pli speciale de kanceroj, per kemiaj substancoj.
kinezoterapi	PIV	动疗	Y		1	mov=动	C^iu kuracado per movoj aktivaj au^ pasivaj.
kolapsoterapi	PIV	崩疗	Y		1	terapi=疗	(ark. (arkaismo, arkaisme)) Tuto de la terapiaj metodoj medicinaj au^ kirurgiaj, kiuj ebli
konvulsiterapi	PIV	抽风疗	Y		1	konvulsi=抽风	Traktado de diversaj psikozoj per konvulsiaj s^okoj.
kortikoterapi	PIV	皮疗	Y		1	terapi=疗	Terapio per kortikosteroidoj (kortizono k parencaj hormonoj k iliaj derivaj^oj).
kuriterapi	PIV	kuri疗	Y		1	terapi=疗	(ark. (arkaismo, arkaisme)) Terapio per radiumo k artefaritaj radioelementoj.
mekanikoterapi	PIV	械疗ᴹᴷ	Y		1	mekanik=械	Uzo de specialaj mekanikaj aparatoj por kuracocele movi la artikojn ktp (kaj tiel plu).
ozonterapi	PIV	臭氧疗	Y		1	terapi=疗,oksigen=氧生,ozon=臭氧	Terapio per miksaj^o el oksigeno k ozono.
sunterapi	PIV	阳疗	Y		1	terapi=疗	Terapio per la sunradioj.
cefalotorak	PIV	头胸	Y	Y	1	kap=头,torak=胸ᵀ	Antau^a parto de la korpo de iuj artropodoj (krustacoj, araneuloj), kiu devenas el la kuni
hipertrofi	PIV	超养	Y		1	trofi=养ᵀ	Superkreskinta pro hiper trofio.
endoplasm	PIV	内浆	Y		1	intern=内	Trovig^anta interne de la c^elplasmo
dioksid	PIV	二氧化	Y		1	oksid=氧化	Oksido kun du oksigenatomoj
monooksid	PIV	单氧化	Y		1	oksid=氧化	Oksido kun unu oksigenatomo
zeu^s	PIV	鱼ᶻ	Y	Y	1	fiŝ=鱼,fiŝ=鱼	G. (Genro) (Zeus) de teleosteoj, grandaj Mediteraneaj fis^oj kun granda ronda, nigra makul
