語根	層	disp	id	群サイズ	F	綴りとの関係	逆引き候補数	末尾を落とすと
kariofil	PEJVO	丁香ᴷ	k	3	6	接頭辞	1	siring
lilak	PEJVO	丁香ᴸ	l	3	1	接頭辞	1	siring
hepta	PIV	七ᴴ	h	2	1	接頭辞	1	sep
terciar	PEJVO	三ᵀᶜ	tc	2	3	綴り内の文字	1	tri
trigon	PIV	三角ᵀᴿ	tr	2	2	接頭辞	2	trigonometri
super	文法層	上ˢᴾ	sp	2	160	先頭+子音	1	sur
subaltern	PEJVO	下ˢᴸ	sl	3	2	綴り内の文字	1	sub
sob	PIV	下ˢᴼ	so	3	2	接頭辞	1	sub
klau^n	PEJVO	丑ᴷ	k	7	3	接頭辞	1	skandal
pajac	PEJVO	丑ᴾ	p	7	2	接頭辞	2	skandal
arleken	PEJVO	丑ᴬ	a	7	3	接頭辞	1	skandal
pulc^inel	PEJVO	丑ᴾᴸ	pl	7	2	先頭+子音	1	pajac
histrion	PEJVO	丑ᴴ	h	7	2	接頭辞	1	skandal
bufon	PIV	丑ᴮ	b	7	1	接頭辞	1	skandal
au^tokrat	PIV	专制ᴬ	a	3	1	接頭辞	2	despot
au^tokrati	PIV	专制ᴬᴵ	ai	3	1	綴り内の文字	1	au^tokrat
vepr	PEJVO	丛ⱽ	v	3	4	接頭辞	1	tuf
makis	PEJVO	丛ᴹ	m	3	2	接頭辞	1	tuf
oriental	PEJVO	东ᴼᴸ	ol	2	2	綴り内の文字	1	orient
faden	CSV2890	丝ᶠ	f	4	39	接頭辞	3	silk
filament	PEJVO	丝ᶠᴸ	fl	4	3	先頭+子音	2	faden
filigran	PEJVO	丝ᶠᴳ	fg	4	2	綴り内の文字	1	faden
serioz	CSV2890	严ˢᴿ	sr	6	10	先頭+子音	3	sever
rigor	PEJVO	严ᴿ	r	6	8	接頭辞	1	sever
strikt	PEJVO	严ˢᵀ	st	6	7	接頭辞	1	sever
drakon	PEJVO	严ᴰ	d	6	4	接頭辞	1	sever
au^ster	PIV	严ᴬ	a	6	1	接頭辞	1	sever
individual	PEJVO	个ᴵᴸ	il	2	2	綴り内の文字	1	individu
neŭtral	CSV2890	中ᴺ	n	5	11	接頭辞	2	mez
neu^tr	PEJVO	中ᴺᴱ	ne	5	11	接頭辞	2	neŭtral
median	PEJVO	中ᴹᴰ	md	5	1	先頭+子音	1	mez
mezant	PIV	中ᴹᵀ	mt	5	1	綴り内の文字	1	mez
neu^tron	PIV	中子ᴺ	n	2	1	接頭辞	1	mezon
mezenter	PIV	中肠ᴹᶻ	mz	3	1	先頭+子音	1	mesenter
mesoenter	PIV	中肠ᴹᴼ	mo	3	1	綴り内の文字	1	mesenter
testik	PEJVO	丸ᵀ	t	2	6	接頭辞	1	pilol
testikit	PIV	丸炎ᵀ	t	2	1	接頭辞	1	orkidit
prezid	CSV2890	主ᴾ	p	8	13	接頭辞	2	mastr
precip	CSV2890	主ᴾᶜ	pc	8	3	綴り内の文字	1	prezid
subjekt	CSV2890	主ˢ	s	8	7	接頭辞	3	mastr
nominativ	CSV2890	主ᴺ	n	8	1	接頭辞	1	mastr
subjektiv	PEJVO	主ˢⱽ	sv	8	0	綴り内の文字	1	subjekt
tonik	PEJVO	主ᵀ	t	8	3	接頭辞	1	mastr
senjor	PIV	主ˢᴺ	sn	8	2	先頭+子音	1	subjekt
pontifik	PEJVO	主祭ᴾᴺ	pn	2	3	先頭+子音	1	prepost
kondut	CSV2890	举ᴷ	k	2	9	接頭辞	1	lev
deont	PIV	义ᴰ	d	2	2	接頭辞	1	justic
plezur	CSV2890	乐ᴾ	p	6	13	接頭辞	1	muzik
orkestr	CSV2890	乐ᴼ	o	6	8	接頭辞	2	muzik
optim	PEJVO	乐ᴼᴾ	op	6	3	接頭辞	1	orkestr
sangvin	PEJVO	乐ˢ	s	6	2	接頭辞	1	muzik
hedon	PIV	乐ᴴ	h	6	2	接頭辞	1	muzik
hedonism	PIV	乐主义ᴴ	h	2	1	接頭辞	1	optimism
hedonist	PIV	乐家ᴴ	h	2	1	接頭辞	1	optimist
multiplik	CSV2890	乘ᴹ	m	2	8	接頭辞	1	vetur
skrib	CSV2890	书ˢ	s	2	104	接頭辞	1	libr
turbul	PEJVO	乱ᵀ	t	4	6	接頭辞	1	konfuz
pelmel	PEJVO	乱ᴾ	p	4	3	接頭辞	2	konfuz
perpleks	PEJVO	乱ᴾᴿ	pr	4	4	先頭+子音	1	pelmel
mam	CSV2890	乳ᴹ	m	5	24	接頭辞	1	lakt
cic	PEJVO	乳ᶜ	c	5	3	接頭辞	1	lakt
emulsi	PEJVO	乳ᴱ	e	5	8	接頭辞	1	lakt
albumen	PEJVO	乳ᴬ	a	5	1	接頭辞	1	lakt
afer	CSV2890	事ᴬ	a	4	24	接頭辞	1	ke
fakt	CSV2890	事ᶠ	f	4	4	接頭辞	1	ke
event	CSV2890	事ᴱ	e	4	3	接頭辞	1	ke
nef	PIV	云ᴺᶠ	nf	2	2	先頭+子音	1	nub
mutual	PEJVO	互ᴹ	m	2	4	接頭辞	1	reciprok
penta	PEJVO	五ᴾ	p	2	3	接頭辞	1	kvin
meten	PEJVO	亚甲ᴹᴺ	mn	2	1	綴り内の文字	2	metilen
diplomat	CSV2890	交ᴰ	d	3	10	接頭辞	1	trafik
koit	PEJVO	交ᴷ	k	3	3	接頭辞	1	trafik
akuŝ	CSV2890	产ᴬ	a	2	17	接頭辞	1	produkt
bril	CSV2890	亮ᴮ	b	3	30	接頭辞	1	hel
leu^cin	PIV	亮ᴸ	l	3	2	接頭辞	1	hel
intim	CSV2890	亲ᴵ	i	4	12	接頭辞	1	kar
parenc	CSV2890	亲ᴾ	p	4	10	接頭辞	1	kar
simpati	CSV2890	亲ˢ	s	4	8	接頭辞	1	kar
person	CSV2890	人ᴾ	p	4	30	接頭辞	1	hom
oni	文法層	人ᴼ	o	4	8	接頭辞	1	hom
antrop	PEJVO	人ᴬ	a	4	16	接頭辞	1	hom
vendet	PIV	仇ⱽᴰ	vd	2	1	綴り内の文字	1	venĝ
dielektrik	PEJVO	介电ᴰ	d	2	6	接頭辞	1	permitiv
sil	PEJVO	仓ˢ	s	2	2	接頭辞	1	magazen
altru	PEJVO	他ᴬ	a	2	3	接頭辞	1	li
agent	CSV2890	代ᴬᴳ	ag	7	15	接頭辞	1	anstataŭ
pronom	CSV2890	代ᴾ	p	7	6	接頭辞	2	anstataŭ
generaci	CSV2890	代ᴳ	g	7	7	接頭辞	1	anstataŭ
era	PEJVO	代ᴱ	e	7	2	接頭辞	1	anstataŭ
prokur	PEJVO	代ᴾᴷ	pk	7	3	綴り内の文字	1	pronom
surogat	PEJVO	代ˢ	s	7	4	接頭辞	1	anstataŭ
komand	CSV2890	令ᴷ	k	5	15	接頭辞	1	ordon
edikt	PEJVO	令ᴱ	e	5	3	接頭辞	1	ordon
imperativ	PEJVO	令ᴵ	i	5	2	接頭辞	1	ordon
ukaz	PEJVO	令ᵁ	u	5	1	接頭辞	1	ordon
tarif	CSV2890	价ᵀ	t	4	14	接頭辞	1	prez
kurz	PEJVO	价ᴷ	k	4	17	接頭辞	1	prez
valent	PEJVO	价ⱽ	v	4	10	接頭辞	1	prez
kapric	CSV2890	任ᴷ	k	3	4	接頭辞	1	ajn
investitur	PEJVO	任ᴵ	i	3	2	接頭辞	1	ajn
porci	CSV2890	份ᴾ	p	2	7	接頭辞	1	da
mim	PEJVO	仿ᴹ	m	4	2	接頭辞	2	imit
mimik	PEJVO	仿ᴹᴷ	mk	4	3	綴り内の文字	1	mim
pastic^	PEJVO	仿ᴾ	p	4	2	接頭辞	1	imit
pingvin	PEJVO	企鹅ᴾᴵ	pi	3	1	接頭辞	2	pingven
sfenisk	PIV	企鹅ˢ	s	3	2	接頭辞	1	pingven
elit	PEJVO	优ᴱ	e	3	2	接頭辞	1	avantaĝ
optimum	PEJVO	优ᴼ	o	3	2	接頭辞	1	avantaĝ
asemble	CSV2890	会ᴬ	a	7	5	接頭辞	1	kongres
konferenc	CSV2890	会ᴷᶠ	kf	7	5	綴り内の文字	1	kongres
sesi	PEJVO	会ˢ	s	7	3	接頭辞	2	kongres
kolokv	PEJVO	会ᴷᴸ	kl	7	1	先頭+子音	1	kongres
miting	PEJVO	会ᴹ	m	7	1	接頭辞	1	kongres
simpozi	PIV	会ˢᴹ	sm	7	1	先頭+子音	1	sesi
paraŝut	CSV2890	伞ᴾ	p	35	8	接頭辞	3	ombrel
umbel	PEJVO	伞ᵁ	u	35	2	接頭辞	2	ombrel
anet	PEJVO	伞ᴬ	a	35	2	接頭辞	4	ombrel
ferol	PEJVO	伞ᶠ	f	35	1	接頭辞	3	ombrel
karvi	PEJVO	伞ᴷ	k	35	1	接頭辞	5	ombrel
kumin	PEJVO	伞ᴷᴹ	km	35	1	先頭+子音	3	karvi
mirid	PEJVO	伞ᴹ	m	35	1	接頭辞	1	ombrel
eringi	PEJVO	伞ᴱ	e	35	1	接頭辞	3	ombrel
fenkol	PEJVO	伞ᶠᴺ	fn	35	1	先頭+子音	1	ferol
angelik	PEJVO	伞ᴬᴳ	ag	35	3	綴り内の文字	1	anet
egopodi	PEJVO	伞ᴱᴳ	eg	35	1	接頭辞	2	eringi
herakle	PEJVO	伞ᴴ	h	35	1	接頭辞	2	ombrel
cerefoli	PEJVO	伞ᶜ	c	35	1	接頭辞	1	ombrel
pastinak	PEJVO	伞ᴾˢ	ps	35	1	先頭+子音	1	paraŝut
umbelifer	PEJVO	伞ᵁᶠ	uf	35	1	綴り内の文字	1	umbel
ami	PIV	伞ᴬᴹ	am	35	1	接頭辞	1	anet
dau^k	PIV	伞ᴰ	d	35	1	接頭辞	1	ombrel
etuz	PIV	伞ᴱᵀ	et	35	1	接頭辞	1	eringi
sium	PIV	伞ˢ	s	35	1	接頭辞	6	ombrel
karum	PIV	伞ᴷᴿ	kr	35	1	先頭+子音	3	karvi
kritm	PIV	伞ᴷᵀ	kt	35	1	綴り内の文字	1	karvi
selin	PIV	伞ˢᴸ	sl	35	1	先頭+子音	3	sium
sezel	PIV	伞ˢᶻ	sz	35	1	先頭+子音	2	sium
sizar	PIV	伞ˢᴿ	sr	35	1	綴り内の文字	1	sium
tapsi	PIV	伞ᵀ	t	35	1	接頭辞	1	ombrel
sanikl	PIV	伞ˢᴺ	sn	35	1	先頭+子音	3	sium
antrisk	PIV	伞ᴬᴿ	ar	35	1	綴り内の文字	1	anet
bupleu^r	PIV	伞ᴮ	b	35	1	接頭辞	1	ombrel
ferolag	PIV	伞ᶠᴳ	fg	35	1	綴り内の文字	1	ferol
skandik	PIV	伞ˢᴷ	sk	35	1	接頭辞	2	sium
kau^kalid	PIV	伞ᴷᵁ̆	kŭ	35	1	綴り内の文字	1	karvi
levistik	PIV	伞ᴸ	l	35	1	接頭辞	1	ombrel
pimpinel	PIV	伞ᴾᴹ	pm	35	1	先頭+子音	1	paraŝut
hidrokotil	PIV	伞ᴴᴰ	hd	35	1	先頭+子音	1	herakle
legend	CSV2890	传ᴸ	l	4	4	接頭辞	1	komunik
propagand	CSV2890	传ᴾ	p	4	5	接頭辞	1	komunik
transmisi	PEJVO	传ᵀ	t	4	5	接頭辞	1	komunik
lez	PEJVO	伤ᴸ	l	2	3	接頭辞	1	vund
pseŭdo	文法層	伪ᴾ	p	6	29	接頭辞	3	fals
kamufl	PEJVO	伪ᴷ	k	6	5	接頭辞	1	fals
postic^	PEJVO	伪ᴾᵀ	pt	6	2	綴り内の文字	1	pseŭdo
apokrif	PEJVO	伪ᴬ	a	6	2	接頭辞	1	fals
pseu^d	PEJVO	伪ᴾˢ	ps	6	1	接頭辞	3	pseŭdo
kompani	CSV2890	伴ᴷᴹ	km	6	22	先頭+子音	3	koleg
akompan	CSV2890	伴ᴬ	a	6	9	接頭辞	1	koleg
kamarad	CSV2890	伴ᴷᴿ	kr	6	8	綴り内の文字	1	koleg
partner	PEJVO	伴ᴾ	p	6	2	接頭辞	1	koleg
kompan	PIV	伴ᴷᴼ	ko	6	1	接頭辞	3	koleg
ekstens	PIV	伸ᴱᴷ	ek	2	3	接頭辞	1	etend
oid	文法層	似ᴼ	o	3	66	接頭辞	1	simil
analog	PEJVO	似ᴬ	a	3	6	接頭辞	1	simil
pozici	CSV2890	位ᴾ	p	5	6	接頭辞	1	situ
bit	PEJVO	位ᴮ	b	5	12	接頭辞	1	situ
lokaliz	PEJVO	位ᴸ	l	5	3	接頭辞	1	situ
apozici	PEJVO	位ᴬ	a	5	2	接頭辞	1	situ
homoteti	PIV	位似ᴴᴵ	hi	2	2	綴り内の文字	1	homotet
depresi	PEJVO	低ᴰ	d	2	4	接頭辞	1	bas
fart	CSV2890	体ᶠ	f	5	7	接頭辞	1	korp
sport	CSV2890	体ˢ	s	5	19	接頭辞	3	korp
som	PIV	体ˢᴹ	sm	5	2	先頭+子音	2	sport
somat	PIV	体ˢᵀ	st	5	4	綴り内の文字	2	sport
ceter	CSV2890	余ᶜ	c	4	4	接頭辞	1	rest
sald	PEJVO	余ˢ	s	4	5	接頭辞	1	rest
rezidu	PIV	余ᴿᶻ	rz	4	1	先頭+子音	1	rest
buda	PEJVO	佛ᴮᴬ	ba	2	3	綴り内の文字	1	budh
aŭtor	CSV2890	作ᴬ	a	2	10	接頭辞	1	verk
ambasad	CSV2890	使ᴬ	a	7	3	接頭辞	3	ig
apostol	CSV2890	使ᴬᴾ	ap	7	2	接頭辞	1	ambasad
ambasador	CSV2890	使ᴬᴿ	ar	7	5	綴り内の文字	1	ambasad
misi	PEJVO	使ᴹ	m	7	5	接頭辞	1	ig
nunci	PEJVO	使ᴺ	n	7	2	接頭辞	1	ig
legat	PEJVO	使ᴸ	l	7	1	接頭辞	1	ig
kaz	CSV2890	例ᴷ	k	2	6	接頭辞	1	ekzempl
pag^i	PEJVO	侍ᴾ	p	4	2	接頭辞	1	kelner
stevard	PEJVO	侍ˢ	s	4	2	接頭辞	1	kelner
grum	PEJVO	侍ᴳ	g	4	1	接頭辞	1	kelner
liver	CSV2890	供ᴸ	l	3	9	接頭辞	1	ofert
proviz	CSV2890	供ᴾ	p	3	17	接頭辞	1	ofert
rekognosk	PIV	侦ᴿ	r	2	1	接頭辞	1	skolt
tujon	PIV	侧柏ᵀᴼ	to	2	1	綴り内の文字	1	tujan
insult	CSV2890	侮ᴵ	i	2	7	接頭辞	1	ofend
markiz	PEJVO	侯ᴹ	m	2	4	接頭辞	1	princ
forc	PEJVO	促ᶠ	f	2	7	接頭辞	1	akcel
banal	CSV2890	俗ᴮ	b	8	4	接頭辞	1	mor
vulgar	CSV2890	俗ⱽ	v	8	9	接頭辞	1	mor
laik	PEJVO	俗ᴸ	l	8	4	接頭辞	1	mor
profan	PEJVO	俗ᴾ	p	8	7	接頭辞	1	mor
kic^	PEJVO	俗ᴷ	k	8	2	接頭辞	1	mor
sekular	PEJVO	俗ˢ	s	8	4	接頭辞	1	mor
filistr	PEJVO	俗ᶠ	f	8	3	接頭辞	1	mor
patron	CSV2890	保ᴾ	p	4	6	接頭辞	1	asekur
garanti	CSV2890	保ᴳ	g	4	10	接頭辞	1	asekur
kau^ci	PEJVO	保ᴷ	k	4	2	接頭辞	1	asekur
fid	CSV2890	信ᶠ	f	7	19	接頭辞	1	kred
leter	CSV2890	信ᴸ	l	7	45	接頭辞	1	kred
mesaĝ	CSV2890	信ᴹ	m	7	7	接頭辞	1	kred
konfid	CSV2890	信ᴷᴺ	kn	7	11	先頭+子音	1	kred
cirkuler	CSV2890	信ᶜ	c	7	2	接頭辞	1	kred
epistol	PEJVO	信ᴱ	e	7	2	接頭辞	1	kred
alize	PIV	信风ᴬ	a	3	2	接頭辞	1	trad
pasat	PIV	信风ᴾ	p	3	1	接頭辞	1	trad
klau^str	PEJVO	修院ᴷᵁ̆	kŭ	2	1	綴り内の文字	1	klostr
ploid	PIV	倍ᴾ	p	2	9	接頭辞	1	obl
inversi	PEJVO	倒ᴵ	i	3	3	接頭辞	1	kusp
anastrof	PEJVO	倒ᴬ	a	3	1	接頭辞	1	kusp
valor	CSV2890	值ⱽ	v	4	58	接頭辞	2	ind
merit	CSV2890	值ᴹ	m	4	15	接頭辞	1	ind
vac^	PEJVO	值ⱽᶜ̂	vĉ	4	2	先頭+子音	1	valor
inklin	CSV2890	倾ᴵ	i	4	8	接頭辞	1	em
tendenc	CSV2890	倾ᵀ	t	4	3	接頭辞	2	em
tak	PIV	倾ᵀᴷ	tk	4	2	先頭+子音	1	tendenc
fint	PEJVO	假ᶠᴺ	fn	2	2	先頭+子音	1	feri
jor	PEJVO	偏ᴶ	j	5	2	接頭辞	1	devi
ekart	PEJVO	偏ᴱ	e	5	1	接頭辞	1	devi
bias	PIV	偏ᴮ	b	5	4	接頭辞	1	devi
deviaci	PIV	偏ᴰᶜ	dc	5	2	綴り内の文字	1	devi
paranoj	PEJVO	偏执ᴾ	p	2	2	接頭辞	1	bigot
kape	PEJVO	停ᴷ	k	4	2	接頭辞	1	halt
suspend	PIV	停ˢ	s	4	2	接頭辞	2	halt
stop	PIV	停ˢᵀ	st	4	1	接頭辞	1	suspend
salubr	PIV	健ˢᴸ	sl	2	4	先頭+子音	1	san
pup	CSV2890	偶ᴾᴾ	pp	9	11	先頭+子音	1	par
hazard	CSV2890	偶ᴴ	h	9	8	接頭辞	1	par
eventual	CSV2890	偶ᴱ	e	9	7	接頭辞	1	par
marionet	PEJVO	偶ᴹ	m	9	2	接頭辞	1	par
kontingenc	PEJVO	偶ᴷ	k	9	3	接頭辞	2	par
krizalid	PEJVO	偶ᴷᴿ	kr	9	1	接頭辞	1	kontingenc
akcidenc	PIV	偶ᴬ	a	9	2	接頭辞	2	par
aleator	PIV	偶ᴬᴸ	al	9	1	接頭辞	1	akcidenc
marod	PEJVO	偷ᴹ	m	3	2	接頭辞	1	ŝtel
klepto	PIV	偷ᴷ	k	3	2	接頭辞	1	ŝtel
amortiz	PEJVO	偿ᴬ	a	4	6	接頭辞	1	kvit
solvent	PEJVO	偿ˢ	s	4	4	接頭辞	1	kvit
ristorn	PEJVO	偿ᴿ	r	4	2	接頭辞	1	kvit
stok	CSV2890	储ˢ	s	2	5	接頭辞	1	rezerv
hipnoz	PEJVO	催眠ᴴᶻ	hz	2	1	綴り内の文字	1	hipnot
arogant	PEJVO	傲ᴬᴺ	an	3	0	綴り内の文字	1	arog
orgojl	PEJVO	傲ᴼ	o	3	2	接頭辞	1	arog
statu	CSV2890	像ˢ	s	2	5	接頭辞	1	ŝajn
bonz	PEJVO	僧ᴮ	b	4	2	接頭辞	1	monah^
monak	PEJVO	僧ᴹᴷ	mk	4	6	綴り内の文字	1	monah^
cenobit	PIV	僧ᶜ	c	4	1	接頭辞	1	monah^
vokoid	PIV	元ⱽᴰ	vd	2	2	綴り内の文字	1	vokal
megom	PEJVO	兆ᴹ	m	2	2	接頭辞	1	bilion
precedent	PEJVO	先例ᴾᵀ	pt	2	1	綴り内の文字	1	precedenc
fototerapi	PIV	光疗ᶠ	f	2	1	接頭辞	1	lumterapi
konker	PEJVO	克ᴷ	k	3	4	接頭辞	2	gram
konkir	PEJVO	克ᴷᴵ	ki	3	1	綴り内の文字	1	konker
kunikl	CSV2890	兔ᴷ	k	2	4	接頭辞	1	lepor
komplet	CSV2890	全ᴷ	k	3	15	接頭辞	1	integr
holo	PEJVO	全ᴴ	h	3	10	接頭辞	1	integr
holomorfi	PIV	全形ᴴᴵ	hi	2	1	綴り内の文字	1	holomorf
okta	PIV	八ᴼᵀ	ot	2	2	綴り内の文字	1	ok
okt	PIV	八度ᴼᴷ	ok	2	2	接頭辞	2	oktav
just	CSV2890	公ᴶ	j	3	18	接頭辞	1	publik
public	PEJVO	公ᴾᶜ	pc	3	3	綴り内の文字	1	publik
heks	PEJVO	六ᴴ	h	3	3	接頭辞	2	ses
heksa	PEJVO	六ᴴᴬ	ha	3	2	綴り内の文字	1	heks
orkide	PEJVO	兰ᴼᴱ	oe	15	2	綴り内の文字	1	orkid
ofri	PIV	兰ᴼᶠ	of	15	1	接頭辞	1	orkid
bleti	PIV	兰ᴮ	b	15	1	接頭辞	1	orkid
vanda	PIV	兰ⱽ	v	15	1	接頭辞	1	orkid
angrek	PIV	兰ᴬ	a	15	1	接頭辞	1	orkid
katlej	PIV	兰ᴷ	k	15	1	接頭辞	2	orkid
oncidi	PIV	兰ᴼᴺ	on	15	1	接頭辞	1	orkid
cimbidi	PIV	兰ᶜ	c	15	1	接頭辞	2	orkid
epidendr	PIV	兰ᴱ	e	15	1	接頭辞	2	orkid
falenops	PIV	兰ᶠ	f	15	1	接頭辞	1	orkid
cipripedi	PIV	兰ᶜᴾ	cp	15	1	先頭+子音	1	cimbidi
epipaktid	PIV	兰ᴱᴾ	ep	15	1	接頭辞	2	epidendr
koraloriz	PIV	兰ᴷᴿ	kr	15	1	先頭+子音	1	katlej
spirantes	PIV	兰ˢ	s	15	1	接頭辞	1	orkid
komun	CSV2890	共ᴷᴹ	km	2	53	先頭+子音	1	kun
dogan	CSV2890	关ᴰ	d	2	10	接頭辞	1	rilat
mebl	CSV2890	具ᴹ	m	4	16	接頭辞	1	il
konkret	CSV2890	具ᴷ	k	4	6	接頭辞	1	il
ator	文法層	具ᴬ	a	4	6	接頭辞	1	il
enciklopedi	CSV2890	典ᴱ	e	3	4	接頭辞	1	klasik
kodeks	PEJVO	典ᴷᴰ	kd	3	2	先頭+子音	1	klasik
bred	CSV2890	养ᴮ	b	4	15	接頭辞	1	nutr
vart	CSV2890	养ⱽ	v	4	12	接頭辞	1	nutr
trofi	PEJVO	养ᵀ	t	4	11	接頭辞	1	nutr
zo	CSV2890	兽ᶻ	z	78	16	接頭辞	3	best
animal	CSV2890	兽ᴬ	a	78	8	接頭辞	4	best
zoologi	PEJVO	兽ᶻᴸ	zl	78	0	先頭+子音	1	zo
lutr	PEJVO	兽ᴸ	l	78	1	接頭辞	3	best
otari	PEJVO	兽ᴼ	o	78	1	接頭辞	6	best
mirmekofag	PEJVO	兽ᴹ	m	78	1	接頭辞	9	best
hien	PEJVO	兽ᴴᴱ	he	78	1	綴り内の文字	4	hin
koal	PEJVO	兽ᴷᴸ	kl	78	1	先頭+子音	1	kiang
civet	PEJVO	兽ᶜᴵ	ci	78	1	接頭辞	2	civetikt
genot	PEJVO	兽ᴳᴺ	gn	78	1	先頭+子音	2	gau^r
manat	PEJVO	兽ᴹᴬ	ma	78	1	接頭辞	7	mirmekofag
mungot	PEJVO	兽ᴹᵁ	mu	78	1	接頭辞	2	mirmekofag
pakiderm	PEJVO	兽ᴾᴷ	pk	78	1	先頭+子音	1	pudu
marsupial	PEJVO	兽ᴹˢ	ms	78	1	綴り内の文字	2	mirmekofag
galeopitek	PEJVO	兽ᴳᴸ	gl	78	1	先頭+子音	2	gau^r
ekv	PIV	兽ᴱ	e	78	1	接頭辞	3	best
hin	PIV	兽ᴴ	h	78	1	接頭辞	5	best
teri	PIV	兽ᵀ	t	78	3	接頭辞	3	best
ding	PIV	兽ᴰ	d	78	1	接頭辞	6	best
gau^r	PIV	兽ᴳ	g	78	1	接頭辞	5	best
ljam	PIV	兽ᴸᴶ	lj	78	1	接頭辞	1	lutr
nazu	PIV	兽ᴺ	n	78	1	接頭辞	1	best
pudu	PIV	兽ᴾ	p	78	1	接頭辞	5	best
unau^	PIV	兽ᵁ	u	78	1	接頭辞	2	best
unci	PIV	兽ᵁᶜ	uc	78	1	綴り内の文字	1	unau^
besti	PIV	兽ᴮᴵ	bi	78	2	綴り内の文字	2	best
viver	PIV	兽ⱽ	v	78	1	接頭辞	3	best
ekidn	PIV	兽ᴱᴰ	ed	78	1	綴り内の文字	2	ekv
focen	PIV	兽ᶠ	f	78	1	接頭辞	2	best
kiang	PIV	兽ᴷ	k	78	1	接頭辞	7	best
mazam	PIV	兽ᴹᶻ	mz	78	1	先頭+子音	2	mirmekofag
okapi	PIV	兽ᴼᴷ	ok	78	1	接頭辞	3	otari
orcin	PIV	兽ᴼᴿ	or	78	1	接頭辞	4	otari
venad	PIV	兽ⱽᴺ	vn	78	1	先頭+子音	1	viver
zibet	PIV	兽ᶻᴮ	zb	78	1	先頭+子音	1	zo
agvara	PIV	兽ᴬᴳ	ag	78	1	接頭辞	1	animal
desmod	PIV	兽ᴰˢ	ds	78	1	先頭+子音	1	ding
dugong	PIV	兽ᴰᴳ	dg	78	1	先頭+子音	3	ding
gvanak	PIV	兽ᴳⱽ	gv	78	1	接頭辞	2	gau^r
gvemul	PIV	兽ᴳᴹ	gm	78	1	綴り内の文字	1	gau^r
izatis	PIV	兽ᴵ	i	78	1	接頭辞	1	best
karibu	PIV	兽ᴷᴿ	kr	78	1	先頭+子音	3	kiang
koendu	PIV	兽ᴷᴰ	kd	78	1	綴り内の文字	1	kiang
korsak	PIV	兽ᴷˢ	ks	78	1	綴り内の文字	1	kiang
marmoz	PIV	兽ᴹᴿ	mr	78	1	先頭+子音	5	mirmekofag
martes	PIV	兽ᴹᵀ	mt	78	1	綴り内の文字	4	mirmekofag
ocelot	PIV	兽ᴼᶜ	oc	78	1	接頭辞	2	otari
pterop	PIV	兽ᴾᵀ	pt	78	1	接頭辞	2	pudu
serval	PIV	兽ˢ	s	78	1	接頭辞	2	best
valabi	PIV	兽ⱽᴸ	vl	78	1	先頭+子音	1	viver
procion	PIV	兽ᴾᴿ	pr	78	2	接頭辞	4	pudu
dazipod	PIV	兽ᴰᶻ	dz	78	1	先頭+子音	2	ding
alcelaf	PIV	兽ᴬᴸ	al	78	1	接頭辞	3	animal
armadel	PIV	兽ᴬᴿ	ar	78	1	接頭辞	2	animal
boselaf	PIV	兽ᴮᴸ	bl	78	1	綴り内の文字	2	best
haliker	PIV	兽ᴴᴸ	hl	78	1	先頭+子音	2	hin
herpest	PIV	兽ᴴᴿ	hr	78	1	先頭+子音	3	hin
kaguang	PIV	兽ᴷᴳ	kg	78	1	先頭+子音	2	kiang
lutreol	PIV	兽ᴸᴸ	ll	78	1	綴り内の文字	1	lutr
tamandu	PIV	兽ᵀᴹ	tm	78	1	先頭+子音	1	teri
falanger	PIV	兽ᶠᴸ	fl	78	1	先頭+子音	1	focen
civetikt	PIV	兽ᶜ	c	78	1	接頭辞	2	best
kironekt	PIV	兽ᴷᵀ	kt	78	1	綴り内の文字	1	kiang
megateri	PIV	兽ᴹᴳ	mg	78	1	先頭+子音	3	mirmekofag
monodelf	PIV	兽ᴹᴺ	mn	78	1	先頭+子音	3	mirmekofag
tragelaf	PIV	兽ᵀᴳ	tg	78	1	綴り内の文字	1	teri
blastocer	PIV	兽ᴮˢ	bs	78	1	綴り内の文字	4	best
dendrolag	PIV	兽ᴰᴰ	dd	78	1	綴り内の文字	3	ding
orikterop	PIV	兽ᴼᵀ	ot	78	1	綴り内の文字	4	otari
pipistrel	PIV	兽ᴾᴾ	pp	78	1	先頭+子音	2	pudu
smilodont	PIV	兽ˢᴹ	sm	78	1	接頭辞	1	serval
orikteropod	PIV	兽ᴼᴰ	od	78	1	綴り内の文字	1	otari
eh^idn	PIV	兽ᴱᴴ̂	eĥ	78	1	接頭辞	1	ekv
dazip	PIV	兽ᴰᴬ	da	78	1	接頭辞	3	ding
bradip	PIV	兽ᴮᴿ	br	78	1	接頭辞	2	best
halih^er	PIV	兽ᴴᴴ̂	hĥ	78	1	綴り内の文字	1	hin
h^ironekt	PIV	兽ᴴ̂	ĥ	78	1	接頭辞	1	hin
endo	文法層	内ᴱᴰ	ed	5	20	綴り内の文字	1	en
intern	CSV2890	内ᴵ	i	5	32	接頭辞	3	en
imanent	PEJVO	内ᴵᴹ	im	5	2	接頭辞	1	intern
intra	PIV	内ᴵᴿ	ir	5	3	綴り内の文字	2	intern
album	CSV2890	册ᴬ	a	6	3	接頭辞	1	kajer
volum	CSV2890	册ⱽ	v	6	3	接頭辞	1	kajer
broŝur	CSV2890	册ᴮ	b	6	6	接頭辞	1	kajer
ekzempler	CSV2890	册ᴱ	e	6	5	接頭辞	1	kajer
prospekt	PEJVO	册ᴾ	p	6	2	接頭辞	1	kajer
bis	文法層	再ᴮ	b	2	4	接頭辞	1	re
redund	PIV	冗ᴿ	r	2	2	接頭辞	1	pleonasm
militar	PEJVO	军ᴹ	m	2	6	接頭辞	1	arme
agrikultur	PEJVO	农ᴬᴷ	ak	2	5	綴り内の文字	1	agr
agronomi	PIV	农学ᴬᴵ	ai	2	1	綴り内の文字	1	agronom
krest	CSV2890	冠ᴷˢ	ks	8	10	綴り内の文字	1	kron
ĉampion	CSV2890	冠ᶜ̂	ĉ	8	5	接頭辞	1	kron
mitr	PEJVO	冠ᴹ	m	8	5	接頭辞	1	kron
tiar	PEJVO	冠ᵀ	t	8	1	接頭辞	1	kron
diadem	PEJVO	冠ᴰ	d	8	1	接頭辞	1	kron
kalot	PIV	冠ᴷᴸ	kl	8	2	先頭+子音	1	kron
koronari	PIV	冠ᴷᴿ	kr	8	2	先頭+子音	3	kron
koronariit	PIV	冠炎ᴷ	k	2	1	接頭辞	1	mitrit
konflikt	CSV2890	冲ᴷ	k	5	12	接頭辞	1	impuls
elan	PIV	冲ᴱ	e	5	2	接頭辞	1	impuls
spurt	PIV	冲ˢ	s	5	3	接頭辞	2	impuls
sprint	PIV	冲ˢᴺ	sn	5	2	綴り内の文字	1	spurt
rezoluci	CSV2890	决ᴿ	r	2	3	接頭辞	1	decid
cirkonstanc	CSV2890	况ᶜ	c	2	7	接頭辞	1	situaci
frid	PEJVO	冷ᶠ	f	4	15	接頭辞	2	indiferent
algid	PIV	冷ᴬ	a	4	2	接頭辞	1	indiferent
frigid	PIV	冷ᶠᴳ	fg	4	2	綴り内の文字	1	frid
kongel	PIV	冻ᴷᴺ	kn	2	2	先頭+子音	1	krio
akurat	CSV2890	准ᴬ	a	2	3	接頭辞	1	preciz
redukt	CSV2890	减ᴿ	r	6	14	接頭辞	1	minus
subtrah	CSV2890	减ˢ	s	6	3	接頭辞	1	minus
diskont	PEJVO	减ᴰ	d	6	6	接頭辞	3	minus
dekrement	PEJVO	减ᴰᴷ	dk	6	2	先頭+子音	2	diskont
diminu	PIV	减ᴰᴹ	dm	6	1	先頭+子音	2	diskont
koagul	PEJVO	凝ᴷᴳ	kg	3	6	先頭+子音	1	kaze
kondens	PEJVO	凝ᴷᴺ	kn	3	10	先頭+子音	1	kaze
taburet	PEJVO	凳ᵀ	t	2	1	接頭辞	1	benk
konveks	PEJVO	凸ᴷ	k	7	10	接頭辞	1	ĝib
tenon	PEJVO	凸ᵀ	t	7	2	接頭辞	1	ĝib
bos	PIV	凸ᴮ	b	7	3	接頭辞	1	ĝib
galb	PIV	凸ᴳ	g	7	3	接頭辞	1	ĝib
protrud	PIV	凸ᴾ	p	7	2	接頭辞	2	ĝib
prognat	PIV	凸ᴾᴳ	pg	7	1	綴り内の文字	1	protrud
eksport	CSV2890	出ᴱᴷ	ek	3	7	接頭辞	1	el
emerg^	PEJVO	出ᴱᴹ	em	3	5	接頭辞	1	el
knokau^t	PEJVO	击倒ᴷ	k	2	2	接頭辞	1	nokau^t
cimitar	PIV	刀ᶜ	c	3	1	接頭辞	1	sabr
jatagan	PIV	刀ᴶ	j	3	1	接頭辞	1	sabr
divid	CSV2890	分ᴰ	d	8	28	接頭辞	2	on
minut	CSV2890	分ᴹ	m	8	7	接頭辞	2	on
frakci	CSV2890	分ᶠ	f	8	8	接頭辞	1	on
molekul	CSV2890	分ᴹᴸ	ml	8	12	先頭+子音	1	minut
gros^	PEJVO	分ᴳ	g	8	6	接頭辞	1	on
ekvinoks	PEJVO	分ᴱ	e	8	8	接頭辞	1	on
deci	PEJVO	分ᴰᶜ	dc	8	3	先頭+子音	1	divid
tomi	文法層	切ᵀᴹ	tm	6	22	先頭+子音	1	tranĉ
sekc	CSV2890	切ˢ	s	6	20	接頭辞	1	tranĉ
amput	PEJVO	切ᴬ	a	6	4	接頭辞	1	tranĉ
tangent	PEJVO	切ᵀᴺ	tn	6	3	先頭+子音	2	tranĉ
inciz	PIV	切ᴵ	i	6	4	接頭辞	1	tranĉ
magazin	PEJVO	刊ᴹ	m	2	1	接頭辞	1	revu
linc^	PEJVO	刑ᴸ	l	2	3	接頭辞	1	kriminal
rem	CSV2890	划ᴿ	r	6	16	接頭辞	1	plan
strek	CSV2890	划ˢ	s	6	38	接頭辞	2	plan
pagaj	PEJVO	划ᴾᴳ	pg	6	2	先頭+子音	1	plan
skarifik	PEJVO	划ˢᴷ	sk	6	4	接頭辞	2	strek
hac^	PIV	划ᴴ	h	6	4	接頭辞	1	plan
seri	CSV2890	列ˢ	s	3	15	接頭辞	1	vic
procesi	PEJVO	列ᴾ	p	3	9	接頭辞	1	vic
invent	CSV2890	创ᴵ	i	5	8	接頭辞	2	kre
iniciat	CSV2890	创ᴵᶜ	ic	5	9	綴り内の文字	1	invent
trau^mat	PEJVO	创ᵀ	t	5	6	接頭辞	2	kre
trau^m	PEJVO	创ᵀᴿ	tr	5	1	接頭辞	2	trau^mat
novic	PEJVO	初ᴺ	n	3	3	接頭辞	1	debut
rudiment	PEJVO	初ᴿ	r	3	2	接頭辞	1	debut
kondamn	CSV2890	判ᴷ	k	4	8	接頭辞	2	juĝ
verdikt	PEJVO	判ⱽ	v	4	3	接頭辞	1	juĝ
konvikt	PIV	判ᴷⱽ	kv	4	2	綴り内の文字	1	kondamn
profit	CSV2890	利ᴾ	p	3	33	接頭辞	1	favor
interez	CSV2890	利ᴵ	i	3	4	接頭辞	1	favor
rugin	PIV	刮ᴿ	r	2	2	接頭辞	1	skrap
livre	PEJVO	制服ᴸ	l	2	2	接頭辞	1	uniform
strigl	PEJVO	刷ˢ	s	3	2	接頭辞	2	bros
skovel	PIV	刷ˢᴷ	sk	3	2	接頭辞	1	strigl
bil	PEJVO	券ᴮ	b	3	4	接頭辞	1	kupon
talon	PIV	券ᵀ	t	3	1	接頭辞	1	kupon
dorn	CSV2890	刺ᴰ	d	6	18	接頭辞	1	pik
spron	PEJVO	刺ˢ	s	6	5	接頭辞	2	pik
strid	PIV	刺ˢᵀ	st	6	2	接頭辞	1	spron
lancin	PIV	刺ᴸ	l	6	3	接頭辞	1	pik
punktur	PIV	刺ᴾᴺ	pn	6	5	先頭+子音	1	pik
noc^	PEJVO	刻ᴺ	n	3	6	接頭辞	1	moment
gravur	PEJVO	刻ᴳ	g	3	16	接頭辞	1	moment
barbir	CSV2890	剃ᴮ	b	3	3	接頭辞	1	raz
tonsur	PEJVO	剃ᵀ	t	3	2	接頭辞	1	raz
front	CSV2890	前ᶠ	f	5	27	接頭辞	1	antaŭ
avan	PEJVO	前ᴬⱽ	av	5	3	接頭辞	2	antaŭ
avers	PEJVO	前ᴬᴿ	ar	5	1	綴り内の文字	1	antaŭ
pre	PIV	前ᴾ	p	5	2	接頭辞	1	antaŭ
spad	PEJVO	剑ˢ	s	3	6	接頭辞	1	glav
rapir	PEJVO	剑ᴿ	r	3	1	接頭辞	1	glav
anatomi	PEJVO	剖ᴬᴵ	ai	2	4	綴り内の文字	1	anatom
dram	CSV2890	剧ᴰ	d	6	10	接頭辞	1	teatr
komedi	CSV2890	剧ᴷ	k	6	9	接頭辞	1	teatr
skeĉ	CSV2890	剧ˢ	s	6	1	接頭辞	1	teatr
fars	PEJVO	剧ᶠ	f	6	6	接頭辞	1	teatr
melodram	PEJVO	剧ᴹ	m	6	1	接頭辞	1	teatr
stuc	PEJVO	剪ˢ	s	3	2	接頭辞	1	tond
c^izoj	PIV	剪ᶜ̂	ĉ	3	2	接頭辞	1	tond
akcesor	PEJVO	副ᴬᴷ	ak	2	5	接頭辞	1	adverb
sekant	PEJVO	割ˢᴷ	sk	2	2	先頭+子音	1	serp
dinamik	PEJVO	力ᴰ	d	2	11	接頭辞	1	potenc
entrepren	CSV2890	办ᴱ	e	3	19	接頭辞	1	ag
proced	CSV2890	办ᴾ	p	3	5	接頭辞	1	ag
adici	CSV2890	加ᴬ	a	2	4	接頭辞	1	plus
task	CSV2890	务ᵀ	t	3	13	接頭辞	1	serv
obligaci	PEJVO	务ᴼ	o	3	6	接頭辞	1	serv
motor	CSV2890	动ᴹᵀ	mt	7	35	先頭+子音	1	mov
verb	CSV2890	动ⱽ	v	7	11	接頭辞	1	mov
aŭtomat	CSV2890	动ᴬ	a	7	18	接頭辞	2	mov
kinet	PEJVO	动ᴷ	k	7	4	接頭辞	2	mov
au^tomaci	PEJVO	动ᴬᶜ	ac	7	1	綴り内の文字	1	aŭtomat
kinez	PIV	动ᴷᶻ	kz	7	7	綴り内の文字	1	kinet
adjunkt	PEJVO	助ᴬ	a	2	3	接頭辞	1	help
korsar	PEJVO	劫ᴷᴿ	kr	2	2	先頭+子音	2	kaper
brav	CSV2890	勇ᴮ	b	2	8	接頭辞	1	kuraĝ
string	PEJVO	勒ˢ	s	2	4	接頭辞	1	brid
kvest	PIV	募ᴷ	k	2	3	接頭辞	1	varb
asidu	PIV	勤ᴬ	a	2	2	接頭辞	1	diligent
s^kop	PIV	勺ˢ̂	ŝ	2	2	接頭辞	1	kuler
bulk	CSV2890	包ᴮ	b	4	7	接頭辞	2	pak
bandaĝ	CSV2890	包ᴮᴺ	bn	4	5	先頭+子音	1	bulk
tek	PEJVO	包ᵀ	t	4	8	接頭辞	1	pak
stilet	PEJVO	匕ˢ	s	2	1	接頭辞	1	ponard
ĥemi	CSV2890	化学ᴴ̂	ĥ	2	2	接頭辞	1	kemi
kvartal	CSV2890	区ᴷ	k	3	19	接頭辞	1	region
distrikt	CSV2890	区ᴰ	d	3	9	接頭辞	1	region
medicin	CSV2890	医ᴹ	m	3	28	接頭辞	1	kurac
hospital	CSV2890	医ᴴ	h	3	11	接頭辞	1	kurac
deka	PEJVO	十ᴰᴬ	da	3	5	綴り内の文字	2	dek
decimal	PEJVO	十ᴰᶜ	dc	3	6	先頭+子音	1	dek
dodekafoni	PIV	十二声ᴰᴵ	di	2	1	綴り内の文字	1	dodekafon
kilometr	PEJVO	千ᴷ	k	3	0	接頭辞	2	mil
kilo	PEJVO	千ᴷᴵ	ki	3	9	接頭辞	2	kilometr
skolopendr	PEJVO	千足ˢ	s	2	1	接頭辞	1	kilopod
his	PEJVO	升ᴴ	h	5	6	接頭辞	1	litr
promoci	PEJVO	升ᴾ	p	5	9	接頭辞	2	litr
dies	PEJVO	升ᴰ	d	5	2	接頭辞	1	litr
parvenu	PEJVO	升ᴾⱽ	pv	5	3	綴り内の文字	1	promoci
semi	PIV	半ˢ	s	2	3	接頭辞	1	hemi
kooper	PEJVO	协ᴷᴼ	ko	2	8	接頭辞	2	kooperativ
trivial	PEJVO	卑ᵀ	t	2	6	接頭辞	1	fi
menu	CSV2890	单ᴹᴱ	me	4	6	接頭辞	1	mono
fraŭl	CSV2890	单ᶠ	f	4	8	接頭辞	1	mono
singular	CSV2890	单ˢ	s	4	2	接頭辞	1	mono
antarkt	CSV2890	南ᴬ	a	2	5	接頭辞	1	sud
erudici	PEJVO	博ᴱ	e	4	3	接頭辞	2	doktor
erudit	PEJVO	博ᴱᵀ	et	4	1	綴り内の文字	1	erudici
dokt	PIV	博ᴰᴼ	do	4	1	接頭辞	2	doktor
au^gur	PEJVO	占ᴬ	a	3	10	接頭辞	1	okup
orakol	PEJVO	占ᴼᴿ	or	3	2	接頭辞	1	okup
slip	PEJVO	卡ˢ	s	2	1	接頭辞	1	kart
brom	PEJVO	卤ᴮ	b	3	1	接頭辞	1	halogen
astaten	PIV	卤ᴬ	a	3	1	接頭辞	1	halogen
halogenid	PIV	卤化ᴴ	h	2	1	接頭辞	1	bromid
higien	CSV2890	卫ᴴ	h	3	6	接頭辞	1	gvardi
sanitar	PEJVO	卫ˢ	s	3	5	接頭辞	1	gvardi
stamp	CSV2890	印ˢ	s	7	18	接頭辞	2	pres
sigel	CSV2890	印ˢᴳ	sg	7	15	先頭+子音	1	stamp
impres	CSV2890	印ᴵ	i	7	10	接頭辞	1	pres
mime	PEJVO	印ᴹ	m	7	2	接頭辞	1	pres
print	PEJVO	印ᴾᴺ	pn	7	5	綴り内の文字	1	pres
patric	PEJVO	印ᴾᵀ	pt	7	2	先頭+子音	2	pres
kriz	CSV2890	危ᴷ	k	2	15	接頭辞	1	danĝer
ekstemporal	PEJVO	即ᴱ	e	2	2	接頭辞	1	tuj
ovol	PEJVO	卵ᴼᴸ	ol	3	6	綴り内の文字	1	ov
kojon	PIV	卵ᴷ	k	3	2	接頭辞	1	ov
ovogenez	PIV	卵源ᴼᶻ	oz	2	1	綴り内の文字	1	ovogoni
rul	CSV2890	卷ᴿ	r	5	75	接頭辞	1	volv
friz	CSV2890	卷ᶠ	f	5	14	接頭辞	1	volv
bukl	CSV2890	卷ᴮ	b	5	6	接頭辞	1	volv
cirus	PEJVO	卷ᶜ	c	5	3	接頭辞	1	volv
uzin	CSV2890	厂ᵁ	u	2	2	接頭辞	1	fabrik
salon	CSV2890	厅ˢ	s	4	12	接頭辞	1	hal
vestibl	PEJVO	厅ⱽ	v	4	1	接頭辞	1	hal
atri	PIV	厅ᴬ	a	4	2	接頭辞	1	hal
tensi	PEJVO	压ᵀ	t	6	17	接頭辞	1	prem
katiz	PEJVO	压ᴷ	k	6	5	接頭辞	1	prem
markot	PEJVO	压ᴹ	m	6	3	接頭辞	1	prem
preg	PIV	压ᴾᴳ	pg	6	2	綴り内の文字	1	prem
presuriz	PIV	压ᴾˢ	ps	6	2	綴り内の文字	1	prem
barometr	PIV	压计ᴮ	b	4	1	接頭辞	1	manometr
tensimetr	PIV	压计ᵀ	t	4	1	接頭辞	2	manometr
tensiometr	PIV	压计ᵀᴼ	to	4	1	綴り内の文字	1	tensimetr
abomen	CSV2890	厌ᴬ	a	3	9	接頭辞	1	enu
hat	PIV	厌ᴴ	h	3	1	接頭辞	1	enu
klozet	PIV	厕ᴷ	k	2	2	接頭辞	1	latrin
centimetr	PEJVO	厘ᶜᴹ	cm	2	0	綴り内の文字	1	centi
semperviv	PEJVO	厚叶ˢ	s	2	1	接頭辞	1	krasul
original	CSV2890	原ᴼ	o	6	9	接頭辞	1	pra
primitiv	CSV2890	原ᴾᴹ	pm	6	3	綴り内の文字	3	pra
proto	PEJVO	原ᴾᵀ	pt	6	6	綴り内の文字	2	pra
primar	PEJVO	原ᴾᴿ	pr	6	3	接頭辞	4	pra
pamp	PIV	原ᴾᴾ	pp	6	2	綴り内の文字	1	pra
tripanosom	PEJVO	原兽ᵀ	t	2	1	接頭辞	1	protozo
arketip	PIV	原型ᴬ	a	2	1	接頭辞	1	prototip
kupe	PEJVO	厢ᴷ	k	2	1	接頭辞	1	vagon
referenc	CSV2890	参ᴿ	r	2	6	接頭辞	1	stab
harpun	PEJVO	叉ᴴ	h	4	5	接頭辞	1	fork
bifid	PIV	叉ᴮ	b	4	2	接頭辞	1	fork
dikotom	PIV	叉ᴰ	d	4	2	接頭辞	1	fork
dual	PEJVO	双ᴰ	d	3	6	接頭辞	1	ge
g^emin	PIV	双ᴳ̂	ĝ	3	4	接頭辞	1	ge
opon	CSV2890	反ᴼ	o	4	6	接頭辞	1	mal
ironi	CSV2890	反ᴵ	i	4	7	接頭辞	1	mal
kontra	PIV	反ᴷ	k	4	2	接頭辞	1	mal
refleks	PEJVO	反射ᴿˢ	rs	2	6	綴り内の文字	1	reflekt
emisi	PEJVO	发ᴱ	e	2	4	接頭辞	1	lanĉ
generator	PEJVO	发电ᴳ	g	2	11	接頭辞	1	dinam
akcept	CSV2890	受ᴬ	a	2	14	接頭辞	1	it
vari	CSV2890	变ⱽ	v	4	24	接頭辞	1	ŝanĝ
transmutaci	PEJVO	变ᵀ	t	4	3	接頭辞	1	ŝanĝ
krement	PIV	变ᴷ	k	4	4	接頭辞	1	ŝanĝ
h^ameleon	PEJVO	变色龙ᴴ̂	ĥ	2	2	接頭辞	1	kameleon
ordinaci	PEJVO	叙ᴼᶜ	oc	2	1	綴り内の文字	1	ordin
perfid	CSV2890	叛ᴾ	p	5	10	接頭辞	1	ribel
renegat	PEJVO	叛ᴿᴺ	rn	5	3	先頭+子音	1	ribel
apostat	PEJVO	叛ᴬ	a	5	2	接頭辞	1	ribel
insurekci	PEJVO	叛ᴵ	i	5	1	接頭辞	1	ribel
luk	CSV2890	口ᴸ	l	4	4	接頭辞	1	buŝ
faŭk	CSV2890	口ᶠ	f	4	5	接頭辞	1	buŝ
stomat	PIV	口ˢ	s	4	6	接頭辞	1	buŝ
stomatoskopi	PIV	口镜ˢᴵ	si	2	1	綴り内の文字	1	stomatoskop
arka	PEJVO	古ᴬᴿ	ar	9	4	接頭辞	6	antikv
arh^e	PEJVO	古ᴬᴴ̂	aĥ	9	2	綴り内の文字	3	antikv
arkeo	PEJVO	古ᴬᴼ	ao	9	6	綴り内の文字	1	antikv
paleo	PEJVO	古ᴾ	p	9	2	接頭辞	2	antikv
paleont	PEJVO	古ᴾᴺ	pn	9	3	綴り内の文字	1	paleo
arh^a	PEJVO	古ᴬᴬ	aa	9	1	綴り内の文字	4	antikv
arkaik	PEJVO	古ᴬᴵ	ai	9	1	綴り内の文字	3	antikv
arh^aik	PEJVO	古ᴬᴷ	ak	9	1	綴り内の文字	5	antikv
arkaism	PIV	古主义ᴬᴷ	ak	2	1	綴り内の文字	1	arh^aism
arkeologi	PIV	古学ᴬᴷ	ak	3	1	綴り内の文字	1	arh^eologi
paleontologi	PIV	古学ᴾ	p	3	1	接頭辞	1	arh^eologi
arkeolog	PIV	古学家ᴬᴷ	ak	3	1	綴り内の文字	1	arh^eolog
paleontolog	PIV	古学家ᴾ	p	3	1	接頭辞	1	arh^eolog
vers	CSV2890	句ⱽ	v	3	21	接頭辞	1	fraz
propozici	CSV2890	句ᴾ	p	3	7	接頭辞	1	fraz
teras	CSV2890	台ᵀ	t	7	3	接頭辞	1	podi
peron	CSV2890	台ᴾᴿ	pr	7	1	先頭+子音	2	podi
bufed	PEJVO	台ᴮ	b	7	5	接頭辞	1	podi
konzol	PEJVO	台ᴷ	k	7	2	接頭辞	1	podi
platform	PEJVO	台ᴾᴸ	pl	7	2	接頭辞	1	podi
stand	PEJVO	台ˢ	s	7	1	接頭辞	1	podi
anal	PIV	史ᴬ	a	2	2	接頭辞	1	histori
epik	PIV	史诗ᴱᴷ	ek	2	2	綴り内の文字	1	epope
lob	PEJVO	叶ᴸ	l	5	7	接頭辞	2	foli
limb	PEJVO	叶ᴸᴹ	lm	5	2	先頭+子音	1	lob
frond	PEJVO	叶ᶠᴿ	fr	5	3	接頭辞	1	foli
foliol	PEJVO	叶ᶠᴸ	fl	5	1	先頭+子音	2	foli
signal	CSV2890	号ˢ	s	3	22	接頭辞	2	numer
semafor	PEJVO	号ˢᴹ	sm	3	2	先頭+子音	1	signal
konform	CSV2890	合ᴷᴺ	kn	7	21	先頭+子音	5	kombin
kluc^	PEJVO	合ᴷᴸ	kl	7	14	接頭辞	1	kombin
sintez	PEJVO	合ˢ	s	7	15	接頭辞	1	kombin
kongru	PEJVO	合ᴷᴳ	kg	7	6	綴り内の文字	1	kombin
konjunkci	PEJVO	合ᴷᴶ	kj	7	4	綴り内の文字	1	kombin
kombinaci	PIV	合ᴷᶜ	kc	7	1	綴り内の文字	2	kombin
korus	PEJVO	合唱ᴷ	k	2	3	接頭辞	1	ĥor
homo	文法層	同ᴴ	h	5	25	接頭辞	1	sam
ident	CSV2890	同ᴵ	i	5	10	接頭辞	1	sam
asimil	CSV2890	同ᴬ	a	5	6	接頭辞	1	sam
unison	PEJVO	同ᵁ	u	5	2	接頭辞	1	sam
homotopi	PIV	同伦ᴴᴵ	hi	2	2	綴り内の文字	1	homotop
homomorfi	PIV	同形ᴴᴵ	hi	2	1	綴り内の文字	1	homomorf
fam	CSV2890	名ᶠ	f	6	21	接頭辞	1	nom
substantiv	CSV2890	名ˢ	s	6	5	接頭辞	1	nom
onim	PEJVO	名ᴼ	o	6	12	接頭辞	1	nom
nominal	PEJVO	名ᴺᴺ	nn	6	5	綴り内の文字	1	nom
reputaci	PEJVO	名ᴿ	r	6	1	接頭辞	1	nom
aposterior	PEJVO	后ᴬ	a	2	2	接頭辞	1	post
kraĉ	CSV2890	吐ᴷ	k	3	11	接頭辞	1	vom
sput	PEJVO	吐ˢ	s	3	7	接頭辞	1	vom
ipekakuan	PIV	吐根ᴵᴷ	ik	2	1	綴り内の文字	2	ipek
monarki	PEJVO	君主ᴹᴵ	mi	4	3	綴り内の文字	2	monark
monarh^	PEJVO	君主ᴹᴴ̂	mĥ	4	1	綴り内の文字	2	monark
monarh^i	PEJVO	君主ᴹᴼ	mo	4	1	接頭辞	4	monark
fag^	PIV	吞ᶠ	f	3	2	接頭辞	1	glut
ingest	PIV	吞ᴵ	i	3	1	接頭辞	1	glut
veto	PEJVO	否ⱽ	v	5	2	接頭辞	1	negativ
negaci	PEJVO	否ᴺᶜ	nc	5	1	綴り内の文字	1	negativ
dement	PEJVO	否ᴰ	d	5	1	接頭辞	1	negativ
neg	PIV	否ᴺᴱ	ne	5	3	接頭辞	3	negativ
tonel	PEJVO	吨ᵀᴸ	tl	2	5	綴り内の文字	1	tun
implic	PEJVO	含ᴵᴹ	im	3	11	接頭辞	1	inkluziv
inklud	PEJVO	含ᴵᴰ	id	3	3	綴り内の文字	1	inkluziv
aŭskult	CSV2890	听ᴬˢ	as	2	12	綴り内の文字	1	aŭd
revelaci	PEJVO	启ᴿ	r	2	4	接頭辞	1	inspir
sorb	CSV2890	吸ˢᴿ	sr	5	30	先頭+子音	1	suĉ
s^mac	PEJVO	吸ˢ̂	ŝ	5	3	接頭辞	1	suĉ
inhal	PEJVO	吸ᴵ	i	5	5	接頭辞	1	suĉ
absorb	PEJVO	吸ᴬ	a	5	6	接頭辞	1	suĉ
blag	PEJVO	吹ᴮᴳ	bg	2	2	綴り内の文字	1	blov
ror	PIV	吼ᴿ	r	2	1	接頭辞	1	muĝ
herold	CSV2890	告ᴴ	h	3	2	接頭辞	1	inform
aviz	PEJVO	告ᴬ	a	3	6	接頭辞	1	inform
membr	CSV2890	员ᴹ	m	3	19	接頭辞	1	an
komiz	PEJVO	员ᴷ	k	3	5	接頭辞	1	an
sapor	PIV	味ˢ	s	2	1	接頭辞	1	gust
fatal	CSV2890	命ᶠ	f	4	7	接頭辞	2	sort
fat	PEJVO	命ᶠᴬ	fa	4	1	接頭辞	2	fatal
vital	PEJVO	命ⱽ	v	4	3	接頭辞	1	sort
kaj	文法層	和ᴷ	k	4	41	接頭辞	1	pac
akord	CSV2890	和ᴬ	a	4	12	接頭辞	1	pac
pacif	PEJVO	和ᴾᶠ	pf	4	2	綴り内の文字	1	pac
psalm	PEJVO	咏ᴾ	p	3	6	接頭辞	1	c^ant
kantik	PEJVO	咏ᴷ	k	3	1	接頭辞	1	c^ant
envult	PEJVO	咒ᴱ	e	3	2	接頭辞	1	anatem
damn	PEJVO	咒ᴰ	d	3	1	接頭辞	1	anatem
kver	PEJVO	咕ᴷ	k	3	4	接頭辞	2	murmur
kluk	PEJVO	咕ᴷᴸ	kl	3	4	接頭辞	1	kver
faringit	PIV	咽炎ᶠ	f	2	1	接頭辞	1	angin
faringoskopi	PIV	咽镜ᶠᴵ	fi	2	1	綴り内の文字	2	faringoskop
ve	CSV2890	哀ⱽ	v	3	11	接頭辞	1	kondolenc
lament	PEJVO	哀ᴸ	l	3	6	接頭辞	1	kondolenc
klak	CSV2890	响ᴷ	k	4	18	接頭辞	1	sonor
laŭt	CSV2890	响ᴸ	l	4	17	接頭辞	1	sonor
bac	PIV	响ᴮ	b	4	2	接頭辞	1	sonor
filozofi	PEJVO	哲ᶠᴵ	fi	2	4	接頭辞	2	filozof
grunt	PEJVO	哼ᴳ	g	2	2	接頭辞	1	ronk
labi	PEJVO	唇ᴸᴮ	lb	3	2	先頭+子音	2	lip
labial	PEJVO	唇ᴸᴸ	ll	3	2	綴り内の文字	1	lip
solo	PEJVO	唯ˢᴼ	so	2	1	接頭辞	2	sol
rong^	PEJVO	啃ᴿᴺ	rn	2	3	先頭+子音	1	rod
firma	CSV2890	商ᶠ	f	4	4	接頭辞	1	komerc
negoc	PEJVO	商ᴺ	n	4	7	接頭辞	1	komerc
kvocient	PEJVO	商ᴷⱽ	kv	4	5	接頭辞	1	komerc
knal	PIV	啪ᴷᴺ	kn	2	2	接頭辞	1	krak
kokerik	PEJVO	啼ᴷ	k	2	2	接頭辞	1	grak
he	文法層	喂ᴴᴱ	he	3	2	接頭辞	1	ho
hoj	PEJVO	喂ᴴᴶ	hj	3	2	先頭+子音	1	ho
laring	PEJVO	喉ᴸ	l	2	11	接頭辞	1	gorĝ
anhel	PEJVO	喘ᴬᴺ	an	4	2	接頭辞	1	astm
stertor	PEJVO	喘ˢ	s	4	2	接頭辞	1	astm
dispne	PIV	喘ᴰ	d	4	1	接頭辞	1	astm
ŝat	CSV2890	喜ˢ̂	ŝ	3	15	接頭辞	1	ĝoj
jubil	PEJVO	喜ᴶ	j	3	1	接頭辞	1	ĝoj
jet	CSV2890	喷ᴶ	j	5	3	接頭辞	1	ŝpruc
tern	CSV2890	喷ᵀ	t	5	6	接頭辞	1	ŝpruc
erupci	PEJVO	喷ᴱ	e	5	4	接頭辞	2	ŝpruc
erupt	PEJVO	喷ᴱᵀ	et	5	1	綴り内の文字	1	erupci
metafor	PEJVO	喻ᴹ	m	3	4	接頭辞	2	trop
metonimi	PEJVO	喻ᴹᴺ	mn	3	1	綴り内の文字	1	metafor
snuf	PEJVO	嗅ˢ	s	3	1	接頭辞	1	flar
olfakt	PIV	嗅ᴼ	o	3	2	接頭辞	1	flar
kodicil	PEJVO	嘱ᴷ	k	2	1	接頭辞	1	testament
sibl	PEJVO	嘶ˢ	s	3	4	接頭辞	1	hen
s^us^	PIV	嘶ˢ̂	ŝ	3	2	接頭辞	1	sibl
organ	CSV2890	器ᴼ	o	5	59	接頭辞	1	uj
vaz	CSV2890	器ⱽ	v	5	17	接頭辞	1	uj
aparat	CSV2890	器ᴬ	a	5	28	接頭辞	1	uj
instrument	CSV2890	器ᴵ	i	5	17	接頭辞	1	uj
kakofoni	PIV	噪ᴷ	k	2	2	接頭辞	1	bru
ulul	PEJVO	嚎ᵁ	u	2	3	接頭辞	1	hurl
kapsul	PEJVO	囊ᴷ	k	6	7	接頭辞	1	vezik
folikl	PEJVO	囊ᶠ	f	6	5	接頭辞	1	vezik
ask	PIV	囊ᴬ	a	6	5	接頭辞	1	vezik
burs	PIV	囊ᴮ	b	6	2	接頭辞	1	vezik
utrikl	PIV	囊ᵁ	u	6	1	接頭辞	1	vezik
foliklit	PIV	囊炎ᶠ	f	2	1	接頭辞	1	bursit
askomikot	PIV	囊菌ᴬᴷ	ak	2	1	綴り内の文字	2	askomicet
kvaternar	PEJVO	四ᴷᵀ	kt	2	2	綴り内の文字	1	kvar
pro	文法層	因ᴾ	p	5	17	接頭辞	1	ĉar
kaŭz	CSV2890	因ᴷ	k	5	18	接頭辞	1	ĉar
faktor	CSV2890	因ᶠ	f	5	8	接頭辞	1	ĉar
eti	PEJVO	因ᴱ	e	5	3	接頭辞	1	ĉar
mas	CSV2890	团ᴹ	m	11	36	接頭辞	1	grup
bul	CSV2890	团ᴮ	b	11	23	接頭辞	2	grup
trup	CSV2890	团ᵀ	t	11	20	接頭辞	1	grup
solidar	CSV2890	团ˢ	s	11	4	接頭辞	1	grup
regiment	CSV2890	团ᴿ	r	11	3	接頭辞	1	grup
agreg	PEJVO	团ᴬ	a	11	2	接頭辞	2	grup
bolus	PEJVO	团ᴮˢ	bs	11	2	綴り内の文字	1	bul
aglomer	PEJVO	团ᴬᴸ	al	11	4	綴り内の文字	1	agreg
kohort	PEJVO	团ᴷᴴ	kh	11	1	先頭+子音	1	konglomer
konglomer	PIV	团ᴷ	k	11	3	接頭辞	2	grup
akapar	PEJVO	囤ᴬ	a	2	3	接頭辞	1	stapl
park	CSV2890	园ᴾ	p	2	19	接頭辞	1	ĝarden
peri	PEJVO	围ᴾ	p	3	13	接頭辞	1	ĉirkaŭ
sieg^	PEJVO	围ˢ	s	3	9	接頭辞	1	ĉirkaŭ
perikardi	PIV	围心ᴾᴵ	pi	2	1	綴り内の文字	2	perikard
ŝtat	CSV2890	国ˢ̂	ŝ	3	59	接頭辞	1	land
regn	CSV2890	国ᴿ	r	3	22	接頭辞	1	land
ilustr	CSV2890	图ᴵ	i	4	7	接頭辞	1	map
skem	PEJVO	图ˢ	s	4	10	接頭辞	1	map
grafik	PEJVO	图ᴳ	g	4	12	接頭辞	1	map
cirkl	CSV2890	圆ᶜ	c	3	23	接頭辞	2	rond
cirkonferenc	PEJVO	圆ᶜᴺ	cn	3	1	綴り内の文字	1	cirkl
cirk	PEJVO	圈ᶜ	c	2	3	接頭辞	1	boben
sabat	CSV2890	土ˢ	s	3	5	接頭辞	2	grund
saturn	PEJVO	土ˢᵀ	st	3	3	先頭+子音	2	sabat
grundolog	PIV	土学家ᴳ	g	2	1	接頭辞	1	pedolog
kanoniz	PEJVO	圣ᴷ	k	4	1	接頭辞	1	sankt
hagi	PIV	圣ᴴ	h	4	2	接頭辞	1	sankt
sakral	PIV	圣ˢᴷ	sk	4	2	先頭+子音	2	sankt
eu^karisti	PEJVO	圣餐ᴱ	e	2	2	接頭辞	1	komuni
ĉe	文法層	在ᶜ̂	ĉ	2	22	接頭辞	1	ant
geo	文法層	地ᴳ	g	5	49	接頭辞	2	ter
teren	CSV2890	地ᵀᴺ	tn	5	14	綴り内の文字	1	ter
geografi	PEJVO	地ᴳᴳ	gg	5	0	先頭+子音	1	geo
topo	PEJVO	地ᵀᴾ	tp	5	8	先頭+子音	1	ter
topologi	PIV	地学ᵀ	t	2	1	接頭辞	1	geologi
topolog	PIV	地学家ᵀ	t	2	1	接頭辞	1	geolog
geometr	PIV	地测ᴳᴱ	ge	2	1	接頭辞	2	geometri
kadastr	PEJVO	地籍ᴷᴰ	kd	2	1	先頭+子音	1	katastr
topograf	PIV	地记ᵀ	t	2	1	接頭辞	1	geograf
metropoliten	PEJVO	地铁ᴹᴾ	mp	2	1	綴り内の文字	1	metro
miogal	PEJVO	地鼠ᴹ	m	2	1	接頭辞	1	talp
plac	CSV2890	场ᴾ	p	4	3	接頭辞	1	scen
agor	PEJVO	场ᴬ	a	4	2	接頭辞	2	scen
aren	PEJVO	场ᴬᴿ	ar	4	1	接頭辞	2	agor
parcel	PEJVO	块ᴾ	p	3	5	接頭辞	1	blok
grumel	PIV	块ᴳ	g	3	3	接頭辞	1	blok
fortik	CSV2890	坚ᶠᵀ	ft	5	17	綴り内の文字	1	firm
insist	CSV2890	坚ᴵ	i	5	7	接頭辞	1	firm
persist	CSV2890	坚ᴾ	p	5	8	接頭辞	1	firm
tenac	PEJVO	坚ᵀ	t	5	1	接頭辞	1	firm
altar	PEJVO	坛ᴬ	a	2	5	接頭辞	1	forum
talus	PEJVO	坡ᵀ	t	4	3	接頭辞	1	dekliv
eskarp	PEJVO	坡ᴱ	e	4	2	接頭辞	1	dekliv
gradient	PEJVO	坡ᴳ	g	4	1	接頭辞	1	dekliv
perpendikular	PEJVO	垂ᴾᴿ	pr	5	3	先頭+子音	3	perpendikl
apik	PEJVO	垂ᴬ	a	5	1	接頭辞	1	perpendikl
ptoz	PIV	垂ᴾᵀ	pt	5	2	接頭辞	1	perpendikl
prolaps	PIV	垂ᴾᴸ	pl	5	1	綴り内の文字	3	perpendikl
pituitari	PIV	垂体ᴾ	p	2	1	接頭辞	1	hipofiz
muld	PEJVO	型ᴹ	m	3	9	接頭辞	2	tip
matric	PEJVO	型ᴹᵀ	mt	3	1	先頭+子音	1	muld
redut	PEJVO	垒ᴿᴰ	rd	2	1	先頭+子音	1	rempar
krenel	PEJVO	垛ᴷ	k	2	5	接頭辞	1	stak
matrac	CSV2890	垫ᴹ	m	2	5	接頭辞	1	kusen
fundament	CSV2890	基ᶠ	f	3	19	接頭辞	1	baz
bazament	PIV	基ᴮᴹ	bm	3	1	綴り内の文字	1	baz
paroh^	PEJVO	堂区ᴾᴴ̂	pĥ	2	6	綴り内の文字	1	parok
burg	PIV	堡ᴮ	b	2	2	接頭辞	1	fuort
mole	PEJVO	堤ᴹ	m	2	1	接頭辞	1	g^et
obtur	PEJVO	堵ᴼ	o	3	6	接頭辞	2	ŝtop
okluzi	PIV	堵ᴼᴷ	ok	3	1	接頭辞	1	obtur
plastik	CSV2890	塑ᴾᴷ	pk	4	4	綴り内の文字	1	plast
modl	PEJVO	塑ᴹ	m	4	8	接頭辞	1	plast
plasti	PIV	塑ᴾᴸ	pl	4	3	接頭辞	3	plast
pilon	PEJVO	塔ᴾ	p	2	1	接頭辞	1	tur
plosiv	PEJVO	塞ᴾ	p	2	2	接頭辞	1	kork
rembur	PEJVO	填ᴿ	r	5	10	接頭辞	1	plomb
stup	PEJVO	填ˢ	s	5	3	接頭辞	1	plomb
farc^	PEJVO	填ᶠ	f	5	3	接頭辞	1	plomb
kalfatr	PEJVO	填ᴷ	k	5	5	接頭辞	1	plomb
eko	PEJVO	境ᴱ	e	2	13	接頭辞	1	medi
katakomb	PEJVO	墓ᴷ	k	3	1	接頭辞	1	tomb
nekropol	PEJVO	墓ᴺ	n	3	1	接頭辞	1	tomb
tuc^	PEJVO	墨ᵀ	t	2	12	接頭辞	1	ink
piedestal	PEJVO	墩ᴾ	p	3	1	接頭辞	2	sokl
postament	PEJVO	墩ᴾˢ	ps	3	1	先頭+子音	2	piedestal
pariet	PEJVO	壁ᴾ	p	2	3	接頭辞	1	mur
licenci	PEJVO	士ᴸ	l	2	4	接頭辞	1	kavalir
voĉ	CSV2890	声ⱽ	v	4	55	接頭辞	1	son
fonograf	PEJVO	声ᶠ	f	4	0	接頭辞	2	son
foni	PEJVO	声ᶠᴵ	fi	4	2	綴り内の文字	1	fonograf
fonometr	PIV	声计ᶠ	f	2	1	接頭辞	1	sonmetr
krust	CSV2890	壳ᴷ	k	6	11	接頭辞	4	ŝel
kartoc^	PEJVO	壳ᴷᵀ	kt	6	12	綴り内の文字	2	krust
hul	PEJVO	壳ᴴ	h	6	3	接頭辞	1	ŝel
kupul	PEJVO	壳ᴷᴾ	kp	6	1	先頭+子音	2	krust
karapac	PEJVO	壳ᴷᴿ	kr	6	1	先頭+子音	3	krust
kruĉ	CSV2890	壶ᴷ	k	2	9	接頭辞	1	pot
dispon	CSV2890	处ᴰ	d	3	6	接頭辞	2	lok
dispozici	PEJVO	处ᴰᶻ	dz	3	3	綴り内の文字	1	dispon
ekip	CSV2890	备ᴱ	e	3	11	接頭辞	1	pret
prepar	CSV2890	备ᴾᴾ	pp	3	14	綴り内の文字	1	pret
kopi	CSV2890	复ᴷ	k	11	31	接頭辞	3	ripet
komplik	CSV2890	复ᴷᴹ	km	11	9	先頭+子音	2	kopi
kompleks	CSV2890	复ᴷˢ	ks	11	12	綴り内の文字	1	kopi
pau^s	PEJVO	复ᴾ	p	11	4	接頭辞	1	ripet
restau^r	PEJVO	复ᴿˢ	rs	11	5	先頭+子音	1	ripet
iteraci	PEJVO	复ᴵ	i	11	3	接頭辞	1	ripet
faksimil	PEJVO	复ᶠ	f	11	2	接頭辞	1	ripet
anafor	PIV	复ᴬ	a	11	2	接頭辞	1	ripet
recidiv	PIV	复ᴿᶜ	rc	11	3	先頭+子音	1	ripet
reprograf	PIV	复ᴿᴿ	rr	11	2	綴り内の文字	2	ripet
ekster	文法層	外ᴱ	e	6	78	接頭辞	4	krom
ekzo	PEJVO	外ᴱᶻ	ez	6	8	綴り内の文字	1	ekster
ekt	PIV	外ᴱᵀ	et	6	2	綴り内の文字	3	ekster
ekto	PIV	外ᴱᴷ	ek	6	2	接頭辞	4	ekster
ksen	PIV	外ᴷˢ	ks	6	2	接頭辞	1	krom
kirurgi	PEJVO	外科ᴷᴵ	ki	3	6	接頭辞	2	kirurg
h^irurg	PEJVO	外科ᴴ̂	ĥ	3	1	接頭辞	1	kirurg
poli	文法層	多ᴾ	p	3	43	接頭辞	2	mult
plur	CSV2890	多ᴾᴿ	pr	3	57	綴り内の文字	1	poli
polikro	PIV	多色ᴾᴼ	po	2	1	接頭辞	2	pleokro
majuskl	CSV2890	大ᴹ	m	4	6	接頭辞	2	grand
maj^or	PEJVO	大ᴹᴶ̂	mĵ	4	8	先頭+子音	1	majuskl
versal	PIV	大ⱽ	v	4	1	接頭辞	1	grand
glicin	PEJVO	大豆ᴳ	g	3	2	接頭辞	2	soj
glicine	PEJVO	大豆ᴳᴱ	ge	3	1	綴り内の文字	1	glicin
astronomi	PEJVO	天ᴬ	a	2	1	接頭辞	1	paradiz
seraf	PEJVO	天使ˢ	s	2	2	接頭辞	1	anĝel
mahoni	PEJVO	天竹ᴹ	m	2	1	接頭辞	1	nandin
central	CSV2890	央ᶜᴸ	cl	2	19	綴り内の文字	1	centr
cefal	PEJVO	头ᶜ	c	4	16	接頭辞	1	kap
pru	PEJVO	头ᴾ	p	4	2	接頭辞	1	kap
kapitul	PEJVO	头ᴷᵀ	kt	4	1	綴り内の文字	1	kap
bombast	PEJVO	夸ᴮ	b	2	2	接頭辞	1	fanfaron
sandviĉ	CSV2890	夹ˢ	s	5	7	接頭辞	1	kramp
klem	PEJVO	夹ᴷᴸ	kl	5	3	接頭辞	2	kramp
klip	PEJVO	夹ᴷᴾ	kp	5	2	綴り内の文字	2	kramp
born	PEJVO	夹ᴮ	b	5	1	接頭辞	1	kramp
kurioz	CSV2890	奇ᴷ	k	4	5	接頭辞	1	strang
mirakl	CSV2890	奇ᴹ	m	4	5	接頭辞	1	strang
bizar	PEJVO	奇ᴮ	b	4	1	接頭辞	1	strang
trofe	PEJVO	奖ᵀ	t	2	1	接頭辞	1	premi
muf	PEJVO	套ᴹ	m	7	6	接頭辞	1	jung
laz	PEJVO	套ᴸ	l	7	1	接頭辞	1	jung
gain	PEJVO	套ᴳ	g	7	4	接頭辞	1	jung
ensembl	PEJVO	套ᴱ	e	7	3	接頭辞	1	jung
stereotip	PEJVO	套ˢ	s	7	3	接頭辞	1	jung
vaginal	PIV	套ⱽ	v	7	2	接頭辞	1	jung
feminism	PEJVO	女ᶠ	f	5	0	接頭辞	2	in
nj	PEJVO	女ᴺ	n	5	2	接頭辞	1	in
femin	PEJVO	女ᶠᴱ	fe	5	4	接頭辞	2	feminism
ginek	PEJVO	女ᴳ	g	5	2	接頭辞	1	in
adult	PEJVO	奸ᴬ	a	3	8	接頭辞	1	kokr
stukac^	PIV	奸ˢ	s	3	2	接頭辞	1	kokr
hobi	CSV2890	好ᴴ	h	3	2	接頭辞	1	amator
diletant	PEJVO	好ᴰ	d	3	4	接頭辞	1	amator
s^mink	PEJVO	妆ˢ̂	ŝ	3	8	接頭辞	1	tualet
kosmetik	PEJVO	妆ᴷ	k	3	2	接頭辞	1	tualet
putin	PEJVO	妓ᴾᵀ	pt	5	2	先頭+子音	3	prostitu
hetajr	PEJVO	妓ᴴ	h	5	1	接頭辞	1	prostitu
meretric	PIV	妓ᴹ	m	5	2	接頭辞	1	prostitu
prostituci	PIV	妓ᴾᶜ	pc	5	1	綴り内の文字	1	prostitu
komenc	CSV2890	始ᴷ	k	2	24	接頭辞	1	ek
komisi	CSV2890	委ᴷ	k	5	13	接頭辞	3	deleg
mandat	CSV2890	委ᴹ	m	5	7	接頭辞	1	deleg
komitat	CSV2890	委ᴷᵀ	kt	5	16	綴り内の文字	1	komisi
komision	CSV2890	委ᴷᴺ	kn	5	10	綴り内の文字	1	komisi
amom	PIV	姜ᴬ	a	9	1	接頭辞	2	zingibr
miog	PIV	姜ᴹ	m	9	1	接頭辞	1	zingibr
alpini	PIV	姜ᴬᴸ	al	9	1	接頭辞	1	amom
galang	PIV	姜ᴳ	g	9	1	接頭辞	1	zingibr
kurkum	PIV	姜ᴷ	k	9	1	接頭辞	2	zingibr
eletari	PIV	姜ᴱ	e	9	1	接頭辞	2	zingibr
etlinger	PIV	姜ᴱᵀ	et	9	1	接頭辞	2	eletari
kardamom	PIV	姜ᴷᴰ	kd	9	1	綴り内の文字	1	kurkum
poz	PEJVO	姿ᴾ	p	2	4	接頭辞	1	gest
nupt	PEJVO	婚ᴺ	n	2	3	接頭辞	1	fianĉ
medium	PEJVO	媒ᴹ	m	2	4	接頭辞	1	svat
koket	CSV2890	媚ᴷ	k	4	6	接頭辞	2	flat
lake	PEJVO	媚ᴸ	l	4	5	接頭辞	1	flat
kaj^ol	PEJVO	媚ᴷᴶ̂	kĵ	4	4	先頭+子音	1	koket
atom	CSV2890	子ᴬ	a	2	32	接頭辞	1	id
orific	PIV	孔ᴼ	o	2	1	接頭辞	1	apertur
koncip	PEJVO	孕ᴷ	k	2	13	接頭辞	1	graved
alfabet	CSV2890	字ᴬ	a	6	11	接頭辞	2	liter
uskl	PEJVO	字ᵁ	u	6	4	接頭辞	1	liter
aboc	PEJVO	字ᴬᴮ	ab	6	2	接頭辞	2	alfabet
karaktr	PEJVO	字ᴷ	k	6	6	接頭辞	1	liter
grafem	PIV	字ᴳ	g	6	1	接頭辞	1	liter
depon	CSV2890	存ᴰ	d	6	11	接頭辞	1	ekzist
konserv	CSV2890	存ᴷ	k	6	19	接頭辞	2	ekzist
konservativ	PEJVO	存ᴷᵀ	kt	6	5	綴り内の文字	1	konserv
ekzistencial	PEJVO	存ᴱᴺ	en	6	2	綴り内の文字	1	ekzist
prezerv	PIV	存ᴾ	p	6	1	接頭辞	1	ekzist
logi	文法層	学ᴸᴳ	lg	7	233	先頭+子音	2	lern
nomi	文法層	学ᴺ	n	7	19	接頭辞	1	lern
student	CSV2890	学ˢ	s	7	15	接頭辞	1	lern
lingvistik	CSV2890	学ᴸᴺ	ln	7	8	先頭+子音	2	lern
universitat	CSV2890	学ᵁ	u	7	9	接頭辞	1	lern
ik	PEJVO	学ᴵ	i	7	12	接頭辞	1	lern
prefer	CSV2890	宁ᴾ	p	2	10	接頭辞	1	seren
univers	CSV2890	宇ᵁ	u	2	3	接頭辞	1	kosm
garnizon	PEJVO	守ᴳᴺ	gn	2	5	綴り内の文字	1	gard
makro	PEJVO	宏ᴹ	m	2	13	接頭辞	1	grandioz
burokrat	CSV2890	官ᴮ	b	5	4	接頭辞	1	oficial
magistrat	PEJVO	官ᴹ	m	5	5	接頭辞	2	oficial
mandaren	PEJVO	官ᴹᴺ	mn	5	2	先頭+子音	1	magistrat
tribunus	PIV	官ᵀ	t	5	2	接頭辞	1	oficial
difin	CSV2890	定ᴰ	d	4	15	接頭辞	3	fiks
destin	CSV2890	定ᴰˢ	ds	4	6	先頭+子音	1	difin
determin	CSV2890	定ᴰᵀ	dt	4	12	先頭+子音	2	difin
trezor	CSV2890	宝ᵀ	t	2	5	接頭辞	1	juvel
efektiv	PEJVO	实ᴱ	e	4	0	接頭辞	1	real
pragmat	PEJVO	实ᴾ	p	4	2	接頭辞	1	real
reel	PIV	实ᴿᴱ	re	4	2	接頭辞	2	real
asiz	PEJVO	审ᴬ	a	5	3	接頭辞	1	revizi
reviz	PEJVO	审ᴿᴱ	re	5	3	接頭辞	3	revizi
cenzur	PEJVO	审ᶜ	c	5	7	接頭辞	1	revizi
revizor	PEJVO	审ᴿᴿ	rr	5	4	綴り内の文字	1	revizi
klient	CSV2890	客ᴷ	k	4	3	接頭辞	1	gast
pasaĝer	CSV2890	客ᴾ	p	4	9	接頭辞	1	gast
objektiv	PEJVO	客ᴼ	o	4	0	接頭辞	1	gast
reklam	CSV2890	宣ᴿ	r	5	21	接頭辞	1	anonc
deklar	CSV2890	宣ᴰ	d	5	11	接頭辞	2	anonc
proklam	PEJVO	宣ᴾ	p	5	6	接頭辞	1	anonc
deklaraci	PEJVO	宣ᴰᶜ	dc	5	1	綴り内の文字	1	deklar
kamer	PEJVO	室ᴷ	k	4	12	接頭辞	1	ĉambr
studi	PEJVO	室ˢ	s	4	2	接頭辞	1	ĉambr
lokal	PIV	室ᴸ	l	4	3	接頭辞	1	ĉambr
uter	PEJVO	宫ᵁ	u	2	16	接頭辞	1	palac
atenc	PEJVO	害ᴬ	a	2	9	接頭辞	1	noc
banked	PEJVO	宴ᴮ	b	2	4	接頭辞	1	festen
hejm	CSV2890	家ᴴ	h	3	42	接頭辞	1	ist
famili	CSV2890	家ᶠ	f	3	24	接頭辞	1	ist
kapacit	PEJVO	容ᴷ	k	3	5	接頭辞	2	mien
kapacitanc	PEJVO	容ᴷᴺ	kn	3	2	綴り内の文字	1	kapacit
liberal	CSV2890	宽ᴸᴮ	lb	3	3	先頭+子音	1	larĝ
larg	PIV	宽ᴸᴳ	lg	3	2	綴り内の文字	1	larĝ
konsign	PIV	寄ᴷ	k	2	2	接頭辞	1	visk
c^ifr	PEJVO	密ᶜ̂	ĉ	4	10	接頭辞	1	dens
dec^ifr	PEJVO	密ᴰᶜ̂	dĉ	4	5	先頭+子音	1	dens
kompakt	PEJVO	密ᴷ	k	4	12	接頭辞	1	dens
oz	文法層	富ᴼ	o	2	138	接頭辞	1	riĉ
fabl	PEJVO	寓ᶠ	f	4	6	接頭辞	1	apartament
alegori	PEJVO	寓ᴬᴸ	al	4	2	接頭辞	2	apartament
apolog	PEJVO	寓ᴬᴾ	ap	4	1	接頭辞	2	apartament
oligo	PIV	寡ᴼ	o	2	5	接頭辞	1	vidv
oligarh^	PEJVO	寡头ᴼᴴ̂	oĥ	2	1	綴り内の文字	1	oligark
jes	文法層	对ᴶ	j	4	7	接頭辞	1	kontraŭ
opozici	CSV2890	对ᴼ	o	4	8	接頭辞	1	kontraŭ
kontrast	CSV2890	对ᴷˢ	ks	4	8	綴り内の文字	1	kontraŭ
klaft	PEJVO	寻ᴷ	k	2	2	接頭辞	1	serĉ
konduk	CSV2890	导ᴷ	k	5	35	接頭辞	2	gvid
direktor	CSV2890	导ᴰ	d	5	5	接頭辞	1	gvid
kondukt	PEJVO	导ᴷᵀ	kt	5	22	綴り内の文字	1	konduk
c^ic^eron	PEJVO	导ᶜ̂	ĉ	5	2	接頭辞	1	gvid
feu^d	PEJVO	封ᶠ	f	7	15	接頭辞	1	kovert
apanag^	PEJVO	封ᴬ	a	7	3	接頭辞	1	kovert
hermetik	PEJVO	封ᴴ	h	7	2	接頭辞	2	kovert
hermet	PEJVO	封ᴴᴱ	he	7	1	接頭辞	2	hermetik
tenur	PIV	封ᵀ	t	7	1	接頭辞	1	kovert
defens	PIV	封ᴰ	d	7	2	接頭辞	1	kovert
radi	CSV2890	射ᴿ	r	9	120	接頭辞	1	paf
s^ot	PEJVO	射ˢ̂	ŝ	9	6	接頭辞	1	paf
incid	PEJVO	射ᴵ	i	9	7	接頭辞	1	paf
projekci	PEJVO	射ᴾᴿ	pr	9	12	接頭辞	1	paf
ejakul	PEJVO	射ᴱ	e	9	3	接頭辞	1	paf
katapult	PEJVO	射ᴷ	k	9	2	接頭辞	1	paf
aktin	PIV	射ᴬ	a	9	9	接頭辞	1	paf
jekci	PIV	射ᴶ	j	9	7	接頭辞	1	paf
radiofoni	PIV	射声ᴿᴵ	ri	2	1	綴り内の文字	2	radiofon
aktinoterapi	PIV	射疗ᴬ	a	2	1	接頭辞	1	radioterapi
aktinometr	PIV	射计ᴬ	a	2	1	接頭辞	1	radiometr
baldaŭ	文法層	将ᴮ	b	3	4	接頭辞	1	ont
general	CSV2890	将ᴳ	g	3	5	接頭辞	1	ont
dign	CSV2890	尊ᴰ	d	2	10	接頭辞	1	estim
minuskl	CSV2890	小ᴹ	m	3	2	接頭辞	2	et
minor	PEJVO	小ᴹᴿ	mr	3	9	綴り内の文字	1	minuskl
apeks	PIV	尖ᴬ	a	3	2	接頭辞	1	pint
kuspid	PIV	尖ᴷ	k	3	3	接頭辞	1	pint
kulas	PEJVO	尾ᴷ	k	3	4	接頭辞	1	vost
empen	PEJVO	尾ᴱ	e	3	1	接頭辞	1	vost
pis	PEJVO	尿ᴾ	p	3	7	接頭辞	1	urin
uro	PIV	尿ᵁᴼ	uo	3	3	綴り内の文字	1	urin
urinologi	PIV	尿学ᵁᴺ	un	2	1	綴り内の文字	1	urologi
karbamid	PEJVO	尿素ᴷ	k	2	1	接頭辞	1	ure
urinat	PIV	尿酸盐ᵁᴺ	un	2	1	綴り内の文字	1	urat
tavol	CSV2890	层ᵀ	t	4	22	接頭辞	1	etaĝ
stratus	PEJVO	层ˢ	s	4	4	接頭辞	2	etaĝ
stratum	PIV	层ˢᴹ	sm	4	1	綴り内の文字	1	stratus
merd	PIV	屎ᴹ	m	2	3	接頭辞	1	kak
ekspozici	CSV2890	展ᴱᴷ	ek	5	14	接頭辞	2	evolu
ekspon	PEJVO	展ᴱᴺ	en	5	16	綴り内の文字	1	evolu
espoz	PEJVO	展ᴱˢ	es	5	1	接頭辞	3	evolu
evoluci	PEJVO	展ᴱᶜ	ec	5	1	綴り内の文字	2	evolu
genr	PEJVO	属ᴳ	g	2	6	接頭辞	1	aparten
masakr	PEJVO	屠ᴹ	m	3	2	接頭辞	1	buĉ
s^oh^t	PIV	屠ˢ̂	ŝ	3	2	接頭辞	1	buĉ
pekan	PIV	山核桃ᴾ	p	2	3	接頭辞	1	karj
petr	PIV	岩ᴾ	p	2	16	接頭辞	1	rok
ravin	PEJVO	峡ᴿ	r	3	2	接頭辞	1	istm
kanjon	PEJVO	峡ᴷ	k	3	1	接頭辞	1	istm
inkrust	PEJVO	嵌ᴵ	i	3	3	接頭辞	1	marketr
damasken	PEJVO	嵌ᴰ	d	3	2	接頭辞	1	marketr
patrol	PEJVO	巡ᴾ	p	4	7	接頭辞	1	kroz
turne	PEJVO	巡ᵀ	t	4	2	接頭辞	1	kroz
rund	PIV	巡ᴿ	r	4	2	接頭辞	1	kroz
gigant	CSV2890	巨ᴳ	g	7	4	接頭辞	1	eg
kolos	PEJVO	巨ᴷ	k	7	5	接頭辞	1	eg
titan	PEJVO	巨ᵀ	t	7	4	接頭辞	1	eg
megalo	PEJVO	巨ᴹ	m	7	3	接頭辞	1	eg
ciklop	PEJVO	巨ᶜ	c	7	2	接頭辞	1	eg
enorm	PEJVO	巨ᴱᴺ	en	7	1	接頭辞	1	eg
ramfast	PEJVO	巨嘴鸟ᴿ	r	2	1	接頭辞	1	tukan
s^aman	PEJVO	巫ˢ̂	ŝ	2	2	接頭辞	1	mag
propr	CSV2890	己ᴾ	p	4	32	接頭辞	2	si
egoist	PEJVO	己ᴱ	e	4	0	接頭辞	1	si
propriet	PEJVO	己ᴾᵀ	pt	4	8	綴り内の文字	1	propr
bors	CSV2890	市ᴮ	b	7	13	接頭辞	2	urb
civit	CSV2890	市ᶜ	c	7	15	接頭辞	1	urb
bazar	CSV2890	市ᴮᶻ	bz	7	13	先頭+子音	1	bors
merkat	CSV2890	市ᴹ	m	7	25	接頭辞	2	urb
municip	PEJVO	市ᴹᴺ	mn	7	3	先頭+子音	1	merkat
supermarkt	PIV	市ˢ	s	7	1	接頭辞	1	urb
ŝtof	CSV2890	布ˢ̂	ŝ	4	11	接頭辞	1	tol
tik	PEJVO	布ᵀᴷ	tk	4	3	先頭+子音	1	tol
kalikot	PEJVO	布ᴷ	k	4	2	接頭辞	1	tol
j^ib	PEJVO	帆ᴶ̂	ĵ	3	3	接頭辞	1	vel
velar	PEJVO	帆ⱽᴿ	vr	3	3	綴り内の文字	1	vel
hals	PIV	帆索ᴴ	h	2	2	接頭辞	1	bras
lugr	PEJVO	帆船ᴸ	l	3	2	接頭辞	1	skun
goelet	PEJVO	帆船ᴳ	g	3	1	接頭辞	1	skun
divizi	PEJVO	师ᴰ	d	2	4	接頭辞	1	majstr
persien	PEJVO	帘ᴾ	p	2	1	接頭辞	1	kurten
car	PEJVO	帝ᶜ	c	3	2	接頭辞	1	imperi
imperator	PIV	帝ᴵᵀ	it	3	2	綴り内の文字	1	imperi
bend	CSV2890	带ᴮ	b	12	35	接頭辞	4	zon
laĉ	CSV2890	带ᴸ	l	12	6	接頭辞	1	zon
rimen	CSV2890	带ᴿ	r	12	14	接頭辞	2	zon
ruband	CSV2890	带ᴿᴮ	rb	12	13	先頭+子音	1	rimen
balte	PEJVO	带ᴮᴸ	bl	12	3	先頭+子音	3	bend
kordon	PEJVO	带ᴷ	k	12	3	接頭辞	1	zon
banderol	PEJVO	带ᴮᴿ	br	12	2	綴り内の文字	2	bend
bandolier	PEJVO	带ᴮᴺ	bn	12	1	先頭+子音	3	bend
saltier	PIV	带ˢ	s	12	2	接頭辞	1	zon
zonul	PIV	带ᶻᴸ	zl	12	1	綴り内の文字	1	zon
cintur	PIV	带ᶜ	c	12	1	接頭辞	1	zon
ĉap	CSV2890	帽ᶜ̂ᴬ	ĉa	9	16	接頭辞	2	ĉapel
kasked	CSV2890	帽ᴷ	k	9	1	接頭辞	5	ĉapel
kuf	PEJVO	帽ᴷᶠ	kf	9	3	先頭+子音	1	kasked
kapuc^	PEJVO	帽ᴷᴾ	kp	9	3	先頭+子音	2	kasked
kapucen	PEJVO	帽ᴷᶜ	kc	9	3	綴り内の文字	1	kasked
biret	PEJVO	帽ᴮ	b	9	1	接頭辞	2	ĉapel
kasket	PEJVO	帽ᴷᵀ	kt	9	1	綴り内の文字	1	kasked
beret	PIV	帽ᴮᴱ	be	9	1	接頭辞	2	biret
kulis	PEJVO	幕ᴷ	k	2	3	接頭辞	1	akt
trunk	CSV2890	干ᵀ	t	3	12	接頭辞	1	sek
kser	PIV	干ᴷ	k	3	3	接頭辞	1	sek
nivel	CSV2890	平ᴺ	n	2	36	接頭辞	1	eben
aneks	PEJVO	并ᴬ	a	2	5	接頭辞	1	paralel
iluzi	CSV2890	幻ᴵ	i	10	11	接頭辞	1	rev
fantazi	CSV2890	幻ᶠ	f	10	9	接頭辞	2	rev
h^imer	PEJVO	幻ᴴ̂	ĥ	10	5	接頭辞	1	halucin
halucin	PEJVO	幻ᴴ	h	10	8	接頭辞	2	rev
vizi	PEJVO	幻ⱽ	v	10	3	接頭辞	1	rev
mirag^	PEJVO	幻ᴹ	m	10	1	接頭辞	1	rev
kimer	PEJVO	幻ᴷ	k	10	1	接頭辞	1	rev
halucinaci	PEJVO	幻ᴴᶜ	hc	10	1	綴り内の文字	2	halucin
fantast	PIV	幻ᶠˢ	fs	10	2	綴り内の文字	1	fantazi
neoten	PIV	幼ᴺ	n	2	2	接頭辞	1	jun
ampleks	CSV2890	广ᴬ	a	2	14	接頭辞	1	vast
solen	CSV2890	庄ˢ	s	3	16	接頭辞	1	bien
latifundi	PIV	庄ᴸ	l	3	1	接頭辞	1	bien
Pask	PEJVO	庆ᴾ	P	4	3	接頭辞	1	fest
celebr	CSV2890	庆ᶜ	c	4	2	接頭辞	1	fest
festival	CSV2890	庆ᶠⱽ	fv	4	4	綴り内の文字	1	fest
azil	PEJVO	庇ᴬ	a	3	4	接頭辞	1	ŝirm
mecenat	PEJVO	庇ᴹ	m	3	2	接頭辞	1	ŝirm
sekvenc	PIV	序ˢ	s	2	2	接頭辞	1	ord
garaĝ	CSV2890	库ᴳ	g	5	3	接頭辞	1	kas
bibliotek	CSV2890	库ᴮ	b	5	5	接頭辞	1	kas
remiz	PEJVO	库ᴿ	r	5	2	接頭辞	1	kas
arsenal	PEJVO	库ᴬ	a	5	1	接頭辞	1	kas
fon	CSV2890	底ᶠᴼ	fo	2	79	接頭辞	1	fund
ruin	CSV2890	废ᴿᴺ	rn	7	13	先頭+子音	1	rub
abol	PEJVO	废ᴬ	a	7	3	接頭辞	4	rub
abolici	PEJVO	废ᴬᶜ	ac	7	3	綴り内の文字	2	abol
kasaci	PEJVO	废ᴷ	k	7	1	接頭辞	1	rub
abrog	PIV	废ᴬᴿ	ar	7	2	綴り内の文字	2	abol
abrogaci	PIV	废ᴬᴮ	ab	7	1	接頭辞	4	abol
skal	CSV2890	度ˢ	s	2	13	接頭辞	1	grad
tron	PEJVO	座ᵀ	t	3	11	接頭辞	1	ing
katedr	PEJVO	座ᴷ	k	3	3	接頭辞	1	ing
nav	PEJVO	廊ᴺ	n	4	2	接頭辞	1	koridor
galeri	PEJVO	廊ᴳ	g	4	4	接頭辞	1	koridor
ambulatori	PIV	廊ᴬ	a	4	2	接頭辞	1	koridor
kontur	PEJVO	廓ᴷ	k	2	5	接頭辞	1	profil
moratori	PEJVO	延ᴹ	m	2	1	接頭辞	1	prokrast
fond	CSV2890	建ᶠ	f	2	21	接頭辞	1	konstru
arkitektur	PEJVO	建筑ᴬᴿ	ar	4	2	接頭辞	4	arkitekt
arh^itekt	PEJVO	建筑ᴬᴴ̂	aĥ	4	1	綴り内の文字	2	arkitekt
arh^itektur	PEJVO	建筑ᴬᵀ	at	4	1	綴り内の文字	4	arkitekt
inaŭgur	CSV2890	开ᴵ	i	3	5	接頭辞	1	ŝalt
apert	PEJVO	开ᴬ	a	3	4	接頭辞	1	ŝalt
diferenc	CSV2890	异ᴰ	d	10	18	接頭辞	4	fremd
hetero	PEJVO	异ᴴ	h	10	11	接頭辞	1	fremd
pagan	PEJVO	异ᴾ	p	10	3	接頭辞	1	fremd
ekzot	PEJVO	异ᴱ	e	10	3	接頭辞	2	fremd
anomali	PEJVO	异ᴬ	a	10	2	接頭辞	1	fremd
disident	PEJVO	异ᴰˢ	ds	10	2	先頭+子音	1	diferenc
diferencial	PEJVO	异ᴰᴸ	dl	10	5	綴り内の文字	1	diferenc
ekzotik	PEJVO	异ᴱᴷ	ek	10	1	接頭辞	2	ekzot
diferenci	PEJVO	异ᴰᴵ	di	10	1	接頭辞	4	diferenc
alomorf	PIV	异形ᴬᴹ	am	2	1	綴り内の文字	1	alotrop
abnegaci	PEJVO	弃ᴬ	a	3	2	接頭辞	2	rezign
abandon	PIV	弃ᴬᴰ	ad	3	3	綴り内の文字	1	abnegaci
mod	CSV2890	式ᴹᴰ	md	5	14	先頭+子音	2	manier
formul	CSV2890	式ᶠ	f	5	6	接頭辞	1	manier
ceremoni	CSV2890	式ᶜ	c	5	12	接頭辞	1	manier
modal	PEJVO	式ᴹᴸ	ml	5	3	綴り内の文字	1	manier
gravit	PEJVO	引ᴳ	g	2	14	接頭辞	1	cit
tonus	PIV	张ᵀˢ	ts	2	1	綴り内の文字	1	toni
arkus	PEJVO	弧ᴬˢ	as	2	1	綴り内の文字	1	ark
asteni	PEJVO	弱ᴬ	a	3	4	接頭辞	1	febl
debil	PIV	弱ᴰ	d	3	3	接頭辞	1	febl
kugl	CSV2890	弹ᴷ	k	5	10	接頭辞	1	bomb
elast	CSV2890	弹ᴱ	e	5	19	接頭辞	1	bomb
obus	PEJVO	弹ᴼ	o	5	4	接頭辞	1	bomb
s^rapnel	PEJVO	弹ˢ̂	ŝ	5	1	接頭辞	1	bomb
trud	CSV2890	强ᵀ	t	3	34	接頭辞	1	fort
emfaz	CSV2890	强ᴱ	e	3	3	接頭辞	1	fort
atribut	PEJVO	归ᴬᵀ	at	2	1	接頭辞	2	atribu
lombard	PEJVO	当ᴸ	l	2	9	接頭辞	1	deĵor
katalog	CSV2890	录ᴷ	k	4	4	接頭辞	1	registr
protokol	CSV2890	录ᴾ	p	4	7	接頭辞	1	registr
repertuar	PEJVO	录ᴿᴾ	rp	4	1	先頭+子音	1	registr
figur	CSV2890	形ᶠᴳ	fg	6	28	先頭+子音	1	form
formal	CSV2890	形ᶠᴸ	fl	6	12	綴り内の文字	1	form
adjektiv	CSV2890	形ᴬ	a	6	2	接頭辞	1	form
morf	PEJVO	形ᴹ	m	6	49	接頭辞	2	form
morfi	PIV	形ᴹᴵ	mi	6	13	綴り内の文字	1	morf
loteri	PEJVO	彩ᴸ	l	3	3	接頭辞	1	bunt
polikromi	PEJVO	彩ᴾ	p	3	2	接頭辞	1	bunt
film	CSV2890	影ᶠ	f	3	44	接頭辞	1	ombr
influ	CSV2890	影ᴵ	i	3	7	接頭辞	1	ombr
kampanj	PEJVO	役ᴷ	k	2	10	接頭辞	1	servut
pad	PEJVO	径ᴾ	p	4	2	接頭辞	1	trotuar
kalibr	PEJVO	径ᴷ	k	4	6	接頭辞	1	trotuar
radial	PEJVO	径ᴿ	r	4	2	接頭辞	1	trotuar
atend	CSV2890	待ᴬ	a	2	15	接頭辞	1	ot
ritm	CSV2890	律ᴿ	r	4	9	接頭辞	1	leĝ
kadenc	PEJVO	律ᴷ	k	4	4	接頭辞	1	leĝ
disciplin	PEJVO	律ᴰ	d	4	9	接頭辞	1	leĝ
adept	PEJVO	徒ᴬ	a	3	2	接頭辞	1	van
disc^ipl	PEJVO	徒ᴰ	d	3	1	接頭辞	1	van
nuanc	CSV2890	微ᴺ	n	4	3	接頭辞	1	mikro
liliput	PEJVO	微ᴸ	l	4	3	接頭辞	1	mikro
infinitezim	PEJVO	微ᴵ	i	4	3	接頭辞	1	mikro
difeomorfi	PIV	微分同胚ᴰᴵ	di	2	2	接頭辞	2	difeomorf
zefir	PEJVO	微风ᶻ	z	2	3	接頭辞	1	briz
moral	CSV2890	德ᴹ	m	2	22	接頭辞	1	virt
blazon	PEJVO	徽ᴮ	b	6	7	接頭辞	1	insign
heraldik	PEJVO	徽ᴴ	h	6	2	接頭辞	1	insign
emblem	PEJVO	徽ᴱ	e	6	1	接頭辞	1	insign
kokard	PEJVO	徽ᴷ	k	6	1	接頭辞	1	insign
armori	PEJVO	徽ᴬ	a	6	1	接頭辞	1	insign
mens	CSV2890	心ᴹ	m	5	16	接頭辞	1	kor
psikologi	PEJVO	心ᴾ	p	5	0	接頭辞	2	kor
psik	PEJVO	心ᴾˢ	ps	5	37	接頭辞	2	psikologi
kardi	PEJVO	心ᴷᴰ	kd	5	18	綴り内の文字	1	kor
psikiatri	PEJVO	心医ᴾᴵ	pi	2	3	綴り内の文字	2	psikiatr
kardiolog	PIV	心学家ᴷ	k	2	1	接頭辞	1	psikolog
psikopati	PIV	心病ᴾᴵ	pi	3	1	綴り内の文字	2	psikopat
kardiopati	PIV	心病ᴷ	k	3	1	接頭辞	1	psikopat
kardiografi	PIV	心记ᴷᴵ	ki	2	1	綴り内の文字	2	kardiograf
nepr	CSV2890	必ᴺᴾ	np	2	5	先頭+子音	1	neces
pacienc	CSV2890	忍ᴾ	p	3	10	接頭辞	1	toler
stoik	PEJVO	忍ˢ	s	3	5	接頭辞	1	toler
lonicer	PEJVO	忍冬ᴸ	l	2	1	接頭辞	1	kaprifoli
grafi	PEJVO	志ᴳ	g	2	94	接頭辞	1	ambici
amnezi	PEJVO	忘ᴬ	a	2	2	接頭辞	1	forges
lojal	CSV2890	忠ᴸ	l	2	9	接頭辞	1	fidel
alegr	PEJVO	快ᴬᴸ	al	2	4	接頭辞	2	agrabl
neglekt	CSV2890	忽ᴺ	n	2	3	接頭辞	1	ignor
ekologi	PEJVO	态ᴱ	e	3	0	接頭辞	1	stat
aci	文法層	态ᴬ	a	3	1	接頭辞	1	stat
kolerik	PIV	怒ᴷᴷ	kk	2	2	綴り内の文字	1	koler
fob	PIV	怕ᶠ	f	2	2	接頭辞	1	tim
horor	PEJVO	怖ᴴ	h	2	3	接頭辞	1	teror
medit	CSV2890	思ᴹ	m	3	5	接頭辞	1	pens
kontempl	PEJVO	思ᴷ	k	3	4	接頭辞	1	pens
seks	CSV2890	性ˢ	s	3	62	接頭辞	1	ec
amor	CSV2890	性ᴬ	a	3	14	接頭辞	1	ec
venere	PEJVO	性病ⱽᴱ	ve	2	1	接頭辞	2	vener
grotesk	CSV2890	怪ᴳ	g	3	6	接頭辞	1	monstr
ekstravaganc	PEJVO	怪ᴱ	e	3	4	接頭辞	1	monstr
poltron	PEJVO	怯ᴾ	p	2	2	接頭辞	1	timid
ĝeneral	CSV2890	总ᴳ̂	ĝ	3	20	接頭辞	1	sum
total	CSV2890	总ᵀ	t	3	7	接頭辞	1	sum
permanent	PIV	恒ᴾ	p	2	1	接頭辞	1	konstant
malign	PEJVO	恶ᴹᴳ	mg	3	3	綴り内の文字	1	malic
mav	PEJVO	恶ᴹⱽ	mv	3	1	先頭+子音	1	malic
ĉagren	CSV2890	恼ᶜ̂	ĉ	2	6	接頭辞	1	irit
rimors	PIV	悔ᴿ	r	3	2	接頭辞	1	pent
kontrici	PIV	悔ᴷ	k	3	1	接頭辞	1	pent
delekt	PIV	悦ᴰ	d	2	3	接頭辞	1	plaĉ
tragedi	CSV2890	悲ᵀ	t	5	4	接頭辞	3	aflikt
tragik	CSV2890	悲ᵀᴷ	tk	5	3	綴り内の文字	1	tragedi
pesim	PEJVO	悲ᴾ	p	5	3	接頭辞	1	aflikt
trist	PEJVO	悲ᵀˢ	ts	5	3	綴り内の文字	1	tragedi
pasi	CSV2890	情ᴾˢ	ps	6	7	先頭+子音	2	pati
humor	CSV2890	情ᴴ	h	6	18	接頭辞	1	pati
emoci	CSV2890	情ᴱ	e	6	11	接頭辞	1	pati
patos	PEJVO	情ᴾᵀ	pt	6	3	先頭+子音	2	pati
afekci	PEJVO	情ᴬ	a	6	3	接頭辞	1	pati
surpriz	CSV2890	惊ˢ	s	3	8	接頭辞	1	mir
konstern	PEJVO	惊ᴷ	k	3	7	接頭辞	1	mir
inerci	PEJVO	惯ᴵ	i	2	9	接頭辞	1	rutin
imag	CSV2890	想ᴵ	i	3	15	接頭辞	2	opini
ideal	CSV2890	想ᴵᴰ	id	3	7	接頭辞	1	imag
konvalesk	PIV	愈ᴷ	k	2	2	接頭辞	1	des
gvajak	PEJVO	愈疮木ᴳⱽ	gv	2	2	接頭辞	1	gajak
senc	CSV2890	意ˢ	s	4	36	接頭辞	2	ide
signif	CSV2890	意ˢᴳ	sg	4	15	先頭+子音	1	senc
intenc	CSV2890	意ᴵᴺ	in	4	12	接頭辞	1	ide
idiot	CSV2890	愚ᴵ	i	3	6	接頭辞	1	stult
fol	PIV	愚ᶠ	f	3	2	接頭辞	1	stult
sens	CSV2890	感ˢˢ	ss	6	33	綴り内の文字	1	sent
estez	文法層	感ᴱ	e	6	19	接頭辞	1	sent
induk	PEJVO	感ᴵ	i	6	10	接頭辞	2	sent
influenc	PEJVO	感ᴵᶠ	if	6	2	綴り内の文字	1	induk
sentiment	PEJVO	感ˢᴹ	sm	6	1	綴り内の文字	1	sent
volont	CSV2890	愿ⱽᴺ	vn	3	10	綴り内の文字	1	vol
bonvol	PEJVO	愿ᴮ	b	3	0	接頭辞	1	vol
adag^	PEJVO	慢ᴬ	a	2	2	接頭辞	1	kronik
travesti	PEJVO	戏仿ᵀ	t	2	3	接頭辞	1	parodi
sukces	CSV2890	成ˢ	s	5	19	接頭辞	1	iĝ
konsist	CSV2890	成ᴷ	k	5	7	接頭辞	1	iĝ
igx	PEJVO	成ᴵᴳ	ig	5	2	接頭辞	1	iĝ
adolt	PEJVO	成ᴬ	a	5	2	接頭辞	1	iĝ
atm	PIV	我ᴬ	a	2	2	接頭辞	1	mi
disjunkci	PIV	或ᴰ	d	2	1	接頭辞	1	aŭ
batal	CSV2890	战ᴮ	b	3	45	接頭辞	1	milit
polem	PIV	战ᴾ	p	3	2	接頭辞	1	milit
kontor	PEJVO	所ᴷ	k	2	4	接頭辞	1	ej
tonsil	PEJVO	扁桃ᵀ	t	2	3	接頭辞	1	migdal
kiral	PIV	手ᴷ	k	2	2	接頭辞	1	man
talent	CSV2890	才ᵀ	t	4	5	接頭辞	1	geni
apenaŭ	文法層	才ᴬ	a	4	3	接頭辞	1	geni
g^eni	PEJVO	才ᴳ̂	ĝ	4	1	接頭辞	1	geni
tajp	CSV2890	打ᵀ	t	3	13	接頭辞	1	bat
dras^	PEJVO	打ᴰ	d	3	7	接頭辞	1	bat
korbel	PEJVO	托ᴷᴿ	kr	2	3	先頭+子音	1	kolb
buk	CSV2890	扣ᴮᴷ	bk	3	5	先頭+子音	1	buton
agraf	PEJVO	扣ᴬ	a	3	5	接頭辞	1	buton
ekzekuci	PEJVO	执ᴱᶜ	ec	3	3	綴り内の文字	1	ekzekut
ekzekv	PEJVO	执ᴱⱽ	ev	3	1	綴り内の文字	1	ekzekut
amplifik	PEJVO	扩ᴬᴷ	ak	2	4	綴り内の文字	1	amplif
skan	PEJVO	扫ˢ	s	2	8	接頭辞	1	bala
perturb	PEJVO	扰ᴾ	p	3	12	接頭辞	1	ĝen
j^am	PIV	扰ᴶ̂	ĵ	3	2	接頭辞	1	ĝen
ratifik	PEJVO	批ᴿᴷ	rk	2	4	綴り内の文字	1	ratif
paskvil	PEJVO	批文ᴾˢ	ps	2	1	先頭+子音	1	pamflet
inĝenier	CSV2890	技ᴵ	i	4	12	接頭辞	1	teknik
teknologi	CSV2890	技ᵀᴸ	tl	4	7	綴り内の文字	1	teknik
teĥnik	CSV2890	技ᵀᴴ̂	tĥ	4	2	先頭+子音	1	teknik
inhibici	PEJVO	抑ᴵ	i	4	2	接頭辞	2	damp
sordin	PEJVO	抑ˢ	s	4	1	接頭辞	1	damp
inhib	PIV	抑ᴵᴺ	in	4	7	接頭辞	2	inhibici
spekul	PEJVO	投ˢ	s	2	7	接頭辞	1	ĵet
anti	文法層	抗ᴬ	a	5	55	接頭辞	1	protest
rezist	CSV2890	抗ᴿ	r	5	28	接頭辞	2	protest
protestant	PEJVO	抗ᴾᴺ	pn	5	0	綴り内の文字	1	protest
rezistanc	PEJVO	抗ᴿᴺ	rn	5	4	綴り内の文字	1	rezist
antikorpuskl	PIV	抗粒ᴬᴷ	ak	2	1	綴り内の文字	2	antipartikl
rabat	CSV2890	折ᴿ	r	5	10	接頭辞	2	fald
zigzag	PEJVO	折ᶻ	z	5	5	接頭辞	1	fald
refrakt	PEJVO	折ᴿᶠ	rf	5	14	先頭+子音	1	rabat
plis	PEJVO	折ᴾ	p	5	3	接頭辞	1	fald
fleg	CSV2890	护ᶠ	f	5	10	接頭辞	1	zorg
protekt	CSV2890	护ᴾ	p	5	21	接頭辞	1	zorg
eskort	PEJVO	护ᴱ	e	5	4	接頭辞	1	zorg
konvoj	PEJVO	护ᴷ	k	5	2	接頭辞	1	zorg
raport	CSV2890	报ᴿ	r	8	19	接頭辞	3	gazet
bulten	CSV2890	报ᴮ	b	8	4	接頭辞	1	gazet
telegraf	PEJVO	报ᵀ	t	8	0	接頭辞	2	gazet
telegram	PEJVO	报ᵀᴹ	tm	8	0	綴り内の文字	1	telegraf
depes^	PEJVO	报ᴰ	d	8	3	接頭辞	1	gazet
refer	PEJVO	报ᴿᶠ	rf	8	3	先頭+子音	1	raport
riport	PIV	报ᴿᴵ	ri	8	2	接頭辞	1	raport
pelerin	PEJVO	披ᴾ	p	2	1	接頭辞	1	mantel
ekstrakt	PEJVO	抽ᴱ	e	2	3	接頭辞	1	abstrakt
kramf	PEJVO	抽筋ᴷ	k	3	3	接頭辞	2	spasm
krampf	PEJVO	抽筋ᴷᴾ	kp	3	1	綴り内の文字	1	kramf
bazidimikot	PIV	担子菌ᴮᴷ	bk	4	1	綴り内の文字	2	bazidimicet
bazidiomicet	PIV	担子菌ᴮᴼ	bo	4	1	綴り内の文字	3	bazidimicet
bazidiomikot	PIV	担子菌ᴮᶻ	bz	4	1	先頭+子音	4	bazidimicet
hau^l	PEJVO	拉ᴴ	h	3	1	接頭辞	1	tir
trakci	PIV	拉ᵀᴷ	tk	3	1	綴り内の文字	1	tir
takt	CSV2890	拍ᵀ	t	4	17	接頭辞	1	fot
raked	CSV2890	拍ᴿ	r	4	1	接頭辞	1	fot
ikt	PIV	拍ᴵ	i	4	2	接頭辞	1	fot
fototipi	PIV	拍型ᶠᴵ	fi	2	1	綴り内の文字	2	fototip
traktor	CSV2890	拖ᵀᴷ	tk	2	2	綴り内の文字	1	tren
kult	CSV2890	拜ᴷ	k	4	10	接頭辞	1	ador
riverenc	CSV2890	拜ᴿ	r	4	2	接頭辞	1	ador
pilgrim	PEJVO	拜ᴾ	p	4	9	接頭辞	1	ador
vring	PEJVO	拧ⱽ	v	2	3	接頭辞	1	tord
s^vabr	PEJVO	拭ˢ̂	ŝ	2	3	接頭辞	1	viŝ
parget	PEJVO	拼ᴾ	p	2	3	接頭辞	1	ortografi
indik	CSV2890	指ᴵ	i	4	21	接頭辞	3	fingr
indic	CSV2890	指ᴵᶜ	ic	4	18	綴り内の文字	1	indik
indikator	PEJVO	指ᴵᵀ	it	4	6	綴り内の文字	1	indik
oscil	PEJVO	振ᴼ	o	3	17	接頭辞	1	vibr
vibraci	PIV	振ⱽᶜ	vc	3	1	綴り内の文字	1	vibr
oscilator	PIV	振具ᴼ	o	2	1	接頭辞	1	vibrator
damaĝ	CSV2890	损ᴰᴹ	dm	4	6	先頭+子音	1	difekt
kompromit	CSV2890	损ᴷ	k	4	7	接頭辞	1	difekt
averi	PEJVO	损ᴬ	a	4	2	接頭辞	1	difekt
permut	PEJVO	换ᴾ	p	2	6	接頭辞	1	komut
inic	PEJVO	授ᴵ	i	2	5	接頭辞	1	profesor
metakarpe	PEJVO	掌骨ᴹᴱ	me	2	1	接頭辞	2	metakarp
dren	PEJVO	排ᴰ	d	6	8	接頭辞	1	ekskluziv
kompost	PEJVO	排ᴷ	k	6	13	接頭辞	2	ekskluziv
kotlet	PEJVO	排ᴷᵀ	kt	6	4	先頭+子音	2	kompost
eksklud	PEJVO	排ᴱᴰ	ed	6	4	綴り内の文字	1	ekskluziv
ekskreci	PEJVO	排ᴱᴿ	er	6	4	綴り内の文字	1	ekskluziv
sape	PEJVO	掘ˢ	s	2	3	接頭辞	1	fos
sond	PEJVO	探ˢ	s	2	13	接頭辞	1	esplor
junt	PEJVO	接ᴶ	j	4	11	接頭辞	1	kontakt
tang^	PEJVO	接ᵀ	t	4	3	接頭辞	1	kontakt
splis	PEJVO	接ˢ	s	4	4	接頭辞	1	kontakt
ŝov	CSV2890	推ˢ̂	ŝ	5	46	接頭辞	1	puŝ
rezon	CSV2890	推ᴿ	r	5	10	接頭辞	1	puŝ
propuls	PIV	推ᴾᴿ	pr	5	2	接頭辞	1	puŝ
inferenc	PIV	推ᴵ	i	5	2	接頭辞	1	puŝ
tau^z	PEJVO	揉ᵀ	t	2	7	接頭辞	1	kned
piktur	PIV	描ᴾᴷ	pk	2	1	先頭+子音	1	pentr
suflor	PEJVO	提ˢ	s	2	6	接頭辞	1	menci
insert	PEJVO	插ᴵ	i	3	4	接頭辞	2	stik
interpol	PEJVO	插ᴵᵀ	it	3	2	綴り内の文字	2	insert
denunc	CSV2890	揭ᴰ	d	2	5	接頭辞	1	rivel
celsi	PEJVO	摄氏ᶜᴱ	ce	2	1	接頭辞	2	celsius
bask	CSV2890	摆ᴮ	b	2	1	接頭辞	1	pendol
lul	CSV2890	摇ᴸ	l	5	10	接頭辞	1	sku
balanc	CSV2890	摇ᴮ	b	5	10	接頭辞	1	sku
ŝancel	CSV2890	摇ˢ̂	ŝ	5	9	接頭辞	1	sku
vobl	PIV	摇ⱽ	v	5	3	接頭辞	1	sku
enukle	PEJVO	摘ᴱ	e	2	2	接頭辞	1	pluk
perkut	PEJVO	撞ᴾ	p	4	6	接頭辞	1	kolizi
karambol	PEJVO	撞ᴷᴿ	kr	4	2	先頭+子音	1	kolizi
ram	PIV	撞ᴿ	r	4	1	接頭辞	1	kolizi
manovr	CSV2890	操ᴹ	m	6	6	接頭辞	2	operaci
manipul	CSV2890	操ᴹᴾ	mp	6	6	綴り内の文字	1	manovr
gimnastik	PEJVO	操ᴳ	g	6	8	接頭辞	2	operaci
gimnast	PEJVO	操ᴳᴵ	gi	6	2	接頭辞	2	gimnastik
fik	PIV	操ᶠ	f	6	4	接頭辞	1	operaci
fili	CSV2890	支ᶠ	f	4	3	接頭辞	1	apog
bronk	PEJVO	支ᴮ	b	4	8	接頭辞	1	apog
klad	PIV	支ᴷ	k	4	5	接頭辞	1	apog
bronkoskopi	PIV	支镜ᴮᴵ	bi	2	1	綴り内の文字	1	bronkoskop
adopt	CSV2890	收ᴬ	a	3	16	接頭辞	1	ricev
ferl	PEJVO	收ᶠ	f	3	4	接頭辞	1	ricev
modif	CSV2890	改ᴹ	m	3	7	接頭辞	1	korekt
amend	PEJVO	改ᴬ	a	3	2	接頭辞	1	korekt
agres	PEJVO	攻ᴬᴳ	ag	4	10	接頭辞	1	atak
ofensiv	PEJVO	攻ᴼ	o	4	3	接頭辞	1	atak
razi	PIV	攻ᴿ	r	4	2	接頭辞	1	atak
polit	PEJVO	政ᴾᴼ	po	2	2	接頭辞	2	politik
politikologi	PIV	政学ᴾᴷ	pk	2	1	綴り内の文字	1	politologi
politikolog	PIV	政学家ᴾᴷ	pk	2	1	綴り内の文字	1	politolog
efekt	CSV2890	效ᴱᵀ	et	3	22	綴り内の文字	1	efik
valid	CSV2890	效ⱽ	v	3	13	接頭辞	1	efik
advers	PEJVO	敌ᴬ	a	3	2	接頭辞	2	rival
antagon	PEJVO	敌ᴬᴺ	an	3	3	接頭辞	1	advers
prompt	PIV	敏ᴾ	p	2	4	接頭辞	1	sagac
eklezi	CSV2890	教ᴱ	e	6	19	接頭辞	1	instru
civiliz	PEJVO	教ᶜ	c	6	0	接頭辞	1	instru
pedagog	PEJVO	教ᴾ	p	6	2	接頭辞	2	instru
pedagogi	PEJVO	教ᴾᴵ	pi	6	3	綴り内の文字	1	pedagog
didaktik	PEJVO	教ᴰ	d	6	2	接頭辞	1	instru
distr	CSV2890	散ᴰᵀ	dt	8	12	綴り内の文字	1	dis
eman	PEJVO	散ᴱ	e	8	6	接頭辞	1	dis
difuz	PEJVO	散ᴰᶠ	df	8	6	先頭+子音	1	dis
diverg^	PEJVO	散ᴰⱽ	dv	8	10	先頭+子音	1	dis
dispers	PEJVO	散ᴰᴾ	dp	8	8	綴り内の文字	1	dis
loz	PEJVO	散ᴸ	l	8	2	接頭辞	1	dis
sporad	PEJVO	散ˢ	s	8	2	接頭辞	1	dis
pi	CSV2890	敬ᴾ	p	6	17	接頭辞	3	respekt
omag^	PEJVO	敬ᴼ	o	6	4	接頭辞	1	respekt
piet	PEJVO	敬ᴾᵀ	pt	6	2	先頭+子音	2	pi
devot	PIV	敬ᴰ	d	6	4	接頭辞	1	respekt
pietat	PIV	敬ᴾᴵ	pi	6	1	接頭辞	3	pi
cifer	CSV2890	数ᶜ	c	3	25	接頭辞	1	nombr
numeral	CSV2890	数ᴺᴿ	nr	3	3	綴り内の文字	2	nombr
datum	PEJVO	数据ᴰᴹ	dm	2	5	綴り内の文字	1	daten
aranĝ	CSV2890	整ᴬ	a	7	30	接頭辞	3	tut
apret	PEJVO	整ᴬᴾ	ap	7	4	接頭辞	2	aranĝ
entjer	PEJVO	整ᴱ	e	7	3	接頭辞	1	tut
rektif	PEJVO	整ᴿ	r	7	3	接頭辞	2	tut
apretur	PEJVO	整ᴬᴿ	ar	7	2	綴り内の文字	3	aranĝ
rektifik	PEJVO	整ᴿᴷ	rk	7	3	先頭+子音	2	rektif
foment	PEJVO	敷ᶠ	f	3	5	接頭辞	1	pans
kompres	PEJVO	敷ᴷ	k	3	2	接頭辞	1	pans
tekst	CSV2890	文ᵀ	t	5	27	接頭辞	1	kler
artikol	CSV2890	文ᴬ	a	5	7	接頭辞	1	kler
literatur	CSV2890	文ᴸ	l	5	17	接頭辞	1	kler
beletr	PEJVO	文ᴮ	b	5	5	接頭辞	1	kler
oblikv	CSV2890	斜ᴼ	o	6	8	接頭辞	1	klin
strab	PEJVO	斜ˢ	s	6	7	接頭辞	1	klin
bevel	PEJVO	斜ᴮ	b	6	3	接頭辞	1	klin
kursiv	PEJVO	斜ᴷᴿ	kr	6	4	先頭+子音	1	klin
diagonal	PEJVO	斜ᴰ	d	6	3	接頭辞	1	klin
strabometr	PIV	斜计ˢ	s	2	1	接頭辞	1	klinometr
intermit	PEJVO	断ᴵ	i	2	9	接頭辞	1	asert
neologism	PEJVO	新ᴺᴸ	nl	3	0	先頭+子音	1	nov
neo	PEJVO	新ᴺᴱ	ne	3	7	接頭辞	2	nov
kub	CSV2890	方ᴷ	k	5	18	接頭辞	2	direkt
kvadrat	CSV2890	方ᴷⱽ	kv	5	10	接頭辞	1	kub
recept	CSV2890	方ᴿ	r	5	3	接頭辞	1	direkt
tetragon	PEJVO	方ᵀ	t	5	1	接頭辞	1	direkt
turist	CSV2890	旅ᵀ	t	3	1	接頭辞	1	vojaĝ
brigad	PEJVO	旅ᴮ	b	3	9	接頭辞	1	vojaĝ
pivot	PEJVO	旋ᴾ	p	8	8	接頭辞	2	gir
spiral	PEJVO	旋ˢ	s	8	14	接頭辞	1	gir
rotaci	PEJVO	旋ᴿ	r	8	12	接頭辞	1	gir
turb	PEJVO	旋ᵀ	t	8	4	接頭辞	1	gir
giro	PEJVO	旋ᴳᴼ	go	8	2	綴り内の文字	1	gir
ciklon	PEJVO	旋ᶜ	c	8	5	接頭辞	1	gir
piruet	PEJVO	旋ᴾᴿ	pr	8	2	先頭+子音	1	pivot
konvolvul	PEJVO	旋花ᴷᴺ	kn	2	1	先頭+子音	1	kalistegi
etn	CSV2890	族ᴱ	e	5	15	接頭辞	1	naci
gent	CSV2890	族ᴳ	g	5	15	接頭辞	1	naci
trib	PEJVO	族ᵀ	t	5	6	接頭辞	1	naci
klan	PEJVO	族ᴷ	k	5	1	接頭辞	1	naci
standard	CSV2890	旗ˢ	s	3	3	接頭辞	1	flag
veksil	PIV	旗ⱽ	v	3	2	接頭辞	1	flag
neni	PEJVO	无ᴺ	n	4	10	接頭辞	2	sen
nihil	PEJVO	无ᴺᴴ	nh	4	2	先頭+子音	1	neni
infinit	PEJVO	无ᴵ	i	4	4	接頭辞	1	sen
proletari	CSV2890	无产ᴾᴿ	pr	2	1	接頭辞	2	prolet
senestez	PIV	无感ˢ	s	2	1	接頭辞	1	anestez
anarki	PEJVO	无政ᴬᴵ	ai	3	5	綴り内の文字	2	anark
anarh^i	PEJVO	无政ᴬᴴ̂	aĥ	3	1	綴り内の文字	1	anark
helio	PEJVO	日ᴴ	h	4	10	接頭辞	1	tag
diurn	PEJVO	日ᴰ	d	4	2	接頭辞	2	tag
dimanĉ	CSV2890	日ᴰᴹ	dm	4	5	先頭+子音	1	diurn
preskript	PEJVO	时效ᴾ	p	2	3	接頭辞	1	uzukap
eksplicit	PEJVO	明ᴱ	e	3	2	接頭辞	1	morgaŭ
lucid	PIV	明ᴸ	l	3	1	接頭辞	1	morgaŭ
krepusk	CSV2890	昏ᴷ	k	4	7	接頭辞	2	sven
komat	PEJVO	昏ᴷᴹ	km	4	5	先頭+子音	1	krepusk
stupor	PIV	昏ˢᵀ	st	4	4	接頭辞	1	sven
astr	CSV2890	星ᴬ	a	5	17	接頭辞	1	stel
planed	CSV2890	星ᴾ	p	5	8	接頭辞	1	stel
satelit	CSV2890	星ˢᵀ	st	5	10	先頭+子音	2	stel
sider	PEJVO	星ˢᴰ	sd	5	4	先頭+子音	1	stel
astrologi	PIV	星学ᴬᴸ	al	2	1	綴り内の文字	1	astronom
enantio	PIV	映ᴱ	e	2	6	接頭辞	1	kin
jaroviz	PIV	春化ᴶ	j	2	1	接頭辞	1	vernaliz
evident	CSV2890	显ᴱ	e	3	8	接頭辞	1	aspekt
manifest	PEJVO	显ᴹ	m	3	5	接頭辞	1	aspekt
vertig^	PEJVO	晕ⱽ	v	5	3	接頭辞	1	halo
nimb	PEJVO	晕ᴺ	n	5	1	接頭辞	1	halo
areol	PIV	晕ᴬ	a	5	2	接頭辞	1	halo
haloo	PIV	晕ᴴᴼ	ho	5	1	綴り内の文字	2	halo
vespr	PEJVO	晚ⱽᴿ	vr	2	1	綴り内の文字	2	vesper
universal	CSV2890	普ᵁ	u	3	22	接頭辞	1	ordinar
cens	PEJVO	普ᶜ	c	3	3	接頭辞	1	ordinar
panoram	CSV2890	景ᴾᴺ	pn	2	4	先頭+子音	1	pejzaĝ
sprit	CSV2890	智ˢᴾ	sp	3	11	接頭辞	1	saĝ
intelekt	CSV2890	智ᴵ	i	3	11	接頭辞	1	saĝ
obskur	PEJVO	暗ᴼ	o	3	8	接頭辞	1	alud
tenebr	PIV	暗ᵀ	t	3	2	接頭辞	1	alud
tiran	PEJVO	暴ᵀ	t	5	8	接頭辞	1	ŝtorm
violent	PEJVO	暴ⱽ	v	5	5	接頭辞	1	ŝtorm
brutal	PIV	暴ᴮ	b	5	4	接頭辞	1	ŝtorm
feroc	PIV	暴ᶠ	f	5	1	接頭辞	1	ŝtorm
tempest	CSV2890	暴风ᵀ	t	2	3	接頭辞	1	uragan
kanzon	CSV2890	曲ᴷᴺ	kn	4	4	先頭+子音	1	kurb
romanc	PEJVO	曲ᴿ	r	4	2	接頭辞	1	kurb
hiperbol	PEJVO	曲ᴴ	h	4	3	接頭辞	1	kurb
alternativ	PEJVO	替ᴬᵀ	at	4	0	綴り内の文字	2	altern
dubl	PEJVO	替ᴰ	d	4	4	接頭辞	1	altern
substitu	PEJVO	替ˢ	s	4	5	接頭辞	1	altern
monat	CSV2890	月ᴹ	m	3	26	接頭辞	1	lun
lund	CSV2890	月ᴸᴰ	ld	3	3	綴り内の文字	1	lun
posed	CSV2890	有ᴾ	p	2	15	接頭辞	1	hav
jak	CSV2890	服ᴶ	j	4	8	接頭辞	1	obe
konvink	CSV2890	服ᴷ	k	4	12	接頭辞	1	obe
persvad	PEJVO	服ᴾ	p	4	5	接頭辞	1	obe
perspektiv	PEJVO	望ᴾ	p	2	5	接頭辞	1	esper
dum	文法層	期ᴰᴹ	dm	5	13	先頭+子音	1	dat
period	CSV2890	期ᴾ	p	5	27	接頭辞	1	dat
semestr	PEJVO	期ˢ	s	5	4	接頭辞	1	dat
trimestr	PEJVO	期ᵀ	t	5	2	接頭辞	1	dat
ksil	PEJVO	木ᴷ	k	270	6	接頭辞	47	lign
ĵaŭd	CSV2890	木ᴶ̂	ĵ	270	3	接頭辞	1	jambos
sorp	PEJVO	木ˢ	s	270	2	接頭辞	21	lign
tili	PEJVO	木ᵀ	t	270	2	接頭辞	13	lign
muskat	PEJVO	木ᴹ	m	270	6	接頭辞	21	lign
kola	PEJVO	木ᴷᴸ	kl	270	1	先頭+子音	16	ksil
gnet	PEJVO	木ᴳ	g	270	1	接頭辞	11	lign
kornus	PEJVO	木ᴷᴿ	kr	270	2	先頭+子音	22	ksil
viburn	PEJVO	木ⱽ	v	270	1	接頭辞	2	lign
evonim	PEJVO	木ᴱ	e	270	1	接頭辞	12	lign
magnoli	PEJVO	木ᴹᴳ	mg	270	1	先頭+子音	6	muskat
terebint	PEJVO	木ᵀᴿ	tr	270	1	先頭+子音	6	tili
berberis	PEJVO	木ᴮ	b	270	1	接頭辞	15	lign
koka	PEJVO	木ᴷᴼᴷᴬ	koka	270	5	接頭辞	1	ksil
meli	PEJVO	木ᴹᴱᴸ	mel	270	1	接頭辞	3	muskat
neri	PEJVO	木ᴺᴿ	nr	270	1	先頭+子音	1	nau^l
fatsi	PEJVO	木ᶠᵀ	ft	270	1	先頭+子音	3	flog
ilici	PEJVO	木ᴵᴸ	il	270	1	接頭辞	1	iksor
ailant	PEJVO	木ᴬᴵᴸ	ail	270	1	接頭辞	3	anon
ardizi	PEJVO	木ᴬᴿᴰ	ard	270	1	接頭辞	4	anon
eleagn	PEJVO	木ᴱᴬ	ea	270	1	綴り内の文字	3	evonim
jasmen	PEJVO	木ᴶˢ	js	270	1	先頭+子音	2	jambos
karpen	PEJVO	木ᴷᴬᴿᴾ	karp	270	1	接頭辞	2	ksil
kratag	PEJVO	木ᴷᴿᴬ	kra	270	1	接頭辞	3	ksil
osmant	PEJVO	木ᴼˢ	os	270	1	接頭辞	2	orn
stirak	PEJVO	木ˢᴵ	si	270	1	綴り内の文字	9	sorp
fraksen	PEJVO	木ᶠˢ	fs	270	1	綴り内の文字	3	flog
frangol	PEJVO	木ᶠᴳ	fg	270	1	綴り内の文字	2	flog
oleandr	PEJVO	木ᴼᴸ	ol	270	1	接頭辞	3	orn
oleastr	PEJVO	木ᴼᵀ	ot	270	1	綴り内の文字	2	orn
tamarik	PEJVO	木ᵀᴬ	ta	270	1	接頭辞	6	tili
hidrange	PEJVO	木ᴴᴰ	hd	270	1	先頭+子音	2	heve
hortensi	PEJVO	木ᴴᴼ	ho	270	1	接頭辞	6	heve
zantoksil	PEJVO	木ᶻᴺ	zn	270	1	先頭+子音	1	zelkov
ro	PIV	木ᴿ	r	270	2	接頭辞	9	lign
c^at	PIV	木ᶜ̂	ĉ	270	1	接頭辞	1	ceib
der	PIV	木ᴰ	d	270	1	接頭辞	10	lign
ele	PIV	木ᴱᴸ	el	270	1	接頭辞	5	evonim
anon	PIV	木ᴬ	a	270	1	接頭辞	29	lign
biks	PIV	木ᴮᴷ	bk	270	1	先頭+子音	1	berberis
bold	PIV	木ᴮᴸ	bl	270	1	先頭+子音	7	berberis
ceib	PIV	木ᶜ	c	270	1	接頭辞	11	lign
duri	PIV	木ᴰᵁ	du	270	1	接頭辞	1	der
flog	PIV	木ᶠ	f	270	1	接頭辞	8	lign
gari	PIV	木ᴳᴿ	gr	270	1	先頭+子音	7	gnet
guta	PIV	木ᴳᵀ	gt	270	1	先頭+子音	3	gnet
heve	PIV	木ᴴ	h	270	1	接頭辞	11	lign
koril	PIV	木ᴷᴵ	ki	270	2	綴り内の文字	17	ksil
fenik	PIV	木ᶠᴺ	fn	270	1	先頭+子音	5	flog
kluzi	PIV	木ᴷᶻ	kz	270	1	綴り内の文字	2	ksil
akebi	PIV	木ᴬᴷ	ak	270	1	接頭辞	9	anon
arali	PIV	木ᴬᴿ	ar	270	1	接頭辞	17	anon
au^kub	PIV	木ᴬᵁ̆	aŭ	270	1	接頭辞	3	anon
avero	PIV	木ᴬⱽ	av	270	1	接頭辞	3	anon
balat	PIV	木ᴮᵀ	bt	270	1	綴り内の文字	3	berberis
budle	PIV	木ᴮᴰ	bd	270	1	先頭+子音	2	berberis
cestr	PIV	木ᶜˢ	cs	270	1	先頭+子音	3	ceib
cikas	PIV	木ᶜᴷ	ck	270	1	先頭+子音	1	ceib
damar	PIV	木ᴰᴹ	dm	270	1	先頭+子音	2	der
efedr	PIV	木ᴱᶠ	ef	270	1	接頭辞	1	evonim
ereti	PIV	木ᴱᴿ	er	270	1	接頭辞	6	evonim
eskul	PIV	木ᴱˢ	es	270	1	接頭辞	2	evonim
kopaiv	PIV	木ᴷᴾ	kp	270	1	先頭+子音	9	ksil
kupres	PIV	木ᴷˢ	ks	270	1	綴り内の文字	12	ksil
burser	PIV	木ᴮᵁ	bu	270	1	接頭辞	5	berberis
agatid	PIV	木ᴬᴳ	ag	270	1	接頭辞	4	anon
albizi	PIV	木ᴬᴸ	al	270	1	接頭辞	9	anon
amirid	PIV	木ᴬᴹ	am	270	1	接頭辞	6	anon
anagir	PIV	木ᴬᴺ	an	270	1	接頭辞	14	anon
antiar	PIV	木ᴬᵀ	at	270	1	綴り内の文字	10	anon
argani	PIV	木ᴬᴬ	aa	270	1	綴り内の文字	14	anon
au^kume	PIV	木ᴬᵁ	au	270	1	接頭辞	3	anon
azarol	PIV	木ᴬᶻ	az	270	1	接頭辞	4	anon
azimen	PIV	木ᴬᴵ	ai	270	1	綴り内の文字	17	anon
banjan	PIV	木ᴮᴺ	bn	270	1	先頭+子音	6	berberis
cedrel	PIV	木ᶜᴰ	cd	270	1	先頭+子音	4	ceib
celtid	PIV	木ᶜᴸ	cl	270	1	先頭+子音	5	ceib
cercid	PIV	木ᶜᴿ	cr	270	1	先頭+子音	6	ceib
deodar	PIV	木ᴰᴰ	dd	270	1	先頭+子音	1	der
dileni	PIV	木ᴰᴸ	dl	270	1	先頭+子音	3	der
drimis	PIV	木ᴰᴿ	dr	270	1	接頭辞	8	der
empetr	PIV	木ᴱᴹ	em	270	1	接頭辞	2	evonim
eu^geni	PIV	木ᴱᵁ̆	eŭ	270	1	接頭辞	2	evonim
gvaran	PIV	木ᴳⱽ	gv	270	1	接頭辞	1	gnet
hikori	PIV	木ᴴᴷ	hk	270	1	先頭+子音	3	heve
himene	PIV	木ᴴᴹ	hm	270	1	先頭+子音	4	heve
hipofe	PIV	木ᴴᴾ	hp	270	1	先頭+子音	3	heve
simarub	PIV	木ˢᴹ	sm	270	1	先頭+子音	3	sorp
alatern	PIV	木ᴬᴱ	ae	270	1	綴り内の文字	9	anon
aleu^rit	PIV	木ᴬᴸᴱ	ale	270	1	接頭辞	2	anon
amelanc^	PIV	木ᴬᶜ̂	aĉ	270	1	綴り内の文字	1	anon
anamirt	PIV	木ᴬᴺᴬ	ana	270	1	接頭辞	4	anon
aviceni	PIV	木ᴬᶜ	ac	270	1	綴り内の文字	1	anon
bau^hini	PIV	木ᴮᵁ̆	bŭ	270	1	綴り内の文字	1	berberis
bignoni	PIV	木ᴮᴳ	bg	270	1	先頭+子音	2	berberis
bosveli	PIV	木ᴮˢ	bs	270	1	先頭+子音	6	berberis
celastr	PIV	木ᶜᵀ	ct	270	1	綴り内の文字	4	ceib
cinamom	PIV	木ᶜᴺ	cn	270	1	先頭+子音	3	ceib
delonik	PIV	木ᴰᴷ	dk	270	1	綴り内の文字	3	der
epakrid	PIV	木ᴱᴾ	ep	270	1	接頭辞	3	evonim
eritren	PIV	木ᴱᴺ	en	270	1	綴り内の文字	4	evonim
garcini	PIV	木ᴳᶜ	gc	270	1	綴り内の文字	1	gnet
gledic^i	PIV	木ᴳᴸ	gl	270	1	接頭辞	3	gnet
hipoman	PIV	木ᴴᴺ	hn	270	1	綴り内の文字	5	heve
grumis^am	PIV	木ᴳᴹ	gm	270	3	綴り内の文字	1	gnet
hur	PIV	木ᴴᴿ	hr	270	1	先頭+子音	4	heve
kad	PIV	木ᴷᴰ	kd	270	1	先頭+子音	2	ksil
kus	PIV	木ᴷᵁ	ku	270	1	接頭辞	11	ksil
mug	PIV	木ᴹᵁ	mu	270	1	接頭辞	5	muskat
orn	PIV	木ᴼ	o	270	1	接頭辞	6	lign
as^ok	PIV	木ᴬˢ̂	aŝ	270	2	接頭辞	1	anon
kobe	PIV	木ᴷᴮ	kb	270	2	先頭+子音	5	ksil
kava	PIV	木ᴷⱽ	kv	270	1	先頭+子音	3	ksil
kofe	PIV	木ᴷᶠ	kf	270	1	先頭+子音	3	ksil
kokl	PIV	木ᴷᴷ	kk	270	1	先頭+子音	5	ksil
moli	PIV	木ᴹᴸ	ml	270	1	先頭+子音	8	muskat
nau^l	PIV	木ᴺ	n	270	1	接頭辞	3	lign
opul	PIV	木ᴼᴾ	op	270	1	接頭辞	1	orn
rafi	PIV	木ᴿᶠ	rf	270	1	先頭+子音	1	ro
ramn	PIV	木ᴿᴹ	rm	270	1	先頭+子音	3	ro
rusk	PIV	木ᴿˢ	rs	270	1	先頭+子音	1	ro
skin	PIV	木ˢᴷ	sk	270	1	接頭辞	9	sorp
tonk	PIV	木ᵀᴺ	tn	270	1	先頭+子音	7	tili
perse	PIV	木ᴾ	p	270	2	接頭辞	18	lign
iksor	PIV	木ᴵ	i	270	1	接頭辞	2	lign
kacur	PIV	木ᴷᶜ	kc	270	1	先頭+子音	3	ksil
kalun	PIV	木ᴷᴺ	kn	270	1	綴り内の文字	12	ksil
kau^ri	PIV	木ᴷᵁ̆	kŭ	270	1	綴り内の文字	1	ksil
kubeb	PIV	木ᴷᴱ	ke	270	1	綴り内の文字	21	ksil
kumar	PIV	木ᴷᴹ	km	270	1	先頭+子音	9	ksil
kvasi	PIV	木ᴷᴬ	ka	270	1	綴り内の文字	26	ksil
maduk	PIV	木ᴹᴰ	md	270	1	先頭+子音	3	muskat
malus	PIV	木ᴹˢ	ms	270	1	綴り内の文字	7	muskat
mirik	PIV	木ᴹᴿ	mr	270	1	先頭+子音	10	muskat
okrom	PIV	木ᴼᴷ	ok	270	1	接頭辞	1	orn
pajen	PIV	木ᴾᴶ	pj	270	1	先頭+子音	1	perse
papau^	PIV	木ᴾᴾ	pp	270	1	先頭+子音	4	perse
pirus	PIV	木ᴾᴵ	pi	270	1	接頭辞	12	perse
psidi	PIV	木ᴾˢ	ps	270	1	接頭辞	6	perse
robur	PIV	木ᴿᴮ	rb	270	1	先頭+子音	3	ro
sarak	PIV	木ˢᴿ	sr	270	1	先頭+子音	15	sorp
sofor	PIV	木ˢᶠ	sf	270	1	先頭+子音	3	sorp
spire	PIV	木ˢᴾ	sp	270	1	接頭辞	5	sorp
strob	PIV	木ˢᵀ	st	270	1	接頭辞	8	sorp
sumak	PIV	木ˢᵁ	su	270	1	接頭辞	4	sorp
jambos	PIV	木ᴶ	j	270	1	接頭辞	5	lign
johimb	PIV	木ᴶᴴ	jh	270	1	先頭+子音	1	jambos
kanang	PIV	木ᴷᴳ	kg	270	1	綴り内の文字	3	ksil
karite	PIV	木ᴷᵀ	kt	270	1	綴り内の文字	12	ksil
katalp	PIV	木ᴷᴬᵀ	kat	270	1	接頭辞	6	ksil
kebrac^	PIV	木ᴷᶜ̂	kĉ	270	1	綴り内の文字	1	ksil
kolute	PIV	木ᴷᴼ	ko	270	1	接頭辞	19	ksil
laburn	PIV	木ᴸᴮ	lb	270	1	先頭+子音	2	lign
larici	PIV	木ᴸᴿ	lr	270	1	先頭+子音	6	lign
longan	PIV	木ᴸᴺ	ln	270	1	先頭+子音	7	lign
lorant	PIV	木ᴸᵀ	lt	270	1	綴り内の文字	4	lign
makeri	PIV	木ᴹᴷ	mk	270	1	先頭+子音	9	muskat
mezere	PIV	木ᴹᶻ	mz	270	1	先頭+子音	1	muskat
musend	PIV	木ᴹᴺ	mn	270	1	綴り内の文字	8	muskat
negund	PIV	木ᴺᴳ	ng	270	1	先頭+子音	1	nau^l
pandan	PIV	木ᴾᴺ	pn	270	1	先頭+子音	8	perse
pitang	PIV	木ᴾᵀ	pt	270	1	先頭+子音	5	perse
pumili	PIV	木ᴾᴹ	pm	270	1	先頭+子音	1	perse
ramonc^	PIV	木ᴿᶜ̂	rĉ	270	1	綴り内の文字	1	ro
robini	PIV	木ᴿᴵ	ri	270	1	綴り内の文字	2	ro
sapind	PIV	木ˢᴰ	sd	270	1	綴り内の文字	2	sorp
sorbus	PIV	木ˢᴮ	sb	270	1	綴り内の文字	3	sorp
sparti	PIV	木ˢᴬ	sa	270	1	綴り内の文字	11	sorp
strikn	PIV	木ˢᴺ	sn	270	1	綴り内の文字	7	sorp
telope	PIV	木ᵀᴾ	tp	270	1	綴り内の文字	3	tili
tipuan	PIV	木ᵀᴵ	ti	270	1	接頭辞	9	tili
tujops	PIV	木ᵀᴶ	tj	270	1	先頭+子音	1	tili
zelkov	PIV	木ᶻ	z	270	1	接頭辞	2	lign
kajeput	PIV	木ᴷᴶ	kj	270	1	先頭+子音	1	ksil
karagan	PIV	木ᴷᴬᴿ	kar	270	1	接頭辞	12	ksil
kastane	PIV	木ᴷᴬˢ	kas	270	1	接頭辞	6	ksil
kenomel	PIV	木ᴷᴱᴺ	ken	270	1	接頭辞	6	ksil
kokolob	PIV	木ᴷᴼᴷ	kok	270	1	接頭辞	3	ksil
kombret	PIV	木ᴷᴼᴹ	kom	270	1	接頭辞	4	ksil
komifor	PIV	木ᴷᴼᴹᴵ	komi	270	1	接頭辞	2	ksil
lavsoni	PIV	木ᴸⱽ	lv	270	1	先頭+子音	2	lign
lecitid	PIV	木ᴸᶜ	lc	270	1	先頭+子音	2	lign
lentisk	PIV	木ᴸˢ	ls	270	1	綴り内の文字	3	lign
mangrov	PIV	木ᴹⱽ	mv	270	1	綴り内の文字	1	muskat
monodor	PIV	木ᴹᴼ	mo	270	1	接頭辞	8	muskat
palakvi	PIV	木ᴾᴸ	pl	270	1	先頭+子音	6	perse
pau^lini	PIV	木ᴾᵁ̆	pŭ	270	1	綴り内の文字	3	perse
pinastr	PIV	木ᴾᴿ	pr	270	1	綴り内の文字	8	perse
pistaci	PIV	木ᴾᶜ	pc	270	1	綴り内の文字	1	perse
ravenal	PIV	木ᴿⱽ	rv	270	1	先頭+子音	1	ro
sviteni	PIV	木ˢⱽ	sv	270	1	接頭辞	3	sorp
taksodi	PIV	木ᵀᴷ	tk	270	1	先頭+子音	4	tili
teobrom	PIV	木ᵀᴮ	tb	270	1	先頭+子音	3	tili
tibus^en	PIV	木ᵀˢ̂	tŝ	270	1	綴り内の文字	1	tili
andromed	PIV	木ᴬᴰ	ad	270	3	綴り内の文字	5	anon
angostur	PIV	木ᴬˢ	as	270	2	綴り内の文字	3	anon
akvifoli	PIV	木ᴬᶠ	af	270	1	綴り内の文字	2	anon
anakardi	PIV	木ᴬᴺᴬᴷ	anak	270	1	接頭辞	1	anon
artokarp	PIV	木ᴬᴾ	ap	270	1	綴り内の文字	1	anon
bugenvil	PIV	木ᴮⱽ	bv	270	1	綴り内の文字	2	berberis
ceratoni	PIV	木ᶜᴱ	ce	270	1	接頭辞	9	ceib
dalbergi	PIV	木ᴰᴮ	db	270	1	綴り内の文字	1	der
dipterik	PIV	木ᴰᴾ	dp	270	1	先頭+子音	2	der
fortunel	PIV	木ᶠᴿ	fr	270	1	先頭+子音	5	flog
gau^lteri	PIV	木ᴳᵁ̆	gŭ	270	1	綴り内の文字	1	gnet
jaborand	PIV	木ᴶᴮ	jb	270	1	先頭+子音	3	jambos
jakarand	PIV	木ᴶᴷ	jk	270	1	先頭+子音	1	jambos
kalitris	PIV	木ᴷᴬᴸ	kal	270	1	接頭辞	5	ksil
kamerops	PIV	木ᴷᴬᴹ	kam	270	1	接頭辞	3	ksil
kaskaril	PIV	木ᴷᴬˢᴷ	kask	270	1	接頭辞	1	ksil
kazuaren	PIV	木ᴷᴬᶻ	kaz	270	1	接頭辞	1	ksil
kopaifer	PIV	木ᴷᴼᴾ	kop	270	1	接頭辞	3	ksil
ksiloste	PIV	木ᴷˢᴵ	ksi	270	1	接頭辞	5	ksil
mangifer	PIV	木ᴹᶠ	mf	270	1	綴り内の文字	1	muskat
manilkar	PIV	木ᴹᴬ	ma	270	1	接頭辞	11	muskat
melaleu^k	PIV	木ᴹᵁ̆	mŭ	270	1	綴り内の文字	1	muskat
miristik	PIV	木ᴹᴵ	mi	270	1	接頭辞	10	muskat
miroksil	PIV	木ᴹᴵᴿ	mir	270	1	接頭辞	5	muskat
pau^lovni	PIV	木ᴾⱽ	pv	270	1	綴り内の文字	2	perse
pilokarp	PIV	木ᴾᴷ	pk	270	1	綴り内の文字	5	perse
pirakant	PIV	木ᴾᴬ	pa	270	1	綴り内の文字	14	perse
podokarp	PIV	木ᴾᴰ	pd	270	1	先頭+子音	4	perse
rambutan	PIV	木ᴿᵀ	rt	270	1	綴り内の文字	1	ro
sasafras	PIV	木ˢˢ	ss	270	1	先頭+子音	2	sorp
semekarp	PIV	木ˢᴱ	se	270	1	接頭辞	6	sorp
sterkuli	PIV	木ˢᴸ	sl	270	1	綴り内の文字	2	sorp
strofant	PIV	木ˢᴼ	so	270	1	綴り内の文字	7	sorp
klementin	PIV	木ᴷᴸᴱ	kle	270	4	接頭辞	4	ksil
kalam	PIV	木ᴷᴬᴸᴬ	kala	270	1	接頭辞	1	ksil
grosulari	PIV	木ᴳˢ	gs	270	1	綴り内の文字	1	gnet
astrakant	PIV	木ᴬˢᵀ	ast	270	1	接頭辞	3	anon
bertoleti	PIV	木ᴮᴿ	br	270	1	先頭+子音	5	berberis
brunfelsi	PIV	木ᴮᶠ	bf	270	1	綴り内の文字	1	berberis
brusoneti	PIV	木ᴮᴼ	bo	270	1	綴り内の文字	6	berberis
cezalpini	PIV	木ᶜᶻ	cz	270	1	先頭+子音	1	ceib
foradendr	PIV	木ᶠᴰ	fd	270	1	綴り内の文字	1	flog
hamamelid	PIV	木ᴴᴸ	hl	270	1	綴り内の文字	2	heve
krescenti	PIV	木ᴷᴿᴱ	kre	270	1	接頭辞	8	ksil
mangostan	PIV	木ᴹᵀ	mt	270	1	綴り内の文字	4	muskat
metroksil	PIV	木ᴹᴱ	me	270	1	接頭辞	7	muskat
pterokarp	PIV	木ᴾᴱ	pe	270	1	綴り内の文字	3	perse
terminali	PIV	木ᵀᴹ	tm	270	1	綴り内の文字	4	tili
tetraklin	PIV	木ᵀᵀ	tt	270	1	先頭+子音	2	tili
vikstremi	PIV	木ⱽᴷ	vk	270	1	先頭+子音	1	viburn
hipokastan	PIV	木ᴴˢ	hs	270	1	綴り内の文字	3	heve
cercidifil	PIV	木ᶜᶠ	cf	270	1	綴り内の文字	1	ceib
eritroksil	PIV	木ᴱᴷ	ek	270	1	綴り内の文字	4	evonim
hematoksil	PIV	木ᴴᵀ	ht	270	1	綴り内の文字	3	heve
klerodendr	PIV	木ᴷᴸᴱᴿ	kler	270	1	接頭辞	1	ksil
liriodendr	PIV	木ᴸᴰ	ld	270	1	綴り内の文字	3	lign
dipterokarp	PIV	木ᴰᵀ	dt	270	1	綴り内の文字	2	der
arktostafil	PIV	木ᴬᴼ	ao	270	1	綴り内の文字	9	anon
kameciparis	PIV	木ᴷᴬᴹᴱ	kame	270	1	接頭辞	2	ksil
likvidambar	PIV	木ᴸᴷ	lk	270	1	先頭+子音	2	lign
sekvojadendr	PIV	木ˢᴶ	sj	270	1	綴り内の文字	2	sorp
ulm	PIV	木ᵁ	u	270	1	接頭辞	1	lign
gink	PIV	木ᴳᴷ	gk	270	1	綴り内の文字	1	gnet
baobab	PIV	木ᴮᴮ	bb	270	1	先頭+子音	2	berberis
sekvoj	PIV	木ˢᴱᴷ	sek	270	1	接頭辞	4	sorp
santal	PIV	木ˢᴬᴺ	san	270	1	接頭辞	4	sorp
kinkon	PIV	木ᴷᴵᴺ	kin	270	1	接頭辞	2	ksil
mahagon	PIV	木ᴹᴴ	mh	270	1	先頭+子音	1	muskat
forsiti	PIV	木ᶠᴼ	fo	270	1	接頭辞	5	flog
gardeni	PIV	木ᴳᴱ	ge	270	1	綴り内の文字	4	gnet
eŭkalipt	PIV	木ᴱᵀ	et	270	1	綴り内の文字	5	evonim
tamarind	PIV	木ᵀᴰ	td	270	1	綴り内の文字	2	tili
palisandr	PIV	木ᴾᴬᴸ	pal	270	1	接頭辞	4	perse
kriptomeri	PIV	木ᴷᴿᴵ	kri	270	1	接頭辞	8	ksil
lagerstrom	PIV	木ᴸᴳ	lg	270	1	先頭+子音	3	lign
bombak	PIV	木棉ᴮ	b	2	2	接頭辞	1	kapok
magnoliofit	PIV	木植ᴹᴼ	mo	2	1	綴り内の文字	2	magnolifit
karik	PEJVO	木瓜ᴷ	k	3	2	接頭辞	1	papaj
cidoni	PEJVO	木瓜ᶜ	c	3	6	接頭辞	1	papaj
vermiljon	PEJVO	朱ⱽ	v	2	2	接頭辞	1	cinabr
rustik	PIV	朴ᴿ	r	2	2	接頭辞	1	naiv
ŝanc	CSV2890	机ˢ̂	ŝ	2	8	接頭辞	1	maŝin
murd	PEJVO	杀ᴹ	m	2	6	接頭辞	1	icid
hibrid	PEJVO	杂ᴴ	h	2	6	接頭辞	1	divers
aŭtoritat	CSV2890	权ᴬ	a	4	6	接頭辞	1	rajt
suveren	PEJVO	权ˢ	s	4	5	接頭辞	1	rajt
prerogativ	PEJVO	权ᴾ	p	4	1	接頭辞	1	rajt
araŭkari	PEJVO	杉ᴬᴿ	ar	2	1	接頭辞	1	abi
prunus	PEJVO	李ᴾˢ	ps	3	6	綴り内の文字	2	prun
padus	PEJVO	李ᴾᴰ	pd	3	1	先頭+子音	1	prun
anzu	PIV	杏ᴬᴺ	an	2	3	接頭辞	1	abrikot
statur	CSV2890	材ˢ	s	2	7	接頭辞	1	material
sabin	PIV	杜松ˢ	s	2	2	接頭辞	1	juniper
rododendr	PEJVO	杜鹃ᴿ	r	2	1	接頭辞	1	azale
garb	CSV2890	束ᴳ	g	3	5	接頭辞	1	fask
buked	CSV2890	束ᴮ	b	3	4	接頭辞	1	fask
striat	PEJVO	条ˢᵀ	st	3	1	接頭辞	2	stri
lat	PEJVO	条ᴸ	l	3	8	接頭辞	1	stri
tas	CSV2890	杯ᵀ	t	7	7	接頭辞	1	glas
pokal	CSV2890	杯ᴾ	p	7	6	接頭辞	1	glas
kalik	PEJVO	杯ᴷ	k	7	8	接頭辞	3	glas
kup	PEJVO	杯ᴷᴾ	kp	7	1	先頭+子音	1	kalik
sepal	PEJVO	杯ˢ	s	7	5	接頭辞	1	glas
kalikl	PEJVO	杯ᴷᴸ	kl	7	2	先頭+子音	2	kalik
eminent	CSV2890	杰ᴱ	e	3	15	接頭辞	1	hero
prod	PIV	杰ᴾ	p	3	2	接頭辞	1	hero
pini	PEJVO	松ᴾᴵ	pi	4	1	接頭辞	2	pin
cembr	PEJVO	松ᶜ	c	4	1	接頭辞	1	pin
konifer	PEJVO	松ᴷ	k	4	1	接頭辞	1	pin
zizel	PEJVO	松鼠ᶻ	z	2	1	接頭辞	1	sciur
lad	CSV2890	板ᴸ	l	8	30	接頭辞	1	plank
tabul	CSV2890	板ᵀ	t	8	49	接頭辞	1	plank
bret	CSV2890	板ᴮ	b	8	10	接頭辞	1	plank
karton	CSV2890	板ᴷ	k	8	13	接頭辞	1	plank
plak	PEJVO	板ᴾᴷ	pk	8	12	綴り内の文字	2	plank
panel	PEJVO	板ᴾᴺ	pn	8	8	先頭+子音	2	plank
slab	PIV	板ˢ	s	8	1	接頭辞	1	plank
arkt	CSV2890	极ᴬ	a	8	5	接頭辞	1	ekstrem
maksimum	CSV2890	极ᴹ	m	8	10	接頭辞	1	ekstrem
polus	PEJVO	极ᴾ	p	8	32	接頭辞	3	ekstrem
polar	PEJVO	极ᴾᴿ	pr	8	25	綴り内の文字	2	polus
ultra	PEJVO	极ᵁ	u	8	10	接頭辞	1	ekstrem
paroks	PEJVO	极ᴾᴷ	pk	8	2	綴り内の文字	1	polus
elektrod	PEJVO	极ᴱᴸ	el	8	4	接頭辞	1	ekstrem
instituci	PEJVO	构ᴵ	i	2	6	接頭辞	1	struktur
skand	PEJVO	析ˢ	s	3	2	接頭辞	1	analiz
analitik	PEJVO	析ᴬᵀ	at	3	3	綴り内の文字	1	analiz
bosk	PEJVO	林ᴮ	b	4	3	接頭辞	1	ale
forst	PEJVO	林ᶠ	f	4	7	接頭辞	1	ale
g^angal	PEJVO	林ᴳ̂	ĝ	4	1	接頭辞	1	ale
nuks	CSV2890	果ᴺ	n	24	14	接頭辞	1	frukt
frag	CSV2890	果ᶠᴳ	fg	24	9	綴り内の文字	1	frukt
rezult	CSV2890	果ᴿ	r	24	14	接頭辞	2	frukt
konsekvenc	CSV2890	果ᴷ	k	24	11	接頭辞	2	frukt
framb	CSV2890	果ᶠᴹ	fm	24	2	綴り内の文字	1	frukt
mirtel	CSV2890	果ᴹ	m	24	2	接頭辞	2	frukt
aniz	PEJVO	果ᴬ	a	24	6	接頭辞	2	frukt
citron	CSV2890	果ᶜ	c	24	12	接頭辞	1	frukt
aliz	PEJVO	果ᴬᴸ	al	24	3	接頭辞	1	aniz
lici	PEJVO	果ᴸ	l	24	2	接頭辞	2	frukt
rubus	PEJVO	果ᴿᴮ	rb	24	2	先頭+子音	1	rezult
mespil	PEJVO	果ᴹˢ	ms	24	5	先頭+子音	1	mirtel
gujav	PEJVO	果ᴳ	g	24	1	接頭辞	3	frukt
grapfrukt	PEJVO	果ᴳᴿ	gr	24	3	接頭辞	2	gujav
pampelmus	PEJVO	果ᴾ	p	24	3	接頭辞	1	frukt
silikv	PEJVO	果ˢ	s	24	1	接頭辞	1	frukt
oksikok	PEJVO	果ᴼ	o	24	1	接頭辞	1	frukt
flakurti	PEJVO	果ᶠᴸ	fl	24	1	接頭辞	1	frukt
eriobotri	PEJVO	果ᴱ	e	24	1	接頭辞	1	frukt
kurm	PIV	果ᴷᴿ	kr	24	2	先頭+子音	1	konsekvenc
graviol	PIV	果ᴳᴸ	gl	24	1	綴り内の文字	1	gujav
c^erimoli	PIV	果ᶜ̂	ĉ	24	1	接頭辞	1	citron
loganber	PIV	果ᴸᴳ	lg	24	1	先頭+子音	1	lici
verg	CSV2890	枝ⱽ	v	3	13	接頭辞	1	branĉ
rabd	PIV	枝ᴿ	r	3	3	接頭辞	1	branĉ
jujub	PEJVO	枣ᴶ	j	3	4	接頭辞	1	daktil
zizif	PEJVO	枣ᶻ	z	3	3	接頭辞	1	daktil
pistol	PEJVO	枪ᴾ	p	2	6	接頭辞	1	fusil
trus	PEJVO	架ᵀ	t	7	3	接頭辞	1	rak
stabl	PEJVO	架ˢ	s	7	5	接頭辞	2	rak
c^arpent	PEJVO	架ᶜ̂	ĉ	7	8	接頭辞	2	rak
skafald	PEJVO	架ˢᴷ	sk	7	3	接頭辞	1	stabl
c^asi	PEJVO	架ᶜ̂ˢ	ĉs	7	1	先頭+子音	1	c^arpent
rau^f	PEJVO	架ᴿᵁ̆	rŭ	7	1	綴り内の文字	1	rak
stip	PEJVO	柄ˢ	s	2	2	接頭辞	1	ans
taksus	PEJVO	柏ᵀ	t	2	1	接頭辞	1	cipres
tinktur	CSV2890	染ᵀ	t	3	8	接頭辞	1	infekt
kontag^	PEJVO	染ᴷ	k	3	7	接頭辞	1	infekt
tener	CSV2890	柔ᵀ	t	3	2	接頭辞	1	mild
supl	PEJVO	柔ˢ	s	3	3	接頭辞	1	mild
komod	PEJVO	柜ᴷ	k	2	1	接頭辞	1	ŝrank
sekestr	PEJVO	查封ˢˢ	ss	3	1	綴り内の文字	3	sekvestr
sekvestraci	PEJVO	查封ˢᶜ	sc	3	1	綴り内の文字	1	sekvestr
fost	CSV2890	柱ᶠ	f	5	13	接頭辞	1	mast
kolon	CSV2890	柱ᴷ	k	5	23	接頭辞	2	mast
kegl	PEJVO	柱ᴷᴳ	kg	5	6	先頭+子音	1	kolon
pilastr	PEJVO	柱ᴾ	p	5	1	接頭辞	1	mast
stigm	PEJVO	柱头ˢ	s	2	1	接頭辞	1	kapitel
vimen	PEJVO	柳ⱽ	v	4	4	接頭辞	1	salik
tremol	PEJVO	柳ᵀ	t	4	1	接頭辞	1	salik
popl	PIV	柳ᴾ	p	4	1	接頭辞	1	salik
disel	PEJVO	柴油ᴰˢ	ds	2	1	先頭+子音	1	dizel
kakinok	PIV	柿ᴷ	k	3	3	接頭辞	1	persimon
diospir	PIV	柿ᴰ	d	3	2	接頭辞	1	persimon
hurd	PEJVO	栅ᴴ	h	2	3	接頭辞	1	krad
mark	CSV2890	标ᴹ	m	4	37	接頭辞	1	cel
etiked	PEJVO	标ᴱ	e	4	4	接頭辞	1	cel
brisur	PIV	标ᴮ	b	4	2	接頭辞	1	cel
rubrik	CSV2890	栏ᴿ	r	5	1	接頭辞	1	kolumn
barier	PEJVO	栏ᴮ	b	5	4	接頭辞	2	kolumn
parapet	PEJVO	栏ᴾ	p	5	1	接頭辞	1	kolumn
balustrad	PEJVO	栏ᴮᴸ	bl	5	1	先頭+子音	1	barier
fag	CSV2890	树ᶠ	f	4	18	接頭辞	1	arb
dendro	PIV	树ᴰ	d	4	3	接頭辞	1	arb
notofag	PIV	树ᴺ	n	4	1	接頭辞	1	arb
dendrologi	PIV	树学ᴰ	d	2	1	接頭辞	1	arbologi
bolt	PEJVO	栓ᴮ	b	5	7	接頭辞	1	kran
rigl	PEJVO	栓ᴿ	r	5	7	接頭辞	1	kran
embol	PEJVO	栓ᴱ	e	5	3	接頭辞	1	kran
dubel	PIV	栓ᴰ	d	5	2	接頭辞	1	kran
tromboz	PIV	栓症ᵀ	t	2	1	接頭辞	1	emboloz
maron	PEJVO	栗ᴹ	m	2	3	接頭辞	1	kaŝtan
gimnazi	CSV2890	校ᴳ	g	2	4	接頭辞	1	lice
sampl	PIV	样ˢᴹ	sm	3	3	先頭+子音	2	specimen
muestr	PIV	样ᴹ	m	3	2	接頭辞	1	specimen
nukle	CSV2890	核ᴺ	n	2	44	接頭辞	1	kern
nukleogami	PIV	核配ᴺᴼ	no	2	1	綴り内の文字	1	nuklegami
radikl	PIV	根ᴿᴸ	rl	2	3	綴り内の文字	1	radik
latis	PEJVO	格ᴸ	l	3	9	接頭辞	1	karakter
deklinaci	PEJVO	格ᴰ	d	3	4	接頭辞	1	karakter
lau^r	PEJVO	桂ᴸ	l	2	9	接頭辞	1	cinam
fram	PEJVO	框ᶠ	f	2	6	接頭辞	1	kadr
pupitr	PEJVO	案ᴾᴾ	pp	2	2	先頭+子音	1	projekt
dokument	CSV2890	档ᴰᴷ	dk	4	14	先頭+子音	1	dosier
arkiv	PEJVO	档ᴬ	a	4	4	接頭辞	2	dosier
arh^iv	PEJVO	档ᴬᴴ̂	aĥ	4	1	綴り内の文字	1	arkiv
aln	PEJVO	桦ᴬ	a	2	1	接頭辞	1	betul
palis	CSV2890	桩ᴾ	p	2	8	接頭辞	1	stump
barel	CSV2890	桶ᴮ	b	4	15	接頭辞	1	kuv
sitel	CSV2890	桶ˢ	s	4	2	接頭辞	1	kuv
tin	PEJVO	桶ᵀ	t	4	3	接頭辞	1	kuv
bau^	PEJVO	梁ᴮ	b	5	2	接頭辞	1	trab
c^evron	PEJVO	梁ᶜ̂	ĉ	5	2	接頭辞	1	trab
lintel	PEJVO	梁ᴸ	l	5	1	接頭辞	1	trab
patn	PIV	梁ᴾ	p	5	2	接頭辞	1	trab
mume	PIV	梅ᴹ	m	2	1	接頭辞	1	ume
pedunkl	PEJVO	梗ᴾ	p	2	3	接頭辞	1	infarkt
navet	PEJVO	梭ᴺᵀ	nt	2	1	綴り内の文字	1	naved
eskal	PEJVO	梯ᴱ	e	3	3	接頭辞	1	lift
trapez	PEJVO	梯ᵀ	t	3	4	接頭辞	1	lift
meĥanik	CSV2890	械ᴹᴴ̂	mĥ	6	1	先頭+子音	3	mekanik
meĥanism	PEJVO	械ᴹˢ	ms	6	0	綴り内の文字	2	mekanik
mekanism	PEJVO	械ᴹᴱ	me	6	0	接頭辞	6	mekanik
meh^an	PEJVO	械ᴹᴺ	mn	6	6	綴り内の文字	6	mekanik
mekan	PEJVO	械ᴹᴷ	mk	6	1	先頭+子音	4	mekanik
mekanikoterapi	PIV	械疗ᴹᴷ	mk	2	1	先頭+子音	1	meh^anoterapi
ekzamen	CSV2890	检ᴱ	e	6	31	接頭辞	1	kontrol
inspektor	CSV2890	检ᴵ	i	6	1	接頭辞	2	kontrol
detekt	PEJVO	检ᴰ	d	6	12	接頭辞	1	kontrol
inspekt	PEJVO	检ᴵᴺ	in	6	7	接頭辞	2	inspektor
skrutini	PIV	检ˢ	s	6	2	接頭辞	1	kontrol
koton	CSV2890	棉ᴷ	k	2	20	接頭辞	1	vat
rotang	PEJVO	棕ᴿ	r	3	1	接頭辞	1	palm
arek	PIV	棕ᴬ	a	3	3	接頭辞	1	palm
laŭb	CSV2890	棚ᴸ	l	6	2	接頭辞	1	bud
barak	PEJVO	棚ᴮᴿ	br	6	2	先頭+子音	1	bud
markez	PEJVO	棚ᴹ	m	6	2	接頭辞	1	bud
s^ed	PIV	棚ˢ̂	ŝ	6	3	接頭辞	1	bud
pergol	PIV	棚ᴾ	p	6	1	接頭辞	1	bud
sarkofag	PEJVO	棺ˢ	s	2	1	接頭辞	1	ĉerk
botanik	CSV2890	植ᴮ	b	5	9	接頭辞	1	plant
vegetal	CSV2890	植ⱽ	v	5	5	接頭辞	1	plant
fit	PEJVO	植ᶠ	f	5	10	接頭辞	1	plant
kriptogam	PEJVO	植ᴷ	k	5	1	接頭辞	1	plant
piper	PIV	椒ᴾᴱ	pe	2	1	綴り内の文字	1	pipr
elips	PEJVO	椭圆ᴱ	e	2	5	接頭辞	1	oval
koncept	CSV2890	概ᴷ	k	7	7	接頭辞	2	probabl
resum	PEJVO	概ᴿ	r	7	1	接頭辞	1	probabl
epitom	PEJVO	概ᴱ	e	7	3	接頭辞	1	probabl
noci	PEJVO	概ᴺ	n	7	2	接頭辞	1	probabl
sinoptik	PEJVO	概ˢ	s	7	4	接頭辞	1	probabl
kompendi	PEJVO	概ᴷᴹ	km	7	2	先頭+子音	1	koncept
sikomor	PEJVO	榕ˢ	s	2	1	接頭辞	1	fikus
punik	PIV	榴ᴾ	p	2	3	接頭辞	1	granat
limin	PIV	槛ᴸ	l	2	1	接頭辞	1	sojl
trog	PEJVO	槽ᵀ	t	5	6	接頭辞	1	fold
kanel	PEJVO	槽ᴷ	k	5	9	接頭辞	1	fold
alveol	PEJVO	槽ᴬ	a	5	6	接頭辞	1	fold
rabet	PIV	槽ᴿ	r	5	2	接頭辞	1	fold
s^ablon	PEJVO	模ˢ̂	ŝ	2	5	接頭辞	1	model
transvers	PEJVO	横ᵀ	t	2	6	接頭辞	1	horizontal
meriz	PEJVO	樱ᴹ	m	3	2	接頭辞	1	ĉeriz
sakur	PIV	樱ˢ	s	3	1	接頭辞	1	ĉeriz
glan	PEJVO	橡ᴳ	g	2	5	接頭辞	1	kverk
vizier	PEJVO	檐ⱽ	v	2	3	接頭辞	1	kornic
debet	CSV2890	欠ᴰ	d	4	5	接頭辞	2	ŝuld
osced	CSV2890	欠ᴼ	o	4	3	接頭辞	1	ŝuld
deficit	CSV2890	欠ᴰᶠ	df	4	4	先頭+子音	1	debet
sekundar	PEJVO	次ˢ	s	2	2	接頭辞	1	foj
jovial	PIV	欢ᴶ	j	2	1	接頭辞	1	gaj
apetit	CSV2890	欲ᴬ	a	2	11	接頭辞	1	dezir
regal	CSV2890	款ᴿ	r	3	4	接頭辞	1	fason
klau^z	PEJVO	款ᴷ	k	3	4	接頭辞	1	fason
tanka	PEJVO	歌ᵀ	t	2	1	接頭辞	1	uta
apne	PEJVO	止ᴬ	a	2	2	接頭辞	1	ĉes
normal	CSV2890	正ᴺ	n	4	14	接頭辞	1	ĝust
pozitiv	CSV2890	正ᴾ	p	4	25	接頭辞	1	ĝust
legitim	PEJVO	正ᴸ	l	4	7	接頭辞	1	ĝust
emetrop	PIV	正视ᴱᴹ	em	2	1	接頭辞	2	eu^metrop
cis	PEJVO	此ᶜ	c	2	2	接頭辞	1	c^i
marŝ	CSV2890	步ᴹ	m	3	11	接頭辞	1	paŝ
promen	CSV2890	步ᴾᴿ	pr	3	10	接頭辞	1	paŝ
nekr	PEJVO	死ᴺ	n	3	5	接頭辞	1	mort
letal	PIV	死ᴸ	l	3	1	接頭辞	1	mort
kripl	CSV2890	残ᴷᴾ	kp	3	6	綴り内の文字	1	kruel
mutil	PIV	残ᴹ	m	3	1	接頭辞	1	kruel
prolifer	PIV	殖ᴾ	p	3	3	接頭辞	2	koloni
pulul	PIV	殖ᴾᴸ	pl	3	1	先頭+子音	2	prolifer
epizod	CSV2890	段ᴱᴾ	ep	4	3	接頭辞	2	etap
segment	PEJVO	段ˢ	s	4	5	接頭辞	1	etap
metamer	PIV	段ᴹ	m	4	2	接頭辞	1	etap
virus	CSV2890	毒ⱽᴿ	vr	6	13	先頭+子音	2	venen
toks	PEJVO	毒ᵀ	t	6	21	接頭辞	2	venen
toksin	PEJVO	毒ᵀᴺ	tn	6	5	綴り内の文字	1	toks
virulent	PEJVO	毒ⱽᴸ	vl	6	3	綴り内の文字	1	venen
ebol	PEJVO	毒ᴱ	e	6	1	接頭辞	1	venen
virusologi	PIV	毒学ⱽ	v	2	1	接頭辞	1	toksologi
virusolog	PIV	毒学家ⱽ	v	2	1	接頭辞	1	toksolog
furunk	PEJVO	毒疮ᶠ	f	3	2	接頭辞	1	s^ankr
karbunkl	PEJVO	毒疮ᴷ	k	3	2	接頭辞	1	s^ankr
vipur	PEJVO	毒蛇ⱽᵁ	vu	2	2	綴り内の文字	1	viper
proporci	CSV2890	比ᴾ	p	3	14	接頭辞	1	ol
rati	PIV	比ᴿ	r	3	1	接頭辞	1	ol
fles	PEJVO	比目鱼ᶠ	f	4	1	接頭辞	1	pleu^ronekt
limand	PEJVO	比目鱼ᴸ	l	4	1	接頭辞	1	pleu^ronekt
plates	PEJVO	比目鱼ᴾᵀ	pt	4	1	綴り内の文字	2	pleu^ronekt
lan	CSV2890	毛ᴸ	l	2	27	接頭辞	1	har
trih^ofit	PIV	毛癣菌ᵀᴴ̂	tĥ	2	1	綴り内の文字	1	trikofit
milimetr	PEJVO	毫ᴹᴹ	mm	2	0	綴り内の文字	1	mili
civil	CSV2890	民ᶜ	c	5	30	接頭辞	1	popol
demokrati	PEJVO	民ᴰ	d	5	13	接頭辞	2	popol
demokrat	CSV2890	民ᴰᴱ	de	5	12	接頭辞	2	demokrati
pleb	PEJVO	民ᴾᴸ	pl	5	2	接頭辞	2	popol
gas	CSV2890	气ᴳ	g	17	84	接頭辞	1	aer
odor	CSV2890	气ᴼ	o	17	26	接頭辞	1	aer
veter	CSV2890	气ⱽ	v	17	20	接頭辞	1	aer
atmosfer	CSV2890	气ᴬᵀ	at	17	10	接頭辞	1	aer
meteo	PEJVO	气ᴹ	m	17	9	接頭辞	1	aer
pneu^mat	PEJVO	气ᴾ	p	17	3	接頭辞	2	aer
pneu^matik	PEJVO	气ᴾᴷ	pk	17	4	綴り内の文字	1	pneu^mat
heli	PEJVO	气ᴴ	h	17	1	接頭辞	2	aer
neon	PEJVO	气ᴺ	n	17	1	接頭辞	2	aer
argon	PEJVO	气ᴬᴳ	ag	17	1	綴り内の文字	1	aer
radon	PEJVO	气ᴿ	r	17	1	接頭辞	1	aer
fluor	PEJVO	气ᶠ	f	17	1	接頭辞	1	aer
helium	PEJVO	气ᴴᴹ	hm	17	1	綴り内の文字	1	heli
kripton	PEJVO	气ᴷ	k	17	1	接頭辞	2	aer
niton	PEJVO	气ᴺᵀ	nt	17	1	先頭+子音	1	neon
ksenon	PIV	气ᴷˢ	ks	17	1	接頭辞	1	kripton
aerologi	PIV	气学ᴬ	a	4	1	接頭辞	2	meteologi
meteorologi	PIV	气学ᴹᴿ	mr	4	1	綴り内の文字	1	meteologi
atmosferologi	PIV	气学ᴬᵀ	at	4	1	接頭辞	1	aerologi
aerolog	PIV	气学家ᴬ	a	3	1	接頭辞	1	meteolog
meteorolog	PIV	气学家ᴹᴿ	mr	3	1	綴り内の文字	1	meteolog
gasogen	PIV	气生ᴳ	g	2	1	接頭辞	1	aerobi
trah^e	PEJVO	气管ᵀᴴ̂	tĥ	2	3	綴り内の文字	1	trake
trakeotomi	PIV	气管切ᵀᴷ	tk	2	1	綴り内の文字	1	trah^eotomi
trakeit	PIV	气管炎ᵀᴷ	tk	2	1	綴り内の文字	1	trah^eit
aerometr	PIV	气计ᴬ	a	4	1	接頭辞	2	gasmetr
gasometr	PIV	气计ᴳᴼ	go	4	1	綴り内の文字	1	gasmetr
atmometr	PIV	气计ᴬᵀ	at	4	1	接頭辞	2	aerometr
azot	PEJVO	氮ᴬ	a	2	3	接頭辞	1	nitr
nitrit	PIV	氮盐ᴺᴵ	ni	2	1	接頭辞	2	nitrat
klorit	PIV	氯盐ᴷᴵ	ki	2	1	綴り内の文字	1	klorat
hidr	文法層	水ᴴ	h	3	63	接頭辞	1	akv
merkred	CSV2890	水ᴹ	m	3	4	接頭辞	1	akv
jonkvil	PEJVO	水仙ᴶ	j	2	1	接頭辞	1	narcis
betonik	PEJVO	水苏ᴮ	b	2	1	接頭辞	1	staki
most	PEJVO	汁ᴹ	m	2	2	接頭辞	1	suk
postul	CSV2890	求ᴾˢ	ps	3	16	先頭+子音	1	pet
petici	PEJVO	求ᴾᶜ	pc	3	2	綴り内の文字	1	pet
kambi	PEJVO	汇ᴷ	k	3	6	接頭辞	2	trat
konverg^	PEJVO	汇ᴷᴺ	kn	3	8	先頭+子音	1	kambi
h^an	PEJVO	汗ᴴ̂	ĥ	2	3	接頭辞	1	ŝvit
polu	PEJVO	污ᴾ	p	2	23	接頭辞	1	makul
sediment	PEJVO	沉ˢ	s	4	10	接頭辞	2	merg
sink	PEJVO	沉ˢᴺ	sn	4	3	先頭+子音	2	sediment
precipit	PEJVO	沉ᴾ	p	4	4	接頭辞	1	merg
kloak	PEJVO	沟ᴷ	k	3	10	接頭辞	1	sulk
tranc^e	PEJVO	沟ᵀ	t	3	2	接頭辞	1	sulk
pec^	PEJVO	沥青ᴾ	p	3	7	接頭辞	1	asfalt
bitum	PEJVO	沥青ᴮ	b	3	6	接頭辞	1	asfalt
potam	PIV	河ᴾ	p	2	1	接頭辞	1	river
petrol	CSV2890	油ᴾ	p	2	23	接頭辞	1	ole
kolz	PEJVO	油菜ᴷ	k	2	2	接頭辞	1	nap
krat	PEJVO	治ᴷ	k	5	5	接頭辞	2	reg
regi	PEJVO	治ᴿᴵ	ri	5	3	綴り内の文字	1	reg
domin	PEJVO	治ᴰ	d	5	9	接頭辞	1	reg
krati	PEJVO	治ᴷᴵ	ki	5	3	綴り内の文字	1	krat
metod	CSV2890	法ᴹ	m	4	17	接頭辞	2	jur
rimed	CSV2890	法ᴿ	r	4	14	接頭辞	1	jur
metodik	PEJVO	法ᴹᴷ	mk	4	2	綴り内の文字	1	metod
bobel	PEJVO	泡ᴮ	b	5	5	接頭辞	2	ampol
infuz	PEJVO	泡ᴵ	i	5	5	接頭辞	1	ampol
efervesk	PEJVO	泡ᴱ	e	5	3	接頭辞	1	ampol
blaz	PIV	泡ᴮᴸ	bl	5	3	接頭辞	2	bobel
s^lim	PEJVO	泥ˢ̂	ŝ	3	12	接頭辞	1	kot
pure	PEJVO	泥ᴾ	p	3	3	接頭辞	1	kot
injekt	CSV2890	注ᴵ	i	5	7	接頭辞	1	atent
komentari	CSV2890	注ᴷ	k	5	4	接頭辞	1	atent
glos	PEJVO	注ᴳ	g	5	6	接頭辞	1	atent
skoli	PIV	注ˢ	s	5	2	接頭辞	1	atent
diare	PEJVO	泻ᴰ	d	2	1	接頭辞	1	laks
bapt	CSV2890	洗ᴮ	b	3	22	接頭辞	1	lav
deterg	PEJVO	洗ᴰ	d	3	2	接頭辞	1	lav
kavern	CSV2890	洞ᴷᴿ	kr	6	11	綴り内の文字	1	kav
grot	CSV2890	洞ᴳ	g	6	1	接頭辞	1	kav
sinus	PEJVO	洞ˢ	s	6	9	接頭辞	2	kav
spele	PEJVO	洞ˢᴾ	sp	6	3	接頭辞	1	sinus
antr	PIV	洞ᴬ	a	6	1	接頭辞	1	kav
vigl	CSV2890	活ⱽᴳ	vg	3	18	先頭+子音	1	viv
aktiv	CSV2890	活ᴬ	a	3	40	接頭辞	1	viv
sekt	PEJVO	派ˢ	s	5	6	接頭辞	2	deput
deriv	PEJVO	派ᴰᴿ	dr	5	13	先頭+子音	1	deput
skol	PEJVO	派ˢᴸ	sl	5	4	綴り内の文字	1	sekt
konfesi	PEJVO	派ᴷ	k	5	2	接頭辞	1	deput
reo	PEJVO	流ᴿ	r	2	2	接頭辞	1	flu
morter	PEJVO	浆ᴹ	m	2	3	接頭辞	1	plasm
metri	PEJVO	测ᴹᵀ	mt	5	60	先頭+子音	1	mezur
bir	PEJVO	测ᴮ	b	5	6	接頭辞	1	mezur
gau^g^	PEJVO	测ᴳ	g	5	5	接頭辞	1	mezur
test	PEJVO	测ᵀ	t	5	4	接頭辞	1	mezur
pelag	PIV	浮ᴾ	p	2	3	接頭辞	1	bu
eh^in	PIV	海胆ᴱᴴ̂	eĥ	2	2	接頭辞	1	ekin
rosmar	PEJVO	海豹ᴿ	r	2	1	接頭辞	1	fok
ru	PEJVO	浸ᴿ	r	7	2	接頭辞	1	tremp
macer	PEJVO	浸ᴹ	m	7	6	接頭辞	2	tremp
marin	PEJVO	浸ᴹᴿ	mr	7	4	先頭+子音	2	macer
perkol	PEJVO	浸ᴾ	p	7	6	接頭辞	1	tremp
infiltr	PIV	浸ᴵ	i	7	2	接頭辞	2	tremp
impregn	PIV	浸ᴵᴹ	im	7	2	接頭辞	1	infiltr
stuk	PEJVO	涂ˢ	s	2	7	接頭辞	1	ŝmir
koncern	CSV2890	涉ᴷ	k	4	8	接頭辞	1	vad
padel	PEJVO	涉ᴾ	p	4	3	接頭辞	1	vad
interfer	PEJVO	涉ᴵ	i	4	8	接頭辞	1	vad
turbin	PEJVO	涡ᵀ	t	3	12	接頭辞	1	kirl
vortic	PEJVO	涡ⱽ	v	3	2	接頭辞	1	kirl
limf	PEJVO	淋ᴸ	l	5	15	接頭辞	2	duŝ
limfat	PEJVO	淋ᴸᵀ	lt	5	3	綴り内の文字	1	limf
elu	PIV	淋ᴱ	e	5	4	接頭辞	2	duŝ
eluvi	PIV	淋ᴱⱽ	ev	5	6	綴り内の文字	1	elu
flegm	PEJVO	淡ᶠᴸ	fl	3	4	接頭辞	1	fad
pas^tel	PEJVO	淡ᴾ	p	3	4	接頭辞	1	fad
kongest	PEJVO	淤ᴷ	k	2	3	接頭辞	1	aluvi
obscen	PEJVO	淫ᴼ	o	3	3	接頭辞	1	porn
lasciv	PIV	淫ᴸ	l	3	1	接頭辞	1	porn
sinkret	PEJVO	混ˢ	s	2	2	接頭辞	1	miks
h^aos	PEJVO	混乱ᴴ̂	ĥ	2	2	接頭辞	1	kaos
net	CSV2890	清ᴺ	n	3	19	接頭辞	1	klar
likvid	PEJVO	清ᴸ	l	3	12	接頭辞	1	klar
eksud	PEJVO	渗ᴱ	e	3	3	接頭辞	1	osmoz
sufuz	PIV	渗ˢ	s	3	2	接頭辞	1	osmoz
osmozometr	PIV	渗计ᴼᴼ	oo	2	1	綴り内の文字	2	osmozmetr
kanalizaci	PIV	渠ᴷᶻ	kz	2	1	綴り内の文字	1	kanal
skori	PEJVO	渣ˢ	s	4	2	接頭辞	1	feĉ
rekrement	PEJVO	渣ᴿ	r	4	5	接頭辞	1	feĉ
s^lak	PEJVO	渣ˢ̂	ŝ	4	1	接頭辞	1	skori
termi	PEJVO	温ᵀᴿ	tr	3	5	先頭+子音	2	temperatur
tepid	PEJVO	温ᵀᴾ	tp	3	2	先頭+子音	2	temperatur
aspir	PEJVO	渴ᴬ	a	3	4	接頭辞	1	soif
dipso	PIV	渴ᴰ	d	3	2	接頭辞	1	soif
turism	CSV2890	游ᵀ	t	4	18	接頭辞	2	naĝ
ekskurs	CSV2890	游ᴱ	e	4	7	接頭辞	1	naĝ
tramp	PEJVO	游ᵀᴹ	tm	4	2	綴り内の文字	2	turism
gveril	PEJVO	游击ᴳⱽ	gv	2	1	接頭辞	1	geril
sinu	PIV	湾ˢ	s	2	3	接頭辞	1	golf
higr	PEJVO	湿ᴴᴳ	hg	2	5	先頭+子音	1	humid
genez	PEJVO	源ᴳ	g	4	32	接頭辞	1	origin
etim	PEJVO	源ᴱ	e	4	5	接頭辞	1	origin
deven	PEJVO	源ᴰ	d	4	4	接頭辞	1	origin
ski	CSV2890	滑ˢ	s	7	12	接頭辞	4	glit
glat	CSV2890	滑ᴳᴬ	ga	7	14	綴り内の文字	1	glit
sinovi	PEJVO	滑ˢᴺ	sn	7	4	先頭+子音	1	ski
s^us	PIV	滑ˢ̂	ŝ	7	3	接頭辞	1	ski
sket	PIV	滑ˢᵀ	st	7	5	綴り内の文字	2	ski
skut	PIV	滑ˢᵁ	su	7	2	綴り内の文字	1	ski
histerez	PEJVO	滞ᴴ	h	3	3	接頭辞	1	stagn
staz	PIV	滞ˢᶻ	sz	3	8	綴り内の文字	1	stagn
kontent	CSV2890	满ᴷ	k	2	18	接頭辞	1	plen
strand	PEJVO	滩ˢ	s	2	1	接頭辞	1	plag^
vernis	PEJVO	漆ⱽ	v	3	4	接頭辞	1	lak
urus^i	PIV	漆ᵁ	u	3	2	接頭辞	1	lak
stomi	PEJVO	漏ˢ	s	2	2	接頭辞	1	lik
latent	PEJVO	潜ᴸ	l	2	6	接頭辞	1	plonĝ
kolimb	PEJVO	潜鸟ᴷ	k	4	1	接頭辞	1	gavi
greb	PIV	潜鸟ᴳᴿ	gr	4	2	接頭辞	1	gavi
podicip	PIV	潜鸟ᴾ	p	4	2	接頭辞	1	gavi
delikvesk	PIV	潮解ᴰ	d	2	1	接頭辞	1	likvesk
stimul	CSV2890	激ˢ	s	2	9	接頭辞	1	ekscit
stimulin	PIV	激素ˢ	s	2	2	接頭辞	1	hormon
arbed	PEJVO	灌木ᴬᴰ	ad	2	1	綴り内の文字	1	arbust
mard	CSV2890	火ᴹ	m	2	4	接頭辞	1	fajr
musket	PEJVO	火枪ᴹᵀ	mt	2	2	綴り内の文字	1	musked
pirosulfit	PIV	火硫盐ᴾᴵ	pi	2	1	接頭辞	2	pirosulfat
lucern	PEJVO	灯ᴸᶜ	lc	2	2	先頭+子音	1	lamp
kalk	CSV2890	灰ᴷ	k	3	21	接頭辞	1	griz
cindr	CSV2890	灰ᶜ	c	3	22	接頭辞	1	griz
spiritual	PEJVO	灵ˢᴸ	sl	2	2	綴り内の文字	1	spirit
plag	CSV2890	灾ᴾ	p	4	2	接頭辞	1	katastrof
kataklism	PEJVO	灾ᴷᴷ	kk	4	1	綴り内の文字	1	katastrof
sinistr	PIV	灾ˢ	s	4	3	接頭辞	1	katastrof
kamen	CSV2890	炉ᴷ	k	7	10	接頭辞	2	forn
stov	CSV2890	炉ˢ	s	7	3	接頭辞	1	forn
kalorifer	PEJVO	炉ᴷᴸ	kl	7	1	先頭+子音	1	kamen
mufl	PEJVO	炉ᴹ	m	7	2	接頭辞	1	forn
fornel	PEJVO	炉ᶠᴸ	fl	7	4	綴り内の文字	1	forn
etuv	PIV	炉ᴱ	e	7	2	接頭辞	1	forn
inflam	PEJVO	炎ᴵ	i	3	25	接頭辞	1	katar
koriz	PIV	炎ᴷᴿ	kr	3	1	先頭+子音	2	katar
bravur	PIV	炫ᴮ	b	2	2	接頭辞	1	parad
brag^	PEJVO	炭ᴮ	b	2	2	接頭辞	1	karb
petard	PEJVO	炮ᴾ	p	2	2	接頭辞	1	kanon
dinamit	CSV2890	炸ᴰ	d	2	2	接頭辞	1	frit
poent	CSV2890	点ᴾᵀ	pt	3	4	綴り内の文字	2	punkt
desert	CSV2890	点ᴰ	d	3	4	接頭辞	1	punkt
afinaci	PIV	炼ᴬ	a	2	2	接頭辞	1	kupel
alh^emi	PEJVO	炼金ᴬᴴ̂	aĥ	2	1	綴り内の文字	1	alkemi
tabak	CSV2890	烟ᵀ	t	5	15	接頭辞	1	fum
cigared	CSV2890	烟ᶜ	c	5	7	接頭辞	2	fum
cigar	CSV2890	烟ᶜᴵ	ci	5	1	接頭辞	2	cigared
nikotian	PEJVO	烟ᴺ	n	5	1	接頭辞	1	fum
rost	CSV2890	烤ᴿ	r	3	27	接頭辞	1	bak
graten	PEJVO	烤ᴳ	g	3	6	接頭辞	1	bak
agac	PEJVO	烦ᴬ	a	2	4	接頭辞	1	ted
kalcin	PEJVO	烧ᴷ	k	2	3	接頭辞	1	febr
brog	PEJVO	烫ᴮ	b	2	4	接頭辞	1	glad
term	CSV2890	热ᵀ	t	7	61	接頭辞	2	hejt
ard	CSV2890	热ᴬ	a	7	14	接頭辞	1	hejt
fervor	CSV2890	热ᶠ	f	7	8	接頭辞	2	hejt
entuziasm	CSV2890	热ᴱ	e	7	9	接頭辞	1	hejt
furor	PEJVO	热ᶠᴿ	fr	7	7	先頭+子音	2	fervor
termik	PEJVO	热ᵀᴷ	tk	7	9	綴り内の文字	1	term
gastronomi	PEJVO	烹ᴳ	g	3	0	接頭辞	1	kuir
kulinar	PEJVO	烹ᴷᴸ	kl	3	1	先頭+子音	1	kuir
veld	PEJVO	焊ⱽ	v	2	5	接頭辞	1	lut
ilumin	PEJVO	照ᴵ	i	3	10	接頭辞	2	fotograf
iluminaci	PIV	照ᴵᶜ	ic	3	1	綴り内の文字	1	ilumin
stuf	PEJVO	煮ˢ	s	4	6	接頭辞	1	poc^
frikas	PEJVO	煮ᶠ	f	4	2	接頭辞	1	poc^
brez	PIV	煮ᴮ	b	4	3	接頭辞	1	poc^
demagogi	PEJVO	煽动ᴰᴵ	di	2	2	綴り内の文字	1	demagog
familiar	CSV2890	熟ᶠ	f	2	8	接頭辞	1	matur
fuel	PEJVO	燃ᶠ	f	2	1	接頭辞	1	brul
klik	PEJVO	爪ᴷ	k	2	11	接頭辞	1	ung
grimp	CSV2890	爬ᴳ	g	3	19	接頭辞	1	ramp
krabl	PEJVO	爬ᴷ	k	3	2	接頭辞	1	ramp
reptili	PEJVO	爬虫ᴿ	r	2	1	接頭辞	1	sau^r
patri	PIV	父ᴾᴵ	pi	2	1	綴り内の文字	1	patr
lamen	CSV2890	片ᴸ	l	4	14	接頭辞	2	pec
split	CSV2890	片ˢ	s	4	8	接頭辞	1	pec
lamel	PIV	片ᴸᴸ	ll	4	1	綴り内の文字	1	lamen
format	CSV2890	版ᶠ	f	2	12	接頭辞	1	versi
medalion	PEJVO	牌ᴹᴺ	mn	2	1	綴り内の文字	1	medal
zebu	PEJVO	牛ᶻ	z	4	1	接頭辞	1	bov
oks	PIV	牛ᴼ	o	4	2	接頭辞	1	bov
poefag	PIV	牛ᴾ	p	4	1	接頭辞	1	bov
bagn	PIV	牢ᴮ	b	2	1	接頭辞	1	karcer
pastr	CSV2890	牧ᴾˢ	ps	4	14	先頭+子音	2	paŝt
nomad	PEJVO	牧ᴺ	n	4	5	接頭辞	1	paŝt
pastor	PEJVO	牧ᴾᴼ	po	4	1	綴り内の文字	1	paŝt
medikag	PEJVO	牧草ᴹ	m	3	3	接頭辞	1	gres
luzern	PEJVO	牧草ᴸ	l	3	1	接頭辞	1	gres
objekt	CSV2890	物ᴼ	o	2	30	接頭辞	1	aĵ
fizi	PEJVO	物理ᶠᴵ	fi	2	8	接頭辞	2	fizik
ekstr	CSV2890	特ᴱ	e	6	6	接頭辞	1	special
specif	CSV2890	特ˢᶠ	sf	6	9	綴り内の文字	2	special
trajt	CSV2890	特ᵀ	t	6	1	接頭辞	1	special
karakteriz	PEJVO	特ᴷ	k	6	0	接頭辞	1	special
specifik	PEJVO	特ˢᴷ	sk	6	1	綴り内の文字	1	special
koncesi	PEJVO	特许ᴷ	k	2	6	接頭辞	1	patent
tapir	PEJVO	犀ᵀ	t	2	1	接頭辞	1	rinocer
ŝpic	PEJVO	犬ˢ̂	ŝ	11	1	接頭辞	1	hund
dog	PEJVO	犬ᴰ	d	11	2	接頭辞	1	hund
mops	PEJVO	犬ᴹ	m	11	1	接頭辞	1	hund
pudel	PEJVO	犬ᴾ	p	11	1	接頭辞	1	hund
buldog	PEJVO	犬ᴮ	b	11	1	接頭辞	1	hund
grifon	PEJVO	犬ᴳ	g	11	1	接頭辞	1	hund
vertag	PEJVO	犬ⱽ	v	11	1	接頭辞	1	hund
laniari	PEJVO	犬ᴸ	l	11	1	接頭辞	1	hund
niktereu^t	PEJVO	犬ᴺ	n	11	1	接頭辞	1	hund
kanis	PIV	犬ᴷ	k	11	1	接頭辞	1	hund
delir	CSV2890	狂ᴰ	d	9	6	接頭辞	1	mani
frenez	CSV2890	狂ᶠ	f	9	14	接頭辞	3	mani
furioz	CSV2890	狂ᶠᶻ	fz	9	9	綴り内の文字	2	frenez
lunatik	PEJVO	狂ᴸ	l	9	1	接頭辞	1	mani
rabi	PEJVO	狂ᴿ	r	9	6	接頭辞	1	mani
fanatik	PEJVO	狂ᶠᴺ	fn	9	5	先頭+子音	2	frenez
histeri	PEJVO	狂ᴴ	h	9	3	接頭辞	1	mani
amok	PIV	狂ᴬ	a	9	1	接頭辞	1	mani
apart	CSV2890	独ᴬ	a	2	13	接頭辞	1	unik
gehen	PEJVO	狱ᴳ	g	4	3	接頭辞	1	infer
prizon	PEJVO	狱ᴾ	p	4	4	接頭辞	1	infer
narak	PEJVO	狱ᴺ	n	4	1	接頭辞	1	infer
kojot	PEJVO	狼ᴷ	k	2	1	接頭辞	1	lup
pred	PEJVO	猎ᴾ	p	2	5	接頭辞	1	ĉas
konjekt	CSV2890	猜ᴷ	k	3	5	接頭辞	1	diven
spekulativ	PEJVO	猜ˢ	s	3	3	接頭辞	1	diven
c^impanz	PEJVO	猩ᶜ̂	ĉ	2	1	接頭辞	1	goril
apr	CSV2890	猪ᴬ	a	6	3	接頭辞	1	pork
pekari	PEJVO	猪ᴾᴷ	pk	6	1	先頭+子音	2	pork
babirus	PEJVO	猪ᴮ	b	6	1	接頭辞	1	pork
fakoc^er	PEJVO	猪ᶠ	f	6	1	接頭辞	1	pork
su	PIV	猪ˢ	s	6	1	接頭辞	1	pork
felis	PEJVO	猫ᶠ	f	3	1	接頭辞	2	kat
feloid	PEJVO	猫ᶠᴰ	fd	3	1	綴り内の文字	1	felis
otus	PEJVO	猫头鹰ᴼ	o	3	1	接頭辞	1	strig
noktu	PEJVO	猫头鹰ᴺ	n	3	1	接頭辞	1	strig
dediĉ	CSV2890	献ᴰ	d	3	6	接頭辞	1	ofer
konsekr	PEJVO	献ᴷ	k	3	4	接頭辞	1	ofer
makak	PEJVO	猴ᴹᴷ	mk	32	1	先頭+子音	1	magot
pavian	PEJVO	猴ᴾⱽ	pv	32	1	先頭+子音	1	piteci
orangutang	PEJVO	猴ᴼᴳ	og	32	1	綴り内の文字	2	orangutan
aot	PIV	猴ᴬ	a	32	1	接頭辞	4	ceb
atel	PIV	猴ᴬᴸ	al	32	1	綴り内の文字	3	aot
titi	PIV	猴ᵀ	t	32	1	接頭辞	2	ceb
resus	PIV	猴ᴿ	r	32	2	接頭辞	1	ceb
hapal	PIV	猴ᴴ	h	32	1	接頭辞	2	ceb
kolob	PIV	猴ᴷ	k	32	1	接頭辞	3	ceb
aluat	PIV	猴ᴬᵀ	at	32	1	綴り内の文字	4	aot
entel	PIV	猴ᴱ	e	32	1	接頭辞	1	ceb
gibon	PIV	猴ᴳ	g	32	1	接頭辞	2	ceb
indri	PIV	猴ᴵ	i	32	1	接頭辞	1	ceb
loris	PIV	猴ᴸ	l	32	1	接頭辞	2	ceb
magot	PIV	猴ᴹ	m	32	1	接頭辞	3	ceb
tarsi	PIV	猴ᵀᴿ	tr	32	1	先頭+子音	1	titi
galag	PIV	猴ᴳᴸ	gl	32	1	先頭+子音	1	gibon
hulman	PIV	猴ᴴᴸ	hl	32	1	先頭+子音	2	hapal
piteci	PIV	猴ᴾ	p	32	1	接頭辞	5	ceb
kaliceb	PIV	猴ᴷᶜ	kc	32	1	綴り内の文字	1	kolob
mandril	PIV	猴ᴹᴺ	mn	32	1	先頭+子音	1	magot
presbit	PIV	猴ᴾᴿ	pr	32	1	接頭辞	2	piteci
sajmiri	PIV	猴ˢ	s	32	1	接頭辞	2	ceb
lagotrik	PIV	猴ᴸᴳ	lg	32	1	先頭+子音	1	loris
kalitriks	PIV	猴ᴷᵀ	kt	32	1	綴り内の文字	1	kolob
orangutan	PIV	猴ᴼ	o	32	1	接頭辞	2	ceb
parantrop	PIV	猴ᴾᴺ	pn	32	1	綴り内の文字	2	piteci
simfalang	PIV	猴ˢᴹ	sm	32	1	先頭+子音	2	sajmiri
cerkopitek	PIV	猴ᶜᴿ	cr	32	1	先頭+子音	1	ceb
au^stralopitek	PIV	猴ᴬᵁ̆	aŭ	32	1	接頭辞	1	aot
pitek	PIV	猴ᴾᴷ	pk	32	1	綴り内の文字	1	piteci
aktinidi	PIV	猴桃ᴬ	a	2	2	接頭辞	1	kiv
susceptibl	PEJVO	率ˢ	s	2	2	接頭辞	1	procent
jad	PEJVO	玉ᴶ	j	4	2	接頭辞	3	gem
jasp	PEJVO	玉ᴶˢ	js	4	4	先頭+子音	2	jad
jaspis	PEJVO	玉ᴶᴾ	jp	4	1	綴り内の文字	2	jad
rag^	PEJVO	王ᴿᴬ	ra	4	2	接頭辞	3	reĝ
rojal	PEJVO	王ᴿᴶ	rj	4	2	先頭+子音	1	reĝ
raj^a	PEJVO	王ᴿᴶ̂	rĵ	4	1	先頭+子音	1	rojal
petol	CSV2890	玩ᴾ	p	2	11	接頭辞	1	lud
cikl	CSV2890	环ᶜ	c	5	42	接頭辞	2	ring
cirkul	CSV2890	环ᶜᴿ	cr	5	8	先頭+子音	1	cikl
bracelet	CSV2890	环ᴮ	b	5	2	接頭辞	1	ring
tor	PEJVO	环ᵀ	t	5	2	接頭辞	1	ring
aper	CSV2890	现ᴬ	a	6	19	接頭辞	2	nun
modern	CSV2890	现ᴹ	m	6	10	接頭辞	1	nun
aktual	CSV2890	现ᴬᴷ	ak	6	10	接頭辞	1	aper
fenomen	CSV2890	现ᶠ	f	6	22	接頭辞	1	nun
kontant	CSV2890	现ᴷ	k	6	8	接頭辞	1	nun
glac	PEJVO	玻ᴳ	g	3	2	接頭辞	1	vitr
vitre	PIV	玻ⱽᴱ	ve	3	2	綴り内の文字	1	vitr
glob	CSV2890	球ᴳ	g	8	37	接頭辞	2	pilk
sfer	CSV2890	球ˢ	s	8	29	接頭辞	1	pilk
bulb	CSV2890	球ᴮ	b	8	14	接頭辞	3	pilk
balon	CSV2890	球ᴮᴺ	bn	8	9	綴り内の文字	1	bulb
futbal	CSV2890	球ᶠ	f	8	6	接頭辞	1	pilk
bulbil	PEJVO	球ᴮᴸ	bl	8	1	先頭+子音	3	bulb
glomerul	PIV	球ᴳᴹ	gm	8	2	綴り内の文字	1	glob
raci	CSV2890	理ᴿ	r	5	11	接頭辞	2	prav
trakt	CSV2890	理ᵀ	t	5	17	接頭辞	1	prav
logik	CSV2890	理ᴸ	l	5	6	接頭辞	1	prav
racional	PEJVO	理ᴿᴺ	rn	5	9	綴り内の文字	1	raci
lir	PEJVO	琴ᴸ	l	9	5	接頭辞	1	pian
harp	PEJVO	琴ᴴ	h	9	5	接頭辞	2	pian
orgen	PEJVO	琴ᴼ	o	9	4	接頭辞	1	pian
harmonik	PEJVO	琴ᴴᴹ	hm	9	7	綴り内の文字	1	harp
citr	PEJVO	琴ᶜ	c	9	2	接頭辞	1	pian
violon	CSV2890	琴ⱽ	v	9	5	接頭辞	1	pian
gitar	CSV2890	琴ᴳ	g	9	1	接頭辞	1	pian
fortepian	PEJVO	琴ᶠ	f	9	1	接頭辞	1	pian
kukum	CSV2890	瓜ᴷ	k	17	3	接頭辞	4	melon
kukurb	CSV2890	瓜ᴷᴿ	kr	17	9	綴り内の文字	1	kukum
luf	PEJVO	瓜ᴸ	l	17	1	接頭辞	2	melon
melopep	PEJVO	瓜ᴹᴾ	mp	17	1	綴り内の文字	1	melon
lagenari	PEJVO	瓜ᴸᴳ	lg	17	1	先頭+子音	1	luf
trikosant	PEJVO	瓜ᵀ	t	17	1	接頭辞	1	melon
seki	PIV	瓜ˢ	s	17	1	接頭辞	1	melon
pepon	PIV	瓜ᴾ	p	17	1	接頭辞	2	melon
brioni	PIV	瓜ᴮ	b	17	1	接頭辞	1	melon
citrol	PIV	瓜ᶜ	c	17	1	接頭辞	1	melon
ekbali	PIV	瓜ᴱ	e	17	1	接頭辞	2	melon
kukumis	PIV	瓜ᴷˢ	ks	17	1	綴り内の文字	1	kukum
potiron	PIV	瓜ᴾᵀ	pt	17	1	先頭+子音	1	pepon
elateri	PIV	瓜ᴱᴸ	el	17	1	接頭辞	2	ekbali
kantalup	PIV	瓜ᴷᴺ	kn	17	1	先頭+子音	1	kukum
momordik	PIV	瓜ᴹᴹ	mm	17	1	先頭+子音	1	melon
petal	PEJVO	瓣ᴾ	p	2	14	接頭辞	1	klap
karaf	CSV2890	瓶ᴷ	k	4	2	接頭辞	1	botel
flakon	PEJVO	瓶ᶠ	f	4	3	接頭辞	2	botel
fiol	PIV	瓶ᶠᴵ	fi	4	1	接頭辞	1	flakon
glicerol	PEJVO	甘油ᴳᴸ	gl	3	3	接頭辞	3	glicerin
glicer	PIV	甘油ᴳᶜ	gc	3	3	綴り内の文字	3	glicerin
patat	PEJVO	甘薯ᴾ	p	2	1	接頭辞	1	batat
limet	PIV	甜柠ᴸᵀ	lt	2	1	綴り内の文字	1	limed
okaz	CSV2890	生ᴼ	o	9	28	接頭辞	1	nask
biologi	PEJVO	生ᴮ	b	9	0	接頭辞	3	nask
gen	PEJVO	生ᴳ	g	9	65	接頭辞	2	nask
bi	PEJVO	生ᴮᴵ	bi	9	20	接頭辞	3	biologi
bio	PEJVO	生ᴮᴼ	bo	9	44	綴り内の文字	2	biologi
gener	PEJVO	生ᴳᴿ	gr	9	18	綴り内の文字	1	gen
poez	PIV	生ᴾ	p	9	6	接頭辞	2	nask
plazi	PIV	生ᴾᴸ	pl	9	5	接頭辞	1	poez
aplik	CSV2890	用ᴬ	a	2	10	接頭辞	1	uz
hub	PEJVO	田ᴴ	h	2	2	接頭辞	1	kamp
metil	PEJVO	甲ᴹ	m	7	7	接頭辞	2	kiras
skarab	PEJVO	甲ˢ	s	7	13	接頭辞	1	kiras
blend	PEJVO	甲ᴮ	b	7	3	接頭辞	1	kiras
lagri	PEJVO	甲ᴸ	l	7	1	接頭辞	1	kiras
melolont	PEJVO	甲ᴹᴸ	ml	7	1	先頭+子音	2	metil
koleopter	PEJVO	甲ᴷᴸ	kl	7	1	先頭+子音	1	kiras
tire	PIV	甲状ᵀᴱ	te	2	2	綴り内の文字	1	tiroid
pil	CSV2890	电ᴾ	p	5	7	接頭辞	1	elektr
bateri	CSV2890	电ᴮ	b	5	3	接頭辞	1	elektr
elektronik	CSV2890	电ᴱᴺ	en	5	7	綴り内の文字	1	elektr
galvan	PEJVO	电ᴳ	g	5	12	接頭辞	1	elektr
elektrotipi	PIV	电型ᴱᴵ	ei	2	1	綴り内の文字	2	elektrotip
galvanoterapi	PIV	电疗ᴳ	g	2	1	接頭辞	1	faradiz
elektroliz	PIV	电解ᴱᶻ	ez	2	1	綴り内の文字	1	elektrolit
galvanometr	PIV	电计ᴳ	g	2	1	接頭辞	1	elektrometr
galvanoskop	PIV	电镜ᴳ	g	2	1	接頭辞	1	elektroskop
mond	CSV2890	界ᴹ	m	3	63	接頭辞	1	lim
horizont	CSV2890	界ᴴ	h	3	4	接頭辞	1	lim
suspekt	CSV2890	疑ˢ	s	3	11	接頭辞	2	dub
skeptik	PEJVO	疑ˢᴷ	sk	3	4	接頭辞	2	suspekt
hipoh^ondri	PEJVO	疑病ᴴᴴ̂	hĥ	2	1	綴り内の文字	1	hipokondri
terapeu^tik	PEJVO	疗ᵀᵁ̆	tŭ	2	2	綴り内の文字	1	terapi
paludism	PIV	疟ᴾ	p	2	1	接頭辞	1	malari
pest	PEJVO	疫ᴾ	p	3	6	接頭辞	1	epidemi
epizooti	PEJVO	疫ᴱᶻ	ez	3	1	綴り内の文字	1	epidemi
aft	PEJVO	疮ᴬ	a	2	2	接頭辞	1	ulcer
ekzantem	PEJVO	疹ᴱ	e	3	3	接頭辞	2	tif
ekzem	PEJVO	疹ᴱᴹ	em	3	1	綴り内の文字	2	ekzantem
simptom	PEJVO	症ˢ	s	3	6	接頭辞	2	fobi
sindrom	PEJVO	症ˢᴺ	sn	3	4	先頭+子音	1	simptom
tikl	CSV2890	痒ᵀ	t	3	7	接頭辞	1	juk
urtik	PEJVO	痒ᵁ	u	3	4	接頭辞	1	juk
variol	PEJVO	痘ⱽ	v	3	7	接頭辞	1	akn
kaŭpoks	PEJVO	痘ᴷ	k	3	1	接頭辞	1	akn
algi	文法層	痛ᴬ	a	2	20	接頭辞	1	dolor
kreten	PEJVO	痴ᴷ	k	3	2	接頭辞	1	demenc
imbecil	PIV	痴ᴵ	i	3	2	接頭辞	1	demenc
tumor	PEJVO	瘤ᵀ	t	4	7	接頭辞	1	veruk
varik	PEJVO	瘤ⱽᴬ	va	4	4	接頭辞	1	veruk
spavin	PEJVO	瘤ˢ	s	4	1	接頭辞	1	veruk
paraliz	PEJVO	瘫ᴾᴿ	pr	4	10	先頭+子音	2	pane
plegi	PIV	瘫ᴾᴸ	pl	4	3	接頭辞	2	pane
parez	PIV	瘫ᴾᶻ	pz	4	1	綴り内の文字	2	pane
karcinom	PIV	癌ᴷᴿ	kr	2	2	先頭+子音	2	kancer
psor	PEJVO	癣ᴾ	p	2	1	接頭辞	1	skabi
albin	PEJVO	白ᴬ	a	3	3	接頭辞	1	blank
leu^ko	PEJVO	白ᴸ	l	3	1	接頭辞	1	blank
difterit	PEJVO	白喉ᴰᵀ	dt	2	1	綴り内の文字	2	difteri
hekto	PEJVO	百ᴴ	h	3	6	接頭辞	1	cent
centezimal	PEJVO	百ᶜᶻ	cz	3	2	綴り内の文字	1	cent
mega	PEJVO	百万ᴹᴳ	mg	2	9	先頭+子音	1	milion
serpil	PEJVO	百里香ˢ	s	2	1	接頭辞	1	timian
fel	CSV2890	皮ᶠ	f	8	17	接頭辞	1	haŭt
pelt	CSV2890	皮ᴾ	p	8	9	接頭辞	1	haŭt
derm	PEJVO	皮ᴰ	d	8	22	接頭辞	2	haŭt
dermat	PEJVO	皮ᴰᵀ	dt	8	5	綴り内の文字	1	derm
bast	PEJVO	皮ᴮ	b	8	1	接頭辞	1	haŭt
tegument	PEJVO	皮ᵀ	t	8	1	接頭辞	1	haŭt
kortik	PIV	皮ᴷ	k	8	4	接頭辞	1	haŭt
dermatit	PIV	皮炎ᴰᵀ	dt	2	1	綴り内の文字	2	dermit
forfikul	PEJVO	皮翅ᶠ	f	3	1	接頭辞	1	dermapter
dermopter	PIV	皮翅ᴰᴼ	do	3	1	綴り内の文字	1	dermapter
grimac	CSV2890	皱ᴳ	g	4	3	接頭辞	1	ĉif
falt	PEJVO	皱ᶠ	f	4	5	接頭辞	1	ĉif
krisp	PEJVO	皱ᴷ	k	4	6	接頭辞	1	ĉif
basen	PEJVO	盆ᴮ	b	2	5	接頭辞	1	pelv
benefic	PEJVO	益ᴮ	b	2	2	接頭辞	1	util
monitor	PEJVO	监ᴹ	m	2	4	接頭辞	1	gvat
kased	CSV2890	盒ᴷ	k	3	7	接頭辞	2	skatol
kaset	PIV	盒ᴷᵀ	kt	3	1	綴り内の文字	1	kased
helm	PIV	盔ᴴ	h	2	3	接頭辞	1	kask
disk	CSV2890	盘ᴰ	d	4	48	接頭辞	1	teler
plet	CSV2890	盘ᴾ	p	4	4	接頭辞	1	teler
inventar	PEJVO	盘ᴵ	i	4	3	接頭辞	1	teler
alianc	PEJVO	盟ᴬ	a	4	7	接頭辞	1	sindikat
kartel	PEJVO	盟ᴷ	k	4	3	接頭辞	2	sindikat
koalici	PEJVO	盟ᴷᴸ	kl	4	9	先頭+子音	2	kartel
oftalm	PEJVO	目ᴼᶠ	of	2	8	接頭辞	1	okul
oftalmoskopi	PIV	目镜ᴼᴵ	oi	2	1	綴り内の文字	1	oftalmoskop
anopsi	PIV	盲ᴬ	a	2	2	接頭辞	1	blind
orto	PEJVO	直ᴼ	o	2	9	接頭辞	1	rekt
ciklogir	PEJVO	直升机ᶜ	c	2	1	接頭辞	1	helikopter
rektumoskopi	PIV	直肠镜ᴿᴵ	ri	2	1	綴り内の文字	1	rektumoskop
faz	PEJVO	相ᶠ	f	4	17	接頭辞	2	relativ
vezir	PEJVO	相ⱽ	v	4	2	接頭辞	1	relativ
fizionomi	PEJVO	相ᶠᴺ	fn	4	2	綴り内の文字	1	faz
korelativ	PEJVO	相关ᴷᵀ	kt	2	3	綴り内の文字	1	korelaci
guberni	CSV2890	省ᴳ	g	6	9	接頭辞	1	ŝpar
provinc	CSV2890	省ᴾ	p	6	6	接頭辞	2	ŝpar
elizi	PEJVO	省ᴱ	e	6	2	接頭辞	1	ŝpar
apostrof	PEJVO	省ᴬ	a	6	3	接頭辞	1	ŝpar
provincial	PEJVO	省ᴾᴸ	pl	6	2	綴り内の文字	1	provinc
au^tentik	PEJVO	真ᴬ	a	3	3	接頭辞	2	ver
au^tent	PEJVO	真ᴬᵁ̆	aŭ	3	1	接頭辞	2	au^tentik
aspid	PEJVO	眼镜蛇ᴬ	a	2	1	接頭辞	1	kobr
piĵam	CSV2890	睡ᴾ	p	2	1	接頭辞	1	dorm
nufar	PEJVO	睡莲ᴺᶠ	nf	2	1	先頭+子音	2	nimfe
vokt	PEJVO	督ⱽᴷ	vk	5	1	先頭+子音	1	vojevod
satrap	PEJVO	督ˢ	s	5	1	接頭辞	1	prefekt
banus	PIV	督ᴮ	b	5	3	接頭辞	1	prefekt
vojevod	PIV	督ⱽ	v	5	2	接頭辞	2	prefekt
halebard	PEJVO	矛ᴴ	h	2	2	接頭辞	1	lanc
gnostik	PIV	知ᴳ	g	3	4	接頭辞	2	sci
gnoz	PIV	知ᴳᶻ	gz	3	1	綴り内の文字	1	gnostik
efemer	PEJVO	短ᴱ	e	2	5	接頭辞	1	kurt
s^ort	PIV	短裤ˢ̂	ŝ	2	2	接頭辞	1	kulot
amfibrah^	PEJVO	短长短ᴬᴴ̂	aĥ	2	1	綴り内の文字	1	amfibrak
diant	CSV2890	石ᴰ	d	5	5	接頭辞	1	ŝton
spat	PEJVO	石ˢ	s	5	4	接頭辞	1	ŝton
liknid	PEJVO	石ᴸ	l	5	1	接頭辞	1	ŝton
agrostem	PEJVO	石ᴬ	a	5	1	接頭辞	1	ŝton
vakcini	PEJVO	石南ⱽ	v	2	1	接頭辞	1	erik
amiant	PEJVO	石棉ᴬᴹ	am	2	1	接頭辞	1	asbest
vitriol	PEJVO	矾ⱽ	v	2	7	接頭辞	1	alun
mineral	CSV2890	矿ᴹᴿ	mr	9	9	綴り内の文字	2	min
erc	PEJVO	矿ᴱ	e	9	15	接頭辞	1	min
selen	PEJVO	矿ˢ	s	9	6	接頭辞	1	min
telur	PEJVO	矿ᵀ	t	9	1	接頭辞	1	min
arsen	PEJVO	矿ᴬ	a	9	1	接頭辞	2	min
minera	PEJVO	矿ᴹᴵ	mi	9	2	接頭辞	3	min
antimon	PEJVO	矿ᴬᴺ	an	9	1	接頭辞	2	arsen
hematit	PEJVO	矿ᴴ	h	9	1	接頭辞	1	min
selenid	PIV	矿化ˢ	s	2	1	接頭辞	1	arsenid
selenat	PIV	矿盐ˢ	s	4	1	接頭辞	2	borat
selenit	PIV	矿盐ˢᴵ	si	4	1	綴り内の文字	1	selenat
telurit	PIV	矿盐ᵀ	t	4	1	接頭辞	1	borat
jard	PEJVO	码ᴶ	j	2	2	接頭辞	1	kod
adz	PEJVO	砍ᴬ	a	4	1	接頭辞	1	hak
topor	PEJVO	砍ᵀ	t	4	1	接頭辞	2	hak
tomahok	PEJVO	砍ᵀᴹ	tm	4	1	先頭+子音	1	topor
adob	PEJVO	砖ᴬ	a	2	1	接頭辞	1	brik
ĉifon	CSV2890	破ᶜ̂	ĉ	2	12	接頭辞	1	romp
silik	PEJVO	硅ˢᴷ	sk	3	3	綴り内の文字	1	silic
silici	PEJVO	硅ˢᴵ	si	3	2	接頭辞	3	silic
silikat	PIV	硅盐ˢᴷ	sk	2	1	綴り内の文字	1	siliciat
sulfur	PEJVO	硫ˢᴿ	sr	4	10	綴り内の文字	1	sulf
tionat	PIV	硫ᵀ	t	4	2	接頭辞	1	sulf
sulfin	PIV	硫ˢᴺ	sn	4	2	綴り内の文字	1	sulf
sulfit	PIV	硫盐ˢᴵ	si	3	1	綴り内の文字	2	sulfat
sulfinat	PIV	硫盐ˢᴺ	sn	3	1	綴り内の文字	1	sulfat
hard	PEJVO	硬ᴴ	h	5	12	接頭辞	1	rigid
dur	PEJVO	硬ᴰ	d	5	3	接頭辞	1	rigid
skler	PEJVO	硬ˢ	s	5	6	接頭辞	1	rigid
ciroz	PEJVO	硬ᶜ	c	5	2	接頭辞	1	rigid
konfirm	CSV2890	确ᴷ	k	5	6	接頭辞	2	cert
ja	文法層	确ᴶ	j	5	1	接頭辞	1	cert
konstat	CSV2890	确ᴷˢ	ks	5	3	綴り内の文字	1	konfirm
definitiv	PEJVO	确ᴰ	d	5	8	接頭辞	1	cert
fragment	PEJVO	碎ᶠᴳ	fg	2	4	綴り内の文字	1	frakas
stele	PEJVO	碑ˢ	s	2	1	接頭辞	1	monument
sod	PEJVO	碱ˢ	s	3	6	接頭辞	1	lesiv
alkal	PEJVO	碱ᴬ	a	3	11	接頭辞	1	lesiv
karbur	PEJVO	碳ᴷᴿ	kr	3	5	先頭+子音	3	karbon
karboni	PIV	碳ᴷᴵ	ki	3	1	綴り内の文字	1	karbon
magnetofon	PEJVO	磁ᴹᶠ	mf	2	0	綴り内の文字	1	magnet
polur	CSV2890	磨ᴾ	p	5	13	接頭辞	2	muel
fajl	PEJVO	磨ᶠ	f	5	8	接頭辞	1	muel
erod	PEJVO	磨ᴱ	e	5	3	接頭辞	1	muel
pumik	PEJVO	磨ᴾᴹ	pm	5	2	先頭+子音	1	polur
fosfor	PEJVO	磷ᶠᴿ	fr	3	4	綴り内の文字	1	fosf
fosfo	PIV	磷ᶠᴼ	fo	3	4	接頭辞	3	fosf
fosfit	PIV	磷盐ᶠᴵ	fi	2	1	綴り内の文字	1	fosfat
sugest	CSV2890	示ˢ	s	3	3	接頭辞	1	montr
manifestaci	CSV2890	示ᴹᶠ	mf	3	3	綴り内の文字	1	montr
ĝentil	CSV2890	礼ᴳ̂	ĝ	3	12	接頭辞	1	donac
etiket	PEJVO	礼ᴱ	e	3	3	接頭辞	1	donac
klub	CSV2890	社ᴷ	k	4	14	接頭辞	1	soci
social	CSV2890	社ˢᴸ	sl	4	21	綴り内の文字	1	soci
societ	CSV2890	社ˢᵀ	st	4	14	綴り内の文字	1	soci
litani	PEJVO	祈ᴸ	l	2	1	接頭辞	1	preĝ
tost	CSV2890	祝ᵀ	t	2	3	接頭辞	1	ben
providenc	PEJVO	神ᴾ	p	3	3	接頭辞	1	di
numen	PIV	神ᴺ	n	3	2	接頭辞	1	di
deism	PIV	神主义ᴰ	d	2	1	接頭辞	1	teism
deist	PIV	神家ᴰ	d	2	1	接頭辞	1	teist
teokrati	PIV	神治ᵀᴵ	ti	2	1	綴り内の文字	1	teokrat
neŭr	PEJVO	神经ᴺᵁ̆	nŭ	2	20	綴り内の文字	1	nerv
neu^rologi	PIV	神经学ᴺᵁ̆	nŭ	2	1	綴り内の文字	1	nervologi
ĉek	CSV2890	票ᶜ̂	ĉ	3	10	接頭辞	1	bilet
balot	CSV2890	票ᴮᴬ	ba	3	21	接頭辞	1	bilet
hieratik	PEJVO	祭ᴴ	h	2	2	接頭辞	1	mes
embarg	PEJVO	禁ᴱ	e	5	2	接頭辞	1	tabu
prohibici	PEJVO	禁ᴾ	p	5	3	接頭辞	2	tabu
prohib	PEJVO	禁ᴾᴿ	pr	5	1	接頭辞	2	prohibici
interdikt	PEJVO	禁ᴵ	i	5	1	接頭辞	1	tabu
elize	PEJVO	福ᴱ	e	2	3	接頭辞	1	beat
repudi	PEJVO	离ᴿ	r	2	2	接頭辞	1	for
ion	PIV	离子ᴵ	i	2	3	接頭辞	1	jon
gramin	PEJVO	禾ᴳᴿ	gr	4	1	接頭辞	3	gramine
gliceri	PEJVO	禾ᴳᴸ	gl	4	1	接頭辞	1	gramine
agrostid	PEJVO	禾ᴬ	a	4	1	接頭辞	1	gramine
partikular	PEJVO	私ᴾᵀ	pt	2	3	綴り内の文字	2	privat
alopeci	PEJVO	秃ᴬ	a	2	1	接頭辞	1	kalv
spec	CSV2890	种ˢᴾ	sp	5	24	接頭辞	2	sem
ras	PEJVO	种ᴿ	r	5	20	接頭辞	1	sem
speci	PEJVO	种ˢᴵ	si	5	13	綴り内の文字	1	sem
inokul	PEJVO	种ᴵ	i	5	5	接頭辞	1	sem
sekci	CSV2890	科ˢᴷ	sk	4	4	先頭+子音	1	scienc
ed	PEJVO	科ᴱ	e	4	17	接頭辞	1	scienc
ac	PEJVO	科ᴬ	a	4	8	接頭辞	1	scienc
sekretari	CSV2890	秘ˢᴿ	sr	9	9	綴り内の文字	2	sekret
konfidenc	CSV2890	秘ᴷ	k	9	8	接頭辞	3	sekret
konfidenci	PEJVO	秘ᴷᴵ	ki	9	1	綴り内の文字	2	konfidenc
kabal	PEJVO	秘ᴷᴮ	kb	9	3	先頭+子音	1	konfidenc
mistik	PEJVO	秘ᴹ	m	9	6	接頭辞	1	sekret
okult	PEJVO	秘ᴼ	o	9	1	接頭辞	1	sekret
esoter	PEJVO	秘ᴱ	e	9	3	接頭辞	1	sekret
arkan	PIV	秘ᴬ	a	9	1	接頭辞	1	sekret
farm	CSV2890	租ᶠ	f	4	11	接頭辞	1	lu
rent	CSV2890	租ᴿ	r	4	3	接頭辞	1	lu
c^art	PEJVO	租ᶜ̂	ĉ	4	9	接頭辞	1	lu
fulik	PEJVO	秧鸡ᶠ	f	4	1	接頭辞	1	ral
galinol	PEJVO	秧鸡ᴳ	g	4	1	接頭辞	2	ral
galinul	PEJVO	秧鸡ᴳᵁ	gu	4	1	綴り内の文字	1	galinol
kumulus	PEJVO	积ᴷ	k	2	4	接頭辞	1	volumen
simetri	PEJVO	称ˢ	s	4	7	接頭辞	1	pretend
kvalifik	PEJVO	称ᴷ	k	4	6	接頭辞	2	pretend
kvalif	PEJVO	称ᴷⱽ	kv	4	1	接頭辞	2	kvalifik
dilu	PEJVO	稀ᴰ	d	2	5	接頭辞	1	rar
proces	CSV2890	程ᴾᶜ	pc	4	8	綴り内の文字	3	program
procez	PEJVO	程ᴾᶻ	pz	4	6	綴り内の文字	1	program
procedur	PEJVO	程ᴾᴰ	pd	4	7	綴り内の文字	1	program
akciz	PEJVO	税ᴬ	a	2	5	接頭辞	1	impost
aplomb	PEJVO	稳ᴬ	a	2	2	接頭辞	1	stabil
kvast	PEJVO	穗ᴷ	k	3	2	接頭辞	1	spik
ament	PIV	穗ᴬ	a	3	2	接頭辞	1	spik
vak	CSV2890	空ⱽ	v	4	12	接頭辞	2	spac
vaku	PEJVO	空ⱽᵁ	vu	4	16	綴り内の文字	1	vak
idl	PIV	空ᴵ	i	4	3	接頭辞	1	spac
penetr	CSV2890	穿ᴾ	p	5	20	接頭辞	3	tra
tred	PEJVO	穿ᵀᴰ	td	5	2	綴り内の文字	1	tra
permeabl	PEJVO	穿ᴾᴿ	pr	5	6	先頭+子音	3	penetr
perfor	PIV	穿ᴾᶠ	pf	5	2	綴り内の文字	1	penetr
impet	CSV2890	突ᴵ	i	3	11	接頭辞	1	subit
sturm	PEJVO	突ˢᵀ	st	3	5	接頭辞	2	subit
asfiksi	PEJVO	窒ᴬ	a	2	2	接頭辞	1	sufok
giĉet	CSV2890	窗ᴳ	g	2	1	接頭辞	1	fenestr
fove	PIV	窝ᶠ	f	2	2	接頭辞	1	ricel
stereofoni	PIV	立体声ˢᴵ	si	2	1	綴り内の文字	1	stereofon
stereoskopi	PIV	立体镜ˢᴵ	si	2	1	綴り内の文字	1	stereoskop
alce	PIV	立葵ᴬᶜ	ac	2	2	綴り内の文字	1	alte
konkurs	CSV2890	竞ᴷˢ	ks	3	20	綴り内の文字	1	konkur
konkurenc	PEJVO	竞ᴷᴺ	kn	3	9	先頭+子音	3	konkur
fabel	CSV2890	童ᶠ	f	3	10	接頭辞	1	infan
pedo	PEJVO	童ᴾ	p	3	3	接頭辞	1	infan
bambuz	PIV	竹ᴮᶻ	bz	2	1	綴り内の文字	1	bambu
komik	CSV2890	笑ᴷ	k	2	7	接頭辞	1	rid
krajon	CSV2890	笔ᴷ	k	2	15	接頭辞	1	penik
flut	PEJVO	笛ᶠᴸ	fl	3	10	接頭辞	1	fajf
fifr	PEJVO	笛ᶠᶠ	ff	3	1	先頭+子音	2	fajf
simbol	CSV2890	符ˢᴹ	sm	3	14	先頭+子音	2	sign
semio	PIV	符ˢᴱ	se	3	2	接頭辞	1	sign
izo	文法層	等ᴵ	i	3	36	接頭辞	1	egal
ekvivalent	PEJVO	等ᴱᴷ	ek	3	11	接頭辞	1	egal
kariokinez	PIV	等分ᴷ	k	2	1	接頭辞	1	mitoz
izomorfi	PIV	等形ᴵᴵ	ii	2	1	綴り内の文字	1	izomorf
tenden	PEJVO	筋ᵀ	t	2	5	接頭辞	1	muskol
tab	PEJVO	签ᵀ	t	4	2	接頭辞	1	lot
paraf	PEJVO	签ᴾ	p	4	2	接頭辞	1	lot
signatur	PIV	签ˢ	s	4	2	接頭辞	1	lot
konciz	CSV2890	简ᴷ	k	3	6	接頭辞	1	simpl
lakon	PEJVO	简ᴸ	l	3	7	接頭辞	1	simpl
komput	CSV2890	算ᴷᴹ	km	3	37	先頭+子音	1	kalkul
aritmetik	PEJVO	算ᴬ	a	3	7	接頭辞	1	kalkul
administr	CSV2890	管ᴬ	a	7	14	接頭辞	2	tub
dukt	PEJVO	管ᴰ	d	7	12	接頭辞	1	tub
s^alm	PEJVO	管ˢ̂	ŝ	7	6	接頭辞	1	tub
intendant	PEJVO	管ᴵ	i	7	7	接頭辞	1	tub
administraci	PEJVO	管ᴬᶜ	ac	7	7	綴り内の文字	1	administr
kateter	PEJVO	管ᴷ	k	7	2	接頭辞	1	tub
valiz	CSV2890	箱ⱽ	v	4	4	接頭辞	1	kest
kofr	PEJVO	箱ᴷᶠ	kf	4	4	先頭+子音	1	kest
kontener	PIV	箱ᴷᴺ	kn	4	3	先頭+子音	1	kest
riz	CSV2890	米ᴿ	r	2	30	接頭辞	1	metr
kategori	CSV2890	类ᴷᵀ	kt	3	6	先頭+子音	1	klasifik
analogi	PEJVO	类ᴬ	a	3	4	接頭辞	1	klasifik
pulvor	CSV2890	粉ᴾ	p	4	23	接頭辞	3	farun
pudr	CSV2890	粉ᴾᴰ	pd	4	5	先頭+子音	1	pulvor
polen	PEJVO	粉ᴾᴺ	pn	4	10	綴り内の文字	1	pulvor
grajn	CSV2890	粒ᴳ	g	6	26	接頭辞	3	er
granul	PEJVO	粒ᴳᴺ	gn	6	8	綴り内の文字	3	grajn
partikl	PEJVO	粒ᴾ	p	6	6	接頭辞	1	er
korpuskl	PEJVO	粒ᴷ	k	6	4	接頭辞	1	er
granol	PEJVO	粒ᴳᴼ	go	6	1	綴り内の文字	1	grajn
rasp	PEJVO	粗ᴿ	r	3	11	接頭辞	1	krud
aspr	PIV	粗ᴬ	a	3	1	接頭辞	1	krud
viskoz	PEJVO	粘ⱽ	v	2	8	接頭辞	1	muk
setari	PEJVO	粟ˢ	s	3	1	接頭辞	1	panic
ekinokl	PEJVO	粟ᴱ	e	3	1	接頭辞	1	panic
fek	PEJVO	粪ᶠ	f	3	11	接頭辞	1	sterk
ekskrement	PEJVO	粪ᴱ	e	3	3	接頭辞	1	sterk
viktuali	PIV	粮ⱽ	v	2	1	接頭辞	1	proviant
fajn	PEJVO	精ᶠ	f	8	9	接頭辞	1	ekzakt
rafin	PEJVO	精ᴿ	r	8	13	接頭辞	1	ekzakt
nimf	PEJVO	精ᴺ	n	8	3	接頭辞	2	ekzakt
niks	PEJVO	精ᴺᴷ	nk	8	2	先頭+子音	1	nimf
silf	PEJVO	精ˢᴸ	sl	8	1	先頭+子音	1	spermat
spermat	PIV	精ˢ	s	8	2	接頭辞	3	ekzakt
spermati	PIV	精ˢᴵ	si	8	2	綴り内の文字	2	spermat
c^ur	PIV	精液ᶜ̂	ĉ	2	3	接頭辞	1	sperm
amel	PEJVO	糊ᴬ	a	2	9	接頭辞	1	past
konfit	CSV2890	糖ᴷ	k	9	5	接頭辞	2	suker
bombon	CSV2890	糖ᴮ	b	9	4	接頭辞	1	suker
kand	PEJVO	糖ᴷᴰ	kd	9	5	綴り内の文字	1	konfit
glukoz	PEJVO	糖ᴳ	g	9	2	接頭辞	4	suker
gluk	PIV	糖ᴳᴸ	gl	9	4	接頭辞	4	glukoz
glik	PIV	糖ᴳᴵ	gi	9	3	綴り内の文字	2	glukoz
sakarid	PIV	糖ˢᴰ	sd	9	9	綴り内の文字	1	suker
glucid	PIV	糖ᴳᶜ	gc	9	2	綴り内の文字	1	glukoz
glukuri	PIV	糖尿ᴳ	g	3	1	接頭辞	2	diabet
glukozuri	PIV	糖尿ᴳᶻ	gz	3	1	綴り内の文字	1	glukuri
glukozemi	PIV	糖血ᴳᶻ	gz	2	1	綴り内の文字	1	glukemi
fakultat	PEJVO	系ᶠ	f	4	12	接頭辞	1	sistem
genea	PEJVO	系ᴳ	g	4	4	接頭辞	1	sistem
spalir	PEJVO	系ˢᴾ	sp	4	2	接頭辞	1	sistem
vegetar	CSV2890	素ⱽ	v	3	4	接頭辞	2	element
vegan	PEJVO	素ⱽᴺ	vn	3	2	綴り内の文字	1	vegetar
rig	PEJVO	索ᴿ	r	4	5	接頭辞	1	indeks
staj	PEJVO	索ˢ	s	4	4	接頭辞	1	indeks
funikl	PEJVO	索ᶠ	f	4	2	接頭辞	1	indeks
kumul	PIV	累ᴷ	k	2	1	接頭辞	1	akumul
eritr	PEJVO	红ᴱ	e	3	3	接頭辞	1	ruĝ
skarlat	PEJVO	红ˢ	s	3	2	接頭辞	1	ruĝ
rizofor	PIV	红树ᴿ	r	2	2	接頭辞	1	mangl
hemati	PEJVO	红胞ᴴ	h	2	1	接頭辞	1	eritrocit
gracil	PEJVO	纤ᴳ	g	2	2	接頭辞	1	fibr
rendevu	CSV2890	约ᴿ	r	4	3	接頭辞	1	kontrakt
konvenci	CSV2890	约ᴷⱽ	kv	4	8	綴り内の文字	1	kontrakt
pakt	PEJVO	约ᴾ	p	4	1	接頭辞	1	kontrakt
rang	CSV2890	级ᴿ	r	5	21	接頭辞	1	klas
kaskad	PEJVO	级ᴷˢ	ks	5	4	先頭+子音	2	klas
hierarki	PEJVO	级ᴴ	h	5	3	接頭辞	2	klas
hierarh^i	PEJVO	级ᴴᴴ̂	hĥ	5	1	綴り内の文字	1	hierarki
veft	PEJVO	纬ⱽ	v	2	3	接頭辞	1	latitud
gaz	PEJVO	纱ᴳ	g	2	3	接頭辞	1	vual
papir	PIV	纸草ᴾᴬ	pa	2	3	接頭辞	2	papirus
fret	PEJVO	纹ᶠ	f	5	3	接頭辞	3	tatu
frang^	PEJVO	纹ᶠᴺ	fn	5	8	綴り内の文字	1	fret
arabesk	PEJVO	纹ᴬ	a	5	1	接頭辞	1	tatu
fimbril	PEJVO	纹ᶠᴹ	fm	5	1	先頭+子音	1	fret
drat	CSV2890	线ᴰ	d	4	31	接頭辞	1	lini
line	PEJVO	线ᴸᴱ	le	4	5	綴り内の文字	2	lini
linear	PEJVO	线ᴸᴿ	lr	4	6	綴り内の文字	1	lini
kompon	CSV2890	组ᴷ	k	3	18	接頭辞	1	op
organiz	PEJVO	组ᴼᴿ	or	3	0	接頭辞	1	op
detal	CSV2890	细ᴰᵀ	dt	2	19	先頭+子音	2	delikat
trik	CSV2890	织ᵀᴿ	tr	4	14	接頭辞	2	teks
trikot	CSV2890	织ᵀᵀ	tt	4	5	綴り内の文字	1	teks
hist	PEJVO	织ᴴ	h	4	8	接頭辞	1	teks
final	PEJVO	终ᶠᴸ	fl	3	5	綴り内の文字	1	fin
finis^	PIV	终ᶠˢ̂	fŝ	3	2	綴り内の文字	1	fin
varp	PEJVO	经ⱽ	v	2	7	接頭辞	1	bibli
ekonomik	CSV2890	经济ᴱᴷ	ek	2	5	接頭辞	2	ekonomi
bibliofili	PIV	经爱ᴮᴵ	bi	2	1	接頭辞	2	bibliofil
plus^	PEJVO	绒ᴾ	p	3	3	接頭辞	1	velur
lanug	PEJVO	绒ᴸ	l	3	7	接頭辞	1	velur
nod	CSV2890	结ᴺ	n	7	18	接頭辞	1	lig
bant	CSV2890	结ᴮ	b	7	3	接頭辞	1	lig
konklud	CSV2890	结ᴷ	k	7	6	接頭辞	3	lig
tuberkul	PEJVO	结ᵀ	t	7	7	接頭辞	1	lig
komisur	PEJVO	结ᴷᴹ	km	7	1	先頭+子音	1	konklud
knot	PIV	结ᴷᵀ	kt	7	1	綴り内の文字	1	konklud
skrofol	PEJVO	结核ˢ	s	2	2	接頭辞	1	ftiz
litiaz	PIV	结石ᴸ	l	2	2	接頭辞	1	kalkulus
strangol	PEJVO	绞ˢ	s	2	3	接頭辞	1	vinc^
prezident	CSV2890	统ᴾ	p	2	6	接頭辞	1	tradici
kontinu	PEJVO	续ᴷ	k	2	23	接頭辞	1	daŭr
skabioz	PEJVO	续断ˢ	s	2	1	接頭辞	1	dipsak
prefiks	CSV2890	缀ᴾ	p	4	3	接頭辞	1	sufiks
afiks	PEJVO	缀ᴬ	a	4	1	接頭辞	1	sufiks
infiks	PIV	缀ᴵ	i	4	1	接頭辞	1	sufiks
tiravir	PIV	缆ᵀ	t	2	2	接頭辞	1	kabl
damask	PEJVO	缎ᴰ	d	2	4	接頭辞	1	saten
rilaks	PEJVO	缓ᴿ	r	4	4	接頭辞	2	lant
paliativ	PEJVO	缓ᴾ	p	4	2	接頭辞	1	lant
remit	PIV	缓ᴿᴹ	rm	4	2	先頭+子音	1	rilaks
redakt	CSV2890	编ᴿ	r	5	12	接頭辞	2	plekt
kompil	CSV2890	编ᴷ	k	5	10	接頭辞	1	plekt
redaktor	CSV2890	编ᴿᴿ	rr	5	5	綴り内の文字	1	redakt
editor	PIV	编ᴱ	e	5	2	接頭辞	1	plekt
afin	PIV	缘ᴬ	a	2	4	接頭辞	1	border
steb	PEJVO	缝ˢ	s	2	5	接頭辞	1	kudr
obsed	PEJVO	缠ᴼ	o	3	4	接頭辞	1	implik
hant	PIV	缠ᴴ	h	3	1	接頭辞	1	implik
s^rump	PEJVO	缩ˢ̂	ŝ	6	4	接頭辞	1	sistol
sistol	PEJVO	缩ˢ	s	6	2	接頭辞	1	ful
deflaci	PEJVO	缩ᴰ	d	6	3	接頭辞	1	ful
miniatur	PEJVO	缩ᴹ	m	6	6	接頭辞	1	ful
kontrah	PIV	缩ᴷ	k	6	3	接頭辞	1	ful
lakun	PIV	缺ᴸ	l	3	1	接頭辞	1	mank
karenc	PIV	缺ᴷ	k	3	1	接頭辞	1	mank
bokal	PEJVO	罐ᴮ	b	3	2	接頭辞	1	amfor
kanistr	PEJVO	罐ᴷ	k	3	1	接頭辞	1	amfor
tenis	CSV2890	网ᵀ	t	3	8	接頭辞	1	ret
retikul	PIV	网ᴿᴷ	rk	3	3	綴り内の文字	1	ret
penal	PEJVO	罚ᴾᴸ	pl	2	3	綴り内の文字	1	pun
kitel	CSV2890	罩ᴷ	k	3	2	接頭辞	2	mask
klos^	PEJVO	罩ᴷᴸ	kl	3	7	接頭辞	2	kitel
pek	CSV2890	罪ᴾ	p	3	21	接頭辞	1	kulp
krim	CSV2890	罪ᴷᴿ	kr	3	23	接頭辞	1	kulp
kapr	CSV2890	羊ᴷ	k	7	15	接頭辞	2	ŝaf
merin	PEJVO	羊ᴹ	m	7	1	接頭辞	2	ŝaf
ibeks	PEJVO	羊ᴵ	i	7	1	接頭辞	1	ŝaf
muflon	PEJVO	羊ᴹᶠ	mf	7	1	先頭+子音	1	merin
ovi	PIV	羊ᴼ	o	7	2	接頭辞	1	ŝaf
karakul	PIV	羊ᴷᴿ	kr	7	1	先頭+子音	2	kapr
pterid	PEJVO	羊齿ᴾ	p	18	1	接頭辞	5	filik
osmund	PEJVO	羊齿ᴼ	o	18	1	接頭辞	1	filik
pteridi	PEJVO	羊齿ᴾᴵ	pi	18	1	綴り内の文字	5	pterid
azol	PIV	羊齿ᴬ	a	18	1	接頭辞	2	filik
psilot	PIV	羊齿ᴾˢ	ps	18	1	接頭辞	2	pterid
davali	PIV	羊齿ᴰ	d	18	1	接頭辞	3	filik
aspleni	PIV	羊齿ᴬˢ	as	18	4	接頭辞	1	azol
ceterak	PIV	羊齿ᶜ	c	18	1	接頭辞	2	filik
densteti	PIV	羊齿ᴰᴺ	dn	18	1	先頭+子音	1	davali
polistik	PIV	羊齿ᴾᴸ	pl	18	1	先頭+子音	3	pterid
platiceri	PIV	羊齿ᴾᵀ	pt	18	1	綴り内の文字	5	pterid
selaginel	PIV	羊齿ˢ	s	18	1	接頭辞	2	filik
driopterid	PIV	羊齿ᴰᴿ	dr	18	1	接頭辞	1	davali
kriptogram	PIV	羊齿ᴷ	k	18	1	接頭辞	1	filik
nefrolepid	PIV	羊齿ᴺ	n	18	1	接頭辞	1	filik
cistopterid	PIV	羊齿ᶜˢ	cs	18	1	先頭+子音	1	ceterak
skolopendri	PIV	羊齿ˢᴷ	sk	18	1	接頭辞	1	selaginel
antilop	PEJVO	羚ᴬ	a	4	2	接頭辞	1	c^am
gazel	PEJVO	羚ᴳ	g	4	2	接頭辞	2	c^am
gnu	PEJVO	羚ᴳᴺ	gn	4	1	接頭辞	1	gazel
greg	CSV2890	群ᴳ	g	3	5	接頭辞	1	ar
hord	PEJVO	群ᴴ	h	3	1	接頭辞	1	ar
arh^ipelag	PEJVO	群岛ᴬᴴ̂	aĥ	2	1	綴り内の文字	1	arkipelag
volan	PEJVO	羽ⱽ	v	2	3	接頭辞	1	plum
pterig	PEJVO	翅ᴾᴳ	pg	2	7	綴り内の文字	1	pter
lop	PEJVO	翻ᴸ	l	3	2	接頭辞	1	renvers
revers	PEJVO	翻ᴿⱽ	rv	3	3	先頭+子音	2	renvers
senil	PEJVO	老ˢ	s	3	4	接頭辞	1	veteran
old	PEJVO	老ᴼ	o	3	1	接頭辞	1	veteran
plug	CSV2890	耕ᴾ	p	3	17	接頭辞	1	kultur
s^pat	PEJVO	耕ˢ̂	ŝ	3	3	接頭辞	1	kultur
rast	PEJVO	耙ᴿ	r	2	4	接頭辞	1	erp
otoskopi	PIV	耳镜ᴼᴵ	oi	2	1	綴り内の文字	1	otoskop
pubi	PIV	耻骨ᴾᴵ	pi	2	2	綴り内の文字	1	pub
karier	CSV2890	职ᴷ	k	3	7	接頭辞	1	ofic
profesi	CSV2890	职ᴾ	p	3	13	接頭辞	1	ofic
asoci	CSV2890	联ᴬ	a	5	11	接頭辞	1	uni
federaci	CSV2890	联ᶠ	f	5	10	接頭辞	3	uni
feder	PEJVO	联ᶠᴱ	fe	5	9	接頭辞	3	federaci
federal	PEJVO	联ᶠᴸ	fl	5	2	綴り内の文字	1	federaci
kim	PIV	聚伞ᴷ	k	2	1	接頭辞	1	cum
karn	CSV2890	肉ᴷ	k	2	27	接頭辞	1	viand
bugr	PIV	肛交ᴮ	b	2	2	接頭辞	1	sodomi
intest	CSV2890	肠ᴵ	i	6	10	接頭辞	2	kolbas
enter	PEJVO	肠ᴱ	e	6	11	接頭辞	1	kolbas
ile	PEJVO	肠ᴵᴸ	il	6	1	接頭辞	1	intest
jejun	PEJVO	肠ᴶ	j	6	1	接頭辞	1	kolbas
mortadel	PIV	肠ᴹ	m	6	1	接頭辞	1	kolbas
ileit	PIV	肠炎ᴵ	i	2	1	接頭辞	1	enterit
akci	CSV2890	股ᴬ	a	3	7	接頭辞	1	koks
femur	CSV2890	股ᶠ	f	3	8	接頭辞	1	koks
skapol	PEJVO	肩ˢ	s	2	4	接頭辞	1	ŝultr
eduk	CSV2890	育ᴱ	e	2	35	接頭辞	1	kresk
pneu^mon	PEJVO	肺ᴾᴺ	pn	3	7	接頭辞	2	pulm
pneu^moni	PIV	肺ᴾᴵ	pi	3	1	綴り内の文字	1	pulm
pneu^monit	PIV	肺炎ᴾᴺ	pn	2	1	接頭辞	1	pulmit
nefr	PIV	肾ᴺ	n	2	11	接頭辞	1	ren
piel	PIV	肾盆ᴾᴸ	pl	2	1	先頭+子音	2	pjel
inflaci	PEJVO	胀ᴵ	i	4	3	接頭辞	1	puf
turg	PIV	胀ᵀ	t	4	4	接頭辞	2	puf
turgesk	PIV	胀ᵀˢ	ts	4	1	綴り内の文字	1	turg
gastr	PEJVO	胃ᴳ	g	3	22	接頭辞	2	stomak
gaster	PEJVO	胃ᴳᴱ	ge	3	1	綴り内の文字	1	gastr
stomakit	PIV	胃炎ˢ	s	2	1	接頭辞	1	gastrit
gastroskopi	PIV	胃镜ᴳᴵ	gi	2	1	綴り内の文字	1	gastroskop
kole	PIV	胆ᴷ	k	2	9	接頭辞	1	gal
kolesterin	PEJVO	胆醇ᴷᴺ	kn	2	1	綴り内の文字	1	kolesterol
parker	PEJVO	背ᴾ	p	2	5	接頭辞	1	dors
korpulent	PEJVO	胖ᴷ	k	2	2	接頭辞	1	obez
blast	PIV	胚ᴮ	b	2	10	接頭辞	1	embri
embriotomi	PIV	胚切ᴱᴼ	eo	2	1	綴り内の文字	2	embritomi
embriofit	PIV	胚植ᴱᴼ	eo	2	1	綴り内の文字	1	embrifit
embriogenez	PIV	胚源ᴱᴼ	eo	2	1	綴り内の文字	1	embrigenez
celul	PEJVO	胞ᶜ	c	4	2	接頭辞	3	ĉel
cito	PIV	胞ᶜᵀ	ct	4	6	先頭+子音	2	celul
citoz	PIV	胞ᶜᶻ	cz	4	5	綴り内の文字	1	celul
citologi	PIV	胞学ᶜ	c	2	1	接頭辞	1	c^elologi
pankreas	PEJVO	胰ᴾˢ	ps	2	1	綴り内の文字	1	pankreat
gum	CSV2890	胶ᴳᴹ	gm	5	19	先頭+子音	1	glu
kaŭĉuk	CSV2890	胶ᴷ	k	5	17	接頭辞	2	glu
koloid	PEJVO	胶ᴷᴸ	kl	5	5	先頭+子音	1	kaŭĉuk
aglutin	PEJVO	胶ᴬ	a	5	3	接頭辞	1	glu
bust	PEJVO	胸ᴮˢ	bs	4	2	先頭+子音	2	brust
steto	PEJVO	胸ˢ	s	4	4	接頭辞	1	brust
torak	PEJVO	胸ᵀ	t	4	3	接頭辞	1	brust
iv	文法層	能ᴵ	i	5	126	接頭辞	1	pov
energi	CSV2890	能ᴱ	e	5	55	接頭辞	1	pov
kapabl	CSV2890	能ᴷ	k	5	29	接頭辞	2	pov
kompetent	CSV2890	能ᴷᴹ	km	5	8	先頭+子音	1	kapabl
lard	CSV2890	脂ᴸ	l	9	11	接頭辞	2	gras
seb	PEJVO	脂ˢ	s	9	8	接頭辞	2	gras
rezin	PEJVO	脂ᴿ	r	9	12	接頭辞	1	gras
bedeli	PEJVO	脂ᴮ	b	9	1	接頭辞	1	gras
adip	PIV	脂ᴬ	a	9	4	接頭辞	1	gras
lipid	PIV	脂ᴸᴾ	lp	9	7	先頭+子音	1	lard
steat	PIV	脂ˢᵀ	st	9	4	接頭辞	1	seb
kopal	PIV	脂ᴷ	k	9	3	接頭辞	1	gras
arteri	CSV2890	脉ᴬ	a	8	6	接頭辞	2	vejn
puls	PEJVO	脉ᴾ	p	8	10	接頭辞	1	vejn
angi	PEJVO	脉ᴬᴺ	an	8	9	接頭辞	1	arteri
nervur	PEJVO	脉ᴺ	n	8	1	接頭辞	1	vejn
sfigm	PIV	脉ˢ	s	8	4	接頭辞	1	vejn
vaskul	PIV	脉ⱽˢ	vs	8	7	先頭+子音	1	vejn
fleb	PIV	脉ᶠ	f	8	2	接頭辞	1	vejn
vejnit	PIV	脉炎ⱽ	v	5	1	接頭辞	2	flebit
angiit	PIV	脉炎ᴬ	a	5	1	接頭辞	2	flebit
arteriit	PIV	脉炎ᴬᴿ	ar	5	1	接頭辞	1	angiit
vaskulit	PIV	脉炎ⱽˢ	vs	5	1	先頭+子音	1	vejnit
first	PEJVO	脊ᶠ	f	3	7	接頭辞	1	spin
raki	PIV	脊ᴿ	r	3	3	接頭辞	1	spin
hilum	PEJVO	脐ᴴ	h	2	1	接頭辞	1	umbilik
encefal	PEJVO	脑ᴱ	e	3	11	接頭辞	1	cerb
cerebr	PIV	脑ᶜᴿ	cr	3	2	先頭+子音	2	cerb
pio	PIV	脓ᴾᴵ	pi	2	5	接頭辞	1	pus
impetigin	PIV	脓疮ᴵᴺ	in	2	1	綴り内の文字	1	impetig
seps	PEJVO	腐ˢ	s	3	15	接頭辞	2	putr
sapr	PIV	腐ˢᴿ	sr	3	7	綴り内の文字	1	seps
urli	PEJVO	腮ᵁ	u	2	1	接頭辞	1	mumps
lumb	CSV2890	腰ᴸ	l	2	5	接頭辞	1	tali
lapar	PEJVO	腹ᴸ	l	3	4	接頭辞	1	ventr
abdomen	PEJVO	腹ᴬ	a	3	1	接頭辞	1	ventr
aden	PIV	腺ᴬ	a	2	10	接頭辞	1	gland
adenopati	PIV	腺病ᴬᴼ	ao	2	1	綴り内の文字	1	adenpati
gamb	CSV2890	腿ᴳ	g	2	4	接頭辞	1	krur
balzam	PEJVO	膏ᴮ	b	7	7	接頭辞	1	cir
pomad	PEJVO	膏ᴾ	p	7	2	接頭辞	2	cir
kataplasm	PEJVO	膏ᴷ	k	7	2	接頭辞	1	cir
plastr	PEJVO	膏ᴾᴸ	pl	7	1	接頭辞	1	pomad
ungvent	PEJVO	膏ᵁ	u	7	1	接頭辞	1	cir
liniment	PEJVO	膏ᴸ	l	7	1	接頭辞	1	cir
himeni	PEJVO	膜ᴴ	h	2	1	接頭辞	1	membran
patel	PEJVO	膝ᴾ	p	2	1	接頭辞	1	genu
ekspansi	PEJVO	膨ᴱ	e	2	8	接頭辞	1	dilat
grop	PIV	臀ᴳ	g	2	4	接頭辞	1	pug
vasal	PEJVO	臣ⱽ	v	2	2	接頭辞	1	ministr
spontane	PEJVO	自发ˢᴱ	se	2	7	綴り内の文字	1	spontan
au^tonomi	PEJVO	自治ᴬᴵ	ai	2	3	綴り内の文字	1	au^tonom
haladz	PEJVO	臭ᴴ	h	3	6	接頭辞	1	fetor
stink	PIV	臭ˢ	s	3	2	接頭辞	1	fetor
pentatom	PEJVO	臭虫ᴾ	p	2	1	接頭辞	1	cim
almenaŭ	文法層	至ᴬ	a	3	1	接頭辞	1	ĝis
solstic	PEJVO	至ˢ	s	3	7	接頭辞	1	ĝis
diastol	PEJVO	舒ᴰ	d	2	2	接頭辞	1	komfort
sesdeknau^	PIV	舔吸ˢ	s	2	2	接頭辞	1	midz
bal	CSV2890	舞ᴮ	b	2	6	接頭辞	1	danc
kanu	PEJVO	舟ᴷ	k	6	2	接頭辞	3	boat
kanot	PEJVO	舟ᴷᵀ	kt	6	2	綴り内の文字	1	kanu
gondol	PEJVO	舟ᴳ	g	6	2	接頭辞	1	boat
kajak	PEJVO	舟ᴷᴶ	kj	6	1	先頭+子音	1	kanu
pirog	PEJVO	舟ᴾ	p	6	1	接頭辞	1	boat
navig	PEJVO	航ᴺ	n	5	10	接頭辞	4	aviad
navigaci	PEJVO	航ᴺᶜ	nc	5	2	綴り内の文字	1	navig
nau^t	PEJVO	航ᴺᴬ	na	5	8	接頭辞	4	navig
nau^tik	PIV	航ᴺᵁ̆	nŭ	5	2	綴り内の文字	2	navig
vesel	PEJVO	舰ⱽ	v	3	2	接頭辞	1	flot
fregat	PEJVO	舰ᶠᴿ	fr	3	3	接頭辞	1	flot
jah^t	PEJVO	艇ᴶᴴ̂	jĥ	2	2	先頭+子音	1	jakt
konscienc	CSV2890	良ᴷ	k	4	7	接頭辞	1	bon
benign	PEJVO	良ᴮᴳ	bg	4	2	綴り内の文字	1	bon
eu^	PIV	良ᴱ	e	4	5	接頭辞	1	bon
volupt	CSV2890	色ⱽ	v	5	13	接頭辞	1	kolor
erotik	CSV2890	色ᴱ	e	5	3	接頭辞	2	kolor
kromat	PEJVO	色ᴷᴿ	kr	5	15	接頭辞	2	kolor
erot	PIV	色ᴱᴿ	er	5	5	接頭辞	2	erotik
kolorometri	PIV	色测ᴷᴼ	ko	2	1	接頭辞	2	kolormetri
kolorometr	PIV	色计ᴷᴼ	ko	2	1	接頭辞	2	kolormetr
meti	CSV2890	艺ᴹ	m	2	11	接頭辞	1	art
abrotan	PEJVO	艾ᴬ	a	4	1	接頭辞	2	moks
artemizi	PEJVO	艾ᴬᴿ	ar	4	1	接頭辞	2	abrotan
estragon	PEJVO	艾ᴱ	e	4	1	接頭辞	1	moks
silab	CSV2890	节ˢ	s	8	23	接頭辞	2	diet
artik	CSV2890	节ᴬ	a	8	19	接頭辞	2	diet
strof	CSV2890	节ˢᵀ	st	8	3	接頭辞	1	silab
artr	PEJVO	节ᴬᴿ	ar	8	9	接頭辞	2	artik
gangli	PEJVO	节ᴳ	g	8	3	接頭辞	2	diet
dietik	PIV	节ᴰᴷ	dk	8	2	綴り内の文字	1	diet
ganglion	PIV	节ᴳᴺ	gn	8	1	先頭+子音	2	gangli
gangliit	PIV	节炎ᴳ	g	2	1	接頭辞	1	artrit
sinap	PEJVO	芥ˢ	s	2	3	接頭辞	1	mustard
irid	PEJVO	花ᴵ	i	20	3	接頭辞	1	flor
gerani	PEJVO	花ᴳ	g	20	3	接頭辞	2	flor
enoter	PEJVO	花ᴱ	e	20	1	接頭辞	2	flor
amarilid	PEJVO	花ᴬ	a	20	1	接頭辞	5	flor
balzamin	PEJVO	花ᴮ	b	20	1	接頭辞	2	flor
fuksi	PEJVO	花ᶠᴷ	fk	20	1	先頭+子音	1	flor
begoni	PEJVO	花ᴮᴳ	bg	20	1	先頭+子音	1	balzamin
primol	PEJVO	花ᴾ	p	20	1	接頭辞	2	flor
agapant	PEJVO	花ᴬᴳ	ag	20	1	接頭辞	1	amarilid
antirin	PEJVO	花ᴬᴺ	an	20	1	接頭辞	2	amarilid
asfodel	PEJVO	花ᴬˢ	as	20	1	接頭辞	1	amarilid
au^rikul	PEJVO	花ᴬᵁ̆	aŭ	20	1	接頭辞	1	amarilid
epilobi	PEJVO	花ᴱᴾ	ep	20	1	接頭辞	1	enoter
gladiol	PEJVO	花ᴳᴸ	gl	20	1	接頭辞	1	gerani
likorid	PEJVO	花ᴸ	l	20	1	接頭辞	1	flor
tropeol	PEJVO	花ᵀ	t	20	1	接頭辞	1	flor
pelargoni	PEJVO	花ᴾᴸ	pl	20	1	先頭+子音	2	primol
krokus	PIV	花ᴷ	k	20	1	接頭辞	1	flor
ciklamen	PIV	花ᶜ	c	20	1	接頭辞	1	flor
feston	PEJVO	花环ᶠ	f	2	2	接頭辞	1	girland
api	PEJVO	芹ᴬ	a	5	2	接頭辞	1	celeri
enant	PEJVO	芹ᴱ	e	5	1	接頭辞	1	celeri
felandri	PEJVO	芹ᶠ	f	5	1	接頭辞	1	celeri
kriptoteni	PEJVO	芹ᴷ	k	5	1	接頭辞	1	celeri
burĝon	CSV2890	芽ᴮ	b	4	8	接頭辞	1	ĝerm
s^os	PEJVO	芽ˢ̂	ŝ	4	6	接頭辞	1	spros
spros	PEJVO	芽ˢ	s	4	2	接頭辞	1	ĝerm
fragmit	PEJVO	苇ᶠ	f	2	1	接頭辞	1	kan
bri	PIV	苔ᴮ	b	5	1	接頭辞	1	musk
hipn	PIV	苔ᴴ	h	5	1	接頭辞	1	musk
andre	PIV	苔ᴬ	a	5	2	接頭辞	1	musk
sfagn	PIV	苔ˢ	s	5	1	接頭辞	1	musk
briofit	PIV	苔植ᴮᴼ	bo	2	1	綴り内の文字	1	brifit
amar	CSV2890	苦ᴬ	a	2	5	接頭辞	1	sufer
cikori	PEJVO	苦菜ᶜ	c	3	1	接頭辞	1	endivi
skarol	PEJVO	苦菜ˢ	s	3	1	接頭辞	1	endivi
solan	PEJVO	茄ˢ	s	12	1	接頭辞	2	tomat
datur	PEJVO	茄ᴰ	d	12	1	接頭辞	1	tomat
mandragor	PEJVO	茄ᴹ	m	12	1	接頭辞	2	tomat
petuni	PIV	茄ᴾ	p	12	1	接頭辞	1	tomat
fizalid	PIV	茄ᶠ	f	12	1	接頭辞	1	tomat
hiskiam	PIV	茄ᴴ	h	12	1	接頭辞	2	tomat
alkekeng	PIV	茄ᴬ	a	12	1	接頭辞	1	tomat
hiosciam	PIV	茄ᴴᶜ	hc	12	1	綴り内の文字	1	hiskiam
stramoni	PIV	茄ˢᵀ	st	12	1	接頭辞	1	solan
melongen	PIV	茄ᴹᴸ	ml	12	1	先頭+子音	1	mandragor
likopersik	PIV	茄ᴸ	l	12	1	接頭辞	1	tomat
alf	PEJVO	茅ᴬ	a	2	1	接頭辞	1	espart
kulm	PEJVO	茎ᴷ	k	2	2	接頭辞	1	tig
kokon	PEJVO	茧ᴷᴷ	kk	2	3	先頭+子音	1	kal
mate	PEJVO	茶ᴹ	m	4	1	接頭辞	1	te
kameli	PEJVO	茶ᴷ	k	4	3	接頭辞	1	te
sazank	PEJVO	茶ˢ	s	4	1	接頭辞	1	te
pajl	CSV2890	草ᴾ	p	386	18	接頭辞	36	herb
skiz	CSV2890	草ˢ	s	386	6	接頭辞	37	herb
ebul	PEJVO	草ᴱᴮ	eb	386	1	接頭辞	2	eu^forbi
alo	PEJVO	草ᴬ	a	386	7	接頭辞	48	herb
rut	PEJVO	草ᴿ	r	386	4	接頭辞	13	herb
cist	PEJVO	草ᶜ	c	386	4	接頭辞	15	herb
papav	PEJVO	草ᴾᴾ	pp	386	5	先頭+子音	2	pajl
kres	PEJVO	草ᴷ	k	386	1	接頭辞	39	herb
betel	PEJVO	草ᴮ	b	386	3	接頭辞	15	herb
akant	PEJVO	草ᴬᴷ	ak	386	3	接頭辞	15	alo
borag	PEJVO	草ᴮᴿ	br	386	1	先頭+子音	7	betel
veratr	PEJVO	草ⱽ	v	386	3	接頭辞	8	herb
krokiz	PEJVO	草ᴷᴷ	kk	386	2	綴り内の文字	8	kres
kareks	PEJVO	草ᴷˢ	ks	386	2	綴り内の文字	8	kres
anagal	PEJVO	草ᴬᴺ	an	386	1	接頭辞	20	alo
eu^forbi	PEJVO	草ᴱ	e	386	2	接頭辞	18	herb
helebor	PEJVO	草ᴴᴸ	hl	386	2	先頭+子音	11	herb
tragant	PEJVO	草ᵀ	t	386	1	接頭辞	17	herb
kenopodi	PEJVO	草ᴷᴺ	kn	386	2	先頭+子音	14	kres
kokleari	PEJVO	草ᴷᴸ	kl	386	2	綴り内の文字	21	kres
ranunkol	PEJVO	草ᴿᴺ	rn	386	1	先頭+子音	4	rut
asklepiad	PEJVO	草ᴬˢ	as	386	1	接頭辞	11	alo
eki	PEJVO	草ᴱᴷᴵ	eki	386	1	接頭辞	2	eu^forbi
azar	PEJVO	草ᴬᶻᴬ	aza	386	1	接頭辞	2	alo
basi	PEJVO	草ᴮᴬ	ba	386	1	接頭辞	7	betel
geum	PEJVO	草ᴳᵁ	gu	386	1	綴り内の文字	2	gage
junk	PEJVO	草ᴶᴺ	jn	386	1	先頭+子音	2	jazion
ankuz	PEJVO	草ᴬᴺᴷ	ank	386	1	接頭辞	4	alo
falar	PEJVO	草ᶠᴬ	fa	386	1	接頭辞	9	fle
kvino	PEJVO	草ᴷⱽ	kv	386	1	接頭辞	1	kres
nigel	PEJVO	草ᴺᴳ	ng	386	1	先頭+子音	2	napel
rezed	PEJVO	草ᴿᶻ	rz	386	1	先頭+子音	2	rut
stau^d	PEJVO	草ˢᵁ̆	sŭ	386	1	綴り内の文字	2	skiz
adonid	PEJVO	草ᴬᴰᴼ	ado	386	1	接頭辞	4	alo
atripl	PEJVO	草ᴬᵀᴿ	atr	386	1	接頭辞	3	alo
erizim	PEJVO	草ᴱᴹ	em	386	1	綴り内の文字	1	eu^forbi
farbit	PEJVO	草ᶠᴮ	fb	386	1	綴り内の文字	1	fle
festuk	PEJVO	草ᶠᴱ	fe	386	1	接頭辞	7	fle
filant	PEJVO	草ᶠᴵᴸ	fil	386	1	接頭辞	5	fle
fumari	PEJVO	草ᶠᴹ	fm	386	1	先頭+子音	3	fle
glau^ci	PEJVO	草ᴳᵁ̆	gŭ	386	1	綴り内の文字	1	geum
glekom	PEJVO	草ᴳᴷ	gk	386	1	綴り内の文字	1	gage
hormin	PEJVO	草ᴴᴼᴿ	hor	386	1	接頭辞	5	hordelim
kapsel	PEJVO	草ᴷᴾ	kp	386	1	先頭+子音	3	kres
klemat	PEJVO	草ᴷᴸᴱᴹ	klem	386	1	接頭辞	4	kres
lobeli	PEJVO	草ᴸᴼᴮ	lob	386	1	接頭辞	1	lemn
miozot	PEJVO	草ᴹᴵᴼ	mio	386	1	接頭辞	3	mimul
akirant	PEJVO	草ᴬᴷᴵ	aki	386	1	接頭辞	7	alo
alc^emil	PEJVO	草ᴬᶜ̂	aĉ	386	1	綴り内の文字	1	alo
alkemil	PEJVO	草ᴬᴸᴷ	alk	386	1	接頭辞	4	alo
amianti	PEJVO	草ᴬᴹᴵ	ami	386	1	接頭辞	7	alo
asperul	PEJVO	草ᴬˢᴾᴱ	aspe	386	1	接頭辞	1	alo
delfini	PEJVO	草ᴰᴸ	dl	386	1	先頭+子音	5	drab
erantid	PEJVO	草ᴱᴰ	ed	386	1	綴り内の文字	3	eu^forbi
eriofor	PEJVO	草ᴱᴼ	eo	386	1	綴り内の文字	9	eu^forbi
hiperik	PEJVO	草ᴴᴵᴾ	hip	386	1	接頭辞	3	hidrastid
hotujni	PEJVO	草ᴴᴶ	hj	386	1	綴り内の文字	1	herb
keirant	PEJVO	草ᴷᴱᴵ	kei	386	1	接頭辞	9	kres
miskant	PEJVO	草ᴹᴷ	mk	386	1	綴り内の文字	3	mimul
oksalid	PEJVO	草ᴼᴷ	ok	386	1	接頭辞	2	ocim
patrini	PEJVO	草ᴾᴬᵀ	pat	386	1	接頭辞	10	pajl
agrimoni	PEJVO	草ᴬᴳᴿ	agr	386	1	接頭辞	1	alo
akvilegi	PEJVO	草ᴬⱽ	av	386	1	綴り内の文字	1	alo
kampanul	PEJVO	草ᴷᴬᴹᴾ	kamp	386	1	接頭辞	1	kres
kardamin	PEJVO	草ᴷᴬᴿ	kar	386	1	接頭辞	9	kres
kelidoni	PEJVO	草ᴷᴱᴸ	kel	386	1	接頭辞	4	kres
klematid	PEJVO	草ᴷᴸᴱᴹᴬ	klema	386	1	接頭辞	3	kres
melampir	PEJVO	草ᴹᴹ	mm	386	1	綴り内の文字	4	mimul
salikari	PEJVO	草ˢᴬᴸᴵ	sali	386	1	接頭辞	4	skiz
valerian	PEJVO	草ⱽᴬ	va	386	1	接頭辞	5	veratr
drakunkol	PEJVO	草ᴰᴬ	da	386	1	綴り内の文字	9	drab
globulari	PEJVO	草ᴳᴮ	gb	386	1	綴り内の文字	2	gage
heliantem	PEJVO	草ᴴᴱᴸ	hel	386	1	接頭辞	7	helikoni
hemerokal	PEJVO	草ᴴᴱᴹ	hem	386	1	接頭辞	5	helikoni
merkurial	PEJVO	草ᴹᵁ	mu	386	1	綴り内の文字	3	mimul
saksifrag	PEJVO	草ˢᴬᴷ	sak	386	1	接頭辞	5	skiz
sisirinki	PEJVO	草ˢᴵˢ	sis	386	1	接頭辞	3	skiz
aristoloki	PEJVO	草ᴬᴿᴵ	ari	386	1	接頭辞	11	alo
platikodon	PEJVO	草ᴾᴸᴬ	pla	386	1	接頭辞	10	pajl
hemerokalid	PEJVO	草ᴴᴱᴹᴱ	heme	386	1	接頭辞	2	hemerokal
ze	PIV	草ᶻ	z	386	1	接頭辞	3	herb
air	PIV	草ᴬᴿ	ar	386	1	先頭+子音	24	alo
fle	PIV	草ᶠ	f	386	1	接頭辞	17	herb
tam	PIV	草ᵀᴹ	tm	386	1	先頭+子音	3	tragant
trap	PIV	草ᵀᴾ	tp	386	3	綴り内の文字	3	tragant
sued	PIV	草ˢᴰ	sd	386	2	先頭+子音	2	skiz
bas^o	PIV	草ᴮˢ̂	bŝ	386	2	先頭+子音	1	betel
aizo	PIV	草ᴬᶻ	az	386	1	先頭+子音	5	alo
arum	PIV	草ᴬᴹ	am	386	1	綴り内の文字	9	alo
ajug	PIV	草ᴬᴶ	aj	386	1	接頭辞	1	alo
akor	PIV	草ᴬᴼ	ao	386	1	綴り内の文字	17	alo
akte	PIV	草ᴬᵀ	at	386	1	綴り内の文字	14	alo
alis	PIV	草ᴬᴸ	al	386	1	接頭辞	18	alo
anil	PIV	草ᴬᴵ	ai	386	1	綴り内の文字	31	alo
drab	PIV	草ᴰ	d	386	1	接頭辞	14	herb
gage	PIV	草ᴳ	g	386	1	接頭辞	14	herb
gomb	PIV	草ᴳᴹ	gm	386	1	先頭+子音	3	gage
holk	PIV	草ᴴᴷ	hk	386	1	綴り内の文字	7	herb
iksi	PIV	草ᴵ	i	386	1	接頭辞	9	herb
kala	PIV	草ᴷᴬ	ka	386	1	接頭辞	25	kres
kalt	PIV	草ᴷᵀ	kt	386	1	綴り内の文字	15	kres
keir	PIV	草ᴷᴵ	ki	386	1	綴り内の文字	23	kres
lemn	PIV	草ᴸ	l	386	1	接頭辞	19	herb
lige	PIV	草ᴸᴳ	lg	386	1	先頭+子音	3	lemn
loli	PIV	草ᴸᴸ	ll	386	1	先頭+子音	5	lemn
ocim	PIV	草ᴼ	o	386	1	接頭辞	7	herb
oriz	PIV	草ᴼᴿ	or	386	1	接頭辞	4	ocim
rami	PIV	草ᴿᴹ	rm	386	1	先頭+子音	3	rut
read	PIV	草ᴿᴰ	rd	386	1	先頭+子音	2	rut
reum	PIV	草ᴿᵁ	ru	386	1	綴り内の文字	6	rut
rubi	PIV	草ᴿᴮ	rb	386	1	先頭+子音	1	rut
taps	PIV	草ᵀˢ	ts	386	1	綴り内の文字	4	tragant
tife	PIV	草ᵀᶠ	tf	386	1	先頭+子音	1	tragant
ciper	PIV	草ᶜᴾ	cp	386	2	先頭+子音	2	cist
paris	PIV	草ᴾᴿ	pr	386	2	先頭+子音	16	pajl
arund	PIV	草ᴬᴰ	ad	386	1	綴り内の文字	7	alo
arunk	PIV	草ᴬᵁ	au	386	1	綴り内の文字	9	alo
butom	PIV	草ᴮᴹ	bm	386	1	綴り内の文字	4	betel
cinar	PIV	草ᶜᴺ	cn	386	1	先頭+子音	8	cist
circe	PIV	草ᶜᴿ	cr	386	1	先頭+子音	9	cist
citin	PIV	草ᶜᵀ	ct	386	1	先頭+子音	7	cist
dione	PIV	草ᴰᴺ	dn	386	1	先頭+子音	6	drab
donak	PIV	草ᴰᴷ	dk	386	1	綴り内の文字	6	drab
drimi	PIV	草ᴰᴹ	dm	386	1	綴り内の文字	2	drab
elode	PIV	草ᴱᴸ	el	386	1	接頭辞	9	eu^forbi
erodi	PIV	草ᴱᴿ	er	386	1	接頭辞	12	eu^forbi
floks	PIV	草ᶠᴷ	fk	386	1	綴り内の文字	5	fle
formi	PIV	草ᶠᴿ	fr	386	1	先頭+子音	10	fle
frezi	PIV	草ᶠᶻ	fz	386	1	綴り内の文字	1	fle
gnidi	PIV	草ᴳᴺ	gn	386	1	接頭辞	3	gage
humul	PIV	草ᴴᴹ	hm	386	1	先頭+子音	7	herb
ipome	PIV	草ᴵᴾ	ip	386	1	接頭辞	4	iksi
kleom	PIV	草ᴷᴹ	km	386	1	綴り内の文字	12	kres
latre	PIV	草ᴸᵀ	lt	386	1	先頭+子音	5	lemn
luzul	PIV	草ᴸᶻ	lz	386	1	先頭+子音	2	lemn
mimul	PIV	草ᴹ	m	386	1	接頭辞	19	herb
napel	PIV	草ᴺ	n	386	1	接頭辞	9	herb
nepet	PIV	草ᴺᵀ	nt	386	1	綴り内の文字	6	napel
nopal	PIV	草ᴺᴼ	no	386	1	接頭辞	2	napel
panak	PIV	草ᴾᴺ	pn	386	1	先頭+子音	19	pajl
pecaj	PIV	草ᴾᶜ	pc	386	1	先頭+子音	4	pajl
pense	PIV	草ᴾˢ	ps	386	1	綴り内の文字	8	pajl
samol	PIV	草ˢᴹ	sm	386	1	先頭+子音	4	skiz
scirp	PIV	草ˢᶜ	sc	386	1	接頭辞	3	skiz
tazet	PIV	草ᵀᶻ	tz	386	1	先頭+子音	1	tragant
tlasp	PIV	草ᵀᴸ	tl	386	1	接頭辞	8	tragant
trili	PIV	草ᵀᴿ	tr	386	1	接頭辞	10	tragant
troli	PIV	草ᵀᴼ	to	386	1	綴り内の文字	3	tragant
eritre	PIV	草ᴱᵀ	et	386	2	綴り内の文字	6	eu^forbi
apocin	PIV	草ᴬᴾ	ap	386	1	接頭辞	8	alo
niktag	PIV	草ᴺᴷ	nk	386	1	先頭+子音	2	napel
abutil	PIV	草ᴬᴮ	ab	386	1	接頭辞	5	alo
aliari	PIV	草ᴬᴬ	aa	386	1	綴り内の文字	15	alo
amofil	PIV	草ᴬᶠ	af	386	1	綴り内の文字	1	alo
anturi	PIV	草ᴬᴺᵀ	ant	386	1	接頭辞	7	alo
arabis	PIV	草ᴬᴿᴬ	ara	386	1	接頭辞	6	alo
armeri	PIV	草ᴬᴱ	ae	386	1	綴り内の文字	11	alo
astilb	PIV	草ᴬˢᵀ	ast	386	1	接頭辞	5	alo
balote	PIV	草ᴮᴸ	bl	386	1	先頭+子音	6	betel
bazili	PIV	草ᴮᶻ	bz	386	1	先頭+子音	1	betel
bemeri	PIV	草ᴮᴱ	be	386	1	接頭辞	8	betel
bromus	PIV	草ᴮˢ	bs	386	1	綴り内の文字	4	betel
brunel	PIV	草ᴮᴺ	bn	386	1	綴り内の文字	2	betel
drozer	PIV	草ᴰᶻ	dz	386	1	綴り内の文字	1	drab
egilop	PIV	草ᴱᴳ	eg	386	1	接頭辞	3	eu^forbi
elatin	PIV	草ᴱᴺ	en	386	1	綴り内の文字	4	eu^forbi
erofil	PIV	草ᴱᶠ	ef	386	1	綴り内の文字	4	eu^forbi
es^olzi	PIV	草ᴱˢ̂	eŝ	386	1	接頭辞	2	eu^forbi
fikari	PIV	草ᶠᴵ	fi	386	1	接頭辞	13	fle
fiteu^m	PIV	草ᶠᵀ	ft	386	1	先頭+子音	5	fle
gosipi	PIV	草ᴳˢ	gs	386	1	先頭+子音	5	gage
hemant	PIV	草ᴴᴺ	hn	386	1	綴り内の文字	6	herb
holost	PIV	草ᴴˢ	hs	386	1	綴り内の文字	5	herb
iberis	PIV	草ᴵᴮ	ib	386	1	接頭辞	1	iksi
izatid	PIV	草ᴵᶻ	iz	386	1	接頭辞	2	iksi
jazion	PIV	草ᴶ	j	386	1	接頭辞	2	herb
kaladi	PIV	草ᴷᴰ	kd	386	1	綴り内の文字	8	kres
kalate	PIV	草ᴷᴱ	ke	386	1	綴り内の文字	16	kres
katari	PIV	草ᴷᴿ	kr	386	1	綴り内の文字	18	kres
knau^ti	PIV	草ᴷᵁ̆	kŭ	386	1	綴り内の文字	1	kres
korkor	PIV	草ᴷᴼ	ko	386	1	接頭辞	18	kres
krinum	PIV	草ᴷᵁ	ku	386	1	綴り内の文字	3	kres
kroton	PIV	草ᴷᴿᴼ	kro	386	1	接頭辞	5	kres
kuskut	PIV	草ᴷᵁˢ	kus	386	1	接頭辞	1	kres
leguzi	PIV	草ᴸᴱ	le	386	1	接頭辞	10	lemn
lepidi	PIV	草ᴸᴾ	lp	386	1	先頭+子音	3	lemn
leu^koj	PIV	草ᴸᵁ̆	lŭ	386	1	綴り内の文字	1	lemn
limoni	PIV	草ᴸᴼ	lo	386	1	綴り内の文字	8	lemn
linari	PIV	草ᴸᴺ	ln	386	1	先頭+子音	6	lemn
litops	PIV	草ᴸˢ	ls	386	1	綴り内の文字	3	lemn
litrum	PIV	草ᴸᴹ	lm	386	1	綴り内の文字	4	lemn
logani	PIV	草ᴸᴬ	la	386	1	綴り内の文字	6	lemn
marant	PIV	草ᴹᴿ	mr	386	1	先頭+子音	10	mimul
marubi	PIV	草ᴹᴮ	mb	386	1	綴り内の文字	3	mimul
matiol	PIV	草ᴹᵀ	mt	386	1	先頭+子音	10	mimul
molini	PIV	草ᴹᴸ	ml	386	1	先頭+子音	7	mimul
monard	PIV	草ᴹᴺ	mn	386	1	先頭+子音	11	mimul
nepent	PIV	草ᴺᴺ	nn	386	1	綴り内の文字	1	napel
opunti	PIV	草ᴼᴾ	op	386	1	接頭辞	1	ocim
oronti	PIV	草ᴼᴼ	oo	386	1	綴り内の文字	3	ocim
pedali	PIV	草ᴾᴰ	pd	386	1	先頭+子音	5	pajl
pejotl	PIV	草ᴾᵀ	pt	386	1	綴り内の文字	16	pajl
perilj	PIV	草ᴾᴶ	pj	386	1	綴り内の文字	4	pajl
rinant	PIV	草ᴿᵀ	rt	386	1	綴り内の文字	3	rut
rumeks	PIV	草ᴿᴷ	rk	386	1	綴り内の文字	3	rut
salsol	PIV	草ˢᴸ	sl	386	1	先頭+子音	18	skiz
sature	PIV	草ˢᵀ	st	386	1	先頭+子音	12	skiz
simfit	PIV	草ˢᶠ	sf	386	1	綴り内の文字	3	skiz
sklare	PIV	草ˢᴿ	sr	386	1	綴り内の文字	26	skiz
smilak	PIV	草ˢᴷ	sk	386	1	綴り内の文字	13	skiz
teu^kri	PIV	草ᵀᵁ̆	tŭ	386	1	綴り内の文字	1	tragant
timele	PIV	草ᵀᴵ	ti	386	1	接頭辞	11	tragant
ulmari	PIV	草ᵁ	u	386	1	接頭辞	2	herb
vakari	PIV	草ⱽᴷ	vk	386	1	先頭+子音	4	veratr
veronik	PIV	草ⱽᴺ	vn	386	2	綴り内の文字	5	veratr
alokazi	PIV	草ᴬᴸᴼ	alo	386	1	接頭辞	4	alo
arenari	PIV	草ᴬᴿᴱ	are	386	1	接頭辞	4	alo
argemon	PIV	草ᴬᴳ	ag	386	1	綴り内の文字	6	alo
barbare	PIV	草ᴮᴮ	bb	386	1	綴り内の文字	2	betel
bistort	PIV	草ᴮᵀ	bt	386	1	綴り内の文字	5	betel
bromeli	PIV	草ᴮᴵ	bi	386	1	綴り内の文字	6	betel
cerasti	PIV	草ᶜˢ	cs	386	1	綴り内の文字	3	cist
cinozur	PIV	草ᶜᶻ	cz	386	1	綴り内の文字	1	cist
dafodil	PIV	草ᴰᶠ	df	386	1	先頭+子音	3	drab
diktamn	PIV	草ᴰᵀ	dt	386	1	綴り内の文字	4	drab
eu^frazi	PIV	草ᴱᶻ	ez	386	1	綴り内の文字	3	eu^forbi
falarid	PIV	草ᶠᴰ	fd	386	1	綴り内の文字	3	fle
fitolak	PIV	草ᶠᴸ	fl	386	1	綴り内の文字	9	fle
fragari	PIV	草ᶠᴳ	fg	386	1	綴り内の文字	1	fle
galeops	PIV	草ᴳᴸ	gl	386	1	先頭+子音	7	gage
gesneri	PIV	草ᴳᴿ	gr	386	1	綴り内の文字	5	gage
ginseng	PIV	草ᴳᴳ	gg	386	1	綴り内の文字	2	gage
glorioz	PIV	草ᴳᶻ	gz	386	1	綴り内の文字	1	gage
gratiol	PIV	草ᴳᵀ	gt	386	1	綴り内の文字	2	gage
halofit	PIV	草ᴴᶠ	hf	386	1	綴り内の文字	2	herb
hipurid	PIV	草ᴴᴾ	hp	386	1	先頭+子音	5	herb
imortel	PIV	草ᴵᴹ	im	386	1	接頭辞	3	iksi
kamemor	PIV	草ᴷᴬᴹ	kam	386	1	接頭辞	6	kres
komelin	PIV	草ᴷᴼᴹ	kom	386	1	接頭辞	3	kres
koridal	PIV	草ᴷᴼᴿ	kor	386	1	接頭辞	6	kres
labrusk	PIV	草ᴸᴮ	lb	386	1	先頭+子音	3	lemn
manihot	PIV	草ᴹᴴ	mh	386	1	綴り内の文字	1	mimul
meniant	PIV	草ᴹᴱ	me	386	1	接頭辞	6	mimul
mirabil	PIV	草ᴹᴵ	mi	386	1	接頭辞	15	mimul
mish^ant	PIV	草ᴹˢ	ms	386	1	先頭+子音	4	mimul
monster	PIV	草ᴹᴼ	mo	386	1	接頭辞	8	mimul
orobank	PIV	草ᴼᴮ	ob	386	1	綴り内の文字	1	ocim
papaver	PIV	草ᴾⱽ	pv	386	1	綴り内の文字	3	pajl
plumbag	PIV	草ᴾᴸ	pl	386	1	接頭辞	19	pajl
poliant	PIV	草ᴾᴼ	po	386	1	接頭辞	16	pajl
poligal	PIV	草ᴾᴳ	pg	386	1	綴り内の文字	5	pajl
raflezi	PIV	草ᴿᶠ	rf	386	1	先頭+子音	3	rut
sesleri	PIV	草ˢˢ	ss	386	1	先頭+子音	8	skiz
spergul	PIV	草ˢᴾ	sp	386	1	接頭辞	9	skiz
stapeli	PIV	草ˢᴬ	sa	386	1	綴り内の文字	26	skiz
stelari	PIV	草ˢᴱ	se	386	1	綴り内の文字	15	skiz
taliktr	PIV	草ᵀᵀ	tt	386	1	綴り内の文字	6	tragant
trakeli	PIV	草ᵀᴷ	tk	386	1	綴り内の文字	4	tragant
verbask	PIV	草ⱽᴮ	vb	386	1	綴り内の文字	2	veratr
zigofil	PIV	草ᶻᴳ	zg	386	1	先頭+子音	1	ze
patienc	PIV	草ᴾᴬ	pa	386	1	接頭辞	26	pajl
sagitari	PIV	草ˢᴳ	sg	386	2	先頭+子音	7	skiz
psilofit	PIV	草ᴾᶠ	pf	386	1	綴り内の文字	2	pajl
alopekur	PIV	草ᴬᴸᴼᴾ	alop	386	1	接頭辞	1	alo
androzac	PIV	草ᴬᶜ	ac	386	1	綴り内の文字	3	alo
armoraci	PIV	草ᴬᴿᴹ	arm	386	1	接頭辞	5	alo
au^brieti	PIV	草ᴬᵁ̆	aŭ	386	1	接頭辞	1	alo
bekabung	PIV	草ᴮᴷ	bk	386	1	先頭+子音	2	betel
biskutel	PIV	草ᴮᵁ	bu	386	1	綴り内の文字	5	betel
centau^ri	PIV	草ᶜᵁ̆	cŭ	386	1	綴り内の文字	1	cist
centrant	PIV	草ᶜᴱ	ce	386	1	接頭辞	6	cist
cinodont	PIV	草ᶜᴰ	cd	386	1	綴り内の文字	1	cist
cinoglos	PIV	草ᶜᴳ	cg	386	1	綴り内の文字	3	cist
daktilis	PIV	草ᴰˢ	ds	386	1	綴り内の文字	2	drab
digitari	PIV	草ᴰᴳ	dg	386	1	先頭+子音	2	drab
dioskore	PIV	草ᴰᴿ	dr	386	1	綴り内の文字	6	drab
ejs^horni	PIV	草ᴱᴶ	ej	386	1	接頭辞	1	eu^forbi
elitrigi	PIV	草ᴱᴵ	ei	386	1	綴り内の文字	16	eu^forbi
helikoni	PIV	草ᴴᴱ	he	386	1	接頭辞	13	herb
herniari	PIV	草ᴴᴿ	hr	386	1	先頭+子音	16	herb
hesperid	PIV	草ᴴᴰ	hd	386	1	綴り内の文字	9	herb
hipeastr	PIV	草ᴴᵀ	ht	386	1	綴り内の文字	10	herb
hordelim	PIV	草ᴴᴼ	ho	386	1	接頭辞	14	herb
izolepid	PIV	草ᴵᴸ	il	386	1	綴り内の文字	3	iksi
kalamint	PIV	草ᴷᴬᴸ	kal	386	1	接頭辞	11	kres
kalitrik	PIV	草ᴷᴬᴸᴵ	kali	386	1	接頭辞	5	kres
katarant	PIV	草ᴷᴬᵀ	kat	386	1	接頭辞	13	kres
klematit	PIV	草ᴷᴸᴱ	kle	386	1	接頭辞	7	kres
kolokazi	PIV	草ᴷᶻ	kz	386	1	綴り内の文字	3	kres
konsolid	PIV	草ᴷᴼᴺ	kon	386	1	接頭辞	4	kres
krozofor	PIV	草ᴷᶠ	kf	386	1	綴り内の文字	1	kres
lavandul	PIV	草ᴸⱽ	lv	386	1	先頭+子音	2	lemn
martagon	PIV	草ᴹᴳ	mg	386	1	綴り内の文字	1	mimul
moldavik	PIV	草ᴹᴰ	md	386	1	綴り内の文字	2	mimul
nasturti	PIV	草ᴺˢ	ns	386	1	先頭+子音	3	napel
pankrati	PIV	草ᴾᴷ	pk	386	1	綴り内の文字	10	pajl
paroniki	PIV	草ᴾᴵ	pi	386	1	綴り内の文字	25	pajl
pasiflor	PIV	草ᴾᴬˢ	pas	386	1	接頭辞	3	pajl
polemoni	PIV	草ᴾᴹ	pm	386	1	綴り内の文字	4	pajl
portulak	PIV	草ᴾᵁ	pu	386	1	綴り内の文字	6	pajl
potentil	PIV	草ᴾᴱ	pe	386	1	綴り内の文字	16	pajl
pozidoni	PIV	草ᴾᶻ	pz	386	1	先頭+子音	1	pajl
pulsatil	PIV	草ᴾᵁᴸ	pul	386	1	接頭辞	5	pajl
rapunkol	PIV	草ᴿᴾ	rp	386	1	先頭+子音	1	rut
rau^volfi	PIV	草ᴿᵁ̆	rŭ	386	1	綴り内の文字	1	rut
sanpau^li	PIV	草ˢᴺ	sn	386	1	先頭+子音	10	skiz
saponari	PIV	草ˢᴼ	so	386	1	綴り内の文字	7	skiz
saraceni	PIV	草ˢᴵ	si	386	1	綴り内の文字	29	skiz
sensitiv	PIV	草ˢⱽ	sv	386	1	綴り内の文字	3	skiz
sigilari	PIV	草ˢᴵᴳ	sig	386	1	接頭辞	2	skiz
sizimbri	PIV	草ˢᶻ	sz	386	1	先頭+子音	2	skiz
sklerant	PIV	草ˢᴷᴸ	skl	386	1	接頭辞	5	skiz
spargani	PIV	草ˢᴾᴬ	spa	386	1	接頭辞	5	skiz
stratiot	PIV	草ˢᵀᴿ	str	386	1	接頭辞	6	skiz
strelici	PIV	草ˢᵀᴿᴱ	stre	386	1	接頭辞	2	skiz
tilandsi	PIV	草ᵀᴺ	tn	386	1	綴り内の文字	5	tragant
verbezen	PIV	草ⱽᶻ	vz	386	1	綴り内の文字	1	veratr
anastatik	PIV	草ᴬᴺᴬ	ana	386	1	接頭辞	5	alo
antoksant	PIV	草ᴬᴺᵀᴼ	anto	386	1	接頭辞	1	alo
arabidops	PIV	草ᴬᴿᴬᴮ	arab	386	1	接頭辞	2	alo
aspidistr	PIV	草ᴬˢᴾ	asp	386	1	接頭辞	3	alo
ceratofil	PIV	草ᶜᶠ	cf	386	1	綴り内の文字	2	cist
cimbalari	PIV	草ᶜᴹ	cm	386	1	先頭+子音	3	cist
cimicifug	PIV	草ᶜᶜ	cc	386	1	綴り内の文字	2	cist
difenbaki	PIV	草ᴰᴮ	db	386	1	綴り内の文字	2	drab
eglanteri	PIV	草ᴱᴬ	ea	386	1	綴り内の文字	5	eu^forbi
eleokarit	PIV	草ᴱᴷ	ek	386	1	綴り内の文字	2	eu^forbi
filodendr	PIV	草ᶠᴺ	fn	386	1	綴り内の文字	4	fle
fraksinel	PIV	草ᶠˢ	fs	386	1	綴り内の文字	3	fle
hidrastid	PIV	草ᴴᴵ	hi	386	1	接頭辞	17	herb
impatient	PIV	草ᴵᵀ	it	386	1	綴り内の文字	4	iksi
ksantosom	PIV	草ᴷˢᴬ	ksa	386	1	接頭辞	1	kres
litosperm	PIV	草ᴸᴿ	lr	386	1	綴り内の文字	6	lemn
menisperm	PIV	草ᴹᴾ	mp	386	1	綴り内の文字	2	mimul
ornitogal	PIV	草ᴼᴳ	og	386	1	綴り内の文字	1	ocim
parietari	PIV	草ᴾᴬᴿ	par	386	1	接頭辞	12	pajl
pedikular	PIV	草ᴾᴱᴰ	ped	386	1	接頭辞	3	pajl
persikari	PIV	草ᴾᴱᴿ	per	386	1	接頭辞	7	pajl
pingvikul	PIV	草ᴾᴵᴺ	pin	386	1	接頭辞	7	pajl
plektrant	PIV	草ᴾᴸᴱ	ple	386	1	接頭辞	2	pajl
poligonat	PIV	草ᴾᴼᴸ	pol	386	1	接頭辞	7	pajl
pontederi	PIV	草ᴾᴼᴺ	pon	386	1	接頭辞	10	pajl
pulmonari	PIV	草ᴾᵁᴸᴹ	pulm	386	1	接頭辞	1	pajl
rafanistr	PIV	草ᴿˢ	rs	386	1	綴り内の文字	2	rut
salikorni	PIV	草ˢᴬᴸ	sal	386	1	接頭辞	6	skiz
sansevier	PIV	草ˢᴬᴺ	san	386	1	接頭辞	8	skiz
skutelari	PIV	草ˢᵁ	su	386	1	綴り内の文字	7	skiz
tetragoni	PIV	草ᵀᴳ	tg	386	1	綴り内の文字	2	tragant
tormentil	PIV	草ᵀᴱ	te	386	1	綴り内の文字	8	tragant
andropogon	PIV	草ᴬᴺᴰ	and	386	1	接頭辞	4	alo
cimbopogon	PIV	草ᶜᴮ	cb	386	1	綴り内の文字	2	cist
filipendul	PIV	草ᶠᴾ	fp	386	1	綴り内の文字	1	fle
harpagofit	PIV	草ᴴᴳ	hg	386	1	綴り内の文字	1	herb
hidrokarit	PIV	草ᴴᴬ	ha	386	1	綴り内の文字	12	herb
kalceolari	PIV	草ᴷᶜ	kc	386	1	綴り内の文字	1	kres
nardostaki	PIV	草ᴺᴿ	nr	386	1	先頭+子音	3	napel
partenocis	PIV	草ᴾᴬᴿᵀ	part	386	1	接頭辞	3	pajl
pogostemon	PIV	草ᴾᴼᴳ	pog	386	1	接頭辞	3	pajl
sangvisorb	PIV	草ˢᴮ	sb	386	1	綴り内の文字	2	skiz
skrofulari	PIV	草ˢᴷᴿ	skr	386	1	接頭辞	9	skiz
spergulari	PIV	草ˢᴾᴱ	spe	386	1	接頭辞	4	skiz
utrikulari	PIV	草ᵁᵀ	ut	386	1	接頭辞	1	ulmari
valerianel	PIV	草ⱽᴸ	vl	386	1	先頭+子音	2	veratr
lentibulari	PIV	草ᴸᴵ	li	386	1	綴り内の文字	12	lemn
glosopterid	PIV	草ᴳᴾ	gp	386	1	綴り内の文字	3	gage
mezembriant	PIV	草ᴹᶻ	mz	386	1	先頭+子音	2	mimul
tradeskanti	PIV	草ᵀᴰ	td	386	1	綴り内の文字	2	tragant
vincetoksik	PIV	草ⱽᶜ	vc	386	1	綴り内の文字	1	veratr
kalamagrostid	PIV	草ᴷᴳ	kg	386	1	綴り内の文字	1	kres
isat	PIV	草ᴵˢ	is	386	1	接頭辞	4	iksi
alsin	PIV	草ᴬᴸˢ	als	386	1	接頭辞	2	alo
skirp	PIV	草ˢᴷᴵ	ski	386	1	接頭辞	10	skiz
isolep	PIV	草ᴵᴼ	io	386	1	綴り内の文字	4	iksi
levkoj	PIV	草ᴸᴷ	lk	386	1	綴り内の文字	3	lemn
helode	PIV	草ᴴᴱᴸᴼ	helo	386	1	接頭辞	3	heliantem
zoster	PIV	草ᶻˢ	zs	386	1	先頭+子音	1	ze
stakis	PIV	草ˢᵀᴬ	sta	386	1	接頭辞	7	skiz
akonit	PIV	草ᴬᴷᴼ	ako	386	1	接頭辞	2	alo
hidrast	PIV	草ᴴᴵᴰ	hid	386	1	接頭辞	7	hidrastid
digital	PIV	草ᴰᴵ	di	386	1	接頭辞	10	drab
nasturci	PIV	草ᴺᶜ	nc	386	1	綴り内の文字	1	napel
pankraci	PIV	草ᴾᴬᴺ	pan	386	1	接頭辞	10	pajl
kolokasi	PIV	草ᴷᴼᴸ	kol	386	1	接頭辞	7	kres
spekulari	PIV	草ˢᴾᴱᴷ	spek	386	1	接頭辞	1	skiz
hidrokarid	PIV	草ᴴᴵᴰᴿ	hidr	386	1	接頭辞	4	hidrastid
preri	PEJVO	草原ᴾ	p	2	3	接頭辞	1	step
razen	PEJVO	草坪ᴿ	r	2	1	接頭辞	1	gazon
diboc^	PEJVO	荡ᴰ	d	5	13	接頭辞	1	vag
fluktu	PEJVO	荡ᶠ	f	5	3	接頭辞	1	vag
libertin	PEJVO	荡ᴸ	l	5	3	接頭辞	1	vag
vagabond	PEJVO	荡ⱽᴮ	vb	5	2	綴り内の文字	1	vag
prosper	CSV2890	荣ᴾ	p	2	12	接頭辞	1	glor
apotek	CSV2890	药ᴬ	a	7	3	接頭辞	2	medikament
drog	PEJVO	药ᴰ	d	7	8	接頭辞	1	medikament
oficin	PEJVO	药ᴼ	o	7	3	接頭辞	1	medikament
farmak	PEJVO	药ᶠ	f	7	2	接頭辞	2	medikament
farmaci	PEJVO	药ᶠᶜ	fc	7	4	綴り内の文字	1	farmak
anter	PEJVO	药ᴬᴺ	an	7	1	接頭辞	1	apotek
kolokint	PEJVO	药瓜ᴷᴷ	kk	2	1	綴り内の文字	1	kolocint
nelumb	PIV	莲ᴺ	n	2	1	接頭辞	1	lotus
rikolt	CSV2890	获ᴿ	r	3	12	接頭辞	1	akir
obten	PIV	获ᴼ	o	3	1	接頭辞	1	akir
regol	PEJVO	莺ᴿ	r	4	1	接頭辞	2	silvi
rubekol	PEJVO	莺ᴿᴮ	rb	4	1	先頭+子音	1	regol
ugvis	PIV	莺ᵁ	u	4	1	接頭辞	1	silvi
aster	PEJVO	菊ᴬ	a	69	1	接頭辞	7	krizantem
lekant	PEJVO	菊ᴸ	l	69	1	接頭辞	5	krizantem
kompozit	PEJVO	菊ᴷᴹ	km	69	2	先頭+子音	5	krizantem
zini	PEJVO	菊ᶻ	z	69	1	接頭辞	1	krizantem
akile	PEJVO	菊ᴬᴷ	ak	69	1	接頭辞	2	aster
karlin	PEJVO	菊ᴷᴸ	kl	69	1	綴り内の文字	4	krizantem
krepid	PEJVO	菊ᴷᴰ	kd	69	1	綴り内の文字	3	krizantem
seneci	PEJVO	菊ˢ	s	69	1	接頭辞	8	krizantem
antemid	PEJVO	菊ᴬᴺ	an	69	1	接頭辞	3	aster
georgin	PEJVO	菊ᴳ	g	69	1	接頭辞	3	krizantem
leontod	PEJVO	菊ᴸᴺ	ln	69	1	先頭+子音	5	lekant
solidag	PEJVO	菊ˢᴸ	sl	69	1	先頭+子音	5	seneci
tanacet	PEJVO	菊ᵀ	t	69	1	接頭辞	8	krizantem
tusilag	PEJVO	菊ᵀˢ	ts	69	1	先頭+子音	2	tanacet
centau^re	PEJVO	菊ᶜ	c	69	1	接頭辞	3	krizantem
edelvejs	PEJVO	菊ᴱ	e	69	1	接頭辞	4	krizantem
helikriz	PEJVO	菊ᴴ	h	69	1	接頭辞	2	krizantem
kalendul	PEJVO	菊ᴷᴺ	kn	69	1	綴り内の文字	5	krizantem
kalistef	PEJVO	菊ᴷˢ	ks	69	1	綴り内の文字	4	krizantem
santolin	PEJVO	菊ˢᵀ	st	69	1	綴り内の文字	2	seneci
skorzoner	PEJVO	菊ˢᴷ	sk	69	1	接頭辞	3	seneci
inul	PIV	菊ᴵ	i	69	1	接頭辞	1	krizantem
madi	PIV	菊ᴹ	m	69	1	接頭辞	2	krizantem
sonk	PIV	菊ˢᴺ	sn	69	1	先頭+子音	4	seneci
dali	PIV	菊ᴰ	d	69	1	接頭辞	1	krizantem
arkte	PIV	菊ᴬᴿ	ar	69	1	接頭辞	4	aster
belis	PIV	菊ᴮ	b	69	1	接頭辞	3	krizantem
cirsi	PIV	菊ᶜᴿ	cr	69	1	先頭+子音	3	centau^re
kardu	PIV	菊ᴷᴿ	kr	69	1	先頭+子音	6	krizantem
koniz	PIV	菊ᴷᶻ	kz	69	1	綴り内の文字	3	krizantem
silib	PIV	菊ˢᴮ	sb	69	1	綴り内の文字	1	seneci
tag^et	PIV	菊ᵀᴳ̂	tĝ	69	1	先頭+子音	1	tanacet
taget	PIV	菊ᵀᴳ	tg	69	1	先頭+子音	4	tanacet
agerat	PIV	菊ᴬᴳ	ag	69	1	接頭辞	1	aster
ajapan	PIV	菊ᴬᴶ	aj	69	1	接頭辞	1	aster
kartam	PIV	菊ᴷᵀ	kt	69	1	綴り内の文字	5	krizantem
lapsan	PIV	菊ᴸᴾ	lp	69	1	先頭+子音	1	lekant
piretr	PIV	菊ᴾ	p	69	1	接頭辞	5	krizantem
skolim	PIV	菊ˢᴹ	sm	69	1	綴り内の文字	1	seneci
ksanti	PIV	菊ᴷᴬ	ka	69	1	綴り内の文字	8	krizantem
kosmos	PIV	菊ᴷᴼ	ko	69	1	接頭辞	4	krizantem
buftalm	PIV	菊ᴮᶠ	bf	69	1	先頭+子音	1	belis
ekinops	PIV	菊ᴱᴷ	ek	69	1	接頭辞	1	edelvejs
gnafali	PIV	菊ᴳᴺ	gn	69	1	接頭辞	3	georgin
hieraci	PIV	菊ᴴᴿ	hr	69	1	先頭+子音	2	helikriz
kamemel	PIV	菊ᴷᴱ	ke	69	1	綴り内の文字	6	krizantem
koreops	PIV	菊ᴷᴾ	kp	69	1	綴り内の文字	3	krizantem
leu^kant	PIV	菊ᴸᵁ̆	lŭ	69	1	綴り内の文字	1	lekant
onopord	PIV	菊ᴼ	o	69	1	接頭辞	1	krizantem
parteni	PIV	菊ᴾᴺ	pn	69	1	綴り内の文字	2	piretr
pilozel	PIV	菊ᴾᴸ	pl	69	1	先頭+子音	1	piretr
ptarmik	PIV	菊ᴾᵀ	pt	69	1	接頭辞	4	piretr
rudbeki	PIV	菊ᴿ	r	69	1	接頭辞	1	krizantem
seratul	PIV	菊ˢᴿ	sr	69	1	先頭+子音	2	seneci
antenari	PIV	菊ᴬᵀ	at	69	1	綴り内の文字	5	aster
balzamit	PIV	菊ᴮᶻ	bz	69	1	綴り内の文字	1	belis
cinerari	PIV	菊ᶜᴺ	cn	69	1	先頭+子音	2	centau^re
erigeron	PIV	菊ᴱᴿ	er	69	1	接頭辞	2	edelvejs
eu^patori	PIV	菊ᴱᵁ̆	eŭ	69	1	接頭辞	1	edelvejs
grindeli	PIV	菊ᴳᴿ	gr	69	1	接頭辞	2	georgin
taraksak	PIV	菊ᵀᴿ	tr	69	1	先頭+子音	4	tanacet
tragopog	PIV	菊ᵀᴾ	tp	69	1	綴り内の文字	3	tanacet
verbesin	PIV	菊ⱽ	v	69	1	接頭辞	1	krizantem
leontodon	PIV	菊ᴸᵀ	lt	69	1	綴り内の文字	4	lekant
matrikari	PIV	菊ᴹᵀ	mt	69	1	先頭+子音	1	madi
prenantes	PIV	菊ᴾᴿ	pr	69	1	接頭辞	4	piretr
topinambur	PIV	菊ᵀᴺ	tn	69	1	綴り内の文字	3	tanacet
tragopogon	PIV	菊ᵀᴬ	ta	69	1	綴り内の文字	8	tanacet
bakteri	CSV2890	菌ᴮ	b	90	36	接頭辞	6	fung
bacil	CSV2890	菌ᴮᶜ	bc	90	7	先頭+子音	1	bakteri
skizofit	PEJVO	菌ˢᴷ	sk	90	1	接頭辞	3	serpul
truf	PEJVO	菌ᵀ	t	90	4	接頭辞	3	fung
fungus	PEJVO	菌ᶠˢ	fs	90	3	綴り内の文字	2	fung
agarik	PEJVO	菌ᴬᴳ	ag	90	1	接頭辞	1	astre
helvel	PEJVO	菌ᴴᴸ	hl	90	1	先頭+子音	2	hidn
kladoni	PEJVO	菌ᴷᴰ	kd	90	1	綴り内の文字	2	klatr
miko	PIV	菌ᴹ	m	90	6	接頭辞	12	fung
micet	PIV	菌ᴹᶜ	mc	90	17	先頭+子音	4	miko
eci	PIV	菌ᴱ	e	90	1	接頭辞	4	fung
hidn	PIV	菌ᴴ	h	90	1	接頭辞	5	fung
ojdi	PIV	菌ᴼ	o	90	1	接頭辞	1	fung
usne	PIV	菌ᵁ	u	90	1	接頭辞	3	fung
mikot	PIV	菌ᴹᴵ	mi	90	2	接頭辞	9	miko
micen	PIV	菌ᴹᴺ	mn	90	2	綴り内の文字	2	miko
botul	PIV	菌ᴮᵀ	bt	90	1	先頭+子音	5	bakteri
astre	PIV	菌ᴬ	a	90	1	接頭辞	4	fung
ecidi	PIV	菌ᴱᴰ	ed	90	1	綴り内の文字	1	eci
klatr	PIV	菌ᴷ	k	90	1	接頭辞	10	fung
mukor	PIV	菌ᴹᴿ	mr	90	1	綴り内の文字	5	miko
peziz	PIV	菌ᴾ	p	90	1	接頭辞	11	fung
plute	PIV	菌ᴾᴸ	pl	90	1	接頭辞	8	peziz
rusul	PIV	菌ᴿ	r	90	1	接頭辞	4	fung
kandid	PIV	菌ᴷᴺ	kn	90	3	先頭+子音	4	klatr
bakter	PIV	菌ᴮᴬ	ba	90	2	接頭辞	3	bakteri
botrit	PIV	菌ᴮᴿ	br	90	1	綴り内の文字	3	bakteri
erizif	PIV	菌ᴱᴿ	er	90	1	接頭辞	1	eci
foliot	PIV	菌ᶠᴸ	fl	90	1	先頭+子音	2	fung
geastr	PIV	菌ᴳ	g	90	1	接頭辞	2	fung
inocib	PIV	菌ᴵ	i	90	1	接頭辞	1	fung
kolibi	PIV	菌ᴷᴮ	kb	90	1	綴り内の文字	2	klatr
kopren	PIV	菌ᴷᴾ	kp	90	1	先頭+子音	1	klatr
lakari	PIV	菌ᴸ	l	90	1	接頭辞	9	fung
lecide	PIV	菌ᴸᶜ	lc	90	1	先頭+子音	1	lakari
lepiot	PIV	菌ᴸᴾ	lp	90	1	先頭+子音	4	lakari
lepist	PIV	菌ᴸˢ	ls	90	1	綴り内の文字	2	lakari
lobari	PIV	菌ᴸᴮ	lb	90	1	先頭+子音	1	lakari
meruli	PIV	菌ᴹᴸ	ml	90	1	綴り内の文字	4	miko
miceli	PIV	菌ᴹᴱ	me	90	1	綴り内の文字	5	miko
monili	PIV	菌ᴹᴼ	mo	90	1	接頭辞	6	miko
paksil	PIV	菌ᴾᴷ	pk	90	1	先頭+子音	2	peziz
rokcel	PIV	菌ᴿᴷ	rk	90	1	先頭+子音	2	rusul
serpul	PIV	菌ˢ	s	90	1	接頭辞	5	fung
tremel	PIV	菌ᵀᴹ	tm	90	1	綴り内の文字	2	truf
boviste	PIV	菌ᴮⱽ	bv	90	1	先頭+子音	1	bakteri
cetrari	PIV	菌ᶜ	c	90	1	接頭辞	1	fung
entolom	PIV	菌ᴱᴺ	en	90	1	接頭辞	1	eci
hifolom	PIV	菌ᴴᶠ	hf	90	1	先頭+子音	2	hidn
klavari	PIV	菌ᴷⱽ	kv	90	1	綴り内の文字	1	klatr
kortici	PIV	菌ᴷᴿ	kr	90	1	先頭+子音	6	klatr
laktari	PIV	菌ᴸᴿ	lr	90	1	綴り内の文字	6	lakari
lekanor	PIV	菌ᴸᴺ	ln	90	1	綴り内の文字	1	lakari
marasmi	PIV	菌ᴹˢ	ms	90	1	綴り内の文字	1	miko
mikoriz	PIV	菌ᴹᶻ	mz	90	1	綴り内の文字	1	miko
parmeli	PIV	菌ᴾᴿ	pr	90	1	先頭+子音	5	peziz
penicil	PIV	菌ᴾᴺ	pn	90	1	先頭+子音	4	peziz
pleu^rot	PIV	菌ᴾᵁ̆	pŭ	90	1	綴り内の文字	1	peziz
polipor	PIV	菌ᴾᴾ	pp	90	1	綴り内の文字	3	peziz
pukcini	PIV	菌ᴾᶜ	pc	90	1	綴り内の文字	3	peziz
ustilag	PIV	菌ᵁᵀ	ut	90	1	綴り内の文字	1	usne
armilari	PIV	菌ᴬᴿ	ar	90	1	接頭辞	4	astre
fistulin	PIV	菌ᶠᵀ	ft	90	1	綴り内の文字	3	fung
fitoftor	PIV	菌ᶠᶠ	ff	90	1	綴り内の文字	1	fung
giromitr	PIV	菌ᴳᴿ	gr	90	1	先頭+子音	2	geastr
higrocib	PIV	菌ᴴᴳ	hg	90	1	先頭+子音	2	hidn
higrofor	PIV	菌ᴴᴿ	hr	90	1	綴り内の文字	2	hidn
klitocib	PIV	菌ᴷᴸ	kl	90	1	接頭辞	6	klatr
kraterel	PIV	菌ᴷᵀ	kt	90	1	綴り内の文字	5	klatr
likoperd	PIV	菌ᴸᴷ	lk	90	1	先頭+子音	4	lakari
rizokarp	PIV	菌ᴿᶻ	rz	90	1	先頭+子音	1	rusul
strofari	PIV	菌ˢᵀ	st	90	1	接頭辞	4	serpul
trikolom	PIV	菌ᵀᴷ	tk	90	1	綴り内の文字	1	truf
sporotrik	PIV	菌ˢᴾ	sp	90	2	接頭辞	3	serpul
leptospir	PIV	菌ᴸᵀ	lt	90	1	綴り内の文字	4	lakari
c^ampinjon	PIV	菌ᶜ̂	ĉ	90	1	接頭辞	1	cetrari
kortinari	PIV	菌ᴷᴼ	ko	90	1	接頭辞	6	klatr
plasmopar	PIV	菌ᴾᴹ	pm	90	1	綴り内の文字	2	peziz
verticili	PIV	菌ⱽ	v	90	1	接頭辞	2	fung
volvariel	PIV	菌ⱽᴸ	vl	90	1	先頭+子音	2	verticili
au^rikulari	PIV	菌ᴬᵁ̆	aŭ	90	1	接頭辞	1	astre
peronospor	PIV	菌ᴾˢ	ps	90	1	綴り内の文字	3	peziz
umbilikari	PIV	菌ᵁᴹ	um	90	1	接頭辞	1	usne
sporotrikum	PIV	菌ˢᴹ	sm	90	1	綴り内の文字	1	serpul
rocel	PIV	菌ᴿᶜ	rc	90	1	先頭+子音	2	rusul
ŝitak	PIV	菌ˢ̂	ŝ	90	1	接頭辞	1	serpul
morkel	PIV	菌ᴹᴷ	mk	90	1	綴り内の文字	6	miko
macutak	PIV	菌ᴹᵀ	mt	90	1	綴り内の文字	3	miko
penicili	PIV	菌ᴾᴵ	pi	90	1	綴り内の文字	7	peziz
bakteriofag^	PIV	菌吞ᴮᴳ̂	bĝ	2	1	綴り内の文字	1	bakteriofag
fungologi	PIV	菌学ᶠ	f	4	1	接頭辞	1	mikologi
micetologi	PIV	菌学ᴹᶜ	mc	4	1	先頭+子音	1	mikologi
bakteriologi	PIV	菌学ᴮ	b	4	1	接頭辞	1	mikologi
fungolog	PIV	菌学家ᶠ	f	3	1	接頭辞	1	mikolog
bakteriolog	PIV	菌学家ᴮ	b	3	1	接頭辞	1	mikolog
baktericid	PIV	菌杀ᴮ	b	2	1	接頭辞	1	fungicid
brasik	CSV2890	菜ᴮ	b	14	31	接頭辞	3	legom
lap	CSV2890	菜ᴸᴾ	lp	14	2	先頭+子音	1	legom
sabelik	PEJVO	菜ˢ	s	14	1	接頭辞	1	legom
artis^ok	PEJVO	菜ᴬ	a	14	4	接頭辞	3	legom
amarant	PEJVO	菜ᴬᴹ	am	14	3	接頭辞	1	artis^ok
blit	PEJVO	菜ᴮᴸ	bl	14	1	接頭辞	2	brasik
eruk	PEJVO	菜ᴱ	e	14	1	接頭辞	1	legom
kramb	PEJVO	菜ᴷ	k	14	1	接頭辞	3	legom
kardon	PEJVO	菜ᴷᴰ	kd	14	1	綴り内の文字	1	kramb
lunari	PEJVO	菜ᴸᴺ	ln	14	1	先頭+子音	1	legom
krucifer	PEJVO	菜ᴷᶜ	kc	14	1	綴り内の文字	1	kramb
brokol	PIV	菜ᴮᴷ	bk	14	1	綴り内の文字	2	brasik
asparag	PIV	菜ᴬˢ	as	14	1	接頭辞	1	artis^ok
lozang^	PEJVO	菱ᴸ	l	2	2	接頭辞	1	romb
rap	PEJVO	萝卜ᴿᴾ	rp	2	6	先頭+子音	1	rafan
luciol	PEJVO	萤ᴸᶜ	lc	2	1	先頭+子音	1	lampir
kazern	PEJVO	营ᴷ	k	5	4	接頭辞	3	bivak
kvartir	PEJVO	营ᴷⱽ	kv	5	3	接頭辞	1	kazern
kantonment	PEJVO	营ᴷᴺ	kn	5	3	先頭+子音	2	kazern
batalion	PEJVO	营ᴮᵀ	bt	5	1	先頭+子音	1	bivak
decidu	PIV	落ᴰ	d	2	2	接頭辞	1	fal
signifikanc	PIV	著ˢᴺ	sn	2	3	綴り内の文字	2	signifik
ampelops	PEJVO	葡ᴬ	a	2	1	接頭辞	1	vit
askalon	PEJVO	葱ᴬ	a	7	1	接頭辞	3	cep
s^enopraz	PEJVO	葱ˢ̂	ŝ	7	1	接頭辞	2	cep
pore	PIV	葱ᴾ	p	7	1	接頭辞	1	cep
alium	PIV	葱ᴬᴸ	al	7	1	接頭辞	3	askalon
ŝalot	PIV	葱ˢ̂ᴸ	ŝl	7	1	先頭+子音	1	s^enopraz
ampelopraz	PIV	葱ᴬᴹ	am	7	1	接頭辞	2	askalon
indig	PEJVO	蓝ᴵ	i	4	7	接頭辞	1	blu
lazur	PEJVO	蓝ᴸ	l	4	3	接頭辞	1	blu
vajd	PIV	蓝ⱽ	v	4	2	接頭辞	1	blu
hirt	PEJVO	蓬ᴴ	h	2	8	接頭辞	1	vil
lian	PEJVO	蔓ᴸ	l	2	1	接頭辞	1	sarment
pizang	PEJVO	蕉ᴾ	p	2	1	接頭辞	1	banan
ignam	PEJVO	薯ᴵ	i	2	1	接頭辞	1	maniok
hiziki	PEJVO	藻ᴴ	h	23	1	接頭辞	1	alg
fuk	PEJVO	藻ᶠ	f	23	1	接頭辞	2	alg
konferv	PEJVO	藻ᴷᶠ	kf	23	1	綴り内の文字	1	kara
laminari	PEJVO	藻ᴸ	l	23	1	接頭辞	1	alg
spirogir	PEJVO	藻ˢᴾ	sp	23	1	接頭辞	1	sargas
fic	PIV	藻ᶠᶜ	fc	23	4	先頭+子音	1	fuk
ulv	PIV	藻ᵁ	u	23	1	接頭辞	2	alg
kara	PIV	藻ᴷ	k	23	1	接頭辞	7	alg
bangi	PIV	藻ᴮ	b	23	1	接頭辞	1	alg
kombu	PIV	藻ᴷᴹ	km	23	1	先頭+子音	2	kara
nitel	PIV	藻ᴺ	n	23	1	接頭辞	1	alg
sargas	PIV	藻ˢ	s	23	2	接頭辞	2	alg
cerami	PIV	藻ᶜ	c	23	1	接頭辞	1	alg
gonidi	PIV	藻ᴳ	g	23	1	接頭辞	1	alg
klorel	PIV	藻ᴷᴸ	kl	23	1	接頭辞	4	kara
porfur	PIV	藻ᴾ	p	23	1	接頭辞	1	alg
undari	PIV	藻ᵁᴺ	un	23	1	接頭辞	1	ulv
vakame	PIV	藻ⱽ	v	23	1	接頭辞	2	alg
volvok	PIV	藻ⱽᴸ	vl	23	1	先頭+子音	1	vakame
kau^lerp	PIV	藻ᴷᵁ̆	kŭ	23	1	綴り内の文字	1	kara
koralin	PIV	藻ᴷᴺ	kn	23	1	綴り内の文字	3	kara
klamidomonad	PIV	藻ᴷᴰ	kd	23	1	綴り内の文字	1	kara
ulvofic	PIV	藻藻ᵁ	u	4	1	接頭辞	1	fukofic
bangific	PIV	藻藻ᴮ	b	4	1	接頭辞	2	fukofic
bangiofic	PIV	藻藻ᴮᴼ	bo	4	1	綴り内の文字	1	bangific
tortur	PEJVO	虐ᵀᵀ	tt	3	9	綴り内の文字	2	turment
molest	PEJVO	虐ᴹ	m	3	2	接頭辞	1	turment
fikci	CSV2890	虚ᶠ	f	5	10	接頭辞	2	vant
fiktiv	PEJVO	虚ᶠᵀ	ft	5	4	綴り内の文字	1	fikci
virtual	PEJVO	虚ⱽᴿ	vr	5	8	先頭+子音	1	vant
imaginar	PEJVO	虚ᴵ	i	5	2	接頭辞	1	vant
verm	CSV2890	虫ⱽ	v	107	22	接頭辞	3	insekt
koral	PEJVO	虫ᴷ	k	107	11	接頭辞	12	insekt
akar	PEJVO	虫ᴬ	a	107	3	接頭辞	15	insekt
blat	PEJVO	虫ᴮ	b	107	2	接頭辞	6	insekt
pedik	PEJVO	虫ᴾ	p	107	5	接頭辞	2	insekt
afid	PEJVO	虫ᴬᶠ	af	107	1	接頭辞	3	akar
tine	PEJVO	虫ᵀ	t	107	1	接頭辞	8	insekt
entom	PEJVO	虫ᴱ	e	107	2	接頭辞	6	insekt
anobi	PEJVO	虫ᴬᴺ	an	107	1	接頭辞	8	akar
taban	PEJVO	虫ᵀᴮ	tb	107	1	先頭+子音	3	tine
ojstr	PEJVO	虫ᴼ	o	107	1	接頭辞	2	insekt
tipul	PEJVO	虫ᵀᴾ	tp	107	1	先頭+子音	2	tine
harpal	PEJVO	虫ᴴ	h	107	1	接頭辞	1	insekt
elater	PEJVO	虫ᴱᴸ	el	107	1	接頭辞	3	entom
geotrup	PEJVO	虫ᴳ	g	107	1	接頭辞	5	insekt
argonau^t	PEJVO	虫ᴬᴿ	ar	107	2	接頭辞	8	akar
afis	PEJVO	虫ᴬˢ	as	107	1	綴り内の文字	2	akar
elatr	PEJVO	虫ᴱᵀ	et	107	1	綴り内の文字	3	entom
iksod	PEJVO	虫ᴵᴰ	id	107	1	綴り内の文字	1	insekt
anelid	PEJVO	虫ᴬᴱ	ae	107	1	綴り内の文字	6	akar
lepism	PEJVO	虫ᴸᴹ	lm	107	1	綴り内の文字	2	lau^s
fasciol	PEJVO	虫ᶠˢ	fs	107	1	先頭+子音	2	ftir
komatul	PEJVO	虫ᴷᴹ	km	107	1	先頭+子音	3	koral
lumbrik	PEJVO	虫ᴸᴮ	lb	107	1	綴り内の文字	2	lau^s
filokser	PEJVO	虫ᶠᴷ	fk	107	1	綴り内の文字	1	ftir
mirmeleon	PEJVO	虫ᴹᴿ	mr	107	1	先頭+子音	1	melo
lau^s	PIV	虫ᴸ	l	107	7	接頭辞	8	insekt
ip	PIV	虫ᴵᴾ	ip	107	1	接頭辞	1	insekt
c^ik	PIV	虫ᶜ̂	ĉ	107	1	接頭辞	1	cece
cece	PIV	虫ᶜ	c	107	1	接頭辞	6	insekt
ftir	PIV	虫ᶠ	f	107	1	接頭辞	7	insekt
lept	PIV	虫ᴸᴾ	lp	107	1	先頭+子音	3	lau^s
lig^e	PIV	虫ᴸᴳ̂	lĝ	107	1	先頭+子音	1	lau^s
melo	PIV	虫ᴹ	m	107	1	接頭辞	4	insekt
nepa	PIV	虫ᴺ	n	107	1	接頭辞	5	insekt
sfeg	PIV	虫ˢ	s	107	1	接頭辞	6	insekt
gordi	PIV	虫ᴳᴿ	gr	107	4	先頭+子音	3	geotrup
karab	PIV	虫ᴷᴮ	kb	107	1	綴り内の文字	2	koral
arkti	PIV	虫ᴬᴷ	ak	107	1	綴り内の文字	3	akar
blapt	PIV	虫ᴮᴾ	bp	107	1	綴り内の文字	2	blat
elafr	PIV	虫ᴱᶠ	ef	107	1	綴り内の文字	1	entom
falen	PIV	虫ᶠᴸ	fl	107	1	先頭+子音	5	ftir
geris	PIV	虫ᴳˢ	gs	107	1	綴り内の文字	2	geotrup
licen	PIV	虫ᴸᶜ	lc	107	1	先頭+子音	1	lau^s
piral	PIV	虫ᴾᴿ	pr	107	1	先頭+子音	1	pedik
trips	PIV	虫ᵀᴿ	tr	107	1	接頭辞	5	tine
trogi	PIV	虫ᵀᴳ	tg	107	1	綴り内の文字	1	tine
vanes	PIV	虫ⱽᴺ	vn	107	1	先頭+子音	1	verm
zigen	PIV	虫ᶻ	z	107	1	接頭辞	1	insekt
goliat	PIV	虫ᴳᴸ	gl	107	2	先頭+子音	2	geotrup
oksiur	PIV	虫ᴼᴷ	ok	107	1	接頭辞	1	ojstr
frigan	PIV	虫ᶠᴿ	fr	107	1	接頭辞	3	ftir
brakin	PIV	虫ᴮᴿ	br	107	1	接頭辞	4	blat
cetoni	PIV	虫ᶜᵀ	ct	107	1	先頭+子音	1	cece
ditisk	PIV	虫ᴰ	d	107	1	接頭辞	5	insekt
glosin	PIV	虫ᴳᴺ	gn	107	1	綴り内の文字	1	geotrup
kopris	PIV	虫ᴷᴾ	kp	107	1	先頭+子音	2	koral
koriks	PIV	虫ᴷᴷ	kk	107	1	綴り内の文字	3	koral
krizop	PIV	虫ᴷᶻ	kz	107	1	綴り内の文字	2	koral
makaon	PIV	虫ᴹᴷ	mk	107	1	先頭+子音	1	melo
nereid	PIV	虫ᴺᴿ	nr	107	1	先頭+子音	3	nepa
simuli	PIV	虫ˢᴹ	sm	107	1	先頭+子音	1	sfeg
vukeri	PIV	虫ⱽᴷ	vk	107	1	先頭+子音	1	verm
alcioni	PIV	虫ᴬᴸ	al	107	2	接頭辞	4	akar
afrodit	PIV	虫ᴬᴰ	ad	107	2	綴り内の文字	5	akar
aleu^rod	PIV	虫ᴬᵁ̆	aŭ	107	1	綴り内の文字	2	akar
tortrik	PIV	虫ᵀᵀ	tt	107	1	綴り内の文字	1	tine
fuzulin	PIV	虫ᶠᶻ	fz	107	1	先頭+子音	1	ftir
antedon	PIV	虫ᴬᵀ	at	107	1	綴り内の文字	7	akar
atropos	PIV	虫ᴬᴾ	ap	107	1	綴り内の文字	1	akar
bostrik	PIV	虫ᴮˢ	bs	107	1	先頭+子音	2	blat
buprest	PIV	虫ᴮᵀ	bt	107	1	綴り内の文字	4	blat
cerkari	PIV	虫ᶜᴿ	cr	107	1	先頭+子音	2	cece
dermest	PIV	虫ᴰᴿ	dr	107	1	先頭+子音	3	ditisk
kalosom	PIV	虫ᴷᴸ	kl	107	1	先頭+子音	6	koral
katokal	PIV	虫ᴷᵀ	kt	107	1	先頭+子音	4	koral
sarkopt	PIV	虫ˢᴿ	sr	107	1	先頭+子音	3	sfeg
saturni	PIV	虫ˢᵀ	st	107	1	先頭+子音	3	sfeg
spatang	PIV	虫ˢᴾ	sp	107	1	接頭辞	3	sfeg
tenebri	PIV	虫ᵀᴺ	tn	107	1	先頭+子音	3	tine
demodeks	PIV	虫ᴰᴹ	dm	107	2	先頭+子音	2	ditisk
trombidi	PIV	虫ᵀᴹ	tm	107	2	綴り内の文字	1	tine
cerambik	PIV	虫ᶜᴹ	cm	107	1	綴り内の文字	2	cece
krizomel	PIV	虫ᴷᴿ	kr	107	1	接頭辞	7	koral
drozofil	PIV	虫ᴰᶻ	dz	107	1	綴り内の文字	1	ditisk
alveolin	PIV	虫ᴬⱽ	av	107	1	綴り内の文字	1	akar
akeronti	PIV	虫ᴬᴵ	ai	107	1	綴り内の文字	10	akar
cecidomi	PIV	虫ᶜᴰ	cd	107	1	綴り内の文字	2	cece
cicindel	PIV	虫ᶜᶜ	cc	107	1	先頭+子音	3	cece
ekinokok	PIV	虫ᴱᴷ	ek	107	1	接頭辞	2	entom
flebotom	PIV	虫ᶠᴮ	fb	107	1	綴り内の文字	1	ftir
ikneu^mon	PIV	虫ᴵᴷ	ik	107	1	接頭辞	3	insekt
ksestobi	PIV	虫ᴷˢ	ks	107	1	接頭辞	4	koral
nekrofor	PIV	虫ᴺᴷ	nk	107	1	先頭+子音	2	nepa
notonekt	PIV	虫ᴺᵀ	nt	107	1	先頭+子音	1	nepa
difilobotri	PIV	虫ᴰᶠ	df	107	1	先頭+子音	2	ditisk
leptinotars	PIV	虫ᴸᴺ	ln	107	1	綴り内の文字	2	lau^s
nere	PIV	虫ᴺᴱ	ne	107	1	接頭辞	5	nepa
mant	PIV	虫ᴹᴺ	mn	107	1	先頭+子音	3	melo
libel	PIV	虫ᴸᴸ	ll	107	1	綴り内の文字	1	lau^s
brah^in	PIV	虫ᴮᴴ̂	bĥ	107	1	綴り内の文字	1	blat
ah^eronti	PIV	虫ᴬᴴ̂	aĥ	107	1	接頭辞	1	akar
eh^inokok	PIV	虫ᴱᴴ̂	eĥ	107	1	接頭辞	1	entom
kokcinel	PIV	虫ᴷᶜ	kc	107	1	綴り内の文字	1	koral
kantarid	PIV	虫ᴷᴺ	kn	107	1	先頭+子音	2	koral
sarkopsil	PIV	虫ˢˢ	ss	107	1	綴り内の文字	1	sfeg
oksiuricid	PIV	虫杀ᴼ	o	2	1	接頭辞	1	insekticid
salikok	PEJVO	虾ˢ	s	20	1	接頭辞	1	kankr
astak	PEJVO	虾ᴬˢ	as	20	1	接頭辞	1	armadilidi
onisk	PEJVO	虾ᴼ	o	20	1	接頭辞	1	kankr
pene	PIV	虾ᴾ	p	20	1	接頭辞	3	kankr
birg	PIV	虾ᴮ	b	20	1	接頭辞	1	kankr
kril	PIV	虾ᴷᴿ	kr	20	1	接頭辞	4	kankr
dafni	PIV	虾ᴰ	d	20	1	接頭辞	2	kankr
dromi	PIV	虾ᴰᴿ	dr	20	1	接頭辞	1	dafni
gamar	PIV	虾ᴳ	g	20	1	接頭辞	1	kankr
lepad	PIV	虾ᴸ	l	20	1	接頭辞	3	kankr
leandr	PIV	虾ᴸᴺ	ln	20	2	先頭+子音	2	lepad
Leandr	PIV	虾ᴸᴱ	le	20	2	接頭辞	3	lepad
pandal	PIV	虾ᴾᴰ	pd	20	1	綴り内の文字	1	pene
karcin	PIV	虾ᴷᶜ	kc	20	1	綴り内の文字	1	kankr
nau^pli	PIV	虾ᴺ	n	20	1	接頭辞	1	kankr
talitr	PIV	虾ᵀ	t	20	1	接頭辞	1	kankr
krangon	PIV	虾ᴷᴺ	kn	20	1	綴り内の文字	3	kankr
armadilidi	PIV	虾ᴬ	a	20	1	接頭辞	2	kankr
palemon	PIV	虾ᴾᴸ	pl	20	1	先頭+子音	2	pene
erozi	PEJVO	蚀ᴱ	e	3	3	接頭辞	1	korod
kau^stik	PEJVO	蚀ᴷᵁ̆	kŭ	3	9	綴り内の文字	1	korod
kul	PEJVO	蚊ᴷ	k	3	2	接頭辞	1	moskit
anofel	PEJVO	蚊ᴬ	a	3	1	接頭辞	1	moskit
mitul	PEJVO	蚌ᴹ	m	3	3	接頭辞	1	ostr
lima	PEJVO	蚌ᴸ	l	3	1	接頭辞	1	ostr
meandr	PEJVO	蛇ᴹ	m	16	2	接頭辞	1	serpent
kolubr	PEJVO	蛇ᴷ	k	16	1	接頭辞	4	serpent
boa	PEJVO	蛇ᴮᴬ	ba	16	1	綴り内の文字	2	botrop
krotal	PEJVO	蛇ᴷᵀ	kt	16	1	綴り内の文字	2	kolubr
naj	PIV	蛇ᴺ	n	16	1	接頭辞	2	serpent
elap	PIV	蛇ᴱ	e	16	1	接頭辞	1	serpent
krajt	PIV	蛇ᴷᴿ	kr	16	1	接頭辞	4	kolubr
botrop	PIV	蛇ᴮ	b	16	1	接頭辞	3	serpent
bungar	PIV	蛇ᴮᴺ	bn	16	1	先頭+子音	1	botrop
cerast	PIV	蛇ᶜ	c	16	1	接頭辞	1	serpent
natrik	PIV	蛇ᴺᵀ	nt	16	1	先頭+子音	1	naj
anakond	PIV	蛇ᴬ	a	16	1	接頭辞	2	serpent
koronel	PIV	蛇ᴷᴺ	kn	16	1	綴り内の文字	1	kolubr
akroh^ord	PIV	蛇ᴬᴷ	ak	16	1	接頭辞	2	anakond
tropidonot	PIV	蛇ᵀ	t	16	1	接頭辞	1	serpent
proteid	PEJVO	蛋白ᴾᴰ	pd	2	1	綴り内の文字	1	protein
meringel	PEJVO	蛋白霜ᴹᴸ	ml	2	1	綴り内の文字	1	mering
hil	PEJVO	蛙ᴴ	h	11	1	接頭辞	1	ran
batrak	PEJVO	蛙ᴮ	b	11	2	接頭辞	3	ran
salamandr	PEJVO	蛙ˢ	s	11	1	接頭辞	1	ran
tritur	PEJVO	蛙ᵀ	t	11	1	接頭辞	1	ran
alit	PIV	蛙ᴬ	a	11	1	接頭辞	4	ran
bomben	PIV	蛙ᴮᴹ	bm	11	1	先頭+子音	2	batrak
aksolotl	PIV	蛙ᴬᴷ	ak	11	1	接頭辞	1	alit
ambistom	PIV	蛙ᴬᴹ	am	11	1	接頭辞	2	alit
amblistom	PIV	蛙ᴬˢ	as	11	1	綴り内の文字	3	alit
bombinator	PIV	蛙ᴮᵀ	bt	11	1	綴り内の文字	2	batrak
tarantul	PEJVO	蛛ᵀᵀ	tt	9	1	綴り内の文字	1	terafoz
migal	PIV	蛛ᴹ	m	9	1	接頭辞	1	arane
argiop	PIV	蛛ᴬᴳ	ag	9	1	綴り内の文字	2	arane
terafoz	PIV	蛛ᵀ	t	9	1	接頭辞	3	arane
falangi	PIV	蛛ᶠ	f	9	1	接頭辞	1	arane
tegenari	PIV	蛛ᵀᴳ	tg	9	1	先頭+子音	1	terafoz
argironet	PIV	蛛ᴬᴿ	ar	9	1	接頭辞	4	arane
avikulari	PIV	蛛ᴬⱽ	av	9	1	接頭辞	1	arane
ruditap	PIV	蛤ᴿ	r	2	1	接頭辞	1	meretrik
hermini	PEJVO	蛾ᴴ	h	3	1	接頭辞	1	mote
bombiks	PIV	蛾ᴮ	b	3	1	接頭辞	1	mote
vesp	CSV2890	蜂ⱽ	v	5	4	接頭辞	1	abel
krabr	PEJVO	蜂ᴷ	k	5	1	接頭辞	1	abel
cinip	PIV	蜂ᶜ	c	5	1	接頭辞	1	abel
burd	PIV	蜂ᴮ	b	5	1	接頭辞	1	abel
nektar	PEJVO	蜜ᴺ	n	2	3	接頭辞	1	miel
sirfed	PEJVO	蝇ˢ	s	2	1	接頭辞	1	muŝ
mincikad	PEJVO	蝉ᴹ	m	5	1	接頭辞	1	cikad
kanacikad	PEJVO	蝉ᴷ	k	5	1	接頭辞	1	cikad
cukcukcikad	PEJVO	蝉ᶜᶜ	cc	5	1	綴り内の文字	1	cikad
ĵiĵicikad	PIV	蝉ᴶ̂	ĵ	5	1	接頭辞	1	cikad
lokust	PEJVO	蝗ᴸ	l	2	2	接頭辞	1	akrid
filostom	PIV	蝠ᶠ	f	3	1	接頭辞	1	vespert
vespertilion	PIV	蝠ⱽᴸ	vl	3	1	綴り内の文字	1	vespert
papilion	PEJVO	蝶ᴾᴺ	pn	5	1	綴り内の文字	1	papili
lepidopter	PEJVO	蝶ᴸ	l	5	1	接頭辞	1	papili
pierid	PIV	蝶ᴾᴿ	pr	5	1	先頭+子音	2	papili
pieris	PIV	蝶ᴾˢ	ps	5	1	綴り内の文字	1	papili
limak	CSV2890	螺ᴸ	l	4	4	接頭辞	1	ŝraŭb
helik	PEJVO	螺ᴴ	h	4	8	接頭辞	2	ŝraŭb
helic	PEJVO	螺ᴴᶜ	hc	4	7	綴り内の文字	1	helik
pagur	PEJVO	蟹ᴾ	p	3	1	接頭辞	1	krab
limul	PEJVO	蟹ᴸ	l	3	1	接頭辞	1	krab
trikin	PEJVO	蠕ᵀ	t	3	1	接頭辞	1	helmint
peristalt	PIV	蠕ᴾ	p	3	3	接頭辞	1	helmint
emi	文法層	血ᴱ	e	4	26	接頭辞	1	sang
hemo	PIV	血ᴴ	h	4	7	接頭辞	2	sang
hemat	PIV	血ᴴᵀ	ht	4	3	綴り内の文字	1	hemo
skistosom	PIV	血虫ˢ	s	2	2	接頭辞	1	bilharzi
andant	PEJVO	行ᴬᴺ	an	2	2	接頭辞	1	ad
pes	CSV2890	衡ᴾ	p	3	22	接頭辞	1	ekvilibr
bilanc	PEJVO	衡ᴮ	b	3	2	接頭辞	1	ekvilibr
kompens	CSV2890	补ᴷ	k	5	16	接頭辞	2	flik
komplement	CSV2890	补ᴷᴸ	kl	5	11	綴り内の文字	1	kompens
suplement	CSV2890	补ˢ	s	5	3	接頭辞	1	flik
aleksin	PEJVO	补ᴬ	a	5	1	接頭辞	1	flik
epi	文法層	表ᴱ	e	7	24	接頭辞	4	tabel
list	CSV2890	表ᴸ	l	7	22	接頭辞	1	tabel
esprim	CSV2890	表ᴱˢ	es	7	28	接頭辞	2	epi
etat	CSV2890	表ᴱᵀ	et	7	5	接頭辞	1	epi
reprezent	PEJVO	表ᴿ	r	7	0	接頭辞	1	tabel
ekspresion	PEJVO	表ᴱᴷ	ek	7	2	接頭辞	1	epi
bluz	CSV2890	衫ᴮ	b	2	2	接頭辞	1	ĉemiz
kah^eksi	PIV	衰ᴷ	k	3	2	接頭辞	2	atenu
kakeksi	PIV	衰ᴷᴷ	kk	3	1	先頭+子音	2	kah^eksi
poŝ	CSV2890	袋ᴾ	p	4	24	接頭辞	1	sak
vombat	PEJVO	袋ⱽ	v	4	1	接頭辞	1	sak
marsupi	PIV	袋ᴹ	m	4	2	接頭辞	1	sak
kanguru	PEJVO	袋鼠ᴷ	k	2	2	接頭辞	1	makrop
surtut	PEJVO	袍ˢ	s	5	3	接頭辞	1	rob
tunik	PEJVO	袍ᵀ	t	5	4	接頭辞	1	rob
kut	PIV	袍ᴷ	k	5	2	接頭辞	1	rob
frok	PIV	袍ᶠ	f	5	3	接頭辞	1	rob
pasiv	CSV2890	被ᴾ	p	2	6	接頭辞	1	at
tajlor	CSV2890	裁ᵀᴿ	tr	3	9	綴り内の文字	1	tajl
arbitraci	PEJVO	裁ᴬ	a	3	6	接頭辞	1	tajl
fend	CSV2890	裂ᶠ	f	7	36	接頭辞	1	ŝir
krev	CSV2890	裂ᴷ	k	7	7	接頭辞	2	ŝir
brec^	PEJVO	裂ᴮ	b	7	6	接頭辞	1	ŝir
kliv	PEJVO	裂ᴷᴸ	kl	7	3	接頭辞	1	krev
skism	PEJVO	裂ˢ	s	7	5	接頭辞	1	ŝir
dehisk	PEJVO	裂ᴰ	d	7	5	接頭辞	1	ŝir
munt	CSV2890	装ᴹ	m	8	14	接頭辞	1	ŝarg
bind	CSV2890	装ᴮ	b	8	12	接頭辞	1	ŝarg
kostum	CSV2890	装ᴷ	k	8	14	接頭辞	1	ŝarg
instal	CSV2890	装ᴵ	i	8	13	接頭辞	1	ŝarg
garn	CSV2890	装ᴳ	g	8	4	接頭辞	1	ŝarg
afekt	PEJVO	装ᴬ	a	8	14	接頭辞	1	ŝarg
stiv	PEJVO	装ˢ	s	8	2	接頭辞	1	ŝarg
kalson	CSV2890	裤ᴷ	k	2	7	接頭辞	1	pantalon
bistr	PEJVO	褐ᴮˢ	bs	2	2	先頭+子音	1	brun
uest	PIV	西ᵁ	u	2	1	接頭辞	1	okcident
mulc^	PEJVO	覆ᴹ	m	2	2	接頭辞	1	teg
ideologi	PEJVO	观ᴵ	i	3	0	接頭辞	1	observ
spekt	PEJVO	观ˢ	s	3	14	接頭辞	1	observ
cirkel	CSV2890	规ᶜ	c	4	7	接頭辞	1	regul
preskrib	CSV2890	规ᴾ	p	4	2	接頭辞	1	regul
reglament	PEJVO	规ᴿᴹ	rm	4	2	綴り内の文字	1	regul
vide	PEJVO	视ⱽ	v	4	13	接頭辞	1	televid
televizi	PEJVO	视ᵀᶻ	tz	4	2	綴り内の文字	1	televid
opt	PIV	视ᴼ	o	4	4	接頭辞	1	televid
rimark	CSV2890	觉ᴿ	r	4	11	接頭辞	1	konsci
bodi	PEJVO	觉ᴮ	b	4	3	接頭辞	1	konsci
percept	PEJVO	觉ᴾ	p	4	7	接頭辞	1	konsci
korn	CSV2890	角ᴷ	k	5	33	接頭辞	2	angul
rol	CSV2890	角ᴿ	r	5	9	接頭辞	1	angul
goni	PIV	角ᴳ	g	5	5	接頭辞	1	angul
kerat	PIV	角ᴷᵀ	kt	5	5	綴り内の文字	1	korn
liz	文法層	解ᴸ	l	4	19	接頭辞	1	kompren
solv	CSV2890	解ˢ	s	4	31	接頭辞	1	kompren
disoci	PEJVO	解ᴰ	d	4	5	接頭辞	1	kompren
tikso	PIV	触ᵀᴷ	tk	2	2	先頭+子音	1	tuŝ
vot	PEJVO	誓ⱽ	v	2	4	接頭辞	1	ĵur
alarm	CSV2890	警ᴬ	a	3	12	接頭辞	2	polic
avert	CSV2890	警ᴬⱽ	av	3	5	接頭辞	1	alarm
termometr	PEJVO	计ᵀ	t	2	0	接頭辞	1	statistik
abon	CSV2890	订ᴬ	a	2	24	接頭辞	1	mend
konfes	CSV2890	认ᴷᶠ	kf	4	12	綴り内の文字	1	kon
agnosk	PEJVO	认ᴬ	a	4	3	接頭辞	1	kon
kogn	PIV	认ᴷᴳ	kg	4	4	先頭+子音	1	kon
konced	PEJVO	让ᴷ	k	3	3	接頭辞	1	ced
alien	PIV	让ᴬ	a	3	5	接頭辞	1	ced
instrukci	PEJVO	训ᴵ	i	2	6	接頭辞	1	trejn
propon	CSV2890	议ᴾ	p	5	13	接頭辞	3	konsil
konsili	CSV2890	议ᴷᴵ	ki	5	10	綴り内の文字	2	konsil
parlament	CSV2890	议ᴾᴸ	pl	5	16	綴り内の文字	2	propon
palavr	PIV	议ᴾⱽ	pv	5	2	綴り内の文字	1	propon
not	CSV2890	记ᴺ	n	5	26	接頭辞	1	memor
ĵurnal	CSV2890	记ᴶ̂	ĵ	5	10	接頭辞	1	memor
rekord	CSV2890	记ᴿ	r	5	9	接頭辞	1	memor
graf	PEJVO	记ᴳ	g	5	123	接頭辞	1	memor
lekci	CSV2890	讲ᴸ	l	3	2	接頭辞	1	preleg
predik	PEJVO	讲ᴾᴰ	pd	3	10	綴り内の文字	1	preleg
licenc	CSV2890	许ᴸ	l	3	5	接頭辞	2	permes
lic	PEJVO	许ᴸᴵ	li	3	2	接頭辞	2	licenc
teori	CSV2890	论ᵀ	t	6	25	接頭辞	1	diskut
ese	CSV2890	论ᴱ	e	6	3	接頭辞	1	diskut
disert	PEJVO	论ᴰᴿ	dr	6	4	綴り内の文字	1	diskut
argument	PEJVO	论ᴬ	a	6	9	接頭辞	1	diskut
silog	PEJVO	论ˢ	s	6	2	接頭辞	1	diskut
sarkasm	PEJVO	讽ˢ	s	2	2	接頭辞	1	karikatur
establ	CSV2890	设ᴱ	e	2	11	接頭辞	1	supoz
intervju	CSV2890	访ᴵ	i	3	6	接頭辞	1	vizit
frekvent	PEJVO	访ᶠ	f	3	2	接頭辞	1	vizit
pruv	CSV2890	证ᴾ	p	7	9	接頭辞	1	viz
atest	CSV2890	证ᴬ	a	7	19	接頭辞	1	viz
diplom	CSV2890	证ᴰ	d	7	14	接頭辞	3	viz
kvitanc	CSV2890	证ᴷ	k	7	3	接頭辞	1	viz
demonstr	PEJVO	证ᴰᴹ	dm	7	8	先頭+子音	2	diplom
depozici	PEJVO	证ᴰᶻ	dz	7	2	綴り内の文字	1	diplom
kritik	CSV2890	评ᴷ	k	4	21	接頭辞	2	taks
koment	CSV2890	评ᴷᴹ	km	4	5	先頭+子音	1	kritik
recenz	CSV2890	评ᴿ	r	4	5	接頭辞	1	taks
artifik	PEJVO	诈ᴬ	a	2	7	接頭辞	1	frau^d
akuz	CSV2890	诉ᴬ	a	5	10	接頭辞	2	plend
grumbl	CSV2890	诉ᴳ	g	5	5	接頭辞	1	plend
apel	PEJVO	诉ᴬᴾ	ap	5	3	接頭辞	1	akuz
reklamaci	PEJVO	诉ᴿ	r	5	2	接頭辞	1	plend
termin	CSV2890	词ᵀ	t	2	7	接頭辞	1	vort
interpret	CSV2890	译ᴵ	i	2	12	接頭辞	1	traduk
poet	CSV2890	诗ᴾᵀ	pt	5	5	先頭+子音	1	poem
poezi	CSV2890	诗ᴾᶻ	pz	5	8	先頭+子音	1	poem
muz	PEJVO	诗ᴹ	m	5	3	接頭辞	1	poem
bard	PEJVO	诗ᴮ	b	5	1	接頭辞	1	poem
sincer	CSV2890	诚ˢ	s	2	7	接頭辞	1	honest
dialog	PEJVO	话ᴰ	d	2	0	接頭辞	1	parol
idiom	PEJVO	语ᴵ	i	2	3	接頭辞	1	lingv
indukt	PEJVO	诱ᴵ	i	3	22	接頭辞	2	tent
indukci	PIV	诱ᴵᶜ	ic	3	1	綴り内の文字	1	indukt
kateh^iz	PEJVO	诲ᴷᴴ̂	kĥ	2	5	綴り内の文字	1	katekiz
lecion	CSV2890	课ᴸ	l	2	4	接頭辞	1	kurs
agord	CSV2890	调ᴬ	a	6	13	接頭辞	1	ton
melodi	CSV2890	调ᴹ	m	6	4	接頭辞	2	ton
klimatiz	PEJVO	调ᴷ	k	6	0	接頭辞	1	ton
modul	PEJVO	调ᴹᴰ	md	6	11	先頭+子音	2	melodi
tonal	PEJVO	调ᵀᴸ	tl	6	9	綴り内の文字	1	ton
konvers	PEJVO	谈ᴷᴼ	ko	2	1	接頭辞	2	konversaci
konspir	PEJVO	谋ᴷ	k	4	7	接頭辞	3	intrig
koluzi	PEJVO	谋ᴷᴸ	kl	4	2	先頭+子音	2	konspir
komplot	PEJVO	谋ᴷᴹ	km	4	4	先頭+子音	1	konspir
harmoni	CSV2890	谐ᴴᴿ	hr	5	8	先頭+子音	3	humur
harmon	PEJVO	谐ᴴᴬ	ha	5	12	接頭辞	2	humur
skerc	PEJVO	谐ˢ	s	5	2	接頭辞	1	humur
burlesk	PEJVO	谐ᴮ	b	5	5	接頭辞	1	humur
sentenc	PEJVO	谚ˢ	s	2	1	接頭辞	1	proverb
mister	CSV2890	谜ᴹ	m	3	4	接頭辞	1	enigm
rebus	PEJVO	谜ᴿ	r	3	1	接頭辞	1	enigm
modest	CSV2890	谦ᴹ	m	2	8	接頭辞	1	humil
skrupul	PEJVO	谨ˢ	s	2	5	接頭辞	1	diskret
spektroskopi	PIV	谱镜ˢᴵ	si	2	1	綴り内の文字	1	spektroskop
gren	CSV2890	谷ᴳ	g	3	15	接頭辞	1	val
cereal	PEJVO	谷ᶜ	c	3	3	接頭辞	1	val
fazeol	CSV2890	豆ᶠᶻ	fz	35	3	先頭+子音	2	fab
legumen	PEJVO	豆ᴸ	l	35	1	接頭辞	4	fab
gus^	PEJVO	豆ᴳ	g	35	1	接頭辞	3	fab
lent	PEJVO	豆ᴸᴺ	ln	35	1	先頭+子音	4	legumen
citiz	PEJVO	豆ᶜ	c	35	1	接頭辞	1	fab
kiker	PEJVO	豆ᴷ	k	35	1	接頭辞	5	fab
lupen	PEJVO	豆ᴸᴾ	lp	35	1	先頭+子音	1	legumen
uleks	PEJVO	豆ᵁ	u	35	1	接頭辞	1	fab
genist	PEJVO	豆ᴳᴺ	gn	35	1	先頭+子音	1	gus^
kampec^	PEJVO	豆ᴷᴹ	km	35	1	先頭+子音	1	kiker
desmodi	PEJVO	豆ᴰ	d	35	1	接頭辞	1	fab
hedisar	PEJVO	豆ᴴ	h	35	1	接頭辞	2	fab
melilot	PEJVO	豆ᴹ	m	35	1	接頭辞	1	fab
onobrik	PEJVO	豆ᴼ	o	35	1	接頭辞	2	fab
vistari	PEJVO	豆ⱽ	v	35	1	接頭辞	4	fab
visteri	PEJVO	豆ⱽᴱ	ve	35	1	綴り内の文字	2	vistari
astragal	PEJVO	豆ᴬ	a	35	1	接頭辞	4	fab
indigofer	PEJVO	豆ᴵ	i	35	1	接頭辞	1	fab
leguminoz	PEJVO	豆ᴸᶻ	lz	35	1	綴り内の文字	1	legumen
galg	PIV	豆ᴳᴸ	gl	35	1	先頭+子音	1	gus^
vign	PIV	豆ⱽᴳ	vg	35	1	先頭+子音	1	vistari
apios	PIV	豆ᴬᴾ	ap	35	1	接頭辞	1	astragal
azuki	PIV	豆ᴬᶻ	az	35	1	接頭辞	1	astragal
ononid	PIV	豆ᴼᴺ	on	35	1	接頭辞	2	onobrik
antilid	PIV	豆ᴬᴺ	an	35	1	接頭辞	1	astragal
hedizar	PIV	豆ᴴᶻ	hz	35	1	綴り内の文字	1	hedisar
klitori	PIV	豆ᴷᴸ	kl	35	1	接頭辞	3	kiker
koronil	PIV	豆ᴷᴿ	kr	35	1	先頭+子音	4	kiker
voandze	PIV	豆ⱽᴺ	vn	35	1	先頭+子音	2	vistari
fazeolus	PIV	豆ᶠˢ	fs	35	1	綴り内の文字	1	fab
fenugrek	PIV	豆ᶠᴺ	fn	35	1	先頭+子音	1	fab
skorpiur	PIV	豆ˢ	s	35	1	接頭辞	1	fab
trigonel	PIV	豆ᵀ	t	35	1	接頭辞	1	fab
krotalari	PIV	豆ᴷᵀ	kt	35	1	綴り内の文字	2	kiker
kalandra	PEJVO	象甲ᴷᴸ	kl	2	1	先頭+子音	2	kurkuli
leopard	PEJVO	豹ᴸ	l	4	4	接頭辞	1	panter
gepard	PEJVO	豹ᴳ	g	4	1	接頭辞	1	panter
jaguar	PEJVO	豹ᴶ	j	4	1	接頭辞	1	panter
folad	PEJVO	贝ᶠ	f	22	1	接頭辞	1	konk
polp	PEJVO	贝ᴾᴸ	pl	22	1	先頭+子音	1	pina
lolig	PEJVO	贝ᴸᴸ	ll	22	1	先頭+子音	1	limne
pekten	PEJVO	贝ᴾᵀ	pt	22	1	綴り内の文字	2	pina
litorin	PEJVO	贝ᴸᵀ	lt	22	1	先頭+子音	1	limne
pina	PIV	贝ᴾ	p	22	1	接頭辞	5	konk
dorid	PIV	贝ᴰ	d	22	1	接頭辞	1	konk
limne	PIV	贝ᴸ	l	22	1	接頭辞	3	konk
tered	PIV	贝ᵀ	t	22	1	接頭辞	3	konk
eledon	PIV	贝ᴱ	e	22	1	接頭辞	1	konk
gujdak	PIV	贝ᴳ	g	22	1	接頭辞	1	konk
mureks	PIV	贝ᴹ	m	22	1	接頭辞	2	konk
panope	PIV	贝ᴾᴾ	pp	22	1	綴り内の文字	2	pina
anodont	PIV	贝ᴬ	a	22	1	接頭辞	2	konk
pinktad	PIV	贝ᴾᴷ	pk	22	1	綴り内の文字	2	pina
tridakn	PIV	贝ᵀᴷ	tk	22	1	綴り内の文字	1	tered
arkiteu^t	PIV	贝ᴬᴿ	ar	22	1	接頭辞	1	anodont
testacel	PIV	贝ᵀˢ	ts	22	1	先頭+子音	1	tered
skafark	PIV	贝ˢ	s	22	1	接頭辞	1	konk
korbikul	PIV	贝ᴷᴿ	kr	22	1	先頭+子音	1	konk
meleagren	PIV	贝ᴹᴸ	ml	22	1	先頭+子音	1	mureks
tribut	PEJVO	贡ᵀ	t	2	3	接頭辞	1	kontribu
respons	PEJVO	责ᴿˢ	rs	3	4	先頭+子音	1	riproĉ
skold	PIV	责ˢ	s	3	2	接頭辞	1	riproĉ
defet	PIV	败ᴰ	d	2	3	接頭辞	1	fiask
faktur	CSV2890	账ᶠ	f	2	3	接頭辞	1	kont
karg	PEJVO	货ᴷ	k	3	18	接頭辞	1	var
frajt	PEJVO	货ᶠ	f	3	17	接頭辞	1	var
materi	CSV2890	质ᴹ	m	4	22	接頭辞	1	esenc
kvalit	CSV2890	质ᴷ	k	4	13	接頭辞	1	esenc
substanc	CSV2890	质ˢ	s	4	9	接頭辞	1	esenc
s^akr	PEJVO	贩ˢ̂	ŝ	3	5	接頭辞	1	brokant
kolport	PEJVO	贩ᴷ	k	3	4	接頭辞	1	brokant
deprec	PIV	贬ᴰᴾ	dp	2	3	先頭+子音	1	devalut
konsistenc	PEJVO	贯ᴷᴺ	kn	2	1	先頭+子音	1	koher
afrank	CSV2890	贴ᴬᴿ	ar	2	4	綴り内の文字	1	afiŝ
nobel	PEJVO	贵ᴺᴱ	ne	4	10	綴り内の文字	1	nobl
patrici	PEJVO	贵ᴾ	p	4	2	接頭辞	1	nobl
aristokrat	PEJVO	贵ᴬ	a	4	4	接頭辞	1	nobl
premium	PIV	费ᴾ	p	2	2	接頭辞	1	kost
burĝ	CSV2890	资ᴮ	b	2	8	接頭辞	1	kapital
gratifik	PEJVO	赏ᴳ	g	5	2	接頭辞	3	aprez
aprec	PEJVO	赏ᴬᶜ	ac	5	1	綴り内の文字	1	aprez
gratif	PEJVO	赏ᴳᴿ	gr	5	1	接頭辞	3	gratifik
gratifikaci	PEJVO	赏ᴳᶜ	gc	5	1	綴り内の文字	1	gratifik
turnir	PEJVO	赛ᵀ	t	2	5	接頭辞	1	matĉ
stadium	PEJVO	赛场ˢᴹ	sm	2	1	綴り内の文字	1	stadion
aprob	CSV2890	赞ᴬ	a	5	9	接頭辞	1	laŭd
konsent	CSV2890	赞ᴷ	k	5	24	接頭辞	2	laŭd
kompliment	CSV2890	赞ᴷᴹ	km	5	4	先頭+子音	1	konsent
ovaci	PEJVO	赞ᴼ	o	5	2	接頭辞	1	laŭd
absolv	PEJVO	赦ᴬᴮ	ab	2	1	接頭辞	1	amnesti
meta	PEJVO	超ᴹ	m	3	26	接頭辞	1	hiper
transcend	PEJVO	超ᵀ	t	3	3	接頭辞	1	hiper
hiperestezi	PIV	超感ᴴᴵ	hi	2	1	接頭辞	2	hiperestez
ju	CSV2890	越ᴶ	j	2	3	接頭辞	1	trans
pod	PEJVO	足ᴾᴼ	po	2	29	接頭辞	1	pied
s^pur	PEJVO	距ˢ̂	ŝ	3	4	接頭辞	1	distanc
tal	PIV	距ᵀ	t	3	2	接頭辞	1	distanc
ŝose	CSV2890	路ˢ̂	ŝ	3	6	接頭辞	1	voj
cirkvit	CSV2890	路ᶜ	c	3	16	接頭辞	1	voj
kapriol	PEJVO	跳ᴷ	k	2	2	接頭辞	1	salt
baskul	PEJVO	跷ᴮ	b	2	13	接頭辞	1	stilz
kik	PEJVO	踢ᴷᴷ	kk	2	1	先頭+子音	1	kalcitr
hirak	PIV	蹄兔ᴴ	h	2	1	接頭辞	1	prokavi
bus	CSV2890	车ᴮ	b	11	10	接頭辞	2	aŭt
trajn	CSV2890	车ᵀ	t	11	19	接頭辞	3	aŭt
bicikl	CSV2890	车ᴮᶜ	bc	11	11	先頭+子音	1	bus
kamion	CSV2890	车ᴷ	k	11	9	接頭辞	2	aŭt
aŭtobus	CSV2890	车ᴬᴮ	ab	11	3	綴り内の文字	2	aŭt
aŭtomobil	PEJVO	车ᴬᴹ	am	11	0	綴り内の文字	1	aŭt
torn	PEJVO	车ᵀᴺ	tn	11	10	綴り内の文字	2	trajn
kales^	PEJVO	车ᴷᴸ	kl	11	10	先頭+子音	1	kamion
taksi	CSV2890	车ᵀᴷ	tk	11	1	先頭+子音	1	trajn
velociped	PEJVO	车ⱽ	v	11	1	接頭辞	1	aŭt
laminat	PEJVO	轧ᴸ	l	2	4	接頭辞	1	grinc
trak	PEJVO	轨ᵀ	t	4	15	接頭辞	2	rel
orbit	PEJVO	轨ᴼ	o	4	6	接頭辞	1	rel
trajektori	PEJVO	轨ᵀᴶ	tj	4	1	綴り内の文字	1	trak
ĝir	CSV2890	转ᴳ̂	ĝ	8	20	接頭辞	1	turn
rivolu	CSV2890	转ᴿ	r	8	7	接頭辞	3	turn
relajs	PEJVO	转ᴿᴸ	rl	8	6	先頭+子音	3	rivolu
invert	PEJVO	转ᴵ	i	8	4	接頭辞	1	turn
konvert	PEJVO	转ᴷ	k	8	12	接頭辞	1	turn
transpon	PEJVO	转ᵀˢ	ts	8	4	綴り内の文字	1	turn
relaj	PEJVO	转ᴿᴱ	re	8	1	接頭辞	2	rivolu
verticil	PIV	轮ⱽ	v	2	6	接頭辞	1	rad
parenkim	PEJVO	软ᴾ	p	2	1	接頭辞	1	mol
kondr	PIV	软骨ᴷᴺ	kn	2	4	先頭+子音	1	kartilag
bombard	PEJVO	轰ᴮ	b	3	3	接頭辞	1	fulmin
detonaci	PEJVO	轰ᴰ	d	3	6	接頭辞	1	fulmin
s^aft	PEJVO	轴ˢ̂	ŝ	2	5	接頭辞	1	aks
komparativ	PEJVO	较ᴷᵀ	kt	2	4	綴り内の文字	1	kompar
konsonant	CSV2890	辅ᴷ	k	2	4	接頭辞	1	asist
kajen	PEJVO	辣ᴷᴶ	kj	2	1	先頭+子音	1	kapsik
vasabi	PIV	辣根ⱽ	v	2	1	接頭辞	1	kren
diskrimin	PIV	辨ᴰᴷ	dk	2	2	綴り内の文字	1	disting
advokat	CSV2890	辩ᴬ	a	9	5	接頭辞	2	pled
elokvent	CSV2890	辩ᴱ	e	9	7	接頭辞	2	pled
debat	PEJVO	辩ᴰ	d	9	5	接頭辞	2	pled
retor	PEJVO	辩ᴿ	r	9	2	接頭辞	1	pled
ekskuz	PEJVO	辩ᴱᴷ	ek	9	2	接頭辞	2	elokvent
polemik	PEJVO	辩ᴾᴹ	pm	9	4	綴り内の文字	1	pled
apologi	PEJVO	辩ᴬᴾ	ap	9	3	接頭辞	1	advokat
diskurs	PEJVO	辩ᴰˢ	ds	9	1	先頭+子音	1	debat
sakrilegi	PEJVO	辱ˢ	s	2	4	接頭辞	1	blasfem
later	PEJVO	边ᴸ	l	4	6	接頭辞	2	rand
marg^en	PEJVO	边ᴹ	m	4	7	接頭辞	1	rand
listel	PEJVO	边ᴸˢ	ls	4	2	先頭+子音	1	later
emigr	PIV	迁ᴱ	e	3	2	接頭辞	2	migr
emigraci	PIV	迁ᴱᶜ	ec	3	1	綴り内の文字	1	emigr
pas	CSV2890	过ᴾ	p	5	54	接頭辞	3	int
preter	文法層	过ᴾᴿ	pr	5	38	接頭辞	1	pas
pase	PEJVO	过ᴾᴱ	pe	5	2	綴り内の文字	2	pas
transit	PIV	过ᵀ	t	5	3	接頭辞	1	int
fortun	CSV2890	运ᶠ	f	2	4	接頭辞	1	port
miop	CSV2890	近ᴹ	m	2	4	接頭辞	1	proksim
ankoraŭ	文法層	还ᴬ	a	2	4	接頭辞	1	plu
import	CSV2890	进ᴵ	i	4	9	接頭辞	1	progres
avanc	PEJVO	进ᴬ	a	4	3	接頭辞	1	progres
progresi	PEJVO	进ᴾᴵ	pi	4	4	綴り内の文字	1	progres
apoge	PEJVO	远ᴬ	a	4	2	接頭辞	1	tele
hipermetrop	PEJVO	远ᴴ	h	4	2	接頭辞	1	tele
lontan	PIV	远ᴸ	l	4	2	接頭辞	1	tele
telefoni	PIV	远声ᵀᴵ	ti	2	1	綴り内の文字	1	telefon
kupl	PEJVO	连ᴷ	k	4	14	接頭辞	3	eĉ
konekt	PEJVO	连ᴷᴺ	kn	4	20	先頭+子音	2	kupl
koneks	PEJVO	连ᴷˢ	ks	4	3	綴り内の文字	1	kupl
opres	PIV	迫ᴼ	o	2	1	接頭辞	1	persekut
dikt	CSV2890	述ᴰ	d	2	4	接頭辞	1	rakont
zelot	PEJVO	迷ᶻ	z	2	2	接頭辞	1	superstiĉ
regres	PEJVO	退ᴿ	r	5	4	接頭辞	2	emerit
degener	PEJVO	退ᴰ	d	5	7	接頭辞	2	emerit
retret	PEJVO	退ᴿᵀ	rt	5	2	先頭+子音	1	regres
dekadenc	PEJVO	退ᴰᴷ	dk	5	4	先頭+子音	1	degener
eksped	CSV2890	送ᴱ	e	2	6	接頭辞	1	send
moder	CSV2890	适ᴹ	m	6	14	接頭辞	1	taŭg
adapt	CSV2890	适ᴬ	a	6	9	接頭辞	3	taŭg
konven	CSV2890	适ᴷ	k	6	11	接頭辞	1	taŭg
akomod	PEJVO	适ᴬᴷ	ak	6	3	接頭辞	2	adapt
adekvat	PEJVO	适ᴬᴰ	ad	6	1	接頭辞	3	adapt
eskap	CSV2890	逃ᴱ	e	3	7	接頭辞	1	fuĝ
dizert	PEJVO	逃ᴰ	d	3	3	接頭辞	1	fuĝ
spit	CSV2890	逆ˢ	s	3	7	接頭辞	1	retro
invers	CSV2890	逆ᴵ	i	3	14	接頭辞	1	retro
antologi	CSV2890	选ᴬ	a	4	1	接頭辞	1	elekt
selekt	PEJVO	选ˢ	s	4	5	接頭辞	1	elekt
opci	PEJVO	选ᴼ	o	4	1	接頭辞	1	elekt
proskrib	PEJVO	逐ᴾ	p	4	2	接頭辞	2	ekzil
proskripci	PEJVO	逐ᴾᴾ	pp	4	1	綴り内の文字	1	proskrib
deport	PIV	逐ᴰ	d	4	1	接頭辞	1	ekzil
rekursi	PIV	递归ᴿˢ	rs	2	1	綴り内の文字	1	rikur
ŝerc	CSV2890	逗ˢ̂	ŝ	2	13	接頭辞	1	kom
dia	PEJVO	通ᴰ	d	2	21	接頭辞	1	korespond
ekspres	CSV2890	速ᴱ	e	3	11	接頭辞	1	rapid
taki	PIV	速ᵀ	t	3	3	接頭辞	1	rapid
takimetr	PIV	速计ᵀ	t	2	1	接頭辞	1	rapidometr
bulvard	CSV2890	道ᴮ	b	4	3	接頭辞	1	avenu
tao	PEJVO	道ᵀ	t	4	2	接頭辞	1	avenu
drom	PIV	道ᴰ	d	4	1	接頭辞	1	avenu
rifuĝ	CSV2890	避ᴿ	r	2	7	接頭辞	1	evit
perversi	PEJVO	邪ᴾᴵ	pi	2	2	綴り内の文字	1	pervers
filatel	CSV2890	邮ᶠ	f	3	2	接頭辞	2	poŝt
filateli	PEJVO	邮ᶠᴵ	fi	3	1	接頭辞	2	filatel
splen	PEJVO	郁ˢ	s	3	2	接頭辞	1	tulip
melankoli	PEJVO	郁ᴹ	m	3	3	接頭辞	1	tulip
ministeri	CSV2890	部ᴹ	m	5	15	接頭辞	1	part
redakci	CSV2890	部ᴿ	r	5	3	接頭辞	1	part
parcial	PEJVO	部ᴾᶜ	pc	5	1	綴り内の文字	1	part
departement	PEJVO	部ᴰ	d	5	3	接頭辞	1	part
gami	PEJVO	配ᴳ	g	4	15	接頭辞	1	distribu
asign	PEJVO	配ᴬ	a	4	4	接頭辞	1	distribu
kopulaci	PEJVO	配ᴷ	k	4	2	接頭辞	1	distribu
bier	CSV2890	酒ᴮ	b	8	20	接頭辞	2	vin
brand	CSV2890	酒ᴮᴺ	bn	8	11	綴り内の文字	1	bier
g^in	PEJVO	酒ᴳ̂	ĝ	8	4	接頭辞	1	vin
likvor	PEJVO	酒ᴸ	l	8	9	接頭辞	1	vin
sake	PEJVO	酒ˢ	s	8	2	接頭辞	1	vin
c^ampan	PEJVO	酒ᶜ̂	ĉ	8	1	接頭辞	1	vin
vodk	PEJVO	酒ⱽᴰ	vd	8	1	先頭+子音	1	vin
fromaĝ	CSV2890	酪ᶠ	f	2	9	接頭辞	1	krem
honorari	PEJVO	酬ᴴ	h	2	2	接頭辞	1	rekompenc
jahurt	PEJVO	酸乳ᴶᴴ	jh	2	1	先頭+子音	1	jogurt
glikol	PIV	醇ᴳ	g	2	2	接頭辞	1	alkohol
ebri	CSV2890	醉ᴱ	e	3	11	接頭辞	2	rav
ekstaz	PEJVO	醉ᴱᴷ	ek	3	5	接頭辞	1	ebri
vinagr	PEJVO	醋ⱽ	v	2	10	接頭辞	1	acet
gros	PEJVO	醋栗ᴳ	g	2	4	接頭辞	1	rib
sobr	CSV2890	醒ˢ	s	2	7	接頭辞	1	vek
eksplik	PEJVO	释ᴱˢ	es	3	2	綴り内の文字	2	ekzegez
eksplic	PIV	释ᴱᶜ	ec	3	2	綴り内の文字	1	ekzegez
grav	CSV2890	重ᴳ	g	3	19	接頭辞	1	pez
akcent	CSV2890	重ᴬ	a	3	8	接頭辞	1	pez
fazan	PEJVO	野鸡ᶠ	f	3	3	接頭辞	1	tetra
urogal	PEJVO	野鸡ᵁ	u	3	1	接頭辞	1	tetra
doz	PEJVO	量ᴰ	d	3	13	接頭辞	1	kvant
metrik	PEJVO	量ᴹ	m	3	2	接頭辞	1	kvant
metal	CSV2890	金ᴹ	m	67	33	接頭辞	4	or
blond	CSV2890	金ᴮ	b	67	3	接頭辞	5	or
berili	PEJVO	金ᴮᴿ	br	67	1	先頭+子音	3	blond
bismut	PEJVO	金ᴮˢ	bs	67	1	先頭+子音	1	blond
vendred	CSV2890	金ⱽ	v	67	4	接頭辞	3	or
ceri	PEJVO	金ᶜ	c	67	1	接頭辞	2	or
cezi	PEJVO	金ᶜᶻ	cz	67	1	先頭+子音	1	ceri
erbi	PEJVO	金ᴱ	e	67	1	接頭辞	3	or
gali	PEJVO	金ᴳ	g	67	1	接頭辞	5	or
indi	PEJVO	金ᴵ	i	67	1	接頭辞	5	or
itri	PEJVO	金ᴵᵀ	it	67	1	接頭辞	2	indi
liti	PEJVO	金ᴸ	l	67	1	接頭辞	4	or
osmi	PEJVO	金ᴼˢ	os	67	1	接頭辞	1	or
tori	PEJVO	金ᵀ	t	67	1	接頭辞	7	or
iridi	PEJVO	金ᴵᴿ	ir	67	1	接頭辞	3	indi
kadmi	PEJVO	金ᴷ	k	67	1	接頭辞	4	or
kromi	PEJVO	金ᴷᴿ	kr	67	1	接頭辞	2	kadmi
nikel	PEJVO	金ᴺ	n	67	1	接頭辞	5	or
urani	PEJVO	金ᵁ	u	67	1	接頭辞	1	or
vanad	PEJVO	金ⱽᴬ	va	67	1	接頭辞	2	vendred
eu^ropi	PEJVO	金ᴱᵁ̆	eŭ	67	1	接頭辞	1	erbi
iterbi	PEJVO	金ᴵᴮ	ib	67	1	綴り内の文字	1	indi
kobalt	PEJVO	金ᴷᴮ	kb	67	1	先頭+子音	1	kadmi
lantan	PEJVO	金ᴸᴺ	ln	67	1	先頭+子音	2	liti
luteci	PEJVO	金ᴸᶜ	lc	67	1	綴り内の文字	2	liti
poloni	PEJVO	金ᴾ	p	67	1	接頭辞	5	or
radium	PEJVO	金ᴿ	r	67	1	接頭辞	4	or
skandi	PEJVO	金ˢ	s	67	1	接頭辞	2	or
tantal	PEJVO	金ᵀᴺ	tn	67	1	先頭+子音	3	tori
magnezi	PEJVO	金ᴹᴳ	mg	67	1	先頭+子音	1	metal
plutoni	PEJVO	金ᴾᵀ	pt	67	1	綴り内の文字	3	poloni
stronci	PEJVO	金ˢᵀ	st	67	1	接頭辞	1	skandi
volfram	PEJVO	金ⱽᴸ	vl	67	1	先頭+子音	1	vendred
zirkoni	PEJVO	金ᶻ	z	67	1	接頭辞	1	or
gadolini	PEJVO	金ᴳᴰ	gd	67	1	先頭+子音	1	gali
molibden	PEJVO	金ᴹᴸ	ml	67	1	先頭+子音	3	metal
germanium	PEJVO	金ᴳᴿ	gr	67	1	先頭+子音	1	gali
kaliforni	PEJVO	金ᴷᴸ	kl	67	1	先頭+子音	2	kadmi
galium	PEJVO	金ᴳᵁ	gu	67	1	綴り内の文字	3	gali
indium	PEJVO	金ᴵᴹ	im	67	1	綴り内の文字	1	indi
talium	PEJVO	金ᵀᴹ	tm	67	1	綴り内の文字	1	tori
glucini	PEJVO	金ᴳᶜ	gc	67	1	綴り内の文字	1	gali
tungsten	PEJVO	金ᵀᴳ	tg	67	1	綴り内の文字	1	tori
bari	PIV	金ᴮᴬ	ba	67	3	接頭辞	1	blond
niob	PIV	金ᴺᴮ	nb	67	2	先頭+子音	2	nikel
reni	PIV	金ᴿᴺ	rn	67	2	先頭+子音	1	radium
rodi	PIV	金ᴿᴼ	ro	67	1	接頭辞	1	radium
tuli	PIV	金ᵀᴸ	tl	67	1	先頭+子音	3	tori
fermi	PIV	金ᶠ	f	67	1	接頭辞	1	or
hafni	PIV	金ᴴ	h	67	1	接頭辞	2	or
holmi	PIV	金ᴴᴸ	hl	67	1	先頭+子音	1	hafni
terbi	PIV	金ᵀᴮ	tb	67	1	綴り内の文字	1	tori
nobeli	PIV	金ᴺᴼ	no	67	1	接頭辞	3	nikel
neodim	PIV	金ᴺᴰ	nd	67	1	先頭+子音	1	nikel
rubidi	PIV	金ᴿᴮ	rb	67	1	先頭+子音	1	radium
americi	PIV	金ᴬ	a	67	1	接頭辞	1	or
berkeli	PIV	金ᴮᴷ	bk	67	1	綴り内の文字	1	blond
neptuni	PIV	金ᴺᴾ	np	67	1	先頭+子音	1	nikel
tekneci	PIV	金ᵀᴷ	tk	67	1	先頭+子音	1	tori
prometi	PIV	金ᴾᴿ	pr	67	1	接頭辞	3	poloni
lau^renci	PIV	金ᴸᵁ̆	lŭ	67	1	綴り内の文字	1	liti
disprozi	PIV	金ᴰ	d	67	1	接頭辞	1	or
ejns^tejni	PIV	金ᴱᴶ	ej	67	1	接頭辞	1	erbi
mendelevi	PIV	金ᴹᴺ	mn	67	1	先頭+子音	3	metal
prazeodim	PIV	金ᴾᶻ	pz	67	1	綴り内の文字	1	poloni
protaktini	PIV	金ᴾᴷ	pk	67	1	綴り内の文字	1	poloni
apus	PEJVO	金丝燕ᴬ	a	3	1	接頭辞	1	salangan
cipsel	PEJVO	金丝燕ᶜ	c	3	1	接頭辞	1	salangan
niobat	PIV	金盐ᴺ	n	7	1	接頭辞	1	orat
osmiat	PIV	金盐ᴼˢ	os	7	1	接頭辞	1	orat
reniat	PIV	金盐ᴿ	r	7	1	接頭辞	1	orat
titanat	PIV	金盐ᵀ	t	7	1	接頭辞	2	orat
bismutat	PIV	金盐ᴮ	b	7	1	接頭辞	1	orat
tantalat	PIV	金盐ᵀᴺ	tn	7	1	先頭+子音	2	titanat
pingl	CSV2890	针ᴾ	p	2	22	接頭辞	1	nadl
kejl	CSV2890	钉ᴷ	k	4	7	接頭辞	1	najl
nit	PEJVO	钉ᴺᵀ	nt	4	4	先頭+子音	1	najl
vinkt	PEJVO	钉ⱽ	v	4	3	接頭辞	1	najl
hebet	PIV	钝ᴴ	h	2	1	接頭辞	1	obtuz
horloĝ	CSV2890	钟ᴴᴸ	hl	2	32	綴り内の文字	1	hor
natr	PEJVO	钠ᴺᴬ	na	2	3	接頭辞	2	natri
kroĉ	CSV2890	钩ᴷ	k	4	12	接頭辞	2	hok
grapl	PEJVO	钩ᴳ	g	4	2	接頭辞	1	hok
kroc^et	PEJVO	钩ᴷᵀ	kt	4	3	綴り内の文字	1	kroĉ
sold	PEJVO	钱ˢ	s	2	2	接頭辞	1	mon
h^elicer	PIV	钳ᴴ̂	ĥ	3	2	接頭辞	1	tenajl
kelicer	PIV	钳ᴷ	k	3	1	接頭辞	1	tenajl
diamant	CSV2890	钻ᴰ	d	5	4	接頭辞	2	bor
alez	PEJVO	钻ᴬ	a	5	4	接頭辞	1	bor
dril	PEJVO	钻ᴰᴿ	dr	5	3	接頭辞	1	diamant
spil	PEJVO	钻ˢ	s	5	2	接頭辞	1	bor
fero	PEJVO	铁ᶠᴼ	fo	2	4	綴り内の文字	1	fer
plumbit	PIV	铅盐ᴾᴵ	pi	2	1	綴り内の文字	1	plumbat
trul	PEJVO	铲ᵀ	t	3	3	接頭辞	1	ŝovel
spatel	PEJVO	铲ˢ	s	3	2	接頭辞	1	ŝovel
bank	CSV2890	银ᴮ	b	2	34	接頭辞	1	arĝent
pavim	PEJVO	铺ᴾ	p	2	8	接頭辞	1	stern
katen	CSV2890	链ᴷ	k	2	13	接頭辞	1	ĉen
debit	PEJVO	销ᴰ	d	2	3	接頭辞	1	stift
serur	CSV2890	锁ˢ	s	2	7	接頭辞	1	ŝlos
kaldron	CSV2890	锅ᴷ	k	5	11	接頭辞	2	pat
kaserol	CSV2890	锅ᴷˢ	ks	5	2	先頭+子音	1	kaldron
retort	PEJVO	锅ᴿ	r	5	3	接頭辞	1	pat
marmit	PEJVO	锅ᴹ	m	5	2	接頭辞	1	pat
ured	PIV	锈ᵁ	u	2	3	接頭辞	1	rust
akut	PEJVO	锐ᴬᵀ	at	2	9	綴り内の文字	1	akr
stanit	PIV	锡盐ˢᴵ	si	2	1	綴り内の文字	1	stanat
gong	PEJVO	锣ᴳ	g	2	1	接頭辞	1	tamtam
male	PEJVO	锤ᴹᴸ	ml	2	4	先頭+子音	2	martel
piramid	PEJVO	锥ᴾ	p	3	6	接頭辞	1	konus
strobil	PEJVO	锥ˢ	s	3	1	接頭辞	1	konus
sterling	PEJVO	镑ˢ	s	2	3	接頭辞	1	pund
lupe	CSV2890	镜ᴸ	l	9	1	接頭辞	3	spegul
teleskop	PEJVO	镜ᵀ	t	9	0	接頭辞	1	spegul
skop	PEJVO	镜ˢᴷ	sk	9	89	接頭辞	1	spegul
lens	PEJVO	镜ᴸᴺ	ln	9	16	先頭+子音	2	lupe
lorn	PEJVO	镜ᴸᴿ	lr	9	3	先頭+子音	1	lupe
reflektor	PEJVO	镜ᴿ	r	9	2	接頭辞	1	spegul
monokl	PEJVO	镜ᴹ	m	9	1	接頭辞	1	spegul
binokl	PEJVO	镜ᴮ	b	9	1	接頭辞	1	spegul
estr	文法層	长ᴱ	e	3	90	接頭辞	1	long
kapitan	PEJVO	长ᴷ	k	3	5	接頭辞	1	long
kanap	PEJVO	长椅ᴷ	k	2	2	接頭辞	1	divan
portal	PEJVO	门ᴾᵀ	pt	3	1	綴り内の文字	1	pord
filum	PIV	门ᶠ	f	3	2	接頭辞	1	pord
flagr	CSV2890	闪ᶠᴳ	fg	5	10	綴り内の文字	1	fulm
strobo	PEJVO	闪ˢ	s	5	3	接頭辞	2	fulm
scintil	PEJVO	闪ˢᶜ	sc	5	7	接頭辞	1	strobo
blink	PIV	闪ᴮ	b	5	6	接頭辞	1	fulm
stroboskopi	PIV	闪镜ˢᴵ	si	2	1	綴り内の文字	1	stroboskop
salut	CSV2890	问ˢ	s	2	15	接頭辞	1	demand
kabinet	CSV2890	阁ᴷ	k	3	5	接頭辞	1	moŝt
ekscelenc	PEJVO	阁ᴱ	e	3	3	接頭辞	1	moŝt
karavan	CSV2890	队ᴷ	k	9	6	接頭辞	1	team
rot	PEJVO	队ᴿ	r	9	3	接頭辞	1	team
skip	PEJVO	队ˢ	s	9	4	接頭辞	3	team
band	PEJVO	队ᴮ	b	9	2	接頭辞	1	team
skadr	PEJVO	队ˢᴰ	sd	9	2	綴り内の文字	2	skip
tac^ment	PEJVO	队ᵀᶜ̂	tĉ	9	3	先頭+子音	1	team
skadron	PEJVO	队ˢᴺ	sn	9	1	綴り内の文字	1	skip
eskadron	PEJVO	队ᴱ	e	9	1	接頭辞	1	team
prevent	PEJVO	防ᴾ	p	4	10	接頭辞	3	defend
profilaktik	PEJVO	防ᴾᶠ	pf	4	2	綴り内の文字	2	prevent
profilakt	PIV	防ᴾᴿ	pr	4	1	接頭辞	3	prevent
falus	PIV	阳具ᶠ	f	2	3	接頭辞	1	kac
stadi	CSV2890	阶ˢ	s	3	3	接頭辞	1	ŝtup
gam	PEJVO	阶ᴳ	g	3	8	接頭辞	1	ŝtup
incident	PEJVO	附ᴵ	i	4	4	接頭辞	1	adher
enkliz	PIV	附ᴱ	e	4	2	接頭辞	1	adher
prokliz	PIV	附ᴾ	p	4	2	接頭辞	1	adher
degrad	PEJVO	降ᴰ	d	3	4	接頭辞	1	bemol
kapitulac	PEJVO	降ᴷ	k	3	4	接頭辞	1	bemol
restrikt	PIV	限ᴿ	r	2	3	接頭辞	1	fini
abrupt	CSV2890	陡ᴬ	a	2	4	接頭辞	1	krut
kolegi	CSV2890	院ᴷᴸ	kl	4	4	先頭+子音	1	kort
akademi	CSV2890	院ᴬ	a	4	5	接頭辞	1	kort
institut	CSV2890	院ᴵ	i	4	4	接頭辞	1	kort
prior	PEJVO	院长ᴾ	p	2	4	接頭辞	1	abat
ektomi	文法層	除ᴱᴷ	ek	3	24	接頭辞	1	escept
elimin	CSV2890	除ᴱᴸ	el	3	5	接頭辞	1	escept
bolid	PEJVO	陨ᴮ	b	2	1	接頭辞	1	meteor
protuberanc	PEJVO	隆ᴾ	p	2	1	接頭辞	1	tuber
marabut	PIV	隐ᴹ	m	3	2	接頭辞	1	ermit
anakoret	PIV	隐ᴬ	a	3	1	接頭辞	1	ermit
vand	PEJVO	隔ⱽ	v	8	6	接頭辞	1	izol
sept	PEJVO	隔ˢ	s	8	5	接頭辞	4	izol
separ	PEJVO	隔ˢᴿ	sr	8	4	綴り内の文字	3	sept
adiabat	PEJVO	隔ᴬ	a	8	5	接頭辞	1	izol
kvaranten	PEJVO	隔ᴷ	k	8	3	接頭辞	1	izol
separat	PIV	隔ˢᵀ	st	8	2	綴り内の文字	2	sept
segregaci	PIV	隔ˢᴳ	sg	8	1	先頭+子音	1	sept
interstic	PIV	隙ᴵ	i	2	2	接頭辞	1	hiat
obstakl	CSV2890	障ᴼ	o	4	3	接頭辞	2	bar
handikap	PEJVO	障ᴴ	h	4	7	接頭辞	1	bar
obstrukc	PEJVO	障ᴼᴿ	or	4	3	綴り内の文字	1	obstakl
paser	CSV2890	雀ᴾ	p	10	5	接頭辞	2	alaŭd
kanari	CSV2890	雀ᴷ	k	10	4	接頭辞	3	alaŭd
pirol	PEJVO	雀ᴾᴿ	pr	10	2	先頭+子音	2	paser
emberiz	PEJVO	雀ᴱ	e	10	2	接頭辞	1	alaŭd
loksi	PEJVO	雀ᴸ	l	10	1	接頭辞	1	alaŭd
kardel	PEJVO	雀ᴷᴿ	kr	10	1	先頭+子音	2	kanari
fringel	PEJVO	雀ᶠ	f	10	1	接頭辞	1	alaŭd
kanaben	PEJVO	雀ᴷᴮ	kb	10	1	綴り内の文字	1	kanari
hortulan	PEJVO	雀ᴴ	h	10	1	接頭辞	1	alaŭd
elegant	CSV2890	雅ᴱ	e	3	9	接頭辞	1	graci
s^ik	PEJVO	雅ˢ̂	ŝ	3	3	接頭辞	1	graci
foir	CSV2890	集ᶠ	f	4	9	接頭辞	1	kolekt
koncentr	CSV2890	集ᴷᴺ	kn	4	12	先頭+子音	1	kolekt
kolektiv	PEJVO	集ᴷⱽ	kv	4	0	綴り内の文字	1	kolekt
skulpt	CSV2890	雕ˢ	s	8	9	接頭辞	2	agl
c^iz	PEJVO	雕ᶜ̂	ĉ	8	11	接頭辞	1	cizel
cizel	PEJVO	雕ᶜ	c	8	4	接頭辞	1	agl
relief	PEJVO	雕ᴿ	r	8	7	接頭辞	1	agl
harpi	PEJVO	雕ᴴ	h	8	1	接頭辞	1	agl
anaglif	PIV	雕ᴬᴺ	an	8	2	接頭辞	1	agl
skulptur	PIV	雕ˢᴿ	sr	8	2	綴り内の文字	1	skulpt
pluvometr	PIV	雨计ᴾᴼ	po	2	1	綴り内の文字	1	pluvmetr
lug^	PEJVO	雪车ᴸ	l	2	2	接頭辞	1	sled
grajl	PEJVO	雹ᴳ	g	2	2	接頭辞	1	hajl
brum	PIV	雾ᴮ	b	2	1	接頭辞	1	nebul
sism	PEJVO	震ˢ	s	3	3	接頭辞	2	ŝok
seism	PIV	震ˢᴱ	se	3	6	接頭辞	1	sism
seismologi	PIV	震学ˢᴱ	se	2	1	接頭辞	1	sismologi
seismograf	PIV	震记ˢᴱ	se	2	1	接頭辞	1	sismograf
mucid	PEJVO	霉ᴹ	m	2	1	接頭辞	1	s^im
kolera	PEJVO	霍乱ᴷ	k	2	1	接頭辞	1	h^oler
gel	PEJVO	霜ᴳ	g	3	1	接頭辞	1	frost
prujn	PEJVO	霜ᴾ	p	3	5	接頭辞	1	frost
ekshibici	PIV	露ᴱ	e	2	2	接頭辞	1	ros
livid	PIV	青ᴸ	l	3	2	接頭辞	1	cian
glau^k	PIV	青ᴳ	g	3	1	接頭辞	1	cian
cianofit	PIV	青植ᶜᴼ	co	2	1	綴り内の文字	1	cianfit
kviet	CSV2890	静ᴷ	k	6	20	接頭辞	3	trankvil
statik	PEJVO	静ˢ	s	6	16	接頭辞	2	trankvil
sedativ	PEJVO	静ˢᴰ	sd	6	2	先頭+子音	1	statik
kvi	PIV	静ᴷⱽ	kv	6	2	接頭辞	2	kviet
kalm	PIV	静ᴷᴸ	kl	6	3	先頭+子音	1	kviet
surfac	PEJVO	面ˢ	s	6	17	接頭辞	2	fac
edr	PEJVO	面ᴱ	e	6	22	接頭辞	1	fac
are	PEJVO	面ᴬ	a	6	10	接頭辞	1	fac
nudel	PEJVO	面ᴺ	n	6	5	接頭辞	1	fac
spaget	PEJVO	面ˢᴾ	sp	6	2	接頭辞	1	surfac
revoluci	CSV2890	革ᴿ	r	2	11	接頭辞	1	led
skurg^	PEJVO	鞭ˢ	s	4	2	接頭辞	1	vip
knut	PIV	鞭ᴷ	k	4	2	接頭辞	1	vip
flagel	PIV	鞭ᶠ	f	4	5	接頭辞	1	vip
fonetik	CSV2890	音ᶠ	f	4	4	接頭辞	2	prononc
fonet	PEJVO	音ᶠᴼ	fo	4	2	接頭辞	2	fonetik
akustik	PEJVO	音ᴬ	a	4	3	接頭辞	1	prononc
asonanc	PEJVO	韵ᴬ	a	2	2	接頭辞	1	rim
tegment	CSV2890	顶ᵀ	t	10	19	接頭辞	1	supr
vert	CSV2890	顶ⱽ	v	10	3	接頭辞	2	supr
plafon	CSV2890	顶ᴾ	p	10	4	接頭辞	1	supr
vertic	CSV2890	顶ⱽᶜ	vc	10	1	綴り内の文字	1	vert
kulmin	PEJVO	顶ᴷ	k	10	5	接頭辞	3	supr
imperial	PEJVO	顶ᴵ	i	10	3	接頭辞	1	supr
klimaks	PIV	顶ᴷᴷ	kk	10	2	綴り内の文字	1	kulmin
akme	PIV	顶ᴬ	a	10	1	接頭辞	1	supr
kulminaci	PIV	顶ᴷᶜ	kc	10	1	綴り内の文字	1	kulmin
obstin	CSV2890	顽ᴼ	o	2	7	接頭辞	1	bub
promulg	PIV	颁ᴾ	p	2	2	接頭辞	1	dekret
od	PEJVO	颂ᴼ	o	4	2	接頭辞	1	himn
panegir	PEJVO	颂ᴾ	p	4	3	接頭辞	1	himn
ditiramb	PEJVO	颂ᴰ	d	4	2	接頭辞	1	himn
predikt	PEJVO	预ᴾ	p	2	2	接頭辞	1	anticip
budĝet	CSV2890	预算ᴮᴰ	bd	2	1	先頭+子音	1	buĝet
cervik	PEJVO	颈ᶜ	c	2	5	接頭辞	1	kol
titol	CSV2890	题ᵀᵀ	tt	5	11	先頭+子音	1	tem
problem	CSV2890	题ᴾ	p	5	20	接頭辞	1	tem
tez	CSV2890	题ᵀᶻ	tz	5	6	先頭+子音	1	tem
topik	PIV	题ᵀᴾ	tp	5	2	先頭+子音	1	tem
farb	CSV2890	颜ᶠ	f	3	12	接頭辞	2	vizaĝ
faci	PIV	颜ᶠᶜ	fc	3	2	先頭+子音	1	farb
kvot	PEJVO	额ᴷ	k	3	8	接頭辞	2	frunt
kontingent	PEJVO	额ᴷᴺ	kn	3	4	先頭+子音	1	kvot
beladon	PEJVO	颠ᴮ	b	3	1	接頭辞	1	tang
atrop	PIV	颠ᴬ	a	3	3	接頭辞	1	tang
stil	CSV2890	风ˢ	s	7	27	接頭辞	1	vent
tajfun	CSV2890	风ᵀ	t	7	2	接頭辞	2	vent
esk	PEJVO	风ᴱ	e	7	11	接頭辞	1	vent
anem	PEJVO	风ᴬ	a	7	3	接頭辞	1	vent
ventol	PEJVO	风ⱽᴸ	vl	7	6	綴り内の文字	1	vent
tifon	PIV	风ᵀᶠ	tf	7	1	先頭+子音	2	tajfun
eklips	PEJVO	食ᴱ	e	2	16	接頭辞	1	manĝ
ezofagoskopi	PIV	食管镜ᴱᴵ	ei	2	1	綴り内の文字	1	ezofagoskop
supe	PIV	餐ˢ	s	2	2	接頭辞	1	restoraci
drink	CSV2890	饮ᴰ	d	2	16	接頭辞	1	trink
dekoraci	CSV2890	饰ᴰ	d	4	6	接頭辞	2	ornam
dekor	PEJVO	饰ᴰᴱ	de	4	3	接頭辞	2	dekoraci
garnitur	PEJVO	饰ᴳ	g	4	2	接頭辞	1	ornam
pasament	PEJVO	饰带ᴾ	p	2	3	接頭辞	1	galon
satur	PEJVO	饱ˢᴿ	sr	2	14	綴り内の文字	1	sat
biskvit	CSV2890	饼ᴮ	b	8	3	接頭辞	1	tort
pic	PEJVO	饼ᴾ	p	8	3	接頭辞	1	tort
vafl	PEJVO	饼ⱽ	v	8	5	接頭辞	1	tort
oblat	PEJVO	饼ᴼ	o	8	2	接頭辞	1	tort
kresp	PEJVO	饼ᴷ	k	8	2	接頭辞	3	tort
kraken	PEJVO	饼ᴷᴷ	kk	8	2	綴り内の文字	2	kresp
keks	PEJVO	饼ᴷˢ	ks	8	1	綴り内の文字	2	kresp
muze	CSV2890	馆ᴹ	m	3	5	接頭辞	1	hotel
pavilon	PEJVO	馆ᴾ	p	3	2	接頭辞	1	hotel
arki	PIV	首ᴬ	a	2	3	接頭辞	1	ĉef
parfum	CSV2890	香ᴾ	p	5	6	接頭辞	1	spic
arom	PEJVO	香ᴬ	a	5	10	接頭辞	1	spic
mosk	PEJVO	香ᴹ	m	5	6	接頭辞	1	spic
incens	PEJVO	香ᴵ	i	5	10	接頭辞	1	spic
bergamot	PEJVO	香柑ᴮ	b	2	5	接頭辞	1	cedrat
mirh	PEJVO	香脂ᴹ	m	2	1	接頭辞	1	ladan
hisop	PEJVO	香草ᴴ	h	6	1	接頭辞	1	lavend
pac^ul	PEJVO	香草ᴾ	p	6	1	接頭辞	1	lavend
majoran	PEJVO	香草ᴹ	m	6	1	接頭辞	1	lavend
origan	PIV	香草ᴼ	o	6	1	接頭辞	1	lavend
rosmaren	PIV	香草ᴿ	r	6	1	接頭辞	1	lavend
mul	PEJVO	马ᴹ	m	5	1	接頭辞	1	ĉeval
hemion	PEJVO	马ᴴ	h	5	1	接頭辞	1	ĉeval
onagr	PIV	马ᴼ	o	5	1	接頭辞	1	ĉeval
kulan	PIV	马ᴷ	k	5	1	接頭辞	1	ĉeval
faeton	PEJVO	马车ᶠᵀ	ft	2	2	先頭+子音	1	fiakr
ekzorciz	PEJVO	驱魔ᴱᶻ	ez	2	1	綴り内の文字	2	ekzorc
barg^	PEJVO	驳ᴮ	b	3	2	接頭辞	1	refut
replik	PEJVO	驳ᴿᴾ	rp	3	3	先頭+子音	1	refut
alpak	PEJVO	驼ᴬ	a	2	1	接頭辞	1	kamel
stir	PEJVO	驾ˢ	s	3	24	接頭辞	1	ŝofor
koc^er	PEJVO	驾ᴷ	k	3	2	接頭辞	1	ŝofor
eksperiment	CSV2890	验ᴱ	e	4	12	接頭辞	3	spert
empiri	PEJVO	验ᴱᴹ	em	4	7	接頭辞	3	eksperiment
empir	PEJVO	验ᴱᴾ	ep	4	3	綴り内の文字	3	eksperiment
kavaleri	PEJVO	骑ᴷ	k	2	2	接頭辞	1	rajd
fripon	CSV2890	骗ᶠ	f	7	7	接頭辞	1	tromp
mistifik	CSV2890	骗ᴹ	m	7	2	接頭辞	2	tromp
mistif	PEJVO	骗ᴹᴵ	mi	7	1	接頭辞	2	mistifik
truk	PEJVO	骗ᵀᴷ	tk	7	4	綴り内の文字	1	tromp
bluf	PEJVO	骗ᴮ	b	7	3	接頭辞	1	tromp
c^arlatan	PEJVO	骗ᶜ̂	ĉ	7	5	接頭辞	1	tromp
skelet	CSV2890	骨ˢ	s	2	7	接頭辞	1	ost
osteopati	PIV	骨病ᴼᴱ	oe	2	1	綴り内の文字	1	ostopati
medol	PEJVO	髓ᴹᴰ	md	2	12	先頭+子音	1	mjel
medolit	PIV	髓炎ᴹᴰ	md	2	1	先頭+子音	1	mjelit
mjelopati	PIV	髓病ᴹᴶ	mj	3	1	接頭辞	1	medolpati
medolopati	PIV	髓病ᴹᴼ	mo	3	1	綴り内の文字	3	medolpati
hips	PEJVO	高ᴴ	h	3	3	接頭辞	1	alt
altitud	PEJVO	高ᴬᵀ	at	3	3	綴り内の文字	2	alt
hipsometri	PIV	高测ᴴ	h	2	1	接頭辞	1	altometri
altimetr	PIV	高计ᴬᴵ	ai	3	1	綴り内の文字	1	altometr
hipsometr	PIV	高计ᴴ	h	3	1	接頭辞	1	altometr
fascin	PEJVO	魅ᶠ	f	2	5	接頭辞	1	ĉarm
magi	CSV2890	魔ᴹ	m	7	10	接頭辞	1	sorĉ
diabl	CSV2890	魔ᴰ	d	7	14	接頭辞	2	sorĉ
satan	CSV2890	魔ˢᵀ	st	7	7	先頭+子音	1	sorĉ
demon	PEJVO	魔ᴰᴹ	dm	7	8	先頭+子音	1	diabl
ogr	PEJVO	魔ᴼ	o	7	1	接頭辞	1	sorĉ
sukub	PIV	魔ˢᴷ	sk	7	1	先頭+子音	1	sorĉ
ezok	CSV2890	鱼ᴱ	e	106	2	接頭辞	6	fiŝ
gobi	CSV2890	鱼ᴳ	g	106	2	接頭辞	3	fiŝ
angil	CSV2890	鱼ᴬ	a	106	4	接頭辞	8	fiŝ
haring	CSV2890	鱼ᴴ	h	106	5	接頭辞	2	fiŝ
gad	PEJVO	鱼ᴳᴰ	gd	106	4	先頭+子音	2	gobi
raj	PEJVO	鱼ᴿ	r	106	2	接頭辞	3	fiŝ
bram	PEJVO	鱼ᴮ	b	106	5	接頭辞	6	fiŝ
perk	PEJVO	鱼ᴾ	p	106	4	接頭辞	9	fiŝ
sole	PEJVO	鱼ˢ	s	106	3	接頭辞	20	fiŝ
salm	PEJVO	鱼ˢᴹ	sm	106	3	綴り内の文字	6	sole
moru	PEJVO	鱼ᴹ	m	106	3	接頭辞	9	fiŝ
tinus	PEJVO	鱼ᵀ	t	106	6	接頭辞	9	fiŝ
c^ot	PEJVO	鱼ᶜ̂	ĉ	106	1	接頭辞	1	cepol
spar	PEJVO	鱼ˢᴾ	sp	106	1	接頭辞	2	sole
klupe	PEJVO	鱼ᴷ	k	106	4	接頭辞	8	fiŝ
mugil	PEJVO	鱼ᴹᴳ	mg	106	2	先頭+子音	3	moru
silur	PEJVO	鱼ˢᴵ	si	106	2	接頭辞	4	sole
anc^ov	PEJVO	鱼ᴬᶜ̂	aĉ	106	2	綴り内の文字	1	angil
skombr	PEJVO	鱼ˢᴷ	sk	106	2	接頭辞	3	sole
kobitid	PEJVO	鱼ᴷᴮ	kb	106	2	先頭+子音	1	klupe
petromiz	PEJVO	鱼ᴾᵀ	pt	106	3	先頭+子音	3	perk
anchov	PEJVO	鱼ᴬᶜ	ac	106	0	綴り内の文字	2	angil
huz	PEJVO	鱼ᴴᶻ	hz	106	1	先頭+子音	1	haring
aloz	PEJVO	鱼ᴬᴸ	al	106	1	接頭辞	3	angil
perc^	PEJVO	鱼ᴾᶜ̂	pĉ	106	1	綴り内の文字	2	perk
tinn	PEJVO	鱼ᵀᴺ	tn	106	1	先頭+子音	5	tinus
lojt	PEJVO	鱼ᴸᴶ	lj	106	1	先頭+子音	1	labr
plot	PEJVO	鱼ᴾᴸ	pl	106	1	接頭辞	3	perk
tink	PEJVO	鱼ᵀᴵ	ti	106	1	接頭辞	7	tinus
ekvil	PEJVO	鱼ᴱⱽ	ev	106	1	綴り内の文字	1	ezok
ksifi	PEJVO	鱼ᴷˢ	ks	106	1	接頭辞	2	klupe
sandr	PEJVO	鱼ˢᴰ	sd	106	1	綴り内の文字	3	sole
sprot	PEJVO	鱼ˢᴼ	so	106	1	綴り内の文字	5	sole
sardin	PEJVO	鱼ˢᴬᴿ	sar	106	1	接頭辞	3	sole
sevrug	PEJVO	鱼ˢᴳ	sg	106	1	綴り内の文字	2	sole
eglefin	PEJVO	鱼ᴱᴳ	eg	106	1	接頭辞	2	ezok
engrau^l	PEJVO	鱼ᴱᴺ	en	106	1	接頭辞	3	ezok
misgurn	PEJVO	鱼ᴹˢ	ms	106	1	先頭+子音	2	moru
pilc^ard	PEJVO	鱼ᴾᴿ	pr	106	1	綴り内の文字	7	perk
gurnard	PEJVO	鱼ᴳᴿ	gr	106	1	先頭+子音	1	gobi
koregon	PEJVO	鱼ᴷᴱ	ke	106	1	綴り内の文字	3	klupe
merlang	PEJVO	鱼ᴹᴿ	mr	106	1	先頭+子音	5	moru
sterled	PEJVO	鱼ˢᴱ	se	106	1	綴り内の文字	10	sole
umbr	PIV	鱼ᵁ	u	106	2	接頭辞	1	fiŝ
mola	PIV	鱼ᴹᴸ	ml	106	1	先頭+子音	5	moru
labr	PIV	鱼ᴸ	l	106	1	接頭辞	8	fiŝ
zeu^s	PIV	鱼ᶻ	z	106	1	接頭辞	2	fiŝ
bops	PIV	鱼ᴮᴾ	bp	106	1	先頭+子音	1	bram
idus	PIV	鱼ᴵ	i	106	1	接頭辞	3	fiŝ
lamn	PIV	鱼ᴸᴹ	lm	106	1	先頭+子音	3	labr
molv	PIV	鱼ᴹⱽ	mv	106	1	綴り内の文字	1	moru
iktio	PIV	鱼ᴵᴷ	ik	106	2	接頭辞	1	idus
trigl	PIV	鱼ᵀᴿ	tr	106	1	接頭辞	5	tinus
seran	PIV	鱼ˢᴿ	sr	106	1	先頭+子音	14	sole
barbi	PIV	鱼ᴮᴮ	bb	106	1	綴り内の文字	2	bram
bonit	PIV	鱼ᴮᴺ	bn	106	1	先頭+子音	1	bram
brosm	PIV	鱼ᴮᴹ	bm	106	1	綴り内の文字	2	bram
cepol	PIV	鱼ᶜ	c	106	1	接頭辞	1	fiŝ
kongr	PIV	鱼ᴷᴺ	kn	106	1	先頭+子音	4	klupe
osmer	PIV	鱼ᴼ	o	106	1	接頭辞	1	fiŝ
pagel	PIV	鱼ᴾᴳ	pg	106	1	先頭+子音	2	perk
prist	PIV	鱼ᴾˢ	ps	106	1	綴り内の文字	1	perk
remor	PIV	鱼ᴿᴹ	rm	106	1	先頭+子音	1	raj
rutel	PIV	鱼ᴿᵀ	rt	106	1	先頭+子音	1	raj
timal	PIV	鱼ᵀᴹ	tm	106	1	先頭+子音	1	tinus
zoarc	PIV	鱼ᶻᴿ	zr	106	1	先頭+子音	1	zeu^s
salmon	PIV	鱼ˢᴺ	sn	106	3	綴り内の文字	7	sole
kalmar	PIV	鱼ᴷᴹ	km	106	2	綴り内の文字	2	klupe
miksin	PIV	鱼ᴹᴷ	mk	106	2	先頭+子音	1	moru
anarik	PIV	鱼ᴬᴿ	ar	106	1	綴り内の文字	2	angil
foksen	PIV	鱼ᶠᴷ	fk	106	1	先頭+子音	1	fiŝ
merluc^	PIV	鱼ᴹᶜ̂	mĉ	106	1	綴り内の文字	1	moru
piranj	PIV	鱼ᴾᴺ	pn	106	1	綴り内の文字	1	perk
sebast	PIV	鱼ˢᴮ	sb	106	1	先頭+子音	3	sole
trakin	PIV	鱼ᵀᴷ	tk	106	1	綴り内の文字	2	tinus
turbot	PIV	鱼ᵀᴮ	tb	106	1	綴り内の文字	1	tinus
korifen	PIV	鱼ᴷᴿ	kr	106	2	先頭+子音	5	klupe
blakbas	PIV	鱼ᴮᴸ	bl	106	1	接頭辞	1	bram
diodont	PIV	鱼ᴰ	d	106	1	接頭辞	1	fiŝ
ekzocet	PIV	鱼ᴱᴷ	ek	106	1	接頭辞	3	ezok
eperlan	PIV	鱼ᴱᴾ	ep	106	1	接頭辞	1	ezok
lampetr	PIV	鱼ᴸᴾ	lp	106	1	綴り内の文字	2	labr
leu^cisk	PIV	鱼ᴸᵁ̆	lŭ	106	1	綴り内の文字	1	labr
nau^krat	PIV	鱼ᴺ	n	106	1	接頭辞	2	fiŝ
skvaten	PIV	鱼ˢⱽ	sv	106	1	綴り内の文字	3	sole
simbrank	PIV	鱼ˢᴬ	sa	106	2	綴り内の文字	11	sole
akantias	PIV	鱼ᴬᴷ	ak	106	1	接頭辞	2	angil
latimeri	PIV	鱼ᴸᵀ	lt	106	1	先頭+子音	4	labr
nemakejl	PIV	鱼ᴺᴹ	nm	106	1	先頭+子音	1	nau^krat
salvelen	PIV	鱼ˢᴸ	sl	106	1	先頭+子音	9	sole
serasalm	PIV	鱼ˢˢ	ss	106	1	綴り内の文字	2	sole
surmulet	PIV	鱼ˢᵀ	st	106	1	綴り内の文字	6	sole
acipenser	PIV	鱼ᴬᴾ	ap	106	2	綴り内の文字	1	angil
kondrostom	PIV	鱼ᴷᴰ	kd	106	1	綴り内の文字	2	klupe
leptocefal	PIV	鱼ᴸᶜ	lc	106	1	綴り内の文字	2	labr
trut	PIV	鱼ᵀᵀ	tt	106	1	綴り内の文字	2	tinus
pagr	PIV	鱼ᴾᴬ	pa	106	1	接頭辞	4	perk
ih^tio	PIV	鱼ᴵᴴ̂	iĥ	106	1	接頭辞	1	idus
aland	PIV	鱼ᴬᴰ	ad	106	1	綴り内の文字	1	angil
muren	PIV	鱼ᴹᴺ	mn	106	1	綴り内の文字	4	moru
sturg	PIV	鱼ˢᵁ	su	106	1	綴り内の文字	4	sole
trah^in	PIV	鱼ᵀᴴ̂	tĥ	106	1	綴り内の文字	1	tinus
seriol	PIV	鱼ˢᴱᴿ	ser	106	1	接頭辞	5	sole
labrak	PIV	鱼ᴸᴷ	lk	106	1	綴り内の文字	2	labr
h^ondrostom	PIV	鱼ᴴ̂	ĥ	106	1	接頭辞	1	haring
iktiolog	PIV	鱼学家ᴵᴷ	ik	2	1	接頭辞	1	ih^tiolog
ih^tiosau^r	PEJVO	鱼龙ᴵᴴ̂	iĥ	2	1	接頭辞	1	iktiosau^r
ciprin	PEJVO	鲤ᶜ	c	3	2	接頭辞	1	karp
karas	PIV	鲤ᴷˢ	ks	3	1	綴り内の文字	1	karp
skval	PEJVO	鲨ˢ	s	2	1	接頭辞	1	ŝark
cetac	PEJVO	鲸ᶜ	c	4	3	接頭辞	1	balen
narval	PEJVO	鲸ᴺ	n	4	1	接頭辞	1	balen
kac^alot	PEJVO	鲸ᴷ	k	4	1	接頭辞	1	balen
kajman	PEJVO	鳄ᴷᴶ	kj	4	1	先頭+子音	1	krokodil
gavial	PEJVO	鳄ᴳ	g	4	1	接頭辞	1	krokodil
aligator	PEJVO	鳄ᴬ	a	4	1	接頭辞	1	krokodil
lodikl	PEJVO	鳞ᴸ	l	2	1	接頭辞	1	skvam
cikoni	CSV2890	鸟ᶜ	c	143	3	接頭辞	5	bird
arde	PEJVO	鸟ᴬ	a	143	4	接頭辞	10	bird
majn	PEJVO	鸟ᴹ	m	143	3	接頭辞	9	bird
kivi	PEJVO	鸟ᴷ	k	143	2	接頭辞	19	bird
ornit	PEJVO	鸟ᴼ	o	143	3	接頭辞	3	bird
skolop	PEJVO	鸟ˢ	s	143	4	接頭辞	11	bird
turd	PEJVO	鸟ᵀ	t	143	1	接頭辞	8	bird
upup	PEJVO	鸟ᵁ	u	143	1	接頭辞	2	bird
paru	PEJVO	鸟ᴾ	p	143	1	接頭辞	19	bird
oriol	PEJVO	鸟ᴼᴸ	ol	143	1	綴り内の文字	1	ornit
sturn	PEJVO	鸟ˢᵀ	st	143	1	接頭辞	7	skolop
galbul	PEJVO	鸟ᴳ	g	143	1	接頭辞	6	bird
pelikan	PEJVO	鸟ᴾᴸ	pl	143	3	先頭+子音	12	paru
perdrik	PEJVO	鸟ᴾᴰ	pd	143	2	綴り内の文字	2	paru
tetraon	PEJVO	鸟ᵀᵀ	tt	143	1	先頭+子音	1	turd
motacil	PEJVO	鸟ᴹᵀ	mt	143	4	先頭+子音	2	majn
merl	PEJVO	鸟ᴹᴱ	me	143	1	接頭辞	6	majn
otid	PEJVO	鸟ᴼᵀ	ot	143	1	接頭辞	2	ornit
menur	PEJVO	鸟ᴹᴺ	mn	143	1	先頭+子音	2	majn
merop	PEJVO	鸟ᴹᴾ	mp	143	1	綴り内の文字	2	majn
vanel	PEJVO	鸟ⱽ	v	143	1	接頭辞	1	bird
kolibr	PEJVO	鸟ᴷᴮ	kb	143	1	綴り内の文字	1	kivi
botau^r	PEJVO	鸟ᴮᵀ	bt	143	1	先頭+子音	2	bird
marabu	PEJVO	鸟ᴹᴮ	mb	143	1	綴り内の文字	1	majn
falarop	PEJVO	鸟ᶠᴬ	fa	143	1	接頭辞	5	fitis
glareol	PEJVO	鸟ᴳᴿ	gr	143	1	綴り内の文字	2	galbul
palmiped	PEJVO	鸟ᴾᴹ	pm	143	1	綴り内の文字	1	paru
frankolin	PEJVO	鸟ᶠᴷ	fk	143	1	綴り内の文字	4	fitis
fraterkul	PEJVO	鸟ᶠᵀ	ft	143	1	綴り内の文字	3	fitis
gastornit	PEJVO	鸟ᴳˢ	gs	143	1	先頭+子音	1	galbul
sit	PIV	鸟ˢᴵ	si	143	2	接頭辞	8	skolop
au^k	PIV	鸟ᴬᵁ̆	aŭ	143	1	接頭辞	1	arde
did	PIV	鸟ᴰ	d	143	1	接頭辞	4	bird
gip	PIV	鸟ᴳᴾ	gp	143	1	先頭+子音	1	galbul
sul	PIV	鸟ˢᴸ	sl	143	1	先頭+子音	4	skolop
uri	PIV	鸟ᵁᴿ	ur	143	1	接頭辞	1	upup
c^eti	PIV	鸟ᶜ̂	ĉ	143	1	接頭辞	2	cikoni
jing	PIV	鸟ᴶ	j	143	1	接頭辞	2	bird
kiti	PIV	鸟ᴷᵀ	kt	143	1	先頭+子音	5	kivi
krek	PIV	鸟ᴷᴿ	kr	143	1	接頭辞	16	kivi
lani	PIV	鸟ᴸ	l	143	1	接頭辞	7	bird
lori	PIV	鸟ᴸᴿ	lr	143	1	先頭+子音	2	lani
merg^	PIV	鸟ᴹᴿ	mr	143	1	先頭+子音	6	majn
pipi	PIV	鸟ᴾᴾ	pp	143	1	先頭+子音	3	paru
pluvi	PIV	鸟ᴾⱽ	pv	143	2	綴り内の文字	1	paru
tinam	PIV	鸟ᵀᴺ	tn	143	1	先頭+子音	7	turd
cinkl	PIV	鸟ᶜᴺ	cn	143	1	先頭+子音	2	cikoni
alced	PIV	鸟ᴬᴸ	al	143	1	接頭辞	4	arde
ploce	PIV	鸟ᴾᶜ	pc	143	1	綴り内の文字	1	paru
bufag	PIV	鸟ᴮᶠ	bf	143	1	先頭+子音	1	bird
agami	PIV	鸟ᴬᴳ	ag	143	1	接頭辞	2	arde
bucer	PIV	鸟ᴮᶜ	bc	143	1	先頭+子音	2	bird
certi	PIV	鸟ᶜᴿ	cr	143	1	先頭+子音	3	cikoni
cirku	PIV	鸟ᶜᵁ	cu	143	1	綴り内の文字	1	cikoni
elani	PIV	鸟ᴱ	e	143	1	接頭辞	2	bird
fitis	PIV	鸟ᶠ	f	143	1	接頭辞	8	bird
kreks	PIV	鸟ᴷˢ	ks	143	1	綴り内の文字	2	kivi
kuruk	PIV	鸟ᴷᵁ	ku	143	1	接頭辞	4	kivi
lagop	PIV	鸟ᴸᴳ	lg	143	1	先頭+子音	2	lani
limoz	PIV	鸟ᴸᴹ	lm	143	1	先頭+子音	1	lani
nandu	PIV	鸟ᴺ	n	143	1	接頭辞	5	bird
nikte	PIV	鸟ᴺᴷ	nk	143	1	先頭+子音	1	nandu
pirul	PIV	鸟ᴾᴿ	pr	143	1	先頭+子音	11	paru
pufin	PIV	鸟ᴾᶠ	pf	143	1	先頭+子音	2	paru
serin	PIV	鸟ˢᴿ	sr	143	1	先頭+子音	7	skolop
s^tern	PIV	鸟ˢ̂	ŝ	143	1	接頭辞	1	skolop
tring	PIV	鸟ᵀᴿ	tr	143	1	接頭辞	6	turd
katart	PIV	鸟ᴷᴬ	ka	143	1	接頭辞	10	kivi
koraci	PIV	鸟ᴷᶜ	kc	143	1	綴り内の文字	2	kivi
avocet	PIV	鸟ᴬⱽ	av	143	1	接頭辞	1	arde
bantam	PIV	鸟ᴮᴺ	bn	143	1	先頭+子音	4	bird
bonazi	PIV	鸟ᴮᶻ	bz	143	1	綴り内の文字	1	bird
c^ifc^af	PIV	鸟ᶜ̂ᶠ	ĉf	143	1	先頭+子音	1	cikoni
fulmar	PIV	鸟ᶠᴸ	fl	143	1	先頭+子音	5	fitis
hipola	PIV	鸟ᴴ	h	143	1	接頭辞	6	bird
jabiru	PIV	鸟ᴶᴮ	jb	143	1	先頭+子音	1	jing
kairin	PIV	鸟ᴷᴺ	kn	143	1	綴り内の文字	4	kivi
kalidr	PIV	鸟ᴷᴸ	kl	143	1	先頭+子音	5	kivi
kvecal	PIV	鸟ᴷⱽ	kv	143	1	接頭辞	2	kivi
litorn	PIV	鸟ᴸᵀ	lt	143	1	先頭+子音	2	lani
numeni	PIV	鸟ᴺᴹ	nm	143	1	先頭+子音	1	nandu
petrel	PIV	鸟ᴾᵀ	pt	143	1	先頭+子音	5	paru
pronel	PIV	鸟ᴾᴺ	pn	143	1	綴り内の文字	5	paru
rubetr	PIV	鸟ᴿ	r	143	1	接頭辞	1	bird
sirapt	PIV	鸟ˢᴾ	sp	143	1	綴り内の文字	4	skolop
tadorn	PIV	鸟ᵀᴰ	td	143	1	先頭+子音	2	turd
tangar	PIV	鸟ᵀᴳ	tg	143	1	綴り内の文字	3	turd
karadri	PIV	鸟ᴷᴵ	ki	143	3	綴り内の文字	7	kivi
apterig	PIV	鸟ᴬᴾ	ap	143	2	接頭辞	1	arde
alektor	PIV	鸟ᴬᴿ	ar	143	1	綴り内の文字	4	arde
bernikl	PIV	鸟ᴮᴿ	br	143	1	先頭+子音	5	bird
cirkaet	PIV	鸟ᶜᵀ	ct	143	1	綴り内の文字	2	cikoni
diomede	PIV	鸟ᴰᴹ	dm	143	1	先頭+子音	3	did
dromice	PIV	鸟ᴰᴿ	dr	143	1	接頭辞	2	did
fenikur	PIV	鸟ᶠᴺ	fn	143	1	先頭+子音	3	fitis
galinag	PIV	鸟ᴳᴺ	gn	143	1	綴り内の文字	2	galbul
haliaet	PIV	鸟ᴴᴸ	hl	143	1	先頭+子音	2	hipola
hematop	PIV	鸟ᴴᴹ	hm	143	1	先頭+子音	3	hipola
karduel	PIV	鸟ᴷᴰ	kd	143	1	綴り内の文字	4	kivi
neofron	PIV	鸟ᴺᶠ	nf	143	1	先頭+子音	2	nandu
pinikol	PIV	鸟ᴾᴷ	pk	143	1	綴り内の文字	7	paru
platale	PIV	鸟ᴾᴬ	pa	143	1	綴り内の文字	5	paru
porfiri	PIV	鸟ᴾᴼ	po	143	1	接頭辞	9	paru
pterokl	PIV	鸟ᴾᴱ	pe	143	1	綴り内の文字	10	paru
lagopod	PIV	鸟ᴸᴰ	ld	143	1	綴り内の文字	1	lani
bobolink	PIV	鸟ᴮᴮ	bb	143	1	先頭+子音	2	bird
bombicil	PIV	鸟ᴮᴹ	bm	143	1	先頭+子音	2	bird
himantop	PIV	鸟ᴴᴺ	hn	143	1	綴り内の文字	2	hipola
lokustel	PIV	鸟ᴸᴷ	lk	143	1	先頭+子音	1	lani
nucifrag	PIV	鸟ᴺᶜ	nc	143	1	先頭+子音	1	nandu
perisore	PIV	鸟ᴾˢ	ps	143	1	綴り内の文字	1	paru
saksikol	PIV	鸟ˢˢ	ss	143	1	綴り内の文字	1	skolop
somateri	PIV	鸟ˢᴹ	sm	143	1	先頭+子音	1	skolop
tinunkol	PIV	鸟ᵀᴷ	tk	143	1	綴り内の文字	1	turd
pirokorak	PIV	鸟ᴾᴵ	pi	143	1	接頭辞	13	paru
falaropod	PIV	鸟ᶠᴿ	fr	143	1	綴り内の文字	7	fitis
kokotrau^st	PIV	鸟ᴷᴷ	kk	143	1	先頭+子音	5	kivi
melopsitak	PIV	鸟ᴹᴸ	ml	143	1	先頭+子音	4	majn
poliplektr	PIV	鸟ᴾᴼᴸ	pol	143	1	接頭辞	4	paru
serpentari	PIV	鸟ˢᴺ	sn	143	1	綴り内の文字	3	skolop
sterkorari	PIV	鸟ˢᴷ	sk	143	1	綴り内の文字	3	skolop
himantopod	PIV	鸟ᴴᴰ	hd	143	1	綴り内の文字	1	hipola
ptilonorink	PIV	鸟ᴾᵀᴵ	pti	143	1	接頭辞	1	paru
streptopeli	PIV	鸟ˢᴱ	se	143	1	綴り内の文字	5	skolop
emu	PIV	鸟ᴱᴹ	em	143	1	接頭辞	1	elani
guf	PIV	鸟ᴳᶠ	gf	143	1	先頭+子音	1	galbul
alka	PIV	鸟ᴬᴬ	aa	143	1	綴り内の文字	3	arde
kurl	PIV	鸟ᴷᵁᴿ	kur	143	1	接頭辞	3	kivi
ibis	PIV	鸟ᴵ	i	143	1	接頭辞	1	bird
antus	PIV	鸟ᴬᴺ	an	143	1	接頭辞	1	arde
krakt	PIV	鸟ᴷᴿᴬ	kra	143	1	接頭辞	5	kivi
dromaj	PIV	鸟ᴰᴶ	dj	143	1	綴り内の文字	1	did
mergul	PIV	鸟ᴹᴳ	mg	143	1	綴り内の文字	1	majn
tanagr	PIV	鸟ᵀᴬ	ta	143	1	接頭辞	5	turd
kondor	PIV	鸟ᴷᴼ	ko	143	1	接頭辞	6	kivi
koturn	PIV	鸟ᴷᴼᵀ	kot	143	1	接頭辞	2	kivi
h^aradri	PIV	鸟ᴴ̂	ĥ	143	1	接頭辞	1	hipola
bukorak	PIV	鸟ᴮᴷ	bk	143	1	先頭+子音	3	bird
kormoran	PIV	鸟ᴷᴹ	km	143	1	綴り内の文字	1	kivi
albatros	PIV	鸟ᴬᴮ	ab	143	1	綴り内の文字	1	arde
hipsipet	PIV	鸟ᴴˢ	hs	143	1	綴り内の文字	1	hipola
fenikopter	PIV	鸟ᶠᴾ	fp	143	1	綴り内の文字	3	fitis
galin	PIV	鸡ᴳ	g	2	2	接頭辞	1	kok
blek	CSV2890	鸣ᴮ	b	11	8	接頭辞	1	tint
pep	PEJVO	鸣ᴾ	p	11	4	接頭辞	1	tint
hup	PEJVO	鸣ᴴ	h	11	3	接頭辞	1	tint
c^irp	PEJVO	鸣ᶜ̂	ĉ	11	2	接頭辞	1	tint
mek	PEJVO	鸣ᴹ	m	11	1	接頭辞	1	tint
kvak	PEJVO	鸣ᴷᴷ	kk	11	1	綴り内の文字	2	kvivit
rukul	PEJVO	鸣ᴿ	r	11	1	接頭辞	1	tint
kvivit	PIV	鸣ᴷ	k	11	2	接頭辞	3	tint
gak	PIV	鸣ᴳ	g	11	1	接頭辞	1	tint
kuku	PIV	鸣ᴷᵁ	ku	11	1	接頭辞	1	kvivit
lar	PEJVO	鸥ᴸ	l	2	3	接頭辞	1	mev
kornik	CSV2890	鸦ᴷᴺ	kn	4	3	綴り内の文字	1	korv
moned	PEJVO	鸦ᴹ	m	4	1	接頭辞	1	korv
frugileg	PEJVO	鸦ᶠ	f	4	1	接頭辞	1	korv
teba	PIV	鸦片ᵀ	t	2	2	接頭辞	1	opi
fuligul	PEJVO	鸭ᶠ	f	4	1	接頭辞	1	anas
klangul	PEJVO	鸭ᴷ	k	4	1	接頭辞	2	anas
kerkedul	PEJVO	鸭ᴷᴿ	kr	4	1	先頭+子音	1	klangul
turt	PEJVO	鸽ᵀ	t	5	3	接頭辞	1	kolomb
livi	PEJVO	鸽ᴸ	l	5	2	接頭辞	1	kolomb
enad	PEJVO	鸽ᴱ	e	5	1	接頭辞	1	kolomb
palumb	PEJVO	鸽ᴾ	p	5	1	接頭辞	1	kolomb
kasuar	PEJVO	鹤鸵ᴷˢ	ks	2	1	先頭+子音	1	kazuar
konur	PEJVO	鹦ᴷ	k	4	1	接頭辞	2	papag
kakatu	PEJVO	鹦ᴷᴷ	kk	4	1	先頭+子音	1	konur
ara	PIV	鹦ᴬ	a	4	1	接頭辞	1	papag
niz	PEJVO	鹰ᴺ	n	7	2	接頭辞	1	falk
bute	PEJVO	鹰ᴮ	b	7	4	接頭辞	1	falk
akcipitr	PEJVO	鹰ᴬ	a	7	4	接頭辞	1	falk
gipaet	PEJVO	鹰ᴳ	g	7	1	接頭辞	1	falk
pandion	PEJVO	鹰ᴾ	p	7	1	接頭辞	1	falk
milv	PIV	鹰ᴹ	m	7	1	接頭辞	1	falk
dama	PEJVO	鹿ᴰ	d	5	3	接頭辞	1	cerv
kapreol	PEJVO	鹿ᴷ	k	5	3	接頭辞	1	cerv
boac	PEJVO	鹿ᴮ	b	5	1	接頭辞	1	cerv
tragol	PIV	鹿ᵀ	t	5	1	接頭辞	1	cerv
horde	CSV2890	麦ᴴ	h	7	5	接頭辞	1	tritik
elim	PEJVO	麦ᴱ	e	7	2	接頭辞	1	tritik
fagopir	PEJVO	麦ᶠ	f	7	6	接頭辞	1	tritik
kinu	PEJVO	麦ᴷ	k	7	1	接頭辞	1	tritik
spelt	PEJVO	麦ˢ	s	7	1	接頭辞	1	tritik
agropir	PEJVO	麦ᴬ	a	7	1	接頭辞	1	tritik
narkot	PEJVO	麻ᴺ	n	5	7	接頭辞	3	kanab
ricin	PEJVO	麻ᴿ	r	5	2	接頭辞	1	kanab
narkotik	PEJVO	麻ᴺᴷ	nk	5	2	綴り内の文字	3	narkot
narkoz	PEJVO	麻ᴺᶻ	nz	5	1	綴り内の文字	1	narkot
flavin	PIV	黄ᶠᴺ	fn	2	3	綴り内の文字	1	flav
tombak	PEJVO	黄铜ᵀ	t	2	2	接頭辞	1	latun
negr	PEJVO	黑ᴺᴱ	ne	3	7	接頭辞	1	nigr
melan	PIV	黑ᴹ	m	3	4	接頭辞	1	nigr
aplaŭd	CSV2890	鼓ᴬ	a	3	5	接頭辞	1	tambur
timbal	PEJVO	鼓ᵀᴸ	tl	3	2	綴り内の文字	1	tambur
rat	CSV2890	鼠ᴿ	r	38	6	接頭辞	1	mus
mel	PEJVO	鼠ᴹᴸ	ml	38	2	先頭+子音	2	mus
ermen	PEJVO	鼠ᴱ	e	38	3	接頭辞	1	mus
vizon	PEJVO	鼠ⱽ	v	38	2	接頭辞	1	mus
mefit	PEJVO	鼠ᴹᶠ	mf	38	2	先頭+子音	1	mus
zibel	PEJVO	鼠ᶻ	z	38	2	接頭辞	1	mus
putor	PEJVO	鼠ᴾ	p	38	2	接頭辞	1	mus
mustel	PEJVO	鼠ᴹˢ	ms	38	6	先頭+子音	4	mus
sorik	PEJVO	鼠ˢ	s	38	1	接頭辞	2	mus
didelf	PEJVO	鼠ᴰ	d	38	1	接頭辞	3	mus
fur	PEJVO	鼠ᶠ	f	38	1	接頭辞	3	mus
gul	PEJVO	鼠ᴳ	g	38	1	接頭辞	2	mus
foin	PEJVO	鼠ᶠᴺ	fn	38	1	先頭+子音	1	fur
kojp	PEJVO	鼠ᴷᴶ	kj	38	1	先頭+子音	2	kavi
kobaj	PEJVO	鼠ᴷᴮ	kb	38	1	先頭+子音	2	kavi
oposum	PEJVO	鼠ᴼᴾ	op	38	1	接頭辞	1	ondatr
gerbil	PEJVO	鼠ᴳᴿ	gr	38	1	先頭+子音	1	gul
marmot	PEJVO	鼠ᴹᴹ	mm	38	1	綴り内の文字	1	mus
histrik	PEJVO	鼠ᴴˢ	hs	38	1	先頭+子音	1	hidroker
kapibar	PEJVO	鼠ᴷᴾ	kp	38	1	先頭+子音	2	kavi
kavi	PIV	鼠ᴷ	k	38	1	接頭辞	4	mus
tuku	PIV	鼠ᵀ	t	38	1	接頭辞	1	mus
aguti	PIV	鼠ᴬ	a	38	1	接頭辞	2	mus
c^inc^il	PIV	鼠ᶜ̂	ĉ	38	1	接頭辞	1	mus
mikrot	PIV	鼠ᴹᴷ	mk	38	1	先頭+子音	3	mus
ondatr	PIV	鼠ᴼ	o	38	1	接頭辞	2	mus
arvikol	PIV	鼠ᴬᴿ	ar	38	1	接頭辞	1	aguti
dolikot	PIV	鼠ᴰᴸ	dl	38	1	先頭+子音	3	didelf
hidroker	PIV	鼠ᴴ	h	38	1	接頭辞	3	mus
lagostom	PIV	鼠ᴸ	l	38	1	接頭辞	2	mus
miokastor	PIV	鼠ᴹᵀ	mt	38	1	綴り内の文字	5	mus
muskarden	PIV	鼠ᴹᴿ	mr	38	1	綴り内の文字	4	mus
skunk	PIV	鼠ˢᴷ	sk	38	1	接頭辞	2	sorik
fiber	PIV	鼠ᶠᴮ	fb	38	1	先頭+子音	1	fur
leming	PIV	鼠ᴸᴹ	lm	38	1	先頭+子音	2	lagostom
dolih^ot	PIV	鼠ᴰᴴ̂	dĥ	38	1	綴り内の文字	1	didelf
hidroh^er	PIV	鼠ᴴᴴ̂	hĥ	38	1	綴り内の文字	1	hidroker
rin	PEJVO	鼻ᴿ	r	4	6	接頭辞	2	naz
rostr	PEJVO	鼻ᴿˢ	rs	4	3	先頭+子音	1	rin
nazal	PEJVO	鼻ᴺᴸ	nl	4	2	綴り内の文字	1	naz
dental	PEJVO	齿ᴰᴸ	dl	3	3	綴り内の文字	1	dent
kanin	PEJVO	齿ᴷ	k	3	1	接頭辞	1	dent
varan	PEJVO	龙ⱽ	v	23	1	接頭辞	1	drak
igvan	PEJVO	龙ᴵ	i	23	1	接頭辞	1	drak
gek	PEJVO	龙ᴳ	g	23	1	接頭辞	1	drak
skink	PEJVO	龙ˢᴷ	sk	23	1	接頭辞	2	scink
angvis	PEJVO	龙ᴬᴺ	an	23	1	接頭辞	2	agam
bazilisk	PEJVO	龙ᴮ	b	23	1	接頭辞	1	drak
agam	PIV	龙ᴬ	a	23	2	接頭辞	4	drak
scink	PIV	龙ˢ	s	23	1	接頭辞	5	drak
molok	PIV	龙ᴹ	m	23	1	接頭辞	3	drak
akonti	PIV	龙ᴬᴷ	ak	23	1	接頭辞	1	agam
stelion	PIV	龙ˢᵀ	st	23	1	接頭辞	3	scink
mozasau^r	PIV	龙ᴹᶻ	mz	23	1	先頭+子音	1	molok
apatosau^r	PIV	龙ᴬᴾ	ap	23	1	接頭辞	1	agam
ramforink	PIV	龙ᴿ	r	23	1	接頭辞	1	drak
sfenodont	PIV	龙ˢᶠ	sf	23	1	接頭辞	1	scink
stegosau^r	PIV	龙ˢᴳ	sg	23	1	綴り内の文字	1	scink
pleziosau^r	PIV	龙ᴾ	p	23	1	接頭辞	3	drak
triceratop	PIV	龙ᵀ	t	23	1	接頭辞	1	drak
eu^ripterigi	PIV	龙ᴱ	e	23	1	接頭辞	1	drak
pteranodont	PIV	龙ᴾᵀ	pt	23	1	接頭辞	2	pleziosau^r
pterodaktil	PIV	龙ᴾᴰ	pd	23	1	綴り内の文字	2	pleziosau^r
moloh^	PIV	龙ᴹᴴ̂	mĥ	23	1	綴り内の文字	1	molok
juka	PEJVO	龙舌兰ᴶ	j	3	1	接頭辞	1	agav
tuberos	PEJVO	龙舌兰ᵀ	t	3	1	接頭辞	1	agav
langust	PEJVO	龙虾ᴸ	l	3	1	接頭辞	1	omar
palinur	PEJVO	龙虾ᴾ	p	3	1	接頭辞	1	omar
karen	PEJVO	龙骨ᴷᴿ	kr	2	5	先頭+子音	1	kil
keloni	PEJVO	龟ᴷ	k	5	1	接頭辞	2	testud
h^eloni	PEJVO	龟ᴴ̂	ĥ	5	1	接頭辞	1	testud
emid	PIV	龟ᴱ	e	5	1	接頭辞	1	testud
karet	PIV	龟ᴷᴿ	kr	5	1	先頭+子音	1	keloni
