172	acet/at/a acid/o⟦醋/盐ᴬ/a 酸/o⟧:【化】酢酸##偽分解(PIV正式分解)
173	acet/at/o⟦醋/盐ᴬ/o⟧:【化】酢酸塩##偽分解(PIV正式分解)
246	adenozin-tri/fosf/at/a⟦adenozin-三/磷/盐ᴬ/a⟧:【化】アデノシン三リン酸塩の（ＡＴＰ）##偽分解(PIV正式分解)
282	administr/ator/o⟦管ᴬ/员ᴬᵀ/o⟧:=administranto（管理者）##偽分解(PIV正式分解)
414	aer/o/bi/a⟦气/o/生ᴮᴵ/a⟧:【生】好気性の,=aerbezona##偽分解##過細分解 aer/o/b/i/a
416	aer/o/drom/o⟦气/o/道ᴰ/o⟧:【空】飛行場,=flugkampo##偽分解(PIV正式分解)
420	aer/o/lit/o⟦气/o/石ᴸ/o⟧:{Ｏ}【鉱】【天】隕石（いんせき）,=meteors^tono##偽分解##過細分解 aer/o/l/i/t/o
421	aer/o/metr/o⟦气/o/计ᴹ/o⟧:【理】気量計,空気計##偽分解
422	aer/o/nau^t/ik/o⟦气/o/航/学ᴵ/o⟧:【空】航空学,航空術,>>aerveturado##偽分解
423	aer/o/nau^t/o⟦气/o/航/o⟧:【空】軽気球操縦士,飛行船操縦士,=flugbalonisto##偽分解
424	aer/o/plan/o⟦气/o/划/o⟧:{Ｏ}【空】飛行機,=aviadilo##偽分解##過細分解 aer/o/p/l/a/n/o
429	aer/o/stat/o⟦气/o/态/o⟧:【空】軽航空機（気球・飛行船など）,=flugbalono,>>aers^ipo,>>balono##偽分解
506	a/fon/i/o⟦无ᴬ/声ᶠᴼ/i/o⟧:【病】失声症##偽分解
507	afor/ism/o⟦afor/主义/o⟧:{Ｏ}【文】アフォリズム,警句,金言,>>maksimo,>>proverbo,>>sentenco##偽分解##強語根分解
508	afor/ism/ul/o⟦afor/主义/者/o⟧:警句家##偽分解##強語根分解
552	ag/end/o⟦办/须/o⟧:スケジュール帳,日程表;議事日程,=tagordo##偽分解
587	agnostik/ism/o⟦不可知/主义/o⟧:【哲】不可知論##偽分解(PIV正式分解)
594	agor/a/fobi/o⟦场ᴬ/a/症/o⟧:【病】広場恐怖症##偽分解(PIV正式分解)
642	agr/o/nomi/a fakultat/o⟦农/o/学ᴺ/a 系ᶠ/o⟧:農学部##偽分解
643	agr/o/nomi/ist/o⟦农/o/学ᴺ/家/o⟧:農学者##偽分解
644	agr/o/nomi/o⟦农/o/学ᴺ/o⟧:{Ｏ}農学##偽分解
645	agr/o/nomi/o⟦农/o/学ᴺ/o⟧:{Ｏ}農学,=kultivoscienco【私家版】##偽分解
646	agr/o/nom/o⟦农/o/学ᴺᴼ/o⟧:{Ｏ}農学者,=agronomiisto##偽分解##過細分解 agr/o/n/o/m/o
647	agr/o/nom/o⟦农/o/学ᴺᴼ/o⟧:{Ｏ}農学者,=kultivosciencisto【私家版】##偽分解##過細分解 agr/o/n/o/m/o
815	a/kromat/a⟦无ᴬ/色ᴷᴿ/a⟧:【理】色消しの,色収差のない##偽分解
816	a/kromat/a lens/o⟦无ᴬ/色ᴷᴿ/a 镜ᴸᴺ/o⟧:【理】色消しレンズ##偽分解
817	a/kromat/a prism/o⟦无ᴬ/色ᴷᴿ/a 棱镜/o⟧:【理】色消しプリズム##偽分解
870	akumul/ator/o⟦累/具ᴬ/o⟧:【電】蓄電池,=akumulilo##偽分解(PIV正式分解)
891	akut/a apendic/it/o⟦锐ᴬᵀ/a 虫垂/炎ᵀ/o⟧:【病】急性盲腸炎,>>cekumo##偽分解
892	akut/a laring/it/o⟦锐ᴬᵀ/a 喉ᴸ/炎ᵀ/o⟧:【病】急性喉頭炎##偽分解
893	akut/a pneu^mon/i/o⟦锐ᴬᵀ/a 肺ᴾᴺ/i/o⟧:【病】急性肺炎##偽分解(PIV正式分解)
945	akv/o/gener/ator/o⟦水/o/生ᴳᴿ/具ᴬ/o⟧:【機】水力発電機##偽分解(PIV正式分解)
1035	albumin/uri/o⟦白蛋白/尿/o⟧:【病】たん白尿症##偽分解(PIV正式分解)
1118	algebr/a geo/metri/o⟦代数/a 地ᴳ/测ᴹᵀ/o⟧:代数幾何学##偽分解
1129	alg^er/i/an/o⟦alg^er/i/员ᴬ/o⟧:アルジェリア人##偽分解
1130	Alg^er/i/o:{Ｏ}【国名】アルジェリア（アフリカ）##偽分解
1217	alkal/oid/o⟦碱ᴬ/似ᴼ/o⟧:【化】アルカロイド##偽分解
1279	alo/pati/o⟦异ᴬᴸ/病ᴾ/o⟧:【医】逆症療法##偽分解
1354	altern/at/iv/a⟦替/被/能ᴵ/a⟧:二者択一の;もう一つの;【環】代替の##偽分解
1355	altern/at/iv/a energi/font/o⟦替/被/能ᴵ/a 能ᴱ/泉/o⟧:【環】代替エネルギー源##偽分解
1356	altern/at/iv/a energi/o⟦替/被/能ᴵ/a 能ᴱ/o⟧:【環】代替エネルギー##偽分解
1357	altern/at/iv/a medicin/o⟦替/被/能ᴵ/a 医ᴹ/o⟧:代替医療##偽分解
1358	altern/at/iv/o⟦替/被/能ᴵ/o⟧:{Ｏ}二者択一;（従来のものに代わる）もう一つのもの,代案##偽分解
1359	altern/ator/o⟦替/具ᴬ/o⟧:【電】交流発電機##偽分解(PIV正式分解)
1362	altern/kurent/a gener/ator/o⟦替/电流/a 生ᴳᴿ/具ᴬ/o⟧:【電】交流発電機##偽分解(PIV正式分解)
1383	alt/o/metr/o⟦高/o/计ᴹ/o⟧:【理】高度計##偽分解
1394	altru/ism/a⟦他ᴬ/主义/a⟧:利他的な,=malegoisma##偽分解##強語根分解
1395	altru/ism/o⟦他ᴬ/主义/o⟧:【哲】利他主義,=malegoismo##偽分解##強語根分解
1396	altru/ist/o⟦他ᴬ/家/o⟧:利他主義者,=malegoisto##偽分解##強語根分解
1475	amas/psik/o/logi/o⟦堆/心ᴾˢ/o/学ᴸᴳ/o⟧:群集心理学##偽分解
1522	ameb/oid/a⟦变形虫/似ᴼ/a⟧:アメーバ状の##偽分解
1525	amel/az/o⟦糊ᴬ/az/o⟧:【化】アミラーゼ##偽分解(PIV正式分解)
1587	a/morf/a⟦无ᴬ/形ᴹ/a⟧:【化】無定形の;【鉱】非結晶の##偽分解
1588	a/morf/a karbon/o⟦无ᴬ/形ᴹ/a 碳/o⟧:【化】無定形炭素##偽分解
1589	a/morf/a substanc/o⟦无ᴬ/形ᴹ/a 质ˢ/o⟧:【化】非晶質##偽分解
1590	a/morf/ec/o⟦无ᴬ/形ᴹ/性/o⟧:無定形,アモルファス##偽分解
1607	amper/metr/o⟦amper/计ᴹ/o⟧:【理】電流計##偽分解
1616	amplifik/ator/o⟦扩ᴬᴷ/具ᴬ/o⟧:【電】増幅器,=amplifikilo##偽分解(PIV正式分解)
1649	anakron/ism/o⟦anakron/主义/o⟧:{Ｏ}時代錯誤;時代遅れ##偽分解##強語根分解
1651	an/alfabet/ec/o⟦无ᴬ/字ᴬ/性/o⟧:読み書きのできないこと,非識字##偽分解##過細分解 a/n/alfabet/ec/o
1652	an/alfabet/o⟦无ᴬ/字ᴬ/o⟧:読み書きのできない人,非識字者##偽分解##過細分解 a/n/alfabet/o
1654	analitik/a geo/metri/o⟦析ᴬᵀ/a 地ᴳ/测ᴹᵀ/o⟧:解析幾何学##偽分解
1680	anark/ism/o⟦无政/主义/o⟧:=>anarkiismo##偽分解##強語根分解
1681	anark/ist/o⟦无政/家/o⟧:=>anarkiisto##偽分解##強語根分解
1717	an/emi/a⟦无ᴬ/血ᴱ/a⟧:貧血の,貧血症の,=sangomanka##偽分解##過細分解 a/n/emi/a
1718	an/emi/em/o⟦无ᴬ/血ᴱ/倾/o⟧:貧血性##偽分解##過細分解 a/n/emi/em/o
1719	an/emi/o⟦无ᴬ/血ᴱ/o⟧:【病】貧血,貧血症,=sangomanko##偽分解##過細分解 a/n/emi/o
1720	anem/o/metr/o⟦风ᴬ/o/计ᴹ/o⟧:【気】風速計##偽分解##強語根分解
1722	aneroid/a bar/o/metr/o⟦无液/a 压ᴮ/o/计ᴹ/o⟧:【気】アネロイド気圧計##偽分解
1723	an/estez/aj^/o⟦无ᴬ/感ᴱ/物/o⟧:麻酔薬##偽分解##過細分解 a/n/estez/aj^/o
1724	an/estez/i⟦无ᴬ/感ᴱ/i⟧:［他］【医】麻酔をかける,麻痺（まひ）させる,>>narkoti##偽分解##過細分解 a/n/estez/i
1725	an/estez/il/o⟦无ᴬ/感ᴱ/具/o⟧:麻酔器具##偽分解##過細分解 a/n/estez/il/o
1726	an/estez/ist/o⟦无ᴬ/感ᴱ/家/o⟧:麻酔医##偽分解##過細分解 a/n/estez/ist/o
1727	an/estez/o⟦无ᴬ/感ᴱ/o⟧:無感覚状態,知覚麻痺;【医】麻酔;【病】無感覚症##偽分解##過細分解 a/n/estez/o
1778	an/hidr/a⟦无ᴬ/水ᴴ/a⟧:【化】無水の##偽分解##過細分解 a/n/h/i/d/r/a
1779	an/hidr/a alkohol/o⟦无ᴬ/水ᴴ/a 醇/o⟧:【化】無水アルコール##偽分解##過細分解 a/n/h/i/d/r/a alkohol/o
1782	anil/in/o⟦草ᴬᴵ/in/o⟧:{Ｏ}【化】アニリン##偽分解(PIV正式分解)
1833	an/onim/a⟦无ᴬ/名ᴼ/a⟧:{Ｏ}匿名の##偽分解##過細分解 a/n/onim/a
1834	an/onim/o⟦无ᴬ/名ᴼ/o⟧:匿名##偽分解##過細分解 a/n/onim/o
1835	an/onim/ul/o⟦无ᴬ/名ᴼ/者/o⟧:匿名氏##偽分解##過細分解 a/n/onim/ul/o
1856	antagon/ism/o⟦敌ᴬᴺ/主义/o⟧:敵対（関係）,対立,反目##偽分解##強語根分解
1857	antagon/ism/o de klas/oj⟦敌ᴬᴺ/主义/o 从 级/oj⟧:階級対立##偽分解##強語根分解
1858	antagon/ist/o⟦敌ᴬᴺ/家/o⟧:敵対者,対立者##偽分解##強語根分解
1998	anti/bio/tik/o⟦抗ᴬ/生ᴮᴼ/布ᵀᴷ/o⟧:{Ｏ}【医】抗生物質##偽分解
1999	anti/ciklon/o⟦抗ᴬ/旋ᶜ/o⟧:【気】高気圧,=kontrau^ciklono##偽分解
2003	anti/fon/o⟦抗ᴬ/声ᶠᴼ/o⟧:【楽】交唱（聖歌）##偽分解(PIV正式分解)
2004	anti/fraz/o⟦抗ᴬ/句/o⟧:【修】語意の反用,反語##偽分解
2005	anti/gen/o⟦抗ᴬ/生ᴳ/o⟧:【医】抗原##偽分解
2009	anti/korp/o⟦抗ᴬ/体/o⟧:【医】抗体##偽分解
2010	anti/korpuskl/o⟦抗ᴬ/粒ᴷ/o⟧:《古》【理】=kontrau^partiklo（反粒子）##偽分解
2011	anti/krist/o⟦抗ᴬ/krist/o⟧:【キ】キリストの敵,キリスト教反対者##偽分解
2012	Anti/krist/o:【キ】反キリスト##偽分解
2025	anti/neu^trin/o⟦抗ᴬ/中微子/o⟧:【理】反ニュートリノ##偽分解
2026	anti/nomi/o⟦抗ᴬ/学ᴺ/o⟧:【哲】二律背反##偽分解
2027	anti/partikl/o⟦抗ᴬ/粒ᴾ/o⟧:【理】=kontrau^partiklo（反粒子）##偽分解
2028	anti/pati/a⟦抗ᴬ/情/a⟧:反感を覚えさせる,虫の好かない##偽分解(PIV正式分解)
2029	anti/pati/i⟦抗ᴬ/情/i⟧:［他］反感をもつ,毛嫌いする##偽分解(PIV正式分解)
2030	anti/pati/o⟦抗ᴬ/情/o⟧:{Ｏ}反感,毛嫌い##偽分解(PIV正式分解)
2032	anti/pod/a⟦抗ᴬ/足ᴾᴼ/a⟧:【地理】対蹠的な;《転》正反対の##偽分解
2033	anti/pod/o⟦抗ᴬ/足ᴾᴼ/o⟧:{Ｏ}【地理】対蹠地（たいせきち）##偽分解
2034	anti/prot/on/o⟦抗ᴬ/质子/子ᴼ/o⟧:【理】反陽子##偽分解(PIV正式分解)
2039	anti/seps/a⟦抗ᴬ/腐ˢ/a⟧:=kontrau^sepsa（防腐性の）##偽分解
2040	anti/seps/aj^/o⟦抗ᴬ/腐ˢ/物/o⟧:=kontrau^sepsaj^o（防腐剤）##偽分解
2041	anti/seps/i⟦抗ᴬ/腐ˢ/i⟧:［他］=kontrau^sepsi（防腐処理する）##偽分解
2042	anti/seps/o⟦抗ᴬ/腐ˢ/o⟧:【医】=kontrau^sepso（防腐）##偽分解
2043	anti/tez/o⟦抗ᴬ/题ᵀᶻ/o⟧:{Ｏ}【哲】アンチテーゼ;【修】対照法##偽分解
2044	anti/toksin/o⟦抗ᴬ/毒ᵀᴺ/o⟧:【医】抗毒素##偽分解
2046	ant/onim/o⟦反ᴬ/名ᴼ/o⟧:【語】反意語##偽分解##過細分解 a/n/t/onim/o
2052	antrop/oid/a⟦人ᴬ/似ᴼ/a⟧:【動】類人猿の##偽分解(PIV正式分解)
2053	antrop/oid/oj⟦人ᴬ/似ᴼ/oj⟧:【動】類人猿##偽分解(PIV正式分解)
2054	antrop/o/logi/o⟦人ᴬ/o/学ᴸᴳ/o⟧:{Ｏ}人類学##偽分解
2055	antrop/o/log/o⟦人ᴬ/o/学家/o⟧:{Ｏ}人類学者##偽分解
2056	antrop/o/metri/o⟦人ᴬ/o/测ᴹᵀ/o⟧:人体測定##偽分解
2057	antrop/o/morf/ism/o⟦人ᴬ/o/形ᴹ/主义/o⟧:【哲】神人同形同性論##偽分解(PIV正式分解)
2090	a/pati/a⟦无ᴬ/情/a⟧:無感動の,冷淡な##偽分解
2091	a/pati/o⟦无ᴬ/情/o⟧:{Ｏ}無感動,無関心,冷淡,><simpatio##偽分解
2092	a/pati/ul/o⟦无ᴬ/情/者/o⟧:無気力な人,しらけた人##偽分解
2103	apendic/it/o⟦虫垂/炎ᵀ/o⟧:【病】虫垂炎,盲腸炎（俗称）##偽分解
2151	a/pod/o⟦无ᴬ/足ᴾᴼ/o⟧:【鳥】アマツバメ（雨燕）（属）,=apuso##偽分解##エス的分解
2299	ar/en/o⟦群/en/o⟧:{Ｏ}（古代ローマ円形競技場の中央にある）闘技場;《転》競争の場,活躍の舞台##偽分解(衝突語)
2301	are/o/metr/o⟦are/o/计ᴹ/o⟧:{Ｏ}【理】浮ばかり,液体比重計##偽分解##強語根分解##過細分解 a/r/e/o/metr/o
2327	arg^ent/a brom/id/o⟦银/a 卤ᴮ/化ᴵᴰ/o⟧:【化】臭化銀##偽分解
2335	arh^a/ism/o⟦古ᴬᴬ/主义/o⟧:{Ｏ}=arkaismo##偽分解##強語根分解
2336	arh^e/o/logi/o⟦古ᴬᴴ̂/o/学ᴸᴳ/o⟧:{Ｏ}=arkeologio##偽分解##強語根分解
2337	arh^e/o/log/o⟦古ᴬᴴ̂/o/学家/o⟧:{Ｏ}=arkeologo##偽分解##強語根分解
2375	arka/ism/o⟦古ᴬᴿ/主义/o⟧:{Ｏ}【語】古語,古風な表現;【文】擬古主義##偽分解(PIV正式分解)
2381	arkeo/logi/a⟦古ᴬᴼ/学ᴸᴳ/a⟧:考古学上の##偽分解
2382	arkeo/logi/o⟦古ᴬᴼ/学ᴸᴳ/o⟧:{Ｏ}考古学##偽分解
2383	arkeo/log/o⟦古ᴬᴼ/学家/o⟧:{Ｏ}考古学者##偽分解
2384	arkeo/pterig/o⟦古ᴬᴼ/翅ᴾᴳ/o⟧:【生】始祖鳥##偽分解
2443	arog/ant/a⟦傲/在/a⟧:{Ｏ}横柄な,尊大な,思い上がった##偽分解
2444	arog/ant/aj^/o⟦傲/在/物/o⟧:思い上がった行為##偽分解
2445	arog/ant/ec/o⟦傲/在/性/o⟧:横柄,尊大##偽分解
2446	arog/ant/ul/o⟦傲/在/者/o⟧:横柄な人##偽分解
2483	arteri/o/skler/oz/o⟦脉ᴬ/o/硬ˢ/症ᴼ/o⟧:【病】動脈硬化症##偽分解
2515	artr/it/ism/o⟦节ᴬᴿ/炎ᵀ/主义/o⟧:【病】関節病体質##偽分解(PIV正式分解)
2516	artr/it/o⟦节ᴬᴿ/炎ᵀ/o⟧:{Ｏ}【病】関節炎,=artikinflamo##偽分解(PIV正式分解)
2517	artr/o/pod/o⟦节ᴬᴿ/o/足ᴾᴼ/o⟧:【動】節足動物,=artikulo##偽分解(PIV正式分解)
2544	a/seps/a⟦无ᴬ/腐ˢ/a⟧:【医】無菌法の,無菌の##偽分解
2545	a/seps/i⟦无ᴬ/腐ˢ/i⟧:［他］【医】無菌処置する##偽分解
2546	a/seps/o⟦无ᴬ/腐ˢ/o⟧:【医】無菌法,防腐法##偽分解
2560	Asir/i/o:【古地名】アッシリア（古代メソポタミアの国）##偽分解
2611	astigmat/ism/o⟦散光/主义/o⟧:【病】乱視##偽分解
2621	astr/o/logi/o⟦星ᴬ/o/学ᴸᴳ/o⟧:{Ｏ}占星術,=stelau^gurado##偽分解
2622	astr/o/log/o⟦星ᴬ/o/学家/o⟧:{Ｏ}占星術師,=stelau^guristo##偽分解
2623	astr/o/nau^t/o⟦星ᴬ/o/航/o⟧:宇宙飛行士,=kosmonau^to##偽分解
2624	astr/o/nomi/a⟦星ᴬ/o/学ᴺ/a⟧:天文学の;《転》天文学的な##偽分解
2625	astr/o/nomi/a almanak/o⟦星ᴬ/o/学ᴺ/a 历书/o⟧:天文年鑑##偽分解
2626	astr/o/nomi/aj cifer/oj⟦星ᴬ/o/学ᴺ/aj 数ᶜ/oj⟧:天文学的数字（日常的な範囲を超えた大きな数）##偽分解
2627	astr/o/nomi/a latitud/o⟦星ᴬ/o/学ᴺ/a 纬/o⟧:【地理】天文緯度##偽分解
2628	astr/o/nomi/a map/o⟦星ᴬ/o/学ᴺ/a 图/o⟧:天体図##偽分解
2629	astr/o/nomi/a observatori/o⟦星ᴬ/o/学ᴺ/a 天文台/o⟧:【天】天文台##偽分解
2630	astr/o/nomi/a tele/skop/o⟦星ᴬ/o/学ᴺ/a 远/镜ˢᴷ/o⟧:【天】天体望遠鏡##偽分解
2631	astr/o/nomi/o⟦星ᴬ/o/学ᴺ/o⟧:{Ｏ}天文学##偽分解
2632	astr/o/nom/o⟦星ᴬ/o/学ᴺᴼ/o⟧:{Ｏ}天文学者##偽分解##過細分解 astr/o/n/o/m/o
2651	atav/ism/o⟦祖/主义/o⟧:{Ｏ}先祖返り,隔世遺伝##偽分解##強語根分解
2652	a/te/ism/o⟦无ᴬ/神ᵀ/主义/o⟧:{Ｏ}無神論,=sendiismo##偽分解##過細分解 a/t/e/ism/o
2653	a/te/ist/a⟦无ᴬ/神ᵀ/家/a⟧:無神論者の,無神論的な##偽分解##過細分解 a/t/e/ist/a
2654	a/te/ist/o⟦无ᴬ/神ᵀ/家/o⟧:{Ｏ}無神論者,=sendiisto##偽分解##過細分解 a/t/e/ist/o
2740	a/toni/o⟦无ᴬ/张/o⟧:【病】アトニー,弛緩症##偽分解
2745	a/trofi/i⟦无ᴬ/养ᵀ/i⟧:［他］【病】萎縮させる##偽分解
2746	a/trofi/ig^/i⟦无ᴬ/养ᵀ/成/i⟧:［自］【病】萎縮する##偽分解
2747	a/trofi/o⟦无ᴬ/养ᵀ/o⟧:【病】萎縮##偽分解
2748	atrop/in/o⟦颠ᴬ/in/o⟧:【化】アトロピン##偽分解(PIV正式分解)
2825	au^t/ism/a infan/o⟦自ᴬ/主义/a 童/o⟧:自閉症児##偽分解##過細分解 a/u^/t/ism/a infan/o
2826	au^t/ism/o⟦自ᴬ/主义/o⟧:【医】自閉症##偽分解##過細分解 a/u^/t/ism/o
2827	au^t/ism/ul/o⟦自ᴬ/主义/者/o⟧:自閉症者##偽分解##過細分解 a/u^/t/ism/ul/o
2831	au^t/o/bio/grafi/o⟦自ᴬ/o/生ᴮᴼ/志ᴳ/o⟧:{Ｏ}自伝,自叙伝,=membiografio##偽分解##過細分解 a/u^/t/o/bio/grafi/o
2840	au^t/o/gir/o⟦自ᴬ/o/旋/o⟧:【空】オートジャイロ,>>helikoptero##偽分解##過細分解 a/u^/t/o/gir/o
2841	au^t/o/grafi/o⟦自ᴬ/o/志ᴳ/o⟧:【印】肉筆印刷術##偽分解##過細分解 a/u^/t/o/grafi/o
2842	au^t/o/graf/o⟦自ᴬ/o/记ᴳ/o⟧:{Ｏ}自筆,自筆原稿,=memskribaj^o##偽分解##過細分解 a/u^/t/o/graf/o
2845	au^t/o/krati/o⟦自ᴬ/o/治ᴷᴵ/o⟧:{Ｏ}【政】専制政治##偽分解##過細分解 a/u^/t/o/krati/o
2846	au^t/o/krat/ism/o⟦自ᴬ/o/治ᴷ/主义/o⟧:【政】専制主義##偽分解##過細分解 a/u^/t/o/krat/ism/o
2847	au^t/o/krat/o⟦自ᴬ/o/治ᴷ/o⟧:{Ｏ}専制君主##偽分解##過細分解 a/u^/t/o/krat/o
2856	au^tomat/a tele/fon/o⟦动ᴬ/a 远/声ᶠᴼ/o⟧:自動電話##偽分解
2862	au^t/o/mobil/ism/o⟦车/o/动ᴹᴮ/主义/o⟧:自動車使用##偽分解##過細分解 a/u^/t/o/mobil/ism/o
2863	au^t/o/mobil/ist/o⟦车/o/动ᴹᴮ/家/o⟧:=au^tisto##偽分解##過細分解 a/u^/t/o/mobil/ist/o
2864	au^t/o/mobil/kompani/o⟦车/o/动ᴹᴮ/伴ᴷᴹ/o⟧:自動車会社##偽分解##過細分解 a/u^/t/o/mobil/kompani/o
2865	au^t/o/mobil/o⟦车/o/动ᴹᴮ/o⟧:{Ｂ}自動車,=au^to##偽分解##過細分解 a/u^/t/o/mobil/o
3006	Babilon/i/o:【史】バビロニア（古代メソポタミアの国）##偽分解
3063	bakteri/o/fag/o⟦菌ᴮ/o/吞/o⟧:【医】バクテリオファージ,細菌ウイルス,=bakteria viruso##偽分解##過細分解 bakteri/o/f/a/g/o
3064	bakteri/o/logi/o⟦菌ᴮ/o/学ᴸᴳ/o⟧:【医】細菌学##偽分解
3262	barbar/ism/o⟦蛮/主义/o⟧:【Ｇ】破格な語法・語形,>>solecismo##偽分解
3290	bari/a sulf/at/o⟦金ᴮᴬ/a 硫/盐ᴬ/o⟧:【化】硫酸バリウム##偽分解(PIV正式分解)
3309	bar/o/graf/o⟦压ᴮ/o/记ᴳ/o⟧:【気】自記気圧計##偽分解(PIV正式分解)
3313	bar/o/metr/o⟦压ᴮ/o/计ᴹ/o⟧:{Ｏ}【気】気圧計##偽分解
3319	bar/o/skop/o⟦压ᴮ/o/镜ˢᴷ/o⟧:【医】気圧計;【理】検圧器##偽分解
3379	Batav/i/o:【地名】バタビア（ジャカルタの古称，インドネシア）##偽分解
3552	benzo/at/a acid/o⟦安息香/盐ᴬ/a 酸/o⟧:【化】安息香酸##偽分解(PIV正式分解)
3631	bibli/o/fil/i/o⟦经/o/爱ᶠ/i/o⟧:書籍愛好,=libroamo##偽分解##過細分解 bibli/o/f/i/l/i/o
3632	bibli/o/fil/o⟦经/o/爱ᶠ/o⟧:愛書家,=libroamanto##偽分解##過細分解 bibli/o/f/i/l/o
3633	bibli/o/grafi/a indic/o⟦经/o/志ᴳ/a 指ᴵᶜ/o⟧:（十進分類法による）図書分類番号##偽分解
3634	bibli/o/grafi/o⟦经/o/志ᴳ/o⟧:{Ｏ}文献目録,参考文献一覧;著作目録;書誌学##偽分解
3635	bibli/o/graf/o⟦经/o/记ᴳ/o⟧:{Ｏ}書誌学者##偽分解(PIV正式分解)
3670	bi/gami/o⟦二ᴮ/配ᴳ/o⟧:【法】二重結婚,重婚##偽分解(PIV正式分解)
3671	bi/gami/ul/o⟦二ᴮ/配ᴳ/者/o⟧:重婚者##偽分解(PIV正式分解)
3678	bi/konkav/a⟦二ᴮ/凹/a⟧:【理】=dukonkava（両凹の）##偽分解(PIV正式分解)
3679	bi/konveks/a⟦二ᴮ/凸ᴷ/a⟧:【理】=dukonveksa（両凸の）##偽分解(PIV正式分解)
3716	bi/lion/o⟦二ᴮ/lion/o⟧:（米英で）十億,=miliardo;（独仏で）一兆,=duiliono,=mil miliardoj##偽分解(PIV正式分解)
3721	bi/metal/ism/o⟦二ᴮ/金ᴹ/主义/o⟧:【経】複本位制##偽分解(PIV正式分解)
3737	bio/fizik/o⟦生ᴮᴼ/物理/o⟧:生物物理学##偽分解
3740	bio/geo/grafi/o⟦生ᴮᴼ/地ᴳ/志ᴳ/o⟧:生物地理学##偽分解
3741	bio/grafi/et/o⟦生ᴮᴼ/志ᴳ/小/o⟧:略歴,略伝##偽分解
3742	bio/grafi/o⟦生ᴮᴼ/志ᴳ/o⟧:{Ｏ}伝記,>>au^tobiografio##偽分解
3743	bio/graf/o⟦生ᴮᴼ/记ᴳ/o⟧:{Ｏ}伝記作家##偽分解(PIV正式分解)
3746	bio/kemi/a oksi/gen/postul/o⟦生ᴮᴼ/化学/a 氧/生ᴳ/求ᴾˢ/o⟧:【環】生物化学的酸素要求量（BOD）##偽分解(PIV正式分解)
3747	bio/kemi/o⟦生ᴮᴼ/化学/o⟧:生化学##偽分解
3749	bio/logi/a⟦生ᴮᴼ/学ᴸᴳ/a⟧:生物学的##偽分解
3750	bio/logi/a divers/ec/o⟦生ᴮᴼ/学ᴸᴳ/a 杂/性/o⟧:【環】生物学的多様性##偽分解
3751	bio/logi/o⟦生ᴮᴼ/学ᴸᴳ/o⟧:{Ｏ}生物学##偽分解
3752	bio/log/o⟦生ᴮᴼ/学家/o⟧:{Ｏ}生物学者##偽分解
3755	bio/mas/a energi/o⟦生ᴮᴼ/团ᴹ/a 能ᴱ/o⟧:【環】バイオマスエネルギー##偽分解
3756	bio/mas/a piramid/o⟦生ᴮᴼ/团ᴹ/a 锥ᴾ/o⟧:【環】生物量ピラミッド##偽分解
3757	bio/mas/o⟦生ᴮᴼ/团ᴹ/o⟧:【環】生物量,バイオマス##偽分解
3758	bi/ont/o/logi/o⟦生ᴮᴵ/将/o/学ᴸᴳ/o⟧:《廃》生物学,=>biologio##偽分解##過細分解 b/i/o/n/t/o/logi/o
3759	bio/sfer/o⟦生ᴮᴼ/球ˢ/o⟧:【環】生物圏,生活圏##偽分解
3760	bio/top/o⟦生ᴮᴼ/境ᵀ/o⟧:【環】ビオトープ,小生活圏##偽分解##過細分解 bio/t/o/p/o
3761	bi/plan/o⟦二ᴮ/划/o⟧:【空】複葉機,>>monoplano##偽分解##過細分解 bi/p/l/a/n/o
4017	bols^ev/ism/o⟦bols^ev/主义/o⟧:【史】ボルシェビズム##偽分解##強語根分解
4018	bols^ev/ist/o⟦bols^ev/家/o⟧:【史】ボルシェビキ##偽分解##強語根分解
4042	Bon/aer/o:【地名】ブエノスアイレス（アルゼンチンの首都）,=Buenos-Ajreso##偽分解
4065	Bon/esper/a Kab/o:（la 〜）【地名】喜望峰（南アフリカ共和国）,=Promontoro de Bona Espero##偽分解
4066	Bon/esper/o:【地名】ゴットホープ（グリーンランドの主都）##偽分解
4162	Bors/o de Nov/jork/o⟦Bors/o 从 Nov/jork/o⟧:（la 〜）ニューヨーク証券取引所##偽分解
4202	bov/a spong/o/form/a encefal/o/pati/o⟦牛/a 海绵/o/形/a 脑ᴱ/o/病ᴾ/o⟧:【病】牛海綿状脳症（BSE）##偽分解(PIV正式分解)
4351	bri/o/fit/oj⟦苔ᴮ/o/植ᶠ/oj⟧:【植】コケ植物,蘚苔類（せんたいるい）,>>muskoj,>>hepatmuskoj##偽分解(PIV正式分解)
4394	brom/id/o⟦卤ᴮ/化ᴵᴰ/o⟧:【化】臭化物##偽分解
4395	brom/id/paper/o⟦卤ᴮ/化ᴵᴰ/纸/o⟧:【写】ブロマイド印画紙##偽分解
4398	brom/o/form/o⟦卤ᴮ/o/形/o⟧:【化】ブロモホルム##偽分解(PIV正式分解)##過細分解 brom/o/f/o/r/m/o
4401	bronk/it/o⟦支ᴮ/炎ᵀ/o⟧:{Ｏ}【病】気管支炎##偽分解
4500	brust/a peri/metr/o⟦胸/a 围ᴾ/测ᴹᴱ/o⟧:胸囲##偽分解
4681	but/an/ol/o⟦丁/an/ol/o⟧:【化】ブタノール（ブチルアルコール）##偽分解(PIV正式分解)##過細分解 b/u/t/a/n/o/l/o
4731	cefal/o/pod/oj⟦头ᶜ/o/足ᴾᴼ/oj⟧:【動】頭足類##偽分解
4739	cekum/it/o⟦盲肠/炎ᵀ/o⟧:【病】盲腸炎,=cekuminflamo,>>apendicito##偽分解
4773	celsi/a term/o/metr/o⟦摄氏ᶜᴱ/a 热ᵀ/o/计ᴹ/o⟧:【理】セ氏温度計##偽分解(PIV正式分解)##過細分解 celsi/a t/e/r/m/o/metr/o
4777	celsius/grad/a term/o/metr/o⟦摄氏/度/a 热ᵀ/o/计ᴹ/o⟧:【理】摂氏温度計##偽分解(PIV正式分解)##過細分解 celsius/grad/a t/e/r/m/o/metr/o
4782	celul/it/o⟦胞ᶜ/炎ᵀ/o⟧:【病】蜂巣炎（ほうそうえん）,フレグモーネ,=flegmono##偽分解(PIV正式分解)
4784	celul/oz/a nitr/at/o⟦胞ᶜ/糖ᴼ/a 氮/盐ᴬ/o⟧:【化】硝酸セルロース##偽分解(PIV正式分解)
4785	celul/oz/o⟦胞ᶜ/糖ᴼ/o⟧:{Ｏ}【化】セルロース##偽分解(PIV正式分解)
4808	centezimal/a term/o/metr/o⟦百ᶜᶻ/a 热ᵀ/o/计ᴹ/o⟧:セ氏温度計,百分度温度計##偽分解(PIV正式分解)##過細分解 centezimal/a t/e/r/m/o/metr/o
4811	centi/gram/o⟦厘/克/o⟧:{Ｏ}【単】センチグラム##偽分解(PIV正式分解)
4812	centi/litr/o⟦厘/升/o⟧:{Ｏ}【単】センチリットル##偽分解(PIV正式分解)
4813	centi/metr/o⟦厘/米/o⟧:{Ｂ}【単】センチメートル（cm）##偽分解
4854	centr/ig/it/a klimat/iz/o⟦央/使/受/a 气候/化/o⟧:【環】集中冷暖房##偽分解
4885	cerb/a tromb/oz/o⟦脑/a 栓ᵀ/症ᴼ/o⟧:【病】脳血栓（症）##偽分解
4898	cerb/o/spin/a mening/it/o⟦脑/o/脊/a 脑膜/炎ᵀ/o⟧:【病】脳脊髄膜炎##偽分解
4951	cian/id/o⟦青/化ᴵᴰ/o⟧:【化】シアン化物##偽分解
4955	ciber/spac/o⟦ciber/空/o⟧:《Ｎ》【情】サイバースペース,電脳空間（コンピュータネットワークによって形成された情報空間）,=kiberspaco,>>Interreto##偽分解##強語根分解
5005	cikl/a hidr/o/karbon/o⟦环ᶜ/a 水ᴴ/o/碳/o⟧:【化】環式炭化水素##偽分解(PIV正式分解)##過細分解 cikl/a h/i/d/r/o/karbon/o
5150	civil/iz/aci/o⟦民ᶜ/化/态ᴬ/o⟧:{Ｏ}文明##偽分解
5415	c^en/a hidr/o/karbon/o⟦链/a 水ᴴ/o/碳/o⟧:【化】鎖式炭化水素##偽分解(PIV正式分解)##過細分解 c^en/a h/i/d/r/o/karbon/o
5548	c^ifr/a tele/gram/o⟦密ᶜ̂/a 远/图ᴳᴹ/o⟧:暗号電報##偽分解(PIV正式分解)##過細分解 c^ifr/a tele/g/r/a/m/o
5562	c^il/i/an/o⟦c^il/i/员ᴬ/o⟧:チリ人##偽分解
5563	C^il/i/a salpetr/o⟦C^il/i/a 硝/o⟧:チリ硝石,=natria nitrato##偽分解
5564	C^il/i/o:【国名】チリ（南アメリカ）##偽分解
5578	c^in/a ide/o/gram/o⟦c^in/a 意/o/字ᴳᴹ/o⟧:漢字##偽分解(PIV正式分解)##過細分解 c^in/a ide/o/g/r/a/m/o
5800	dalton/ism/o⟦dalton/主义/o⟧:【医】先天性赤緑色盲;《般》=kolorblindeco,色盲##偽分解(PIV正式分解)
5932	de/bat/i⟦从/打/i⟧:［他］討論する,討議する##偽分解(衝突語)
5957	deci/bel/o⟦分ᴰᶜ/bel/o⟧:【理】デシベル（音の強さの単位，dB）##偽分解##過細分解 deci/b/e/l/o
5976	deci/gram/o⟦分ᴰᶜ/克/o⟧:{Ｏ}【単】デシグラム（十分の一グラム）##偽分解(PIV正式分解)
5977	deci/litr/o⟦分ᴰᶜ/升/o⟧:{Ｏ}【単】デシリットル（十分の一リットル）##偽分解(PIV正式分解)
5984	deci/metr/o⟦分ᴰᶜ/米/o⟧:{Ｏ}【単】デシメートル（十分の一メートル）##偽分解
6097	deka/gram/o⟦十ᴰᴬ/克/o⟧:{Ｏ}【単】デカグラム##偽分解(PIV正式分解)
6099	deka/litr/o⟦十ᴰᴬ/升/o⟧:{Ｏ}【単】デカリットル##偽分解(PIV正式分解)
6101	deka/log/o⟦十ᴰᴬ/学家/o⟧:【聖】（モーセの）十戒##偽分解
6103	deka/metr/o⟦十ᴰᴬ/米/o⟧:{Ｏ}【単】デカメートル##偽分解
6269	delt/oid/o⟦三角洲/似ᴼ/o⟧:【解】三角筋##偽分解
6299	dem/o/grafi/a piramid/o⟦dem/o/志ᴳ/a 锥ᴾ/o⟧:人口ピラミッド,=ag^piramido##偽分解
6300	dem/o/grafi/ist/o⟦dem/o/志ᴳ/家/o⟧:人口統計学者,=demografo##偽分解
6301	dem/o/grafi/o⟦dem/o/志ᴳ/o⟧:{Ｏ}人口統計学;人口統計,人口##偽分解
6302	dem/o/graf/o⟦dem/o/记ᴳ/o⟧:人口統計学者,=demografiisto##偽分解
6324	demonstr/at/iv/o⟦证ᴰᴹ/被/能ᴵ/o⟧:{Ｏ}【Ｇ】指示詞##偽分解
6330	de/moral/iz/a⟦从/德ᴹ/化/a⟧:士気をくじく,意気阻喪させる##偽分解
6331	de/moral/iz/i⟦从/德ᴹ/化/i⟧:［他］士気をくじく,意気阻喪させる##偽分解
6332	de/moral/iz/ig^/o⟦从/德ᴹ/化/成/o⟧:士気喪失,意気阻喪##偽分解
6364	dens/o/metr/o⟦密/o/计ᴹ/o⟧:【理】比重計,密度計##偽分解
6470	dermat/it/o⟦皮ᴰᵀ/炎ᵀ/o⟧:【医】皮膚炎,=hau^tinflamo##偽分解(PIV正式分解)
6471	dermat/o/logi/o⟦皮ᴰᵀ/o/学ᴸᴳ/o⟧:【医】皮膚科,皮膚病学##偽分解
6472	dermat/o/log/o⟦皮ᴰᵀ/o/学家/o⟧:【医】皮膚科医,皮膚病学者##偽分解
6473	dermat/oz/o⟦皮ᴰᵀ/症ᴼ/o⟧:【医】皮膚病,=hau^tmalsano##偽分解(PIV正式分解)
6474	derm/it/o⟦皮ᴰ/炎ᵀ/o⟧:【医】皮膚炎,=hau^tinflamo##偽分解
6677	dia/gram/o⟦通ᴰ/图ᴳᴹ/o⟧:図,図表,図式,>>grafikaj^o;【学】図解;【鉄】ダイヤグラム##偽分解##過細分解 dia/g/r/a/m/o
6687	dialekt/o/logi/o⟦言/o/学ᴸᴳ/o⟧:方言学##偽分解
6688	dialekt/o/log/o⟦言/o/学家/o⟧:方言学者##偽分解
6692	dia/log/a⟦通ᴰ/话ᴸ/a⟧:対話体の##偽分解
6693	dia/log/i⟦通ᴰ/话ᴸ/i⟧:［自］対話する##偽分解
6694	dia/log/o⟦通ᴰ/话ᴸ/o⟧:{Ｂ}対話,問答,><monologo;【文】対話体の作品（劇・小説）##偽分解
6695	dia/log/oj de Platon/o⟦通ᴰ/话ᴸ/oj 从 Platon/o⟧:（la 〜）【文】プラトンの対話篇##偽分解
6696	dia/log/uj/o⟦通ᴰ/话ᴸ/器/o⟧:【情】ダイアログボックス##偽分解
6697	dia/magnet/a⟦通ᴰ/磁/a⟧:【理】反磁性体の,>>paramagneta##偽分解
6698	dia/magnet/ism/o⟦通ᴰ/磁/主义/o⟧:【理】反磁性,>>paramagnetismo##偽分解
6699	dia/magnet/o⟦通ᴰ/磁/o⟧:【理】反磁性体##偽分解
6703	dia/metr/a⟦通ᴰ/测ᴹᴱ/a⟧:直径の;対蹠的な,正反対の##偽分解
6704	dia/metr/a diferenc/o⟦通ᴰ/测ᴹᴱ/a 异ᴰ/o⟧:対蹠的な違い##偽分解
6705	dia/metr/o⟦通ᴰ/测ᴹᴱ/o⟧:{Ｏ}【数】直径##偽分解
6713	dia/skop/o⟦通ᴰ/镜ˢᴷ/o⟧:【写】スライド投影器##偽分解
6718	dia/term/a⟦通ᴰ/热ᵀ/a⟧:【理】透熱性の##偽分解##過細分解 dia/t/e/r/m/a
6719	dia/termi/o⟦通ᴰ/温ᵀᴿ/o⟧:【医】ジアテルミー,透熱療法##偽分解
6741	dielektrik/a polar/iz/o⟦介电ᴰ/a 极ᴾᴿ/化/o⟧:【理】誘電分極##偽分解
6807	digital/in/o:【化】ジギタリン##偽分解(PIV正式分解)
6838	di/klor/id/o⟦二ᴰᴵ/氯/化ᴵᴰ/o⟧:【化】二塩化物##偽分解(PIV正式分解)##過細分解 d/i/klor/id/o
6843	dikt/a/fon/o⟦述ᴰ/a/声ᶠᴼ/o⟧:ディクタフォン（商標）,速記用口述録音器##偽分解(PIV正式分解)
6889	dinam/ism/o⟦力ᴰᴵ/主义/o⟧:【哲】ダイナミズム,力動説,力本説##偽分解
6893	dinam/o/metr/o⟦力ᴰᴵ/o/计ᴹ/o⟧:{Ｏ}【機】動力計;《般》力量計,筋力計##偽分解
6940	di/pter/oj⟦二ᴰᴵ/翅/oj⟧:【虫】双翅類（そうしるい）##偽分解##エス的分解##過細分解 d/i/pter/oj
6950	direkt/al/o⟦方/向/o⟧:【空】垂直安定板,>>empeno##偽分解##過細分解 direkt/a/l/o
7060	diskont/a pro/cent/o⟦减ᴰ/a 因ᴾ/百/o⟧:【商】割引率##偽分解
7065	disk/o/tele/fon/o⟦盘ᴰ/o/远/声ᶠᴼ/o⟧:ダイヤル式電話##偽分解
7247	di/valent/a⟦二ᴰᴵ/价ⱽ/a⟧:【化】=>duvalenta（二価の）##偽分解(PIV正式分解)##過細分解 d/i/valent/a
7291	divid/end/o⟦分ᴰ/须/o⟧:【経】（株の）配当金##偽分解
7304	dizel/gener/ator/o⟦柴油/生ᴳᴿ/具ᴬ/o⟧:【機】ディーゼル発電機##偽分解(PIV正式分解)
7375	dolc^/amar/o⟦甘/苦ᴬ/o⟧:【植】ズルカマラ,ビタースイート（マルバノホロシに似たナス属の一種、紫色の花と赤い実をつける）##偽分解##エス的分解
7431	domin/ant/o⟦治ᴰ/在/o⟧:【楽】ドミナント,属音##偽分解
7489	dor/i/an/o⟦dor/i/员ᴬ/o⟧:【史】ドリス人（＝ドーリア人，古代ギリシア人の一派）##偽分解
7491	Dor/i/o:【地名】ドリス地方（ギリシア）##偽分解
7568	doz/o/logi/o⟦量ᴰ/o/学ᴸᴳ/o⟧:薬量学##偽分解
7569	doz/o/metr/o⟦量ᴰ/o/计ᴹ/o⟧:【理】線量計##偽分解
7835	duoden/it/o⟦十二指肠/炎ᵀ/o⟧:【病】十二指腸炎##偽分解
7845	du/on/dia/metr/o⟦二/分/通ᴰ/测ᴹᴱ/o⟧:【数】=radiuso##偽分解
7884	du/on/meta/morf/oz/a⟦二/分/超ᴹ/形ᴹ/症ᴼ/a⟧:【虫】不完全変態の##偽分解(PIV正式分解)
7956	du/t/o⟦二/t/o⟧:【楽】二度音程##偽分解(PIV正式分解)
7971	eben/a geo/metri/o⟦平/a 地ᴳ/测ᴹᵀ/o⟧:平面幾何学##偽分解
8014	Ebur/i/o:=>Ebur-Bordo（コートジボアール）##偽分解
8143	egipt/a civil/iz/aci/o⟦egipt/a 民ᶜ/化/态ᴬ/o⟧:（la 〜）【史】エジプト文明##偽分解
8272	eko/logi/a⟦境ᴱ/学ᴸᴳ/a⟧:生態学の;=mediprotekta（環境保護の）##偽分解
8273	eko/logi/ism/o⟦境ᴱ/学ᴸᴳ/主义/o⟧:【環】環境保護（思想）,>>mediprotektado##偽分解
8274	eko/logi/ist/o⟦境ᴱ/学ᴸᴳ/家/o⟧:【環】環境保護論者,環境保護運動家,>>verdulo,>>mediaktivulo##偽分解
8275	eko/logi/o⟦境ᴱ/学ᴸᴳ/o⟧:{Ｏ}生態学;《転》生態環境##偽分解
8276	eko/log/o⟦境ᴱ/学家/o⟧:生態学者##偽分解
8457	ekspon/o/metr/o⟦展ᴱᴺ/o/计ᴹ/o⟧:【写】露出計,露光計,=eksponmezurilo##偽分解
8480	ekspresion/ism/o⟦表ᴱᴷ/主义/o⟧:【芸】=esprimismo（表現主義）##偽分解
8541	eksterm/i mal/bon/an kutim/on⟦歼/i 反/良/an 习/on⟧:悪習を一掃する##偽分解
8622	ekto/plasm/o⟦外ᴱᴷ/浆/o⟧:【生】外質,外形質;（心霊術で）心霊体,エクトプラズム##偽分解(PIV正式分解)
8737	ekzistencial/ism/o⟦存ᴱᴺ/主义/o⟧:【哲】=ekzistadismo（実存主義）##偽分解
8738	ekzistencial/ist/o⟦存ᴱᴺ/家/o⟧:【哲】=ekzistadisto（実存主義者）##偽分解
8747	ekzo/term/a⟦外ᴱᶻ/热ᵀ/a⟧:【化】発熱の,><endoterma##偽分解(PIV正式分解)##過細分解 ekzo/t/e/r/m/a
8748	ekzo/term/a reakci/o⟦外ᴱᶻ/热ᵀ/a 反应/o⟧:【化】発熱反応##偽分解(PIV正式分解)##過細分解 ekzo/t/e/r/m/a reakci/o
8851	elektr/a au^t/o/mobil/o⟦电/a 车/o/动ᴹᴮ/o⟧:電気自動車##偽分解##過細分解 elektr/a a/u^/t/o/mobil/o
8902	elektr/o/dinam/ism/o⟦电/o/力ᴰᴵ/主义/o⟧:【理】動電現象;=elektrodinamiko（電気力学）##偽分解
8903	elektr/o/dinam/o/metr/o⟦电/o/力ᴰᴵ/o/计ᴹ/o⟧:【理】電流力計##偽分解
8911	elektr/o/kardi/o/graf/i⟦电/o/心ᴷᴰ/o/记ᴳ/i⟧:［他］心電図をとる##偽分解(PIV正式分解)
8912	elektr/o/kardi/o/grafi/o⟦电/o/心ᴷᴰ/o/志ᴳ/o⟧:【医】心電図検査（法）##偽分解
8913	elektr/o/kardi/o/graf/o⟦电/o/心ᴷᴰ/o/记ᴳ/o⟧:【医】心電計##偽分解(PIV正式分解)
8914	elektr/o/kardi/o/gram/o⟦电/o/心ᴷᴰ/o/图ᴳᴹ/o⟧:【医】心電図##偽分解(PIV正式分解)##過細分解 elektr/o/kardi/o/g/r/a/m/o
8919	elektr/o/lit/a solv/aj^/o⟦电/o/解ᴸᵀ/a 解ˢ/物/o⟧:【電】電解質溶液,電解液##偽分解##過細分解 elektr/o/l/i/t/a solv/aj^/o
8920	elektr/o/lit/o⟦电/o/解ᴸᵀ/o⟧:【電】電解質##偽分解##過細分解 elektr/o/l/i/t/o
8921	elektr/o/liz/a aparat/o⟦电/o/解ᴸ/a 器ᴬ/o⟧:【電】電解装置##偽分解(PIV正式分解)
8922	elektr/o/liz/i⟦电/o/解ᴸ/i⟧:［他］【電】電気分解する,電解する##偽分解(PIV正式分解)
8923	elektr/o/liz/il/o⟦电/o/解ᴸ/具/o⟧:【電】電解装置;電解槽##偽分解(PIV正式分解)
8924	elektr/o/liz/o⟦电/o/解ᴸ/o⟧:【電】電気分解,電解##偽分解(PIV正式分解)
8934	elektr/o/metr/o⟦电/o/计ᴹ/o⟧:【電】電位計##偽分解
8937	elektr/on/a⟦电/子ᴼ/a⟧:電子の##偽分解
8938	elektr/on/a fask/o⟦电/子ᴼ/a 束/o⟧:【理】電子線##偽分解
8939	elektr/on/a fornel/o⟦电/子ᴼ/a 炉ᶠᴸ/o⟧:【料】電子レンジ,=mikroonda forno##偽分解
8940	elektr/on/a mikro/skop/o⟦电/子ᴼ/a 微/镜ˢᴷ/o⟧:【理】電子顕微鏡##偽分解
8941	elektr/on/a s^el/o⟦电/子ᴼ/a 壳/o⟧:【理】電子殻##偽分解
8942	elektr/on/a tub/o⟦电/子ᴼ/a 管/o⟧:【理】電子管,真空管##偽分解
8949	elektr/on/kanon/o⟦电/子ᴼ/炮/o⟧:【理】（ブラウン管などの）電子銃##偽分解
8950	elektr/on/o⟦电/子ᴼ/o⟧:【理】電子##偽分解
8951	elektr/on/tub/o⟦电/子ᴼ/管/o⟧:【理】電子管,真空管##偽分解
8952	elektr/on/volt/o⟦电/子ᴼ/volt/o⟧:【理】電子ボルト（エネルギーの単位，eV）##偽分解
8956	elektr/o/skop/o⟦电/o/镜ˢᴷ/o⟧:【電】検電器##偽分解
8965	elektr/o/tip/i⟦电/o/型/i⟧:［他］【印】電気製版する##偽分解
8966	elektr/o/tip/i/o⟦电/o/型/i/o⟧:【印】電気製版術##偽分解
8967	elektr/o/tip/o⟦电/o/型/o⟧:【印】電気版##偽分解
9283	embol/oz/o⟦栓ᴱ/症ᴼ/o⟧:【病】=embolio（塞栓症）##偽分解
9289	embri/o/genez/o⟦胚/o/源ᴳ/o⟧:【生】胚発生,胚形成##偽分解
9291	embri/o/logi/o⟦胚/o/学ᴸᴳ/o⟧:発生学,胎生学##偽分解
9292	embri/o/log/o⟦胚/o/学家/o⟧:発生学者,胎生学者##偽分解
9360	empir/ism/o⟦验ᴱᴾ/主义/o⟧:=empiriismo（経験論）##偽分解##強語根分解##過細分解 e/m/p/i/r/ism/o
9361	empir/ist/o⟦验ᴱᴾ/家/o⟧:=empiriisto（経験論者）##偽分解##強語根分解##過細分解 e/m/p/i/r/ist/o
9388	encefal/it/o⟦脑ᴱ/炎ᵀ/o⟧:【病】脳炎,=cerbinflamo##偽分解
9390	encefal/o/pati/o⟦脑ᴱ/o/病ᴾ/o⟧:【病】脳症,脳障害##偽分解(PIV正式分解)
9414	endo/kard/it/o⟦内ᴱᴰ/心ᴷᴬ/炎ᵀ/o⟧:【病】心内膜炎##偽分解(PIV正式分解)
9415	endo/kard/o⟦内ᴱᴰ/心ᴷᴬ/o⟧:【解】心内膜##偽分解(PIV正式分解)
9422	endo/plasm/o⟦内ᴱᴰ/浆/o⟧:【生】内質,内部原形質##偽分解(PIV正式分解)
9426	endo/skop/o⟦内ᴱᴰ/镜ˢᴷ/o⟧:【医】内視鏡##偽分解(PIV正式分解)
9427	end/osmoz/o⟦内/渗/o⟧:【生】内方浸透##偽分解(PIV正式分解)##過細分解 e/n/d/osmoz/o
9428	endo/term/a⟦内ᴱᴰ/热ᵀ/a⟧:【化】吸熱の,><ekzoterma##偽分解(PIV正式分解)##過細分解 endo/t/e/r/m/a
9429	endo/term/a reakci/o⟦内ᴱᴰ/热ᵀ/a 反应/o⟧:【化】吸熱反応##偽分解(PIV正式分解)##過細分解 endo/t/e/r/m/a reakci/o
9657	enter/it/o⟦肠ᴱ/炎ᵀ/o⟧:【病】腸炎,=intesta inflamo##偽分解(PIV正式分解)
9663	entom/o/logi/o⟦虫ᴱ/o/学ᴸᴳ/o⟧:{Ｏ}昆虫学##偽分解##強語根分解
9664	entom/o/log/o⟦虫ᴱ/o/学家/o⟧:{Ｏ}昆虫学者##偽分解##強語根分解
9725	ependim/it/o⟦室膜/炎ᵀ/o⟧:【病】（脳室）上衣炎##偽分解
9727	epi/cikl/oid/o⟦表ᴱ/环ᶜ/似ᴼ/o⟧:【数】外サイクロイド,外転サイクロイド##偽分解
9730	epidemi/a parotid/it/o⟦疫/a 腮腺/炎ᵀ/o⟧:【病】流行性耳下腺炎,=mumpso##偽分解(PIV正式分解)
9732	epidemi/o/logi/a esplor/o⟦疫/o/学ᴸᴳ/a 探/o⟧:疫学的調査##偽分解
9733	epidemi/o/logi/o⟦疫/o/学ᴸᴳ/o⟧:【医】疫学（えきがく）##偽分解
9734	epi/derm/o⟦表ᴱ/皮ᴰ/o⟧:{Ｏ}【生】表皮##偽分解
9738	epi/gastr/a kav/o⟦表ᴱ/胃ᴳ/a 洞/o⟧:みずおち,みぞおち（鳩尾）##偽分解
9739	epi/gastr/o⟦表ᴱ/胃ᴳ/o⟧:【解】上腹部##偽分解
9741	epi/glot/o⟦表ᴱ/声门/o⟧:【解】喉頭蓋（こうとうがい）##偽分解
9743	epi/graf/o⟦表ᴱ/记ᴳ/o⟧:{Ｏ}碑銘,碑文;題辞,銘句##偽分解
9744	epi/gram/o⟦表ᴱ/字ᴳᴹ/o⟧:{Ｏ}【文】警句,エピグラム##偽分解##過細分解 epi/g/r/a/m/o
9752	epi/log/o⟦后ᴱ/话ᴸ/o⟧:{Ｏ}【芸】（小説などの）跋（ばつ）;終章,エピローグ,><prologo##偽分解
9809	erg/o/graf/o⟦erg/o/记ᴳ/o⟧:【医】エルゴグラフ,作業記録器##偽分解(PIV正式分解)
9810	erg/o/logi/o⟦erg/o/学ᴸᴳ/o⟧:【学】労働科学##偽分解
9811	erg/o/metr/o⟦erg/o/计ᴹ/o⟧:【機】エルグ計##偽分解
9812	ergot/in/o⟦麦角/in/o⟧:【化】エルゴチン,麦角エキス##偽分解(PIV正式分解)
9824	eritr/o/cit/o⟦红ᴱ/o/胞ᶜᴵ/o⟧:【解】=rug^a sangoc^elo（赤血球）##偽分解##過細分解 eritr/o/c/i/t/o
9844	eroto/mani/o⟦色情/狂/o⟧:【病】色情狂,病的性欲亢進##偽分解(PIV正式分解)
9853	erud/it/o⟦erud/受/o⟧:=erudiciulo（博学な人）##偽分解(PIV正式分解)
9880	eskal/ator/o⟦梯ᴱ/具ᴬ/o⟧:エスカレーター,=ruls^tuparo##偽分解(PIV正式分解)
9902	esperant/e:希望して,期待して##偽分解(衝突語)
9913	esperant/o:希望する人##偽分解(衝突語)
9914	esperant/o/logi/a⟦esperant/o/学ᴸᴳ/a⟧:エスペラント学の##偽分解
9915	esperant/o/logi/o⟦esperant/o/学ᴸᴳ/o⟧:エスペラント学##偽分解
9916	esperant/o/log/o⟦esperant/o/学家/o⟧:エスペラント学者##偽分解
9917	Esperant/o-mov/ad/o:【Ｅ】エスペラント運動##偽分解
9995	estr/ad/o⟦长ᴱ/行/o⟧:{Ｏ}=podio（演壇）##偽分解(衝突語)
10016	et/an/ol/o⟦乙/an/ol/o⟧:【化】エタノール（エチルアルコール）##偽分解(PIV正式分解)##過細分解 e/t/a/n/o/l/o
10053	et/il/o⟦乙/基/o⟧:【化】エチル基##偽分解(PIV正式分解)##過細分解 e/t/il/o
10055	etim/o/logi/a vort/ar/o⟦源ᴱ/o/学ᴸᴳ/a 词/群/o⟧:語源辞典##偽分解
10056	etim/o/logi/o⟦源ᴱ/o/学ᴸᴳ/o⟧:{Ｏ}語源学;語源##偽分解
10057	etim/o/log/o⟦源ᴱ/o/学家/o⟧:{Ｏ}語源学者##偽分解
10059	eti/o/logi/o⟦因ᴱ/o/学ᴸᴳ/o⟧:{Ｏ}病因学##偽分解##強語根分解
10060	eti/o/log/o⟦因ᴱ/o/学家/o⟧:{Ｏ}病因学者##偽分解##強語根分解
10074	etn/o/grafi/o⟦族ᴱ/o/志ᴳ/o⟧:{Ｏ}民族誌学;民族誌##偽分解
10075	etn/o/graf/o⟦族ᴱ/o/记ᴳ/o⟧:{Ｏ}民族誌学者##偽分解(PIV正式分解)
10077	etn/o/logi/o⟦族ᴱ/o/学ᴸᴳ/o⟧:{Ｏ}民族学##偽分解
10078	etn/o/log/o⟦族ᴱ/o/学家/o⟧:民族学者##偽分解
10096	eu^fem/ism/a⟦eu^fem/主义/a⟧:婉曲表現の##偽分解##強語根分解
10097	eu^fem/ism/e⟦eu^fem/主义/e⟧:婉曲表現で,遠回しの言い方で##偽分解##強語根分解
10098	eu^fem/ism/o⟦eu^fem/主义/o⟧:{Ｏ}【Ｇ】婉曲（えんきょく）語法,婉曲表現##偽分解##強語根分解
10105	eu^klid/a geo/metri/o⟦eu^klid/a 地ᴳ/测ᴹᵀ/o⟧:ユークリッド幾何学##偽分解
10186	ezofag/it/o⟦食管/炎ᵀ/o⟧:【病】食道炎##偽分解
10217	fac/et/i⟦面/小/i⟧:［他］切り子面を刻む##偽分解
10218	fac/et/o⟦面/小/o⟧:{Ｏ}（宝石などの）切り子面,小面;（物事の）局面,様相##偽分解
10257	fag/o/cit/ad/o⟦吞/o/胞ᶜᴵ/行/o⟧:【生】食細胞活動##偽分解##過細分解 f/a/g/o/c/i/t/ad/o
10258	fag/o/cit/i⟦吞/o/胞ᶜᴵ/i⟧:［他］【生】食菌する,捕食する##偽分解##過細分解 f/a/g/o/c/i/t/i
10259	fag/o/cit/o⟦吞/o/胞ᶜᴵ/o⟧:【生】食細胞##偽分解##過細分解 f/a/g/o/c/i/t/o
10260	fag/o/cit/oz/o⟦吞/o/胞ᶜᴵ/症ᴼ/o⟧:【生】食作用,食菌作用##偽分解##過細分解 f/a/g/o/c/i/t/oz/o
10505	far/ad/o⟦做/行/o⟧:【理】ファラド（電気容量の単位、Ｆ）##偽分解(衝突語)
10506	Far/ad/o:【人名】ファラデー（イギリスの物理学者、1791-1867）##偽分解(衝突語)
10527	farenhejt/a term/o/metr/o⟦farenhejt/a 热ᵀ/o/计ᴹ/o⟧:【理】カ氏温度計##偽分解(PIV正式分解)##過細分解 farenhejt/a t/e/r/m/o/metr/o
10537	faring/it/o⟦咽/炎ᵀ/o⟧:【病】咽頭炎##偽分解
10539	faring/o/skop/o⟦咽/o/镜ˢᴷ/o⟧:【医】咽頭鏡##偽分解
10551	farmak/o/logi/o⟦药ᶠ/o/学ᴸᴳ/o⟧:薬理学##偽分解##強語根分解
10552	farmak/o/log/o⟦药ᶠ/o/学家/o⟧:薬理学者##偽分解##強語根分解
10595	fas^/ism/o⟦fas^/主义/o⟧:【政】ファシズム##偽分解##強語根分解
10596	fas^/ist/o⟦fas^/家/o⟧:【政】ファシスト##偽分解##強語根分解
10638	faz/o/dia/gram/o⟦相ᶠ/o/通ᴰ/图ᴳᴹ/o⟧:【理】状態図##偽分解##過細分解 faz/o/dia/g/r/a/m/o
10673	fek/ul/o⟦粪ᶠ/者/o⟧:【料】=amelfaruno（でんぷん）##偽分解(衝突語)
10713	femin/ism/o⟦女ᶠᴱ/主义/o⟧:{Ｏ}フェミニズム##偽分解(PIV正式分解)
10714	femin/ist/o⟦女ᶠᴱ/家/o⟧:{Ｏ}フェミニスト##偽分解(PIV正式分解)
10717	femur/al/o⟦股ᶠ/向/o⟧:【解】=femurosto（大腿骨）##偽分解(PIV正式分解)##過細分解 femur/a/l/o
10751	fen/ol/o:【化】フェノール,石炭酸##偽分解(PIV正式分解)##過細分解 f/e/n/o/l/o
10759	fenomen/o/logi/o⟦现ᶠ/o/学ᴸᴳ/o⟧:【哲】現象学##偽分解
10782	fer/ik/a⟦铁/学ᴵ/a⟧:【化】第二鉄の##偽分解(PIV正式分解)##過細分解 fer/i/k/a
10819	fero/magnet/a⟦铁ᶠᴼ/磁/a⟧:【理】強磁性の##偽分解
10820	fero/magnet/aj^/o⟦铁ᶠᴼ/磁/物/o⟧:【理】強磁性体##偽分解
10821	fero/magnet/ism/o⟦铁ᶠᴼ/磁/主义/o⟧:【理】強磁性##偽分解
10824	fer/oz/a⟦铁/症ᴼ/a⟧:【化】第一鉄の##偽分解(PIV正式分解)##過細分解 fer/o/z/a
10909	fibr/in/o⟦纤/in/o⟧:【化】フィブリン,繊維素##偽分解(PIV正式分解)
10911	fibr/om/o⟦纤/瘤/o⟧:【病】線維腫（しゅ）##偽分解(PIV正式分解)##過細分解 fibr/o/m/o
10912	fibr/o/skop/o⟦纤/o/镜ˢᴷ/o⟧:【機】ファイバースコープ##偽分解
10969	fiks/a tele/fon/o⟦定/a 远/声ᶠᴼ/o⟧:（携帯電話に対して）固定電話,>>pos^telefono##偽分解
10994	fil/antrop/i/o⟦爱ᶠ/人ᴬ/i/o⟧:{Ｏ}博愛,慈善##偽分解##過細分解 f/i/l/antrop/i/o
10995	fil/antrop/o⟦爱ᶠ/人ᴬ/o⟧:{Ｏ}博愛主義者,慈善家##偽分解##過細分解 f/i/l/antrop/o
11028	film/kas/et/o⟦影ᶠ/库/小/o⟧:【写】フィルム取枠（とりわく）,>>kaseto##偽分解
11041	fil/o/logi/a⟦爱ᶠ/o/学ᴸᴳ/a⟧:文献学的##偽分解##過細分解 f/i/l/o/logi/a
11042	fil/o/logi/ist/o⟦爱ᶠ/o/学ᴸᴳ/家/o⟧:=filologo（文献学者）##偽分解##過細分解 f/i/l/o/logi/ist/o
11043	fil/o/logi/o⟦爱ᶠ/o/学ᴸᴳ/o⟧:{Ｏ}文献学##偽分解##過細分解 f/i/l/o/logi/o
11044	fil/o/log/o⟦爱ᶠ/o/学家/o⟧:{Ｏ}文献学者##偽分解##過細分解 f/i/l/o/log/o
11189	fit/o/geo/grafi/o⟦植ᶠ/o/地ᴳ/志ᴳ/o⟧:植物地理学,=plantgeografio##偽分解
11190	fit/o/terapi/o⟦植ᶠ/o/疗/o⟧:【医】植物療法,=plantoterapio##偽分解(PIV正式分解)
11207	fizi/o/grafi/o⟦物理ᶠᴵ/o/志ᴳ/o⟧:自然地理学,=fizika geografio##偽分解
11208	fizi/o/logi/o⟦物理ᶠᴵ/o/学ᴸᴳ/o⟧:{Ｏ}生理学##偽分解
11209	fizi/o/log/o⟦物理ᶠᴵ/o/学家/o⟧:{Ｏ}生理学者##偽分解
11212	fizi/o/terapi/ist/o⟦物理ᶠᴵ/o/疗/家/o⟧:=fizikoterapiisto（理学療法士）##偽分解
11213	fizi/o/terapi/o⟦物理ᶠᴵ/o/疗/o⟧:【医】=fizikoterapio（理学療法）##偽分解
11354	flor/a dia/gram/o⟦花/a 通ᴰ/图ᴳᴹ/o⟧:【植】花式図##偽分解##過細分解 flor/a dia/g/r/a/m/o
11472	fluor/id/o⟦气ᶠ/化ᴵᴰ/o⟧:【化】フッ化物##偽分解
11528	foli/o-elektr/o/skop/o⟦叶/o-电/o/镜ˢᴷ/o⟧:【理】はく検電器##偽分解
11572	fonet/ism/o⟦音ᶠᴼ/主义/o⟧:発音表記法;表音主義,><grafismo##偽分解##強語根分解
11576	fon/o/graf/o⟦声ᶠᴼ/o/记ᴳ/o⟧:{Ｂ}【史】ろう管蓄音機##偽分解(PIV正式分解)
11577	fon/o/gram/o⟦声ᶠᴼ/o/字ᴳᴹ/o⟧:表音文字##偽分解(PIV正式分解)##過細分解 fon/o/g/r/a/m/o
11578	fon/o/metr/o⟦声ᶠᴼ/o/计ᴹ/o⟧:【理】測音器,音波測定器##偽分解
11579	fon/on/o⟦声ᶠᴼ/子ᴼ/o⟧:【理】フォノン##偽分解(PIV正式分解)
11580	fon/o/skop/o⟦声ᶠᴼ/o/镜ˢᴷ/o⟧:【理】フォノスコープ##偽分解
11711	form/aldehid/o⟦形/aldehid/o⟧:【化】ホルムアルデヒド##偽分解(PIV正式分解)##過細分解 f/o/r/m/aldehid/o
11858	fosf/at/a acid/o⟦磷/盐ᴬ/a 酸/o⟧:【化】リン酸##偽分解(PIV正式分解)
11859	fosf/at/o⟦磷/盐ᴬ/o⟧:【化】リン酸塩##偽分解(PIV正式分解)
11860	fosf/at/uri/o⟦磷/盐ᴬ/尿/o⟧:【病】リン酸塩尿症##偽分解(PIV正式分解)
11861	fosf/it/a acid/o⟦磷/盐ᴵ/a 酸/o⟧:【化】亜リン酸##偽分解(PIV正式分解)
11862	fosf/it/o⟦磷/盐ᴵ/o⟧:【化】亜リン酸塩##偽分解(PIV正式分解)
11892	fot/o/c^el/o⟦光ᶠ/o/胞/o⟧:【理】光電池,=lumelektra c^elo##偽分解
11894	fot/o/gliptik/o⟦拍/o/玉雕/o⟧:写真彫刻版法##偽分解
11895	fot/o/graf/a dens/ec/o⟦拍/o/记ᴳ/a 密/性/o⟧:【写】写真濃度##偽分解(PIV正式分解)
11896	fot/o/graf/ad/o⟦拍/o/记ᴳ/行/o⟧:=fotado（写真撮影）##偽分解(PIV正式分解)
11897	fot/o/graf/aj^/o⟦拍/o/记ᴳ/物/o⟧:=foto（写真）##偽分解(PIV正式分解)
11898	fot/o/graf/a plak/o⟦拍/o/记ᴳ/a 板ᴾᴷ/o⟧:【写】写真乾板##偽分解(PIV正式分解)
11899	fot/o/graf/art/o⟦拍/o/记ᴳ/艺/o⟧:写真撮影技術##偽分解(PIV正式分解)
11900	fot/o/graf/i⟦拍/o/记ᴳ/i⟧:{Ｂ}［他］写真にとる,撮影する,=foti##偽分解(PIV正式分解)
11901	fot/o/graf/il/o⟦拍/o/记ᴳ/具/o⟧:=fotilo（写真機）##偽分解(PIV正式分解)
11902	fot/o/grafi/o⟦拍/o/志ᴳ/o⟧:{Ｏ}写真術（撮影・現像・焼付けなど）##偽分解
11903	fot/o/graf/ist/o⟦拍/o/记ᴳ/家/o⟧:写真家,=fotisto##偽分解(PIV正式分解)
11904	fot/o/graf/o⟦拍/o/记ᴳ/o⟧:=fotografado,=fotado（写真撮影）##偽分解(PIV正式分解)
11905	fot/o/gravur/i⟦拍/o/刻ᴳ/i⟧:［他］【印】写真製版する,グラビア印刷にする##偽分解
11906	fot/o/gravur/o⟦拍/o/刻ᴳ/o⟧:【印】写真製版術,写真凹版術,グラビア印刷##偽分解
11907	fot/o/kemi/a fum/nebul/o⟦光ᶠ/o/化学/a 烟/雾/o⟧:【環】光化学スモッグ##偽分解
11908	fot/o/kemi/a oksid/ant/o⟦光ᶠ/o/化学/a 氧化/在/o⟧:【環】光化学オキシダント##偽分解
11909	fot/o/kemi/o⟦光ᶠ/o/化学/o⟧:光化学##偽分解
11919	fot/o/kromi/o⟦拍/o/色ᴷᴵ/o⟧:【写】天然色写真術##偽分解
11920	fot/o/lit/o/grafi/o⟦拍/o/石ᴸ/o/志ᴳ/o⟧:【印】写真石版術,写真平版術##偽分解##過細分解 fot/o/l/i/t/o/grafi/o
11921	fot/o/metri/i⟦光ᶠ/o/测ᴹᵀ/i⟧:［他］【理】測光する##偽分解
11922	fot/o/metri/o⟦光ᶠ/o/测ᴹᵀ/o⟧:【理】測光##偽分解
11923	fot/o/metr/o⟦光ᶠ/o/计ᴹ/o⟧:【理】測光器,光度計;【写】露光計##偽分解
11925	fot/on/o⟦光ᶠ/子ᴼ/o⟧:【理】光子##偽分解
11927	fot/o/sfer/o⟦光ᶠ/o/球ˢ/o⟧:【天】（太陽の）光球##偽分解
11928	fot/o/sintez/o⟦光ᶠ/o/合ˢ/o⟧:【植】光合成##偽分解
11929	fot/o/stat/o⟦拍/o/态/o⟧:【機】フォトスタット（商標名）,写真複写機,=fotokopiilo##偽分解
11930	fot/o/tele/graf/i⟦拍/o/远/记ᴳ/i⟧:［他］【通】写真電送する,>>faksi##偽分解(PIV正式分解)
11931	fot/o/tip/i/o⟦拍/o/型/i/o⟧:【印】写真凸版術,フォトタイプ術##偽分解
12057	frekvenc/o/metr/o⟦频/o/计ᴹ/o⟧:【電】周波数計##偽分解
12240	frunt/al/o⟦额/向/o⟧:【解】=fruntosto（前頭骨）##偽分解(PIV正式分解)##過細分解 frunt/a/l/o
12249	ftiz/o/logi/o⟦结核/o/学ᴸᴳ/o⟧:【医】肺結核学##偽分解
12250	ftiz/o/log/o⟦结核/o/学家/o⟧:【医】肺結核専門医##偽分解
12454	gajak/ol/o⟦愈疮木/ol/o⟧:【化】=gvajakolo（グアヤコール）##偽分解(PIV正式分解)##過細分解 gajak/o/l/o
12463	gajl/at/a acid/o⟦树瘤/盐ᴬ/a 酸/o⟧:【化】没食子酸##偽分解(PIV正式分解)
12501	galic/ism/o⟦galic/主义/o⟧:ガリシズム（フランス語特有の語法）,=francismo##偽分解##強語根分解
12529	galvan/o/metr/o⟦电ᴳ/o/计ᴹ/o⟧:【電】検流計##偽分解
12530	galvan/o/plastik/o⟦电ᴳ/o/塑ᴾᴷ/o⟧:【機】電気メッキ法##偽分解
12531	galvan/o/skop/o⟦电ᴳ/o/镜ˢᴷ/o⟧:【電】検流器##偽分解
12532	galvan/o/terapi/o⟦电ᴳ/o/疗/o⟧:【医】直流電気療法##偽分解
12540	Gamb/i/o:【国名】ガンビア（アフリカ）##偽分解
12541	Gamb/i/o:【地名】ガンビア川（西アフリカ）##偽分解
12551	gangli/on/o⟦节ᴳ/on/o⟧:【解】=limfonodo（リンパ節）##偽分解##過細分解 gangli/o/n/o
12651	gas/o/metr/o⟦气ᴳ/o/计ᴹ/o⟧:=gasrezervujo（ガスタンク）;=gaskomputilo（ガス量計）##偽分解
12674	gastr/o/kamer/o⟦胃ᴳ/o/室ᴷ/o⟧:【医】胃カメラ##偽分解(PIV正式分解)
12675	gastr/o/nomi/a⟦胃ᴳ/o/学ᴺ/a⟧:料理法の,美食学の##偽分解
12676	gastr/o/nomi/o⟦胃ᴳ/o/学ᴺ/o⟧:料理法,美食学##偽分解
12677	gastr/o/nom/o⟦胃ᴳ/o/学ᴺᴼ/o⟧:食通,美食家##偽分解##過細分解 gastr/o/n/o/m/o
12678	gastr/o/pod/oj⟦胃ᴳ/o/足ᴾᴼ/oj⟧:【動】腹足綱,腹足類##偽分解
12679	gastr/o/skop/i/o⟦胃ᴳ/o/镜ˢᴷ/i/o⟧:【医】胃鏡検査##偽分解(PIV正式分解)
12680	gastr/o/skop/o⟦胃ᴳ/o/镜ˢᴷ/o⟧:【医】胃鏡,胃内視鏡,>>gastrokamero##偽分解(PIV正式分解)
12681	gastr/o/spasm/o⟦胃ᴳ/o/抽筋/o⟧:【医】胃痙攣（けいれん）,=stomaka kramfo##偽分解(PIV正式分解)
12682	gastr/o/stomi/o⟦胃ᴳ/o/漏ˢ/o⟧:【医】胃瘻（ろう）造設術##偽分解(PIV正式分解)
12683	gastr/o/tomi/o⟦胃ᴳ/o/切ᵀᴹ/o⟧:【医】胃切開術##偽分解
12764	genea/logi/a⟦系ᴳ/学ᴸᴳ/a⟧:系図の,家系の##偽分解
12765	genea/logi/a arb/o⟦系ᴳ/学ᴸᴳ/a 树/o⟧:（家系の）系統樹##偽分解
12766	genea/logi/o⟦系ᴳ/学ᴸᴳ/o⟧:{Ｏ}系図学;系図,家系##偽分解
12767	genea/log/o⟦系ᴳ/学家/o⟧:{Ｏ}系図学者##偽分解
12775	gener/ator/o⟦生ᴳᴿ/具ᴬ/o⟧:【電】発電機;【理】起電機##偽分解(PIV正式分解)
12782	genetik/e modif/it/a organ/ism/o⟦遗传/e 改ᴹ/受/a 器ᴼ/主义/o⟧:遺伝子組み換え生物（GMO）##偽分解
12815	geo/fizik/o⟦地ᴳ/物理/o⟧:地球物理学##偽分解
12816	geo/grafi/a⟦地ᴳ/志ᴳ/a⟧:地理上の,地理的な##偽分解
12817	geo/grafi/a kart/o⟦地ᴳ/志ᴳ/a 卡/o⟧:地図##偽分解
12818	geo/grafi/a latitud/o⟦地ᴳ/志ᴳ/a 纬/o⟧:【地理】地理緯度##偽分解
12819	geo/grafi/o⟦地ᴳ/志ᴳ/o⟧:{Ｂ}地理学;地理##偽分解
12820	geo/graf/o⟦地ᴳ/记ᴳ/o⟧:{Ｏ}地理学者##偽分解
12821	geo/logi/a⟦地ᴳ/学ᴸᴳ/a⟧:地質の##偽分解
12822	geo/logi/a epok/o⟦地ᴳ/学ᴸᴳ/a 纪/o⟧:【地質】地質時代##偽分解
12823	geo/logi/a map/o⟦地ᴳ/学ᴸᴳ/a 图/o⟧:【地質】地質図##偽分解
12824	geo/logi/o⟦地ᴳ/学ᴸᴳ/o⟧:{Ｏ}地質学;地質##偽分解
12825	geo/log/o⟦地ᴳ/学家/o⟧:{Ｏ}地質学者##偽分解
12826	geo/metr/ed/oj⟦地ᴳ/测ᴹᴱ/科ᴱ/oj⟧:【虫】シャクガ科##偽分解
12827	geo/metri/a⟦地ᴳ/测ᴹᵀ/a⟧:幾何学の;幾何学的な;幾何級数的な##偽分解
12828	geo/metri/a desegn/aj^/o⟦地ᴳ/测ᴹᵀ/a 绘/物/o⟧:設計図##偽分解
12829	geo/metri/a mez/nombr/o⟦地ᴳ/测ᴹᵀ/a 中/数/o⟧:【数】幾何平均,相乗平均##偽分解
12830	geo/metri/a optik/o⟦地ᴳ/测ᴹᵀ/a 光学/o⟧:【理】幾何光学##偽分解
12831	geo/metri/a progres/i/o⟦地ᴳ/测ᴹᵀ/a 进/i/o⟧:【数】幾何数列,=geometria vico##偽分解
12832	geo/metri/a seri/o⟦地ᴳ/测ᴹᵀ/a 列ˢ/o⟧:【数】幾何級数##偽分解
12833	geo/metri/a vic/o⟦地ᴳ/测ᴹᵀ/a 列/o⟧:【数】幾何数列,等比数列##偽分解
12834	geo/metri/o⟦地ᴳ/测ᴹᵀ/o⟧:{Ｏ}幾何学##偽分解
12835	geo/metr/o⟦地ᴳ/测ᴹᴱ/o⟧:{Ｏ}幾何学者,測量技師##偽分解
12836	geo/metr/o⟦地ᴳ/测ᴹᴱ/o⟧:【虫】シャクガ（属）;シャクトリムシ（尺取虫）（シャクガの幼虫）##偽分解
12858	german/i/o:【化】ゲルマニウム（原子番号32の金属元素）,=germaniumo##偽分解(衝突語)
12886	giga/bajt/o⟦giga/字节/o⟧:【情】ギガバイト（GB）##偽分解
12887	giga/elektr/on/volt/o⟦giga/电/子ᴼ/volt/o⟧:【理】ギガ電子ボルト（エネルギーの単位，GeV）##偽分解
12888	giga/herc/o:【電】ギガヘルツ（GHz）##偽分解
12893	giga/vat/o⟦giga/瓦ⱽ/o⟧:【理】ギガワット（GW）##偽分解(PIV正式分解)
12919	ginek/o/logi/o⟦女ᴳ/o/学ᴸᴳ/o⟧:【医】婦人科（学）,>>obstetriko##偽分解##強語根分解
12920	ginek/o/log/o⟦女ᴳ/o/学家/o⟧:【医】婦人科医##偽分解##強語根分解
12923	gingiv/it/o⟦牙肉/炎ᵀ/o⟧:【病】歯肉炎,=gingivinflamo##偽分解
12939	gir/o/skop/a kompas/o⟦旋/o/镜ˢᴷ/a 罗盘/o⟧:【理】ジャイロコンパス##偽分解(PIV正式分解)
12940	gir/o/skop/o⟦旋/o/镜ˢᴷ/o⟧:【機】ジャイロスコープ##偽分解(PIV正式分解)
13028	glicer/id/o⟦甘油ᴳᶜ/子/o⟧:【化】グリセリド##偽分解(PIV正式分解)
13208	graf/ism/o⟦记ᴳ/主义/o⟧:（文字による）表記法,書記法;表記主義,><fonetismo##偽分解(PIV正式分解)
13213	Graf/o de Mont/e-Krist/o⟦Graf/o 从 Mont/e-Krist/o⟧:（la 〜）【文】『モンテクリスト伯』（大デュマ作）##偽分解
13214	graf/o/logi/o⟦记ᴳ/o/学ᴸᴳ/o⟧:{Ｏ}筆跡学##偽分解
13215	graf/o/log/o⟦记ᴳ/o/学家/o⟧:{Ｏ}筆跡学者##偽分解
13216	graf/o/spasm/o⟦记ᴳ/o/抽筋/o⟧:【医】書痙（しょけい）,=skribista kramfo##偽分解(PIV正式分解)
13239	gram/o/fon/disk/o⟦图ᴳᴹ/o/声ᶠᴼ/盘ᴰ/o⟧:レコード##偽分解(PIV正式分解)##過細分解 g/r/a/m/o/fon/disk/o
13240	gram/o/fon/o⟦图ᴳᴹ/o/声ᶠᴼ/o⟧:{Ｏ}蓄音機##偽分解(PIV正式分解)##過細分解 g/r/a/m/o/fon/o
13404	grenad/il/o⟦手雷/具/o⟧:【植】パッションフルーツ（の実）,クダモノトケイソウ##偽分解(衝突語)
13588	gvajak/ol/o⟦愈疮木ᴳⱽ/ol/o⟧:【化】グアヤコール##偽分解(PIV正式分解)##過細分解 gvajak/o/l/o
13668	g^eneral/a an/estez/o⟦总ᴳ̂/a 无ᴬ/感ᴱ/o⟧:全身麻酔##偽分解##過細分解 g^eneral/a a/n/estez/o
13848	halogen/id/o⟦卤/化ᴵᴰ/o⟧:【化】ハロゲン化物##偽分解
13851	halo/o⟦晕/o⟧:［間］（電話で）もしもし！##偽分解
13902	Har/ar/o:【地名】=Harareo（ハラレ）##偽分解(衝突語)
14087	heksa/edr/o⟦六ᴴᴬ/面ᴱ/o⟧:【数】六面体,=sesedro##偽分解(PIV正式分解)
14088	heks/a/metr/o⟦六ᴴ/a/米/o⟧:{Ｏ}【文】六歩格（の詩）##偽分解(PIV正式分解)
14091	hekto/graf/i⟦百ᴴ/记ᴳ/i⟧:［他］【機】こんにゃく版で刷る##偽分解(PIV正式分解)
14092	hekto/graf/o⟦百ᴴ/记ᴳ/o⟧:【機】こんにゃく版複写機##偽分解(PIV正式分解)
14093	hekto/gram/o⟦百ᴴ/克/o⟧:{Ｏ}【単】ヘクトグラム,=cent gramoj##偽分解(PIV正式分解)
14094	hekto/litr/o⟦百ᴴ/升/o⟧:{Ｏ}【単】ヘクトリットル,=cent litroj##偽分解(PIV正式分解)
14095	hekto/metr/o⟦百ᴴ/米/o⟧:{Ｏ}【単】ヘクトメートル,=cent metroj##偽分解
14096	hekto/paskal/o⟦百ᴴ/paskal/o⟧:【理】ヘクトパスカル（hPa，圧力の単位）##偽分解(PIV正式分解)
14138	helio/stat/o⟦日ᴴ/态/o⟧:【天】ヘリオスタット##偽分解
14139	helio/trop/kolor/a⟦日ᴴ/向ᵀ/色/a⟧:薄紫色の##偽分解
14140	helio/trop/o⟦日ᴴ/向ᵀ/o⟧:{Ｏ}【植】キダチルリソウ（属）,ヘリオトロープ;【鉱】血石（けっせき）##偽分解
14175	hemi/krani/o⟦半/颅/o⟧:【医】=migreno（偏頭痛）##偽分解(PIV正式分解)
14177	hemi/pter/a⟦半/翅/a⟧:【虫】半翅類の##偽分解##エス的分解
14178	hemi/pter/oj⟦半/翅/oj⟧:【虫】半翅（はんし）類（半翅目の昆虫の総称）##偽分解##エス的分解
14179	hemi/sfer/a⟦半/球ˢ/a⟧:半球の,=duonsfera,=duongloba##偽分解(PIV正式分解)
14180	hemi/sfer/o⟦半/球ˢ/o⟧:【天】半球,=duonsfero;【地理】【解】半球,=duonglobo##偽分解(PIV正式分解)
14200	hepatik/opsid/oj⟦肝草/opsid/oj⟧:【植】苔類（たいるい，コケ植物の一綱）,=hepatmuskoj##偽分解(PIV正式分解)
14202	hepat/it/o⟦肝/炎ᵀ/o⟧:【病】肝炎,=hepatinflamo##偽分解
14282	hetero/gen/a⟦异ᴴ/生ᴳ/a⟧:【学】異質の,不均質の;混成の,><homogena##偽分解(PIV正式分解)
14283	hetero/gen/ec/o⟦异ᴴ/生ᴳ/性/o⟧:異質（性）,不均質（性）##偽分解(PIV正式分解)
14301	hidrarg/a bar/o/metr/o⟦汞/a 压ᴮ/o/计ᴹ/o⟧:【気】水銀気圧計##偽分解
14316	hidr/o/aer/o/plan/o⟦水ᴴ/o/气/o/划/o⟧:【空】=hidroplano（水上飛行機）##偽分解##過細分解 h/i/d/r/o/aer/o/p/l/a/n/o
14317	hidr/o/cefal/a⟦水ᴴ/o/头ᶜ/a⟧:水頭症の##偽分解(PIV正式分解)##過細分解 h/i/d/r/o/cefal/a
14318	hidr/o/cefal/o⟦水ᴴ/o/头ᶜ/o⟧:【病】水頭症,脳水腫（しゅ）##偽分解(PIV正式分解)##過細分解 h/i/d/r/o/cefal/o
14319	hidr/o/cefal/ul/o⟦水ᴴ/o/头ᶜ/者/o⟧:水頭症患者##偽分解(PIV正式分解)##過細分解 h/i/d/r/o/cefal/ul/o
14320	hidr/o/dinamik/o⟦水ᴴ/o/力ᴰ/o⟧:【理】流体力学##偽分解(PIV正式分解)##過細分解 h/i/d/r/o/dinamik/o
14321	hidr/o/elektr/a⟦水ᴴ/o/电/a⟧:水力電気の,水力発電の##偽分解(PIV正式分解)##過細分解 h/i/d/r/o/elektr/a
14322	hidr/o/elektr/o⟦水ᴴ/o/电/o⟧:水力電気##偽分解(PIV正式分解)##過細分解 h/i/d/r/o/elektr/o
14323	hidr/o/fobi/o⟦水ᴴ/o/症/o⟧:{Ｏ}【病】恐水病,=akvofobio##偽分解##過細分解 h/i/d/r/o/fobi/o
14324	hidr/o/gen/a klor/id/o⟦水ᴴ/o/生ᴳ/a 氯/化ᴵᴰ/o⟧:【化】塩化水素##偽分解(PIV正式分解)##過細分解 h/i/d/r/o/gen/a klor/id/o
14325	hidr/o/gen/a per/oksid/o⟦水ᴴ/o/生ᴳ/a 过ᴾᴱᴿ/氧化/o⟧:【化】過酸化水素##偽分解(PIV正式分解)##過細分解 h/i/d/r/o/gen/a p/e/r/oksid/o
14326	hidr/o/gen/a sulf/id/o⟦水ᴴ/o/生ᴳ/a 硫/化ᴵᴰ/o⟧:【化】硫化水素##偽分解(PIV正式分解)##過細分解 h/i/d/r/o/gen/a sulf/id/o
14327	hidr/o/gen/bomb/o⟦水ᴴ/o/生ᴳ/弹/o⟧:【軍】水素爆弾##偽分解(PIV正式分解)##過細分解 h/i/d/r/o/gen/bomb/o
14328	hidr/o/gen/i⟦水ᴴ/o/生ᴳ/i⟧:［他］【化】水素添加する,水素化する##偽分解(PIV正式分解)##過細分解 h/i/d/r/o/gen/i
14329	hidr/o/gen/it/a⟦水ᴴ/o/生ᴳ/受/a⟧:【化】水素添加した##偽分解(PIV正式分解)##過細分解 h/i/d/r/o/gen/it/a
14330	hidr/o/gen/o⟦水ᴴ/o/生ᴳ/o⟧:{Ｏ}【化】水素##偽分解(PIV正式分解)##過細分解 h/i/d/r/o/gen/o
14331	hidr/o/karb/id/o⟦水ᴴ/o/炭/子/o⟧:=>hidrokarbono（炭化水素）##偽分解(PIV正式分解)##過細分解 h/i/d/r/o/karb/id/o
14332	hidr/o/karbon/o⟦水ᴴ/o/碳/o⟧:【化】炭化水素##偽分解(PIV正式分解)##過細分解 h/i/d/r/o/karbon/o
14333	hidr/oksid/o⟦水ᴴ/氧化/o⟧:【化】水酸化物##偽分解(PIV正式分解)##過細分解 h/i/d/r/oksid/o
14334	hidr/o/metri/o⟦水ᴴ/o/测ᴹᵀ/o⟧:【理】液体比重測定;流速測定##偽分解(PIV正式分解)##過細分解 h/i/d/r/o/metri/o
14335	hidr/o/metr/o⟦水ᴴ/o/计ᴹ/o⟧:【理】液体比重計,浮きばかり;流速計##偽分解(PIV正式分解)##過細分解 h/i/d/r/o/metr/o
14336	hidr/o/plan/o⟦水ᴴ/o/划/o⟧:【空】水上飛行機,=maraviadilo##偽分解##過細分解 h/i/d/r/o/p/l/a/n/o
14338	hidr/o/statik/a prem/o⟦水ᴴ/o/静ˢ/a 压/o⟧:【理】静水圧##偽分解(PIV正式分解)##過細分解 h/i/d/r/o/statik/a prem/o
14339	hidr/o/statik/o⟦水ᴴ/o/静ˢ/o⟧:{Ｏ}流体静力学,静水力学##偽分解(PIV正式分解)##過細分解 h/i/d/r/o/statik/o
14340	hidr/o/terapi/o⟦水ᴴ/o/疗/o⟧:{Ｏ}【医】水治療法##偽分解(PIV正式分解)##過細分解 h/i/d/r/o/terapi/o
14356	higr/o/metr/o⟦湿ᴴᴳ/o/计ᴹ/o⟧:{Ｏ}【気】湿度計##偽分解##強語根分解
14357	higr/o/skop/o⟦湿ᴴᴳ/o/镜ˢᴷ/o⟧:【気】検湿器##偽分解##強語根分解
14370	himen/o/pter/oj⟦膜/o/翅/oj⟧:【動】膜翅類（ハチやアリなど）##偽分解##エス的分解
14397	hiper/emi/o⟦超/血ᴱ/o⟧:【医】充血,>>sangalfluo,>>kongesto##偽分解(PIV正式分解)
14401	hiper/onim/o⟦超/名ᴼ/o⟧:【語】上位語,=supervorto,><hiponimo##偽分解
14403	hiper/tensi/o⟦超/压ᵀ/o⟧:【病】高血圧（症）##偽分解
14404	hiper/trofi/o⟦超/养ᵀ/o⟧:{Ｏ}【病】肥大##偽分解(PIV正式分解)
14409	hipo/cikl/oid/o⟦亚/环ᶜ/似ᴼ/o⟧:【数】内（ない）サイクロイド##偽分解(PIV正式分解)
14410	hipo/drom/o⟦马/道ᴰ/o⟧:{Ｏ}競馬場;【史】（馬・戦車の）競技場##偽分解##過細分解 h/i/p/o/drom/o
14412	hipo/kas^tan/o⟦马/栗/o⟧:【植】マロニエ,セイヨウトチノキ,=c^evalkas^tano,>>eskulo##偽分解##過細分解 h/i/p/o/kas^tan/o
14421	hipo/nim/o⟦亚/名ᴺᴵ/o⟧:【語】下位語,=subvorto,><hiperonimo##偽分解
14422	hipo/potam/o⟦马/河ᴾ/o⟧:{Ｏ}【動】カバ##偽分解##エス的分解##過細分解 h/i/p/o/potam/o
14424	hipotek/a kred/it/o⟦抵/a 信/受/o⟧:【経】モーゲージ,抵当貸し,（特に）住宅ローン##偽分解
14429	hipo/tensi/o⟦亚/压ᵀ/o⟧:【病】低血圧（症）##偽分解
14431	hipo/tez/a⟦亚/题ᵀᶻ/a⟧:仮説の,仮定の##偽分解(PIV正式分解)
14432	hipo/tez/i⟦亚/题ᵀᶻ/i⟧:［他］仮説を立てる,仮定する##偽分解(PIV正式分解)
14433	hipo/tez/o⟦亚/题ᵀᶻ/o⟧:{Ｏ}仮説,仮定##偽分解(PIV正式分解)
14435	hips/o/metri/o⟦高ᴴ/o/测ᴹᵀ/o⟧:【学】沸点測高法##偽分解##強語根分解
14436	hips/o/metr/o⟦高ᴴ/o/计ᴹ/o⟧:【学】沸点測高計##偽分解##強語根分解
14458	histerez/a cikl/o/kurb/o⟦滞ᴴ/a 环ᶜ/o/曲/o⟧:【理】ヒステリシス曲線##偽分解
14517	holo/grafi/o⟦全ᴴ/志ᴳ/o⟧:【理】ホログラフィー##偽分解
14518	holo/gram/o⟦全ᴴ/图ᴳᴹ/o⟧:【理】ホログラム##偽分解##過細分解 holo/g/r/a/m/o
14544	hom/de/ven/a karbon/di/oksid/o⟦人/从/来/a 碳/二ᴰᴵ/氧化/o⟧:【環】人間の発生させた二酸化炭素##偽分解(PIV正式分解)##過細分解 hom/de/ven/a karbon/d/i/oksid/o
14549	homeo/gril/o⟦homeo/蟋/o⟧:【虫】スズムシ##偽分解
14550	homeo/pati/a⟦homeo/病ᴾ/a⟧:同種療法の,ホメオパシーの;《転》極微量の##偽分解
14551	homeo/pati/o⟦homeo/病ᴾ/o⟧:{Ｏ}【医】同種療法,ホメオパシー##偽分解
14569	homo/gen/a⟦同ᴴ/生ᴳ/a⟧:【学】均質な;等質の;【数】同次の,><heterogena##偽分解(PIV正式分解)
14570	homo/gen/ig/i⟦同ᴴ/生ᴳ/使/i⟧:［他］均質化する##偽分解(PIV正式分解)
14571	homo/gen/ig/it/a lakt/o⟦同ᴴ/生ᴳ/使/受/a 乳/o⟧:ホモ牛乳##偽分解(PIV正式分解)
14572	homo/log/a⟦同ᴴ/log/a⟧:【数】対応する;【化】同族の;【生】（器官が）相同の##偽分解
14573	homo/log/aj element/oj⟦同ᴴ/log/aj 素/oj⟧:【化】同族元素##偽分解
14574	homo/log/aj kromosom/oj⟦同ᴴ/log/aj 染色体/oj⟧:【生】相同染色体##偽分解
14575	homo/log/aj organ/oj⟦同ᴴ/log/aj 器ᴼ/oj⟧:【生】相同器官##偽分解
14576	homo/log/a seri/o⟦同ᴴ/log/a 列ˢ/o⟧:【化】同族列##偽分解
14577	homo/log/ec/o⟦同ᴴ/log/性/o⟧:【数】ホモロジー;【化】同族;【生】相同##偽分解
14578	homo/nim/o⟦同ᴴ/名ᴺᴵ/o⟧:{Ｏ}【Ｇ】同音異義語,>>sinonimo##偽分解
14678	hor/o/skop/o⟦钟/o/镜ˢᴷ/o⟧:{Ｏ}（星占い用）天宮図,ホロスコープ;星占い,占星術##偽分解
14877	ide/o/grafi/a⟦意/o/志ᴳ/a⟧:【語】表意文字の,表意的な##偽分解
14878	ide/o/grafi/aj^/o⟦意/o/志ᴳ/物/o⟧:【語】表意文字,=ideogramo##偽分解
14879	ide/o/grafi/o⟦意/o/志ᴳ/o⟧:{Ｏ}【語】表意文字方式##偽分解
14880	ide/o/gram/o⟦意/o/字ᴳᴹ/o⟧:=ideografiaj^o（表意文字）##偽分解(PIV正式分解)##過細分解 ide/o/g/r/a/m/o
14881	ide/o/logi/a⟦意/o/学ᴸᴳ/a⟧:イデオロギーの,観念形態の##偽分解
14882	ide/o/logi/o⟦意/o/学ᴸᴳ/o⟧:{Ｏ}イデオロギー,観念形態;【哲】観念学;《転》空理空論##偽分解
14883	ide/o/log/o⟦意/o/学家/o⟧:理論家,イデオローグ;【哲】観念学派の人;《転》空論家##偽分解
14892	idiot/ism/o⟦愚ᴵ/主义/o⟧:{Ｏ}【語】慣用語法,=idiomaj^o##偽分解
14918	igvan/odont/o⟦龙ᴵ/odont/o⟧:【古生】イグアノドン,禽竜（きんりゅう）##偽分解##エス的分解
14922	ih^tio/sau^r/o⟦鱼ᴵᴴ̂/爬虫/o⟧:【古生】=iktiosau^ro##偽分解##強語根分解
14938	iktio/sau^r/o⟦鱼ᴵᴷ/爬虫/o⟧:【古生】イクチオサウルス,魚竜（ぎょりゅう）##偽分解##強語根分解
15102	impresion/ism/o⟦印象/主义/o⟧:【芸】印象主義,印象派##偽分解
15103	impresion/ist/o⟦印象/家/o⟧:【芸】印象主義者,印象派（の人）##偽分解
15164	inciz/iv/o⟦切ᴵ/能ᴵ/o⟧:【解】切歯,門歯,=tranc^odento##偽分解(PIV正式分解)
15210	indik/ator/o⟦指ᴵ/具ᴬ/o⟧:【機】=indikilo（インジケーター）##偽分解(PIV正式分解)
15220	individual/ism/o⟦个ᴵᴸ/主义/o⟧:=individuismo（個人主義）##偽分解
15221	individual/ist/o⟦个ᴵᴸ/家/o⟧:=individuisto（個人主義者）##偽分解
15235	induk/elektr/a gener/ator/o⟦感ᴵ/电/a 生ᴳᴿ/具ᴬ/o⟧:【理】誘導起電機##偽分解(PIV正式分解)
15258	industri/a arkeo/logi/o⟦业/a 古ᴬᴼ/学ᴸᴳ/o⟧:産業考古学##偽分解
15311	infan/psik/o/logi/o⟦童/心ᴾˢ/o/学ᴸᴳ/o⟧:児童心理学##偽分解
15387	infra/rug^/a⟦infra/红/a⟧:【理】赤外線の,=transrug^a##偽分解(PIV正式分解)
15388	infra/rug^/aj radi/oj⟦infra/红/aj 射ᴿ/oj⟧:【理】赤外線##偽分解(PIV正式分解)
15389	infra/son/o⟦infra/声/o⟧:【環】超低周波音##偽分解(PIV正式分解)
15390	infra/struktur/o⟦infra/构/o⟧:=>substrukturo（社会基盤）##偽分解(PIV正式分解)
15435	Inka/a civil/iz/aci/o⟦Inka/a 民ᶜ/化/态ᴬ/o⟧:【史】インカ文明##偽分解
15486	insekt/icid/o⟦虫/杀/o⟧:殺虫剤,=insektmortigilo##偽分解(PIV正式分解)
15682	interez/pro/cent/o⟦利ᴵ/因ᴾ/百/o⟧:利率,金利##偽分解
15683	inter/fac/o⟦间/面/o⟧:【情】インタフェース##偽分解
15692	interfer/o/metr/o⟦涉ᴵ/o/计ᴹ/o⟧:【理】干渉計##偽分解
15742	inter/lingvistik/o⟦间/学ᴸᴺ/o⟧:国際語学##偽分解
15743	inter/lingv/ist/o⟦间/语/家/o⟧:国際語学者##偽分解
15867	inter/stel/a polv/o⟦间/星/a 尘/o⟧:【天】星間塵（せいかんじん）##偽分解
15939	in/vari/ant/o⟦in/变ⱽ/在/o⟧:【理】不変量##偽分解##過細分解 i/n/vari/ant/o
15993	Ion/i/a Mar/o:【地名】イオニア海（ギリシア西方）##偽分解(PIV正式分解)
15994	ion/i/an/o⟦离子ᴵ/i/员ᴬ/o⟧:【史】イオニア人（古代ギリシア人の一派）##偽分解(PIV正式分解)
15996	Ion/i/o:【史】イオニア（小アジア西岸中部地方）##偽分解(PIV正式分解)
16102	izo/bar/o⟦等ᴵ/压ᴮ/o⟧:【気】等圧線;【理】同重体##偽分解(PIV正式分解)
16104	izo/dinam/o⟦等ᴵ/力ᴰᴵ/o⟧:【理】等力線##偽分解(PIV正式分解)
16105	izo/kron/a⟦等ᴵ/时ᴷ/a⟧:【理】等時性の##偽分解##過細分解 izo/k/r/o/n/a
16106	izo/kron/ec/o⟦等ᴵ/时ᴷ/性/o⟧:【理】等時性##偽分解##過細分解 izo/k/r/o/n/ec/o
16125	izol/i tuberkul/oz/ul/on⟦隔/i 结ᵀ/症ᴼ/者/on⟧:結核患者を隔離する##偽分解
16127	izo/mer/a⟦等ᴵ/链节/a⟧:【化】異性体の;【理】異性核の##偽分解(PIV正式分解)
16128	izo/mer/ism/o⟦等ᴵ/链节/主义/o⟧:【化】異性;【理】核異性##偽分解(PIV正式分解)
16129	izo/mer/o⟦等ᴵ/链节/o⟧:【化】異性体;【理】異性核##偽分解(PIV正式分解)
16130	izo/morf/a⟦等ᴵ/形ᴹ/a⟧:【鉱】同形の;【数】同型の##偽分解(PIV正式分解)
16131	izo/term/a⟦等ᴵ/热ᵀ/a⟧:【理】等温の##偽分解(PIV正式分解)##過細分解 izo/t/e/r/m/a
16132	izo/term/a s^ang^/o⟦等ᴵ/热ᵀ/a 变/o⟧:【理】等温変化##偽分解(PIV正式分解)##過細分解 izo/t/e/r/m/a s^ang^/o
16133	izo/term/o⟦等ᴵ/热ᵀ/o⟧:【気】等温線##偽分解(PIV正式分解)##過細分解 izo/t/e/r/m/o
16136	izo/trop/a⟦等ᴵ/向ᵀ/a⟧:【理】等方性の##偽分解(PIV正式分解)
16137	izo/trop/ec/o⟦等ᴵ/向ᵀ/性/o⟧:【理】等方性##偽分解(PIV正式分解)
16183	japan/a encefal/it/o⟦japan/a 脑ᴱ/炎ᵀ/o⟧:【病】日本脳炎##偽分解
16203	japan/esk/o⟦japan/风ᴱ/o⟧:日本趣味;【文】（短歌・俳句などの形式をまねた）日本風の作品##偽分解
16293	jod/id/o⟦碘/化ᴵᴰ/o⟧:【化】ヨウ化物##偽分解
16296	jod/o/form/o⟦碘/o/形/o⟧:【化】ヨードホルム##偽分解(PIV正式分解)##過細分解 jod/o/f/o/r/m/o
16313	Jordan/i/o:【国名】ヨルダン（アジア）##偽分解
16329	jud/a/ism/o⟦jud/a/主义/o⟧:{Ｏ}=judismo（ユダヤ教）##偽分解
16579	Kab/o/verd/o:【国名】カーボベルデ（アフリカ）##偽分解
16580	Kab/o-Verd/o:=>Kaboverdo（カーボベルデ）##偽分解
16708	kalci/a klor/id/o⟦钙/a 氯/化ᴵᴰ/o⟧:【化】塩化カルシウム##偽分解
16740	kali/a cian/id/o⟦钾/a 青/化ᴵᴰ/o⟧:【化】シアン化カリウム,青酸カリ##偽分解
16741	kali/a hidr/oksid/o⟦钾/a 水ᴴ/氧化/o⟧:【化】水酸化カリウム##偽分解(PIV正式分解)##過細分解 kali/a h/i/d/r/oksid/o
16742	kali/a nitr/at/o⟦钾/a 氮/盐ᴬ/o⟧:【化】硝酸カリウム##偽分解(PIV正式分解)
16801	kalori/metri/o⟦kalori/测ᴹᵀ/o⟧:【理】熱量測定##偽分解
16802	kalori/metr/o⟦kalori/计ᴹ/o⟧:【理】熱量計##偽分解
16923	kanal/iz/i⟦渠/化/i⟧:［他］（地域に）運河を作る,水路をつける##偽分解
17232	karbon/a di/oksid/o⟦碳/a 二ᴰᴵ/氧化/o⟧:【化】二酸化炭素##偽分解(PIV正式分解)##過細分解 karbon/a d/i/oksid/o
17234	karbon/a mono/oksid/o⟦碳/a 单/氧化/o⟧:【化】一酸化炭素##偽分解(PIV正式分解)
17235	karbon/at/a acid/o⟦碳/盐ᴬ/a 酸/o⟧:【化】炭酸##偽分解(PIV正式分解)
17236	karbon/at/o⟦碳/盐ᴬ/o⟧:【化】炭酸塩##偽分解(PIV正式分解)
17237	karbon/di/oksid/o⟦碳/二ᴰᴵ/氧化/o⟧:【化】二酸化炭素##偽分解(PIV正式分解)##過細分解 karbon/d/i/oksid/o
17241	karbon/i/o⟦碳/i/o⟧:【地質】石炭紀;石炭系##偽分解
17277	Karel/i/o:【地名】カレリア共和国（ロシア連邦）##偽分解
17358	Karol/in/o:【地名】カロライナ州（米国）,>>Nord-Karolino,>>Sud-Karolino##偽分解(衝突語)
17402	kart/o/grafi/o⟦卡/o/志ᴳ/o⟧:{Ｏ}地図製作法##偽分解
17403	kart/o/graf/o⟦卡/o/记ᴳ/o⟧:{Ｏ}地図製作者##偽分解(PIV正式分解)
17431	kas/et/o⟦库/小/o⟧:【写】取枠（とりわく）（撮影時に乾板やフィルムを入れる遮光ケース）##偽分解(衝突語)
17542	kateh^/ism/o⟦kateh^/主义/o⟧:=katekismo（教理問答）##偽分解##強語根分解
17543	kateh^/ist/o⟦kateh^/家/o⟧:{Ｏ}=katekisto（伝道師）##偽分解##強語根分解
17606	kau^ter/iz/aj^/o⟦灼/化/物/o⟧:【医】焼灼剤;腐食剤##偽分解
17607	kau^ter/iz/i⟦灼/化/i⟧:{Ｏ}［他］【医】焼灼（しょうしゃく）する;腐食させる##偽分解
17608	kau^ter/iz/il/o⟦灼/化/具/o⟧:【医】焼灼器;腐食器##偽分解
17609	kau^ter/iz/o⟦灼/化/o⟧:【医】焼灼（しょうしゃく）;腐食##偽分解
17665	kaze/in/o⟦凝/in/o⟧:【化】カゼイン##偽分解##過細分解 kaze/i/n/o
17674	kazu/ist/o⟦疑难/家/o⟧:【キ】決疑論者##偽分解
17731	kemi/a oksi/gen/postul/o⟦化学/a 氧/生ᴳ/求ᴾˢ/o⟧:【環】化学的酸素要求量（COD）##偽分解(PIV正式分解)
17783	kiber/spac/o⟦kiber/空/o⟧:《Ｎ》【情】サイバースペース,電脳空間（コンピュータネットワークによって形成された情報空間）,=ciberspaco,>>Interreto##偽分解##強語根分解
17808	kilo/bajt/o⟦千ᴷᴵ/字节/o⟧:【情】キロバイト（kB）##偽分解(PIV正式分解)
17809	kilo/bit/o⟦千ᴷᴵ/位ᴮ/o⟧:【情】キロビット（kb）##偽分解(PIV正式分解)
17810	kilo/cikl/o⟦千ᴷᴵ/环ᶜ/o⟧:【理】キロサイクル（kc）##偽分解(PIV正式分解)
17811	kilo/gram/fort/o⟦千ᴷᴵ/克/强/o⟧:【理】=kilogrampezo（重量キログラム）##偽分解(PIV正式分解)
17812	kilo/gram/metr/o⟦千ᴷᴵ/克/米/o⟧:【理】キログラムメートル（仕事の単位，kgm）##偽分解
17813	kilo/gram/o⟦千ᴷᴵ/克/o⟧:{Ｂ}【単】キログラム（kg）##偽分解(PIV正式分解)
17814	kilo/gram/pez/o⟦千ᴷᴵ/克/重/o⟧:【理】重量キログラム（力の重力単位，kgw，kgf）,=kilogramforto##偽分解(PIV正式分解)
17815	kilo/herc/o⟦千ᴷᴵ/herc/o⟧:【理】キロヘルツ（kHz）##偽分解(PIV正式分解)
17816	kilo/kalori/o⟦千ᴷᴵ/kalori/o⟧:【理】キロカロリー（熱量の単位，kcal）##偽分解(PIV正式分解)
17817	kilo/litr/o⟦千ᴷᴵ/升/o⟧:【単】キロリットル（kl）##偽分解(PIV正式分解)
17818	kilo/metr/o⟦千ᴷᴵ/米/o⟧:{Ｂ}【単】キロメートル（km）##偽分解
17819	kilo/om/o⟦千ᴷᴵ/om/o⟧:【理】キロオーム（kΩ）##偽分解(PIV正式分解)
17820	kilo/vat/hor/o⟦千ᴷᴵ/瓦ⱽ/钟/o⟧:【電】キロワット時（kWh）##偽分解(PIV正式分解)
17821	kilo/vat/o⟦千ᴷᴵ/瓦ⱽ/o⟧:【理】キロワット（kW）##偽分解(PIV正式分解)
17822	kilo/volt/o⟦千ᴷᴵ/volt/o⟧:【理】キロボルト（kV）##偽分解
17834	kinemat/o/graf/aj^/o⟦kinemat/o/记ᴳ/物/o⟧:=>filmo（映画フィルム）##偽分解
17835	kinemat/o/graf/ej/o⟦kinemat/o/记ᴳ/所/o⟧:=>kinejo（映画館）##偽分解
17836	kinemat/o/graf/i⟦kinemat/o/记ᴳ/i⟧:［他］=projekcii（映写する）;=filmi（撮影する）##偽分解
17837	kinemat/o/graf/o⟦kinemat/o/记ᴳ/o⟧:【映】映写機,>>projekciilo##偽分解
17849	kinkon/in/o:【化】シンコニン##偽分解(PIV正式分解)
17854	kin/o/skop/o⟦映/o/镜ˢᴷ/o⟧:【映】シネマスコープ##偽分解
18038	klimat/iz/i⟦气候/化/i⟧:［他］空気調節を施す##偽分解
18039	klimat/iz/il/o⟦气候/化/具/o⟧:空調機,エアコン##偽分解
18040	klimat/iz/it/a⟦气候/化/受/a⟧:空調された##偽分解
18041	klimat/iz/o⟦气候/化/o⟧:空調##偽分解
18058	klinik/a psik/o/logi/o⟦诊/a 心ᴾˢ/o/学ᴸᴳ/o⟧:臨床心理学##偽分解
18059	klinik/a psik/o/log/o⟦诊/a 心ᴾˢ/o/学家/o⟧:臨床心理士,臨床心理学者##偽分解
18061	klinik/a term/o/metr/o⟦诊/a 热ᵀ/o/计ᴹ/o⟧:【医】体温計,検温計##偽分解(PIV正式分解)##過細分解 klinik/a t/e/r/m/o/metr/o
18070	klin/o/metr/o⟦斜/o/计ᴹ/o⟧:【理】クリノメーター,傾斜計,=deklivometro##偽分解
18105	klor/id/a acid/o⟦氯/化ᴵᴰ/a 酸/o⟧:【化】塩酸##偽分解
18106	klor/id/o⟦氯/化ᴵᴰ/o⟧:【化】塩化物##偽分解
18111	klor/o/form/ad/o⟦氯/o/形/行/o⟧:【医】クロロホルム麻酔##偽分解(PIV正式分解)##過細分解 klor/o/f/o/r/m/ad/o
18112	klor/o/form/i⟦氯/o/形/i⟧:［他］【医】クロロホルム麻酔をかける##偽分解(PIV正式分解)##過細分解 klor/o/f/o/r/m/i
18113	klor/o/form/o⟦氯/o/形/o⟧:【薬】クロロホルム##偽分解(PIV正式分解)##過細分解 klor/o/f/o/r/m/o
18233	kojl/it/o⟦结肠/炎ᵀ/o⟧:【病】結腸炎,大腸炎##偽分解
18247	koka/in/ism/o⟦koka/女/主义/o⟧:【病】コカイン中毒##偽分解(PIV正式分解)
18248	koka/in/o:【化】コカイン##偽分解(PIV正式分解)
18288	koks/algi/o⟦股/痛ᴬ/o⟧:【病】股関節痛##偽分解(PIV正式分解)
18310	kolc^ik/in/o⟦秋水仙/in/o⟧:【化】コルヒチン##偽分解(PIV正式分解)
18388	kolomb/i/an/o⟦鸽/i/员ᴬ/o⟧:コロンビア人##偽分解
18390	Kolomb/in/o:【劇】コロンビーナ（イタリア仮面劇の登場人物、快活な若い女中）##偽分解
18392	Kolomb/i/o:【国名】コロンビア（南アメリカ）##偽分解
18443	kolor/o/metr/o⟦色/o/计ᴹ/o⟧:【理】比色計##偽分解
18474	komand/it/ant/o⟦令ᴷ/受/在/o⟧:【商】（合資会社の）有限責任社員##偽分解##過細分解 k/o/m/a/n/d/it/ant/o
18475	komand/it/i⟦令ᴷ/受/i⟧:［他］【商】（合資会社へ）出資する##偽分解##過細分解 k/o/m/a/n/d/it/i
18476	komand/it/o⟦令ᴷ/受/o⟧:{Ｏ}【商】合資会社;（合資会社への）出資金##偽分解##過細分解 k/o/m/a/n/d/it/o
18624	kompens/ator/o⟦补ᴷ/具ᴬ/o⟧:【電】=kompensilo（補償器）##偽分解(PIV正式分解)
18825	komut/ator/o⟦换/具ᴬ/o⟧:【電】=komutilo（切換スイッチ）##偽分解(PIV正式分解)
18896	kondens/ator/o⟦凝ᴷᴺ/具ᴬ/o⟧:【電】=kondensilo（コンデンサー）;【光】=kondensoro（集光レンズ）##偽分解(PIV正式分解)
18932	kondukt/a elektr/on/o⟦导ᴷᵀ/a 电/子ᴼ/o⟧:【理】伝導電子##偽分解
19078	konjunktiv/it/o⟦结膜/炎ᵀ/o⟧:【病】結膜炎##偽分解
19355	kontent/ig/a rezult/at/o⟦满ᴷ/使/a 果ᴿ/被/o⟧:満足すべき結果##偽分解
19392	kontinu/kurent/a gener/ator/o⟦续ᴷ/电流/a 生ᴳᴿ/具ᴬ/o⟧:【電】直流発電機##偽分解(PIV正式分解)
19452	kontrau^/fas^/ism/a⟦对/fas^/主义/a⟧:反ファシズムの##偽分解##強語根分解
19491	kontrau^/militar/ism/o⟦对/军ᴹ/主义/o⟧:反軍国主義,=kontrau^militismo##偽分解
19492	kontrau^/militar/ist/o⟦对/军ᴹ/家/o⟧:反軍国主義者,=kontrau^militisto##偽分解
19549	kont/re/sum/o⟦账/再/总/o⟧:【商】（口座の）取引明細書,預金明細書##偽分解
19715	kord/a kvar/tet/o⟦弦/a 四/tet/o⟧:【楽】弦楽四重奏##偽分解(PIV正式分解)##過細分解 kord/a kvar/t/e/t/o
19884	korv/et/o⟦鸦/小/o⟧:{Ｏ}【軍】コルベット（船）##偽分解(衝突語)
19887	ko/sinus/o⟦ko/洞ˢ/o⟧:【数】コサイン（余弦）,>>sinuso,>>tangento##偽分解(PIV正式分解)
19896	kosm/o/goni/o⟦宇/o/源ᴳᴼ/o⟧:{Ｏ}宇宙進化論##偽分解
19897	kosm/o/grafi/o⟦宇/o/志ᴳ/o⟧:{Ｏ}《古》宇宙形状誌##偽分解
19898	kosm/o/graf/o⟦宇/o/记ᴳ/o⟧:{Ｏ}《古》宇宙形状誌学者##偽分解(PIV正式分解)
19900	kosm/o/logi/o⟦宇/o/学ᴸᴳ/o⟧:宇宙論##偽分解
19901	kosm/o/log/o⟦宇/o/学家/o⟧:宇宙論学者##偽分解
19902	kosm/o/nau^t/o⟦宇/o/航/o⟧:宇宙飛行士,=astronau^to##偽分解
19931	ko/tangent/o⟦ko/切ᵀᴺ/o⟧:【数】コタンジェント（余接）##偽分解(PIV正式分解)
19966	ko/valent/a lig/o⟦ko/价ⱽ/a 结/o⟧:【理】共有結合##偽分解(PIV正式分解)
20038	krani/o/metri/o⟦颅/o/测ᴹᵀ/o⟧:【医】頭骨計測,頭蓋計測##偽分解
20072	kred/it/a sald/o⟦信/受/a 余ˢ/o⟧:【商】貸方残高;貸越額##偽分解
20073	kred/it/e⟦信/受/e⟧:【商】掛けで,信用貸しで##偽分解
20074	kred/it/i⟦信/受/i⟧:［他］【商】貸方に記入する,><debeti;掛売りする##偽分解
20075	kred/it/ig/i⟦信/受/使/i⟧:［他］【商】信用させる##偽分解
20076	kred/it/kart/o⟦信/受/卡/o⟧:クレジットカード##偽分解
20077	kred/it/leter/o⟦信/受/信ᴸ/o⟧:【商】信用状##偽分解
20078	kred/it/o⟦信/受/o⟧:{Ｂ}【商】信用;掛け,信用貸;（簿記の）貸方,><debeto##偽分解
20079	kred/it/or/o⟦信/受/or/o⟧:{Ｏ}【商】債権者,><debitoro##偽分解##過細分解 kred/it/o/r/o
20225	kristal/o/grafi/a⟦晶/o/志ᴳ/a⟧:結晶学の##偽分解
20226	kristal/o/grafi/o⟦晶/o/志ᴳ/o⟧:【学】結晶学##偽分解
20227	kristal/o/graf/o⟦晶/o/记ᴳ/o⟧:結晶学者##偽分解(PIV正式分解)
20317	krom/o/fot/o/grafi/o⟦色ᴷᴹ/o/拍/o/志ᴳ/o⟧:【写】天然色写真術##偽分解
20318	krom/o/lit/o/grafi/o⟦色ᴷᴹ/o/石ᴸ/o/志ᴳ/o⟧:【印】着色石版術##偽分解##過細分解 krom/o/l/i/t/o/grafi/o
20339	kronik/a bronk/it/o⟦慢/a 支ᴮ/炎ᵀ/o⟧:【病】慢性気管支炎##偽分解
20340	kronik/a hepat/it/o⟦慢/a 肝/炎ᵀ/o⟧:【病】慢性肝炎##偽分解
20341	kronik/a laring/it/o⟦慢/a 喉ᴸ/炎ᵀ/o⟧:【病】慢性喉頭炎##偽分解
20350	kron/o/graf/i⟦时ᴷ/o/记ᴳ/i⟧:［他］（クロノグラフで）計時する,記録する##偽分解##過細分解 k/r/o/n/o/graf/i
20351	kron/o/graf/o⟦时ᴷ/o/记ᴳ/o⟧:【理】クロノグラフ##偽分解##過細分解 k/r/o/n/o/graf/o
20352	kron/o/logi/a⟦时ᴷ/o/学ᴸᴳ/a⟧:年代学の;年代順の##偽分解##過細分解 k/r/o/n/o/logi/a
20353	kron/o/logi/a tabel/o⟦时ᴷ/o/学ᴸᴳ/a 表/o⟧:年表##偽分解##過細分解 k/r/o/n/o/logi/a tabel/o
20354	kron/o/logi/o⟦时ᴷ/o/学ᴸᴳ/o⟧:{Ｏ}年代学##偽分解##過細分解 k/r/o/n/o/logi/o
20355	kron/o/metr/i⟦时ᴷ/o/计ᴹ/i⟧:［他］クロノメーターで測定する##偽分解##過細分解 k/r/o/n/o/metr/i
20356	kron/o/metri/o⟦时ᴷ/o/测ᴹᵀ/o⟧:【理】時間測定（法）##偽分解##過細分解 k/r/o/n/o/metri/o
20357	kron/o/metr/o⟦时ᴷ/o/计ᴹ/o⟧:{Ｏ}【理】クロノメーター;ストップウォッチ##偽分解##過細分解 k/r/o/n/o/metr/o
20456	ksil/o/fon/o⟦木ᴷ/o/声ᶠᴼ/o⟧:{Ｏ}【楽】シロホン,木琴##偽分解(PIV正式分解)
20457	ksil/o/graf/i⟦木ᴷ/o/记ᴳ/i⟧:［他］木版に彫る##偽分解(PIV正式分解)
20458	ksil/o/grafi/o⟦木ᴷ/o/志ᴳ/o⟧:木版術##偽分解
20459	ksil/o/graf/o⟦木ᴷ/o/记ᴳ/o⟧:木版師##偽分解(PIV正式分解)
20809	kupr/a sulf/at/o⟦铜/a 硫/盐ᴬ/o⟧:【化】硫酸銅##偽分解(PIV正式分解)
20983	kvadrat/a kilo/metr/o⟦方ᴷⱽ/a 千ᴷᴵ/米/o⟧:【単】平方キロメートル##偽分解
21080	kvar/tet/o⟦四/tet/o⟧:【楽】カルテット（四重唱曲，四重奏曲）;【楽】カルテット（四重唱団，四重奏団）##偽分解(PIV正式分解)##過細分解 kvar/t/e/t/o
21158	kvin/tet/o⟦五/tet/o⟧:【楽】クインテット（五重唱曲，五重奏曲）;【楽】クインテット（五重唱団，五重奏団）##偽分解(PIV正式分解)##過細分解 kvin/t/e/t/o
21159	kvin/t/o⟦五/t/o⟧:{Ｏ}【楽】五度音程##偽分解(PIV正式分解)
21360	lakt/oz/a ne/toler/em/o⟦乳/糖ᴼ/a 不/忍/倾/o⟧:【医】乳糖不耐症##偽分解(PIV正式分解)
21361	lakt/oz/o⟦乳/糖ᴼ/o⟧:【化】乳糖##偽分解(PIV正式分解)
21485	lapar/o/tomi/o⟦腹ᴸ/o/切ᵀᴹ/o⟧:【医】開腹術##偽分解
21516	laring/it/o⟦喉ᴸ/炎ᵀ/o⟧:【病】喉頭炎,=gorg^inflamo##偽分解
21783	legum/in/o:【化】レグミン##偽分解(PIV正式分解)
21813	leksik/o/logi/o⟦词汇/o/学ᴸᴳ/o⟧:語彙（ごい）論,辞学##偽分解
21896	lert/a pos^/tele/fon/o⟦巧/a 袋ᴾ/远/声ᶠᴼ/o⟧:高機能携帯電話,スマートフォン##偽分解
21928	leu^k/emi/o⟦白ᴸᴱ/血ᴱ/o⟧:{Ｏ}【病】白血病##偽分解(PIV正式分解)
21929	leu^ko/cit/o⟦白ᴸ/胞ᶜᴵ/o⟧:【解】=blanka sangoc^elo（白血球）##偽分解##過細分解 leu^ko/c/i/t/o
21931	leu^k/ore/o:【医】こしけ,帯下（たいげ）,おりもの,=blanka elfluo##偽分解(PIV正式分解)
21975	liber/a elektr/on/o⟦自由/a 电/子ᴼ/o⟧:【理】自由電子##偽分解
22004	liber/i/an/o⟦自由/i/员ᴬ/o⟧:リベリア人##偽分解
22010	Liber/i/o:{Ｏ}【国名】リベリア（アフリカ）##偽分解
22088	Lid/i/o:【史】リディア（古代小アジアの王国）##偽分解
22208	limf/ang/it/o⟦淋ᴸ/ang/炎ᵀ/o⟧:【病】リンパ管炎##偽分解
22209	limfat/ism/o⟦淋ᴸᵀ/主义/o⟧:【医】リンパ質,リンパ体質##偽分解(PIV正式分解)
22365	liti/o-jon/a akumul/ator/o⟦金ᴸ/o-离子/a 累/具ᴬ/o⟧:リチウムイオン蓄電池##偽分解(PIV正式分解)
22371	lit/o/graf/aj^/o⟦石ᴸ/o/记ᴳ/物/o⟧:【印】=litografo（石版印刷物）##偽分解##過細分解 l/i/t/o/graf/aj^/o
22372	lit/o/graf/i⟦石ᴸ/o/记ᴳ/i⟧:{Ｏ}［他］【印】石版印刷する,石版刷りにする##偽分解##過細分解 l/i/t/o/graf/i
22373	lit/o/grafi/o⟦石ᴸ/o/志ᴳ/o⟧:{Ｏ}【印】石版印刷（術）,リトグラフィー##偽分解##過細分解 l/i/t/o/grafi/o
22374	lit/o/graf/ist/o⟦石ᴸ/o/记ᴳ/家/o⟧:【印】石版工,石版師##偽分解##過細分解 l/i/t/o/graf/ist/o
22375	lit/o/graf/o⟦石ᴸ/o/记ᴳ/o⟧:【印】石版印刷物;石版画,リトグラフ##偽分解##過細分解 l/i/t/o/graf/o
22477	lok/a an/estez/o⟦处/a 无ᴬ/感ᴱ/o⟧:【医】局所麻酔##偽分解##過細分解 lok/a a/n/estez/o
22493	lok/o/mobil/o⟦处/o/动ᴹᴮ/o⟧:{Ｏ}【機】移動式蒸気機関##偽分解(PIV正式分解)
22532	long/distanc/a tele/fon/ad/o⟦长/距/a 远/声ᶠᴼ/行/o⟧:長距離電話##偽分解
22678	lumb/algi/o⟦腰ᴸ/痛ᴬ/o⟧:【病】腰痛,=lumba doloro##偽分解(PIV正式分解)
22711	lum/mikro/skop/o⟦光/微/镜ˢᴷ/o⟧:【理】光学顕微鏡##偽分解
22764	lup/in/o⟦狼/女/o⟧:【植】ルピナス（属）,ハウチワマメ（羽団扇豆）,ノボリフジ（昇藤）##偽分解(衝突語)
22871	magnet/it/o⟦磁/it/o⟧:【鉱】磁鉄鉱##偽分解(PIV正式分解)
22877	magnet/o/fon/i⟦磁/o/声ᶠᴼ/i⟧:［他］テープレコーダーで録音する,=surbendigi##偽分解(PIV正式分解)
22878	magnet/o/fon/o⟦磁/o/声ᶠᴼ/o⟧:{Ｏ}【電】テープレコーダー,=sonbendilo##偽分解(PIV正式分解)
22880	magnet/o/metr/o⟦磁/o/计ᴹ/o⟧:【理】磁力計##偽分解
22882	magnet/on/o⟦磁/子ᴼ/o⟧:【理】磁子##偽分解
22883	magnet/o/string/o⟦磁/o/勒ˢ/o⟧:【理】磁歪（わい）,=magnetodeformo##偽分解
22913	maja/a civil/iz/aci/o⟦maja/a 民ᶜ/化/态ᴬ/o⟧:【史】マヤ文明##偽分解
22959	maj^or/a ton/al/o⟦大ᴹᴶ̂/a 调/al/o⟧:【楽】長調##偽分解
22983	makro/cefal/o⟦宏ᴹ/头ᶜ/o⟧:《古》【動】=kac^aloto（マッコウクジラ）##偽分解(PIV正式分解)
22986	makro/kosm/o⟦宏ᴹ/宇/o⟧:大宇宙,><mikrokosmo##偽分解
22990	makro/skop/a⟦宏ᴹ/镜ˢᴷ/a⟧:【理】巨視的な;=okulvidebla（肉眼で見える）##偽分解(PIV正式分解)
22999	maksimum/term/o/metr/o⟦极ᴹ/热ᵀ/o/计ᴹ/o⟧:【気】最高温度計##偽分解(PIV正式分解)##過細分解 maksimum/t/e/r/m/o/metr/o
23019	mal/aer/o/bi/a⟦反/气/o/生ᴮᴵ/a⟧:【生】嫌気性の,=aernetolera##偽分解##過細分解 mal/aer/o/b/i/a
23428	mal/i/an/o⟦反/i/员ᴬ/o⟧:マリ人##偽分解
23454	Mal/i/o:【国名】マリ（アフリカ）##偽分解
23563	mal/kred/it/ig/i⟦反/信/受/使/i⟧:［他］=senkreditigi（信用を失わせる）##偽分解
23659	mal/mobil/iz/i⟦反/动ᴹᴮ/化/i⟧:［他］【軍】復員させる##偽分解(PIV正式分解)
23660	mal/mobil/iz/ig^/i⟦反/动ᴹᴮ/化/成/i⟧:［自］【軍】復員する##偽分解(PIV正式分解)
23661	mal/mobil/iz/o⟦反/动ᴹᴮ/化/o⟧:【軍】復員##偽分解(PIV正式分解)
23804	mal/polar/iz/ant/o⟦反/极ᴾᴿ/化/在/o⟧:【理】=>malpolariganto（復極剤）##偽分解
23805	mal/polar/iz/i⟦反/极ᴾᴿ/化/i⟧:［他］【理】〜の偏光を解消する##偽分解
24022	malt/az/o⟦麦芽/az/o⟧:【化】マルターゼ##偽分解(PIV正式分解)
24033	malt/oz/o⟦麦芽/糖ᴼ/o⟧:【化】マルトース,麦芽糖##偽分解(PIV正式分解)
24049	maltusian/ism/o⟦maltusian/主义/o⟧:=maltusanismo（マルサス主義）##偽分解##強語根分解
24143	mam/o/grafi/o⟦乳ᴹ/o/志ᴳ/o⟧:【医】マンモグラフィー,乳房Ｘ線撮影法##偽分解
24165	Manc^ur/i/a Incident/o:【史】満州事変##偽分解
24166	Manc^ur/i/o:【史】満州（現在の中国東北部）##偽分解
24255	Man/il/o:【地名】マニラ（フィリピンの首都）##偽分解(衝突語)
24261	manipul/ator/o⟦操ᴹᴾ/具ᴬ/o⟧:=manipulilo（マニピュレーター）##偽分解(PIV正式分解)
24283	Manks/insul/o:【地名】マン島（イギリス中西部）##偽分解
24292	man/o/metr/o⟦手/o/计ᴹ/o⟧:{Ｏ}【理】圧力計,マノメーター##偽分解##強語根分解##過細分解 m/a/n/o/metr/o
24400	Mar/i/o:{Ｏ}（男子名）マリオ,マリウス;（女子名）マリア,マリー##偽分解(衝突語)
24568	mas/spektr/o/graf/o⟦团ᴹ/谱/o/记ᴳ/o⟧:【理】質量分析器##偽分解(PIV正式分解)
24689	mau^ric/i/an/o⟦mau^ric/i/员ᴬ/o⟧:モーリシャス人##偽分解
24690	Mau^ric/i/o:【国名】モーリシャス（アフリカ）##偽分解
24763	medi/o⟦境/o⟧:【史】メディア（イラン北西部の古王国）##偽分解(衝突語)
24785	medol/it/o⟦髓ᴹᴰ/炎ᵀ/o⟧:【病】骨髄炎##偽分解
24796	mega/elektr/on/volt/o⟦百万ᴹᴳ/电/子ᴼ/volt/o⟧:【理】メガ電子ボルト（MeV）##偽分解
24797	mega/fon/o⟦巨ᴹᴱ/声ᶠᴼ/o⟧:メガホン,拡声器##偽分解(PIV正式分解)
24799	mega/lit/a⟦巨ᴹᴱ/石ᴸ/a⟧:巨石の;巨石文化の##偽分解##過細分解 mega/l/i/t/a
24800	mega/lit/a monument/o⟦巨ᴹᴱ/石ᴸ/a 碑/o⟧:巨石記念物##偽分解##過細分解 mega/l/i/t/a monument/o
24801	mega/lit/o⟦巨ᴹᴱ/石ᴸ/o⟧:【考古】巨石##偽分解##過細分解 mega/l/i/t/o
24802	megalo/mani/o⟦巨ᴹ/狂/o⟧:【病】誇大妄想##偽分解(PIV正式分解)
24803	megalo/mani/ul/o⟦巨ᴹ/狂/者/o⟧:【病】誇大妄想患者##偽分解(PIV正式分解)
24804	megalo/sau^r/o⟦巨ᴹ/爬虫/o⟧:【古生】メガロサウルス,斑竜（はんりゅう）##偽分解##エス的分解
24807	mega/vat/hor/o⟦百万ᴹᴳ/瓦ⱽ/钟/o⟧:【電】メガワット時（MWh）##偽分解
24808	mega/vat/o⟦百万ᴹᴳ/瓦ⱽ/o⟧:【電】メガワット（MW）##偽分解
24813	meh^an/ism/o⟦械ᴹᴺ/主义/o⟧:{Ｂ}=mekanismo（メカニズム）##偽分解
24826	mekan/ism/o⟦械ᴹᴷ/主义/o⟧:{Ｂ}機械装置,仕掛け,メカニズム;機構,構造,仕組み;【芸】技巧,テクニック##偽分解##強語根分解
24877	mem/bio/grafi/o⟦自/生ᴮᴼ/志ᴳ/o⟧:自伝,=au^tobiografio##偽分解
24977	mem/registr/a bar/o/metr/o⟦自/录/a 压ᴮ/o/计ᴹ/o⟧:【気】自記気圧計##偽分解
25027	mening/it/o⟦脑膜/炎ᵀ/o⟧:【病】髄膜炎,=meninginflamo##偽分解
25067	ment/ol/o⟦薄荷/ol/o⟧:【化】メントール,ハッカ脳##偽分解(PIV正式分解)##過細分解 ment/o/l/o
25110	merkantil/ism/o⟦merkantil/主义/o⟧:【経】重商主義##偽分解
25147	meta/centr/o⟦超ᴹ/央/o⟧:【理】傾きの中心##偽分解(PIV正式分解)
25148	meta/fizik/a⟦超ᴹ/物理/a⟧:形而上学の,形而上の;《転》きわめて抽象的な##偽分解(PIV正式分解)
25149	meta/fizik/ist/o⟦超ᴹ/物理/家/o⟧:形而上学者##偽分解(PIV正式分解)
25150	meta/fizik/o⟦超ᴹ/物理/o⟧:{Ｏ}【哲】形而上学##偽分解(PIV正式分解)
25174	meta/morf/a⟦超ᴹ/形ᴹ/a⟧:【地質】変成の##偽分解(PIV正式分解)
25175	meta/morf/a rok/o⟦超ᴹ/形ᴹ/a 岩/o⟧:【地質】変成岩##偽分解(PIV正式分解)
25176	meta/morf/ig^/o⟦超ᴹ/形ᴹ/成/o⟧:【地質】（岩石の）変成##偽分解(PIV正式分解)
25177	meta/morf/ism/o⟦超ᴹ/形ᴹ/主义/o⟧:【地質】（岩石の）変成作用##偽分解(PIV正式分解)
25178	meta/morf/oz/i⟦超ᴹ/形ᴹ/症ᴼ/i⟧:［他］変身させる,変形させる;《転》変貌させる##偽分解(PIV正式分解)
25179	meta/morf/oz/o⟦超ᴹ/形ᴹ/症ᴼ/o⟧:{Ｏ}変身,変形;【動】変態;【地質】=metamorfig^o;《転》変貌（へんぼう）##偽分解(PIV正式分解)
25180	met/an/a hidrat/o⟦甲/an/a 水合/o⟧:【化】メタンハイドレート##偽分解(PIV正式分解)##過細分解 m/e/t/a/n/a hidrat/o
25181	met/an/o⟦甲/an/o⟧:【化】メタン##偽分解(PIV正式分解)##過細分解 m/e/t/a/n/o
25182	met/an/ol/o⟦甲/an/ol/o⟧:【化】メタノール##偽分解(PIV正式分解)##過細分解 m/e/t/a/n/o/l/o
25183	meta/psik/i/o⟦超ᴹ/心ᴾˢ/i/o⟧:心霊学,心霊研究##偽分解(PIV正式分解)
25184	meta/stabil/a⟦超ᴹ/稳/a⟧:【理】準安定の##偽分解(PIV正式分解)
25185	meta/tars/o⟦超ᴹ/足根/o⟧:【解】中足（ちゅうそく）;中足骨##偽分解(PIV正式分解)
25187	meta/zo/oj⟦超ᴹ/兽ᶻ/oj⟧:【動】後生動物##偽分解##エス的分解
25189	meteo/logi/a bulten/o⟦气ᴹ/学ᴸᴳ/a 报ᴮ/o⟧:【気】気象通報##偽分解
25190	meteo/logi/a observatori/o⟦气ᴹ/学ᴸᴳ/a 天文台/o⟧:気象台##偽分解
25191	meteo/logi/a radar/o⟦气ᴹ/学ᴸᴳ/a radar/o⟧:【気】気象レーダー##偽分解
25192	meteo/logi/a satelit/o⟦气ᴹ/学ᴸᴳ/a 星ˢᵀ/o⟧:気象衛星##偽分解
25193	Meteo/logi/a Sub/ministeri/o:気象庁##偽分解
25194	meteo/logi/o⟦气ᴹ/学ᴸᴳ/o⟧:気象学,=meteorologio##偽分解
25195	meteo/log/o⟦气ᴹ/学家/o⟧:気象学者,=meteorologo##偽分解
25197	meteor/ism/o⟦陨/主义/o⟧:【医】鼓腸##偽分解##強語根分解##過細分解 m/e/t/e/o/r/ism/o
25199	meteor/o/logi/a bulten/o⟦陨/o/学ᴸᴳ/a 报ᴮ/o⟧:【気】気象通報##偽分解
25200	meteor/o/logi/a observatori/o⟦陨/o/学ᴸᴳ/a 天文台/o⟧:【気】気象台##偽分解
25201	meteor/o/logi/o⟦陨/o/学ᴸᴳ/o⟧:{Ｏ}気象学,=meteologio##偽分解
25202	meteor/o/log/o⟦陨/o/学家/o⟧:{Ｏ}気象学者,=meteologo##偽分解
25209	met/il/alkohol/o⟦甲/基/醇/o⟧:【化】メチルアルコール,=metanolo##偽分解(PIV正式分解)##過細分解 m/e/t/il/alkohol/o
25214	met/il/hidrarg/o⟦甲/基/汞/o⟧:【化】メチル水銀##偽分解(PIV正式分解)##過細分解 m/e/t/il/hidrarg/o
25215	met/il/klor/id/o⟦甲/基/氯/化ᴵᴰ/o⟧:【化】塩化メチル##偽分解(PIV正式分解)##過細分解 m/e/t/il/klor/id/o
25216	met/il/o⟦甲/基/o⟧:【化】メチル基##偽分解(PIV正式分解)##過細分解 m/e/t/il/o
25217	met/il/viol/o⟦甲/基/紫花/o⟧:【化】メチルバイオレット（染料）##偽分解(PIV正式分解)##過細分解 m/e/t/il/viol/o
25226	metod/o/logi/o⟦法ᴹ/o/学ᴸᴳ/o⟧:【哲】方法論##偽分解
25233	metr/ik/a⟦米/学ᴵ/a⟧:【文】韻律の;【数】計量の,距離の##偽分解
25234	metr/ik/o⟦米/学ᴵ/o⟧:{Ｏ}【文】韻律学,>>prozodio;【数】計量,距離##偽分解
25238	metr/o/logi/o⟦米/o/学ᴸᴳ/o⟧:【学】度量衡学,計測学##偽分解
25239	metr/o/nom/o⟦计ᴹ/o/律ᴺ/o⟧:{Ｏ}【楽】メトロノーム##偽分解##過細分解 metr/o/n/o/m/o
25285	mez/on/o⟦中/子ᴼ/o⟧:【理】中間子##偽分解
25286	mez/on/teori/o⟦中/子ᴼ/论ᵀ/o⟧:【理】中間子論##偽分解
25357	migr/a anti/ciklon/o⟦迁/a 抗ᴬ/旋ᶜ/o⟧:【気】移動性高気圧##偽分解
25382	mikro/amper/o⟦微/amper/o⟧:【電】マイクロアンペア（μA）##偽分解
25383	mikro/bio/logi/o⟦微/生ᴮᴼ/学ᴸᴳ/o⟧:微生物学##偽分解
25385	mikro/farad/o⟦微/farad/o⟧:【理】マイクロファラド（μＦ）##偽分解
25386	mikro/film/i⟦微/影ᶠ/i⟧:［他］【写】マイクロフィルムに撮影する##偽分解
25387	mikro/film/o⟦微/影ᶠ/o⟧:【写】マイクロフィルム##偽分解
25388	mikro/fon/o⟦微/声ᶠᴼ/o⟧:{Ｏ}マイクロフォン##偽分解(PIV正式分解)
25389	mikro/kanel/a⟦微/槽ᴷ/a⟧:【楽】ＬＰレコードの,=longeluda##偽分解
25390	mikro/kanel/a disk/o⟦微/槽ᴷ/a 盘ᴰ/o⟧:【楽】ＬＰレコード,=longeluda disko##偽分解
25391	mikro/kanel/o⟦微/槽ᴷ/o⟧:（ＬＰレコードの）微細溝;【楽】ＬＰレコード##偽分解
25393	mikro/kok/o⟦微/菌ᴷᴷ/o⟧:【生】球菌,ミクロコッカス（属）##偽分解
25394	mikro/kosm/o⟦微/宇/o⟧:小宇宙;（宇宙の縮図として）人間,><makrokosmo##偽分解
25395	mikro/kred/it/o⟦微/信/受/o⟧:《Ｎ》【経】マイクロクレジット,小規模金融##偽分解
25396	mikro/metr/o⟦微/米/o⟧:{Ｏ}【理】マイクロメーター##偽分解
25397	mikro/nezi/an/o⟦微/nezi/员ᴬ/o⟧:ミクロネシア人##偽分解
25398	Mikro/nezi/o:【国名】ミクロネシア連邦（大洋州）##偽分解
25399	Mikro/nezi/o:【地名】ミクロネシア（太平洋北西部の島々）##偽分解
25401	mikro/ond/a forn/o⟦微/波/a 炉/o⟧:【料】電子レンジ##偽分解
25402	mikro/organ/ism/o⟦微/器ᴼ/主义/o⟧:【生】微生物##偽分解
25403	mikro/sivert/o⟦微/sivert/o⟧:【理】マイクロシーベルト（線量当量のSI単位，μSv）##偽分解
25404	mikro/skop/a⟦微/镜ˢᴷ/a⟧:顕微鏡の,顕微鏡を使った;【理】微視的な,微細な##偽分解
25405	mikro/skop/o⟦微/镜ˢᴷ/o⟧:{Ｏ}【理】顕微鏡##偽分解
25406	Mikro/skop/o:【天】けんびきょう座##偽分解
25407	mikro/tom/o⟦微/切ᵀᴼ/o⟧:【理】ミクロトーム##偽分解(PIV正式分解)
25446	mili/gram/o⟦毫ᴹᴵ/克/o⟧:{Ｏ}【単】ミリグラム（mg）##偽分解
25447	mili/metr/o⟦毫ᴹᴵ/米/o⟧:{Ｂ}【単】ミリメートル（mm）##偽分解
25453	mili/sivert/o⟦毫ᴹᴵ/sivert/o⟧:【理】ミリシーベルト（線量当量のSI単位，mSv）##偽分解
25464	militar/ism/o⟦军ᴹ/主义/o⟧:軍国主義,=militismo##偽分解
25465	militar/ist/o⟦军ᴹ/家/o⟧:軍国主義者,=militisto##偽分解
25514	mime/o/graf/i⟦印ᴹ/o/记ᴳ/i⟧:［他］謄写版で刷る,=multobligi##偽分解
25515	mime/o/graf/o⟦印ᴹ/o/记ᴳ/o⟧:謄写版,=multobligilo##偽分解
25544	minera/logi/o⟦矿ᴹᴵ/学ᴸᴳ/o⟧:{Ｏ}鉱物学##偽分解##強語根分解
25545	minera/log/o⟦矿ᴹᴵ/学家/o⟧:{Ｏ}鉱物学者##偽分解##強語根分解
25555	mini/jup/o⟦mini/裙/o⟧:【服】ミニスカート##偽分解
25606	minor/a ton/al/o⟦小ᴹᴿ/a 调/al/o⟧:【楽】短調##偽分解
25645	miria/d/o⟦万/d/o⟧:{Ｏ}無数;《稀》一万##偽分解
25646	miria/metr/o⟦万/米/o⟧:{Ｏ}【単】ミリアメートル（＝１万メートル）##偽分解(PIV正式分解)
25647	miria/pod/oj⟦万/足ᴾᴼ/oj⟧:【動】多足類##偽分解
25705	mis/kred/it/ig/i⟦误/信/受/使/i⟧:［他］評判を悪くする##偽分解
25706	mis/kred/it/o⟦误/信/受/o⟧:不評,信用低下##偽分解
25755	mit/o/logi/o⟦神话/o/学ᴸᴳ/o⟧:{Ｏ}神話学;神話体系,神話集##偽分解
25756	mit/o/log/o⟦神话/o/学家/o⟧:{Ｏ}神話学者##偽分解
25757	mit/o/mani/o⟦神话/o/狂/o⟧:【心】虚言症##偽分解
25758	mit/o/mani/ul/o⟦神话/o/狂/者/o⟧:【心】虚言症患者##偽分解
25782	mjel/it/o⟦髓/炎ᵀ/o⟧:【病】脊髄炎,=mjelinflamo##偽分解
25788	mobil/iz/ad/o⟦动ᴹᴮ/化/行/o⟧:【軍】動員,召集;《転》結集##偽分解(PIV正式分解)
25789	mobil/iz/i⟦动ᴹᴮ/化/i⟧:{Ｏ}［他］【軍】動員する,（兵を）召集する;《転》呼び集める,結集する##偽分解(PIV正式分解)
25790	mobil/iz/o⟦动ᴹᴮ/化/o⟧:=mobilizado（動員）##偽分解(PIV正式分解)
25892	molekul/a bio/logi/o⟦分ᴹᴸ/a 生ᴮᴼ/学ᴸᴳ/o⟧:分子生物学##偽分解
25949	MONAT/O:【Ｅ】FEL発行の月刊総合誌##偽分解
25961	Mond/a Organ/iz/aj^/o pri Meteo/logi/o⟦Mond/a Organ/iz/aj^/o 于 Meteo/logi/o⟧:世界気象機関（WMO）##偽分解
26014	mon/ism/o⟦单ᴹᴼ/主义/o⟧:【哲】一元論,>>dualismo,><plurismo##偽分解##強語根分解##過細分解 m/o/n/ism/o
26026	mono/gami/o⟦单/配ᴳ/o⟧:一夫一婦制,>>poligamio##偽分解(PIV正式分解)
26027	mono/grafi/o⟦单/志ᴳ/o⟧:【学】モノグラフ,（特定課題についての）専攻論文##偽分解
26028	mono/gram/o⟦单/字ᴳᴹ/o⟧:{Ｏ}【印】モノグラム,（氏名の頭文字などを図案化した）組合せ文字##偽分解(PIV正式分解)##過細分解 mono/g/r/a/m/o
26030	mono/kristal/o⟦单/晶/o⟧:【理】単結晶##偽分解(PIV正式分解)
26031	mono/kromat/a⟦单/色ᴷᴿ/a⟧:【理】単色の;【写】白黒の,モノクロの##偽分解(PIV正式分解)
26032	mono/kromat/a fot/o⟦单/色ᴷᴿ/a 拍/o⟧:【写】白黒写真,モノクロ写真##偽分解(PIV正式分解)
26033	mono/kromat/a lum/o⟦单/色ᴷᴿ/a 光/o⟧:【理】単色光##偽分解(PIV正式分解)
26034	mono/kromat/or/o⟦单/色ᴷᴿ/or/o⟧:【理】モノクロメーター##偽分解##過細分解 mono/kromat/o/r/o
26035	mono/lit/a⟦单/石ᴸ/a⟧:モノリスの;《転》一枚岩の##偽分解##過細分解 mono/l/i/t/a
26036	mono/lit/o⟦单/石ᴸ/o⟧:【建】モノリス（一つの石でできた柱・碑）,一枚岩##偽分解##過細分解 mono/l/i/t/o
26037	mono/log/i⟦单/话ᴸ/i⟧:［自］独白する;ひとりごとを言う;《転》長話をする##偽分解
26038	mono/log/o⟦单/话ᴸ/o⟧:{Ｏ}【劇】独白,モノローグ;ひとりごと;《転》長話,長談義##偽分解
26039	mono/mani/o⟦单/狂/o⟧:{Ｏ}《古》【病】偏執狂,モノマニア,>>paranojo##偽分解(PIV正式分解)
26041	mono/plan/o⟦单/划/o⟧:【空】単葉機,>>biplano##偽分解##過細分解 mono/p/l/a/n/o
26053	mono/te/ism/o⟦单/神ᵀ/主义/o⟧:{Ｏ}【宗】一神論,一神教,=unudiismo##偽分解##過細分解 mono/t/e/ism/o
26054	mono/te/ist/o⟦单/神ᵀ/家/o⟧:【宗】一神論者,一神教信者,=unudiisto##偽分解##過細分解 mono/t/e/ist/o
26055	mono/ton/a⟦单/调/a⟧:{Ｏ}単調な,一本調子の,変化に乏しい##偽分解(PIV正式分解)
26056	mono/ton/ec/o⟦单/调/性/o⟧:単調さ,一本調子##偽分解(PIV正式分解)
26080	Mont/an/o:【地名】モンタナ州（米国）##偽分解
26091	Mont/e/krist/o:【地名】モンテクリスト島（イタリア西方）##偽分解
26092	mont/e/negr/an/o⟦山/e/黑ᴺᴱ/员ᴬ/o⟧:モンテネグロ人##偽分解
26093	Mont/e/negr/o:【国名】モンテネグロ（欧州）##偽分解
26156	Morav/i/o:【地名】モラバ地方（＝モラビア，チェコ）##偽分解
26179	morf/o/logi/o⟦形ᴹ/o/学ᴸᴳ/o⟧:【語】形態論;【生】形態学##偽分解
26287	motor/gener/ator/o⟦动ᴹᵀ/生ᴳᴿ/具ᴬ/o⟧:【電】電動発電機##偽分解(PIV正式分解)
26354	muk/oz/o⟦粘/症ᴼ/o⟧:【解】粘膜,=mukmembrano##偽分解
26389	mult/fac/et/a⟦多/面/小/a⟧:多彩な,多様な##偽分解
26614	nacional/ism/o⟦nacional/主义/o⟧:《古》=naciismo（民族主義）##偽分解
26623	naft/ol/o⟦原油/ol/o⟧:【化】ナフトール##偽分解(PIV正式分解)##過細分解 naft/o/l/o
26671	namib/i/an/o⟦namib/i/员ᴬ/o⟧:ナミビア人##偽分解
26672	Namib/i/o:【国名】ナミビア（アフリカ）##偽分解
26687	nano/sekund/o⟦nano/秒/o⟧:【単】ナノ秒（ns）##偽分解(PIV正式分解)
26742	natri/a bi/karbon/at/o⟦钠/a 二ᴮ/碳/盐ᴬ/o⟧:【化】重曹,重炭酸ナトリウム（＝炭酸水素ナトリウム）##偽分解(PIV正式分解)
26743	natri/a hidr/o/gen/karbon/at/o⟦钠/a 水ᴴ/o/生ᴳ/碳/盐ᴬ/o⟧:【化】炭酸水素ナトリウム##偽分解(PIV正式分解)##過細分解 natri/a h/i/d/r/o/gen/karbon/at/o
26744	natri/a hidr/oksid/o⟦钠/a 水ᴴ/氧化/o⟧:【化】水酸化ナトリウム##偽分解(PIV正式分解)##過細分解 natri/a h/i/d/r/oksid/o
26745	natri/a karbon/at/o⟦钠/a 碳/盐ᴬ/o⟧:【化】炭酸ナトリウム##偽分解(PIV正式分解)
26748	natri/a nitr/at/o⟦钠/a 氮/盐ᴬ/o⟧:【化】硝酸ナトリウム##偽分解(PIV正式分解)
26749	natri/a sulf/at/o⟦钠/a 硫/盐ᴬ/o⟧:【化】硫酸ナトリウム##偽分解(PIV正式分解)
26760	natural/ism/o⟦自然/主义/o⟧:{Ｏ}【芸】【哲】自然主義##偽分解
26761	natural/ist/o⟦自然/家/o⟧:【芸】【哲】自然主義者##偽分解
26762	natural/iz/i⟦自然/化/i⟧:［他］【法】帰化させる,=nacianigi##偽分解
26763	natural/iz/it/o⟦自然/化/受/o⟧:【法】帰化人,=nacianigito##偽分解
26764	natural/iz/o⟦自然/化/o⟧:【法】帰化,=nacianigo##偽分解
27108	ne/izo/trop/a⟦不/等ᴵ/向ᵀ/a⟧:【理】異方性の##偽分解(PIV正式分解)
27109	ne/izo/trop/ec/o⟦不/等ᴵ/向ᵀ/性/o⟧:【理】異方性##偽分解(PIV正式分解)
27172	nekr/o/log/ar/o⟦死ᴺ/o/学家/群/o⟧:死亡者名簿##偽分解
27173	nekr/o/log/o⟦死ᴺ/o/学家/o⟧:{Ｏ}死亡記事,故人略歴##偽分解
27251	neo/lit/ik/o⟦新ᴺᴱ/石ᴸ/学ᴵ/o⟧:【考古】新石器時代,=novs^tonepoko##偽分解##過細分解 neo/l/i/t/ik/o
27252	neo/log/ism/o⟦新ᴺᴱ/话ᴸ/主义/o⟧:{Ｏ}【Ｇ】新語,=novradiko;新語法##偽分解
27290	nepot/ism/o⟦nepot/主义/o⟧:{Ｏ}縁者びいき##偽分解##強語根分解
27426	neu^r/algi/o⟦神经ᴺᵁ̆/痛ᴬ/o⟧:【病】神経痛,=nervodoloro##偽分解(PIV正式分解)
27427	neu^r/asteni/o⟦神经ᴺᵁ̆/弱ᴬ/o⟧:【病】神経衰弱##偽分解(PIV正式分解)
27428	neu^r/o/kirurg/i/o⟦神经ᴺᵁ̆/o/外科/i/o⟧:【医】脳外科##偽分解(PIV正式分解)
27429	neu^r/o/logi/o⟦神经ᴺᵁ̆/o/学ᴸᴳ/o⟧:神経学,神経内科（学）##偽分解
27430	neu^r/o/pter/oj⟦神经ᴺᵁ̆/o/翅/oj⟧:【虫】脈翅類（みゃくしるい）##偽分解##エス的分解
27431	neu^r/oz/a⟦神经ᴺᵁ̆/症ᴼ/a⟧:ノイローゼの,神経症の##偽分解(PIV正式分解)
27432	neu^r/oz/o⟦神经ᴺᵁ̆/症ᴼ/o⟧:【病】ノイローゼ,神経症##偽分解(PIV正式分解)
27433	neu^r/oz/ul/o⟦神经ᴺᵁ̆/症ᴼ/者/o⟧:ノイローゼ患者,神経症患者##偽分解(PIV正式分解)
27456	neu^tr/on/a bomb/o⟦中ᴺᴱ/子ᴼ/a 弹/o⟧:中性子爆弾##偽分解
27457	neu^tr/on/a stel/o⟦中ᴺᴱ/子ᴼ/a 星/o⟧:【天】中性子星##偽分解
27458	neu^tr/on/o⟦中ᴺᴱ/子ᴼ/o⟧:【理】中性子##偽分解
27493	NIF/O:［略］=Neidentigita Fluganta Objekto（未確認飛行物体，ＵＦＯ）##偽分解(衝突語)
27545	nig^er/i/an/o⟦nig^er/i/员ᴬ/o⟧:ナイジェリア人##偽分解
27546	Nig^er/i/o:【国名】ナイジェリア（アフリカ）##偽分解
27550	nihil/ism/o⟦无ᴺᴴ/主义/o⟧:{Ｏ}ニヒリズム,虚無主義##偽分解##強語根分解
27551	nihil/ist/o⟦无ᴺᴴ/家/o⟧:{Ｏ}ニヒリスト,虚無主義者##偽分解##強語根分解
27583	nimf/o/mani/o⟦精ᴺ/o/狂/o⟧:【病】ニンフォマニア,女子色情症,>>satiriazo##偽分解
27595	nitr/at/a acid/o⟦氮/盐ᴬ/a 酸/o⟧:【化】硝酸##偽分解(PIV正式分解)
27596	nitr/at/o⟦氮/盐ᴬ/o⟧:【化】硝酸塩##偽分解(PIV正式分解)
27597	nitr/id/o⟦氮/化ᴵᴰ/o⟧:【化】窒化物##偽分解
27598	nitr/it/o⟦氮/盐ᴵ/o⟧:【化】亜硝酸塩##偽分解(PIV正式分解)
27602	nitr/o/gen/a cikl/o⟦氮/o/生ᴳ/a 环ᶜ/o⟧:【環】窒素循環##偽分解(PIV正式分解)
27603	nitr/o/gen/a oksid/o⟦氮/o/生ᴳ/a 氧化/o⟧:（〜aj 〜oj）【環】窒素酸化物##偽分解(PIV正式分解)
27604	nitr/o/gen/o⟦氮/o/生ᴳ/o⟧:【化】窒素##偽分解(PIV正式分解)
27694	nomad/o⟦牧ᴺ/o⟧:命名##偽分解(衝突語)
27728	nomo/genez/o⟦nomo/源ᴳ/o⟧:《Ｎ》【生】ノモゲネシス##偽分解##強語根分解##過細分解 n/o/m/o/genez/o
27737	nord/a hemi/sfer/o⟦北/a 半/球ˢ/o⟧:北半球##偽分解(PIV正式分解)
27750	nord/hemi/sfer/a⟦北/半/球ˢ/a⟧:北半球の##偽分解(PIV正式分解)
27866	nov/jork/a⟦新/jork/a⟧:ニューヨークの##偽分解
27867	nov/jork/an/o⟦新/jork/员ᴬ/o⟧:ニューヨーク市民##偽分解
27869	Nov/jork/o:【地名】=Nov-Jorko（ニューヨーク）##偽分解
27903	Nub/i/a Dezert/o:【地名】ヌビア砂漠（アフリカ北部）##偽分解
27905	Nub/i/o:【地名】ヌビア（エジプト南部からスーダン北部に広がる地域）##偽分解
27937	nukle/a konvert/or/o⟦核ᴺ/a 转ᴷ/or/o⟧:【理】転換炉##偽分解##過細分解 nukle/a konvert/o/r/o
27949	nukle/on/o⟦核ᴺ/子ᴼ/o⟧:【理】核子,>>protono,>>neu^trono##偽分解
27975	numer/ator/o⟦号/具ᴬ/o⟧:【数】分子,>>denominatoro##偽分解(PIV正式分解)
28112	ocean/o/grafi/o⟦洋/o/志ᴳ/o⟧:海洋学,=marscienco##偽分解
28186	oftalm/it/o⟦目ᴼᶠ/炎ᵀ/o⟧:【病】眼炎,=okulinflamo##偽分解(PIV正式分解)
28187	oftalm/o/logi/o⟦目ᴼᶠ/o/学ᴸᴳ/o⟧:【医】眼科##偽分解
28188	oftalm/o/log/o⟦目ᴼᶠ/o/学家/o⟧:【医】眼科医,=okulkuracisto##偽分解
28239	okcipit/al/o⟦后脑/向/o⟧:【解】=okcipitosto（後頭骨）##偽分解(PIV正式分解)##過細分解 okcipit/a/l/o
28271	oksi/gen/a bomb/o⟦氧/生ᴳ/a 弹/o⟧:【理】酸素ボンベ##偽分解(PIV正式分解)
28272	oksi/gen/akv/o⟦氧/生ᴳ/水/o⟧:【化】オキシフル,過酸化水素水##偽分解(PIV正式分解)
28273	oksi/gen/o⟦氧/生ᴳ/o⟧:{Ｏ}【化】酸素##偽分解(PIV正式分解)
28274	oksi/gen/postul/o⟦氧/生ᴳ/求ᴾˢ/o⟧:【環】酸素要求量##偽分解(PIV正式分解)
28276	okt/an/a nombr/o⟦辛/an/a 数/o⟧:オクタン価##偽分解(PIV正式分解)##過細分解 o/k/t/a/n/a nombr/o
28277	okt/an/o⟦辛/an/o⟧:【化】オクタン##偽分解(PIV正式分解)##過細分解 o/k/t/a/n/o
28330	okzal/at/a acid/o⟦酸模/盐ᴬ/a 酸/o⟧:【化】シュウ酸##偽分解(PIV正式分解)
28407	onan/ism/o⟦onan/主义/o⟧:【医】自慰,オナニー,=sinmasturbado##偽分解##強語根分解
28441	ond/o/metr/o⟦波/o/计ᴹ/o⟧:【理】波長計##偽分解
28474	ont/o/genez/o⟦将/o/源ᴳ/o⟧:【生】個体発生,=individugenezo##偽分解##強語根分解##過細分解 o/n/t/o/genez/o
28476	ont/o/logi/o⟦将/o/学ᴸᴳ/o⟧:【哲】存在論##偽分解##強語根分解##過細分解 o/n/t/o/logi/o
28553	optim/ism/a⟦乐ᴼᴾ/主义/a⟧:楽天的な,楽観的な##偽分解##強語根分解
28554	optim/ism/o⟦乐ᴼᴾ/主义/o⟧:{Ｏ}【哲】オプティミズム,楽天主義;楽観,><pesimismo##偽分解##強語根分解
28555	optim/ist/o⟦乐ᴼᴾ/家/o⟧:{Ｏ}オプティミスト,楽天主義者;楽天家,><pesimisto##偽分解##強語根分解
28674	organ/ism/o⟦器ᴼ/主义/o⟧:{Ｏ}【生】有機体;生物,=vivulo##偽分解
28709	oriental/ism/o⟦东ᴼᴸ/主义/o⟧:東洋趣味;東洋学,>>orientologio##偽分解
28710	oriental/ist/o⟦东ᴼᴸ/家/o⟧:東洋通;東洋学者,>>orientologo##偽分解
28730	orient/o/logi/o⟦东/o/学ᴸᴳ/o⟧:東洋学;オリエント学##偽分解
28731	orient/o/log/o⟦东/o/学家/o⟧:東洋学者;オリエント学者##偽分解
28767	orkid/it/o⟦兰/炎ᵀ/o⟧:【病】精巣炎,睾丸炎,=testikinflamo##偽分解
28792	ornit/o/logi/o⟦鸟ᴼ/o/学ᴸᴳ/o⟧:{Ｏ}鳥学,鳥類学##偽分解##強語根分解
28793	ornit/o/log/o⟦鸟ᴼ/o/学家/o⟧:{Ｏ}鳥学者,鳥類学者##偽分解##強語根分解
28794	ornit/o/rink/o⟦鸟ᴼ/o/嘴/o⟧:【動】カモノハシ（鴨嘴）（属）##偽分解##エス的分解
28796	oro/grafi/o⟦oro/志ᴳ/o⟧:{Ｏ}【地理】山岳誌,山岳学##偽分解##強語根分解##過細分解 o/r/o/grafi/o
28817	orto/genez/o⟦直ᴼ/源ᴳ/o⟧:《Ｎ》【生】定向進化##偽分解(PIV正式分解)
28818	orto/grafi/o⟦直ᴼ/志ᴳ/o⟧:{Ｂ}【Ｇ】正書法,正字法;（個々の）綴り（つづり）##偽分解
28819	orto/kromat/a⟦直ᴼ/色ᴷᴿ/a⟧:【写】（現像で）整色性の##偽分解(PIV正式分解)
28823	orto/pter/oj⟦直ᴼ/翅/oj⟧:【虫】直翅類,バッタ目,>>lokusto,>>manto##偽分解##エス的分解
28834	oscil/ator/o⟦振ᴼ/具ᴬ/o⟧:【電】=oscililo（発振器）##偽分解(PIV正式分解)
28838	oscil/o/graf/o⟦振ᴼ/o/记ᴳ/o⟧:【理】オシログラフ##偽分解(PIV正式分解)
28839	oscil/o/skop/o⟦振ᴼ/o/镜ˢᴷ/o⟧:【理】オシロスコープ##偽分解
28846	osmoz/o/metr/o⟦渗/o/计ᴹ/o⟧:【理】浸透圧計##偽分解
28863	ost/o/logi/o⟦骨/o/学ᴸᴳ/o⟧:骨学##偽分解
28865	ostrac/ism/o⟦ostrac/主义/o⟧:{Ｏ}【史】（古代ギリシアの）陶片追放,オストラシズム##偽分解##強語根分解
28877	ot/it/o⟦耳ᴼᵀ/炎ᵀ/o⟧:【病】耳炎（じえん）,=orelinflamo##偽分解(PIV正式分解)
28879	ot/o/rin/o/laring/o/logi/o⟦耳ᴼᵀ/o/鼻ᴿ/o/喉ᴸ/o/学ᴸᴳ/o⟧:【医】耳鼻咽喉科##偽分解
28936	pacif/ism/o⟦和ᴾᶠ/主义/o⟧:{Ｏ}平和主義,=pacismo##偽分解
28937	pacif/ist/o⟦和ᴾᶠ/家/o⟧:{Ｏ}平和主義者,=pacisto##偽分解
29049	pak/tol/o⟦包/布/o⟧:【地名】パクトロス川（トルコ，ミダス王の伝説で知られる）##偽分解(衝突語)
29071	pale/o/grafi/o⟦古ᴾᴬ/o/志ᴳ/o⟧:{Ｏ}古文書学##偽分解
29072	pale/o/graf/o⟦古ᴾᴬ/o/记ᴳ/o⟧:{Ｏ}古文書学者##偽分解(PIV正式分解)
29073	paleo/lit/ik/o⟦古ᴾ/石ᴸ/学ᴵ/o⟧:【考古】旧石器時代,=pras^tonepoko##偽分解##過細分解 paleo/l/i/t/ik/o
29074	paleont/o/logi/o⟦古ᴾᴺ/o/学ᴸᴳ/o⟧:{Ｏ}古生物学##偽分解##強語根分解
29075	paleont/o/log/o⟦古ᴾᴺ/o/学家/o⟧:{Ｏ}古生物学者##偽分解##強語根分解
29162	pan/kromat/a⟦全ᴾ/色ᴷᴿ/a⟧:【写】（乳剤が）全色性の,パンクロの##偽分解##過細分解 p/a/n/kromat/a
29181	pan/te/ism/o⟦全ᴾ/神ᵀ/主义/o⟧:{Ｏ}【哲】汎神論（はんしんろん）##偽分解##過細分解 p/a/n/t/e/ism/o
29182	pan/te/ist/o⟦全ᴾ/神ᵀ/家/o⟧:{Ｏ}【哲】汎神論者##偽分解##過細分解 p/a/n/t/e/ist/o
29253	papil/om/o⟦papil/瘤/o⟧:【医】乳頭腫（にゅうとうしゅ）##偽分解(PIV正式分解)##過細分解 papil/o/m/o
29291	para/fraz/i⟦para/句/i⟧:［他］パラフレーズする,やさしく言い換える;わかりやすく意訳する##偽分解(PIV正式分解)
29292	para/fraz/o⟦para/句/o⟧:{Ｏ}パラフレーズ,説明的言い換え;敷衍（ふえん）した意訳##偽分解(PIV正式分解)
29293	para/graf/o⟦para/记ᴳ/o⟧:{Ｏ}【Ｇ】節,段落;【印】段落標（¶）;【法】（条文の）項,>>artikolo##偽分解(PIV正式分解)
29300	paralel/a inter/fac/o⟦并/a 间/面/o⟧:【情】パラレルインタフェース##偽分解
29312	paralel/o/gram/o⟦并/o/图ᴳᴹ/o⟧:{Ｏ}【数】平行四辺形##偽分解(PIV正式分解)##過細分解 paralel/o/g/r/a/m/o
29318	para/log/ism/o⟦para/学家/主义/o⟧:【哲】偽推理##偽分解
29319	para/magnet/a⟦para/磁/a⟧:【理】常磁性の##偽分解
29320	para/magnet/a korp/o⟦para/磁/a 体/o⟧:【理】常磁性体##偽分解
29321	para/magnet/ism/o⟦para/磁/主义/o⟧:【理】常磁性##偽分解(PIV正式分解)
29323	para/metr/o⟦para/米/o⟧:【数】助変数,媒介変数;【情】パラメータ,仮引数（かりひきすう）##偽分解(PIV正式分解)
29337	para/tif/o⟦para/疹/o⟧:【病】パラチフス##偽分解(PIV正式分解)
29342	parazit/o/logi/o⟦寄生/o/学ᴸᴳ/o⟧:【医】寄生虫学##偽分解
29374	pariet/al/o⟦壁ᴾ/向/o⟧:【解】頭頂骨,=parietosto##偽分解(PIV正式分解)##過細分解 pariet/a/l/o
29425	paroks/ism/a⟦极ᴾᴷ/主义/a⟧:最も昂ぶった;【医】発作性の##偽分解##強語根分解
29426	paroks/ism/o⟦极ᴾᴷ/主义/o⟧:{Ｏ}（感情の）激発,絶頂,>>kulmino;【医】発作##偽分解##強語根分解
29452	par/onim/o⟦par/名ᴼ/o⟧:【語】類音語##偽分解##過細分解 p/a/r/onim/o
29478	parti/o⟦党/o⟧:【史】パルティア（イランの古代王国）##偽分解(衝突語)
29623	pat/o/gen/a⟦病ᴾ/o/生ᴳ/a⟧:【医】病原性の,=malsaniga##偽分解##過細分解 p/a/t/o/gen/a
29624	pat/o/logi/a⟦病ᴾ/o/学ᴸᴳ/a⟧:病理学の;病的な##偽分解##過細分解 p/a/t/o/logi/a
29625	pat/o/logi/o⟦病ᴾ/o/学ᴸᴳ/o⟧:{Ｏ}病理学##偽分解##過細分解 p/a/t/o/logi/o
29626	pat/o/log/o⟦病ᴾ/o/学家/o⟧:{Ｏ}病理学者##偽分解##過細分解 p/a/t/o/log/o
29650	patr/i/o⟦父/i/o⟧:=patrujo（祖国）##偽分解
29679	pau^per/ism/o⟦pau^per/主义/o⟧:（社会の）貧困状態##偽分解##強語根分解
29730	pedo/fil/i/o⟦童ᴾ/爱ᶠ/i/o⟧:小児性愛,=infanseksemo##偽分解##過細分解 pedo/f/i/l/i/o
29731	pedo/logi/o⟦童ᴾ/学ᴸᴳ/o⟧:《稀》児童学,育児学##偽分解##強語根分解
29826	penicil/in/o⟦菌ᴾᴺ/in/o⟧:{Ｏ}【薬】ペニシリン##偽分解(PIV正式分解)
29865	penta/metr/o⟦五ᴾ/米/o⟧:{Ｏ}【文】五歩格（の詩）##偽分解(PIV正式分解)
29965	peri/heli/o⟦围ᴾ/日ᴴᴱ/o⟧:【天】近日点,><afelio##偽分解
29966	peri/kardi/o⟦围ᴾ/心ᴷᴰ/o⟧:【解】心膜##偽分解
29967	peri/kard/o⟦围ᴾ/心ᴷᴬ/o⟧:【解】=perikardio（心膜）##偽分解(PIV正式分解)
29970	peri/metr/o⟦围ᴾ/测ᴹᴱ/o⟧:{Ｏ}【数】（平面図形の）周囲の長さ##偽分解
29980	peri/ost/it/o⟦围ᴾ/骨/炎ᵀ/o⟧:【病】骨膜炎##偽分解(PIV正式分解)
29981	peri/ost/o⟦围ᴾ/骨/o⟧:【解】骨膜##偽分解
29983	peri/skop/o⟦围ᴾ/镜ˢᴷ/o⟧:{Ｏ}潜望鏡,展望鏡,ペリスコープ##偽分解
29991	perkol/at/i⟦浸ᴾ/被/i⟧:=perkoli##偽分解
30019	per/mangan/at/o⟦过ᴾᴱᴿ/锰/盐ᴬ/o⟧:【化】過マンガン酸塩##偽分解(PIV正式分解)##過細分解 p/e/r/mangan/at/o
30039	per/oksid/o⟦过ᴾᴱᴿ/氧化/o⟧:【化】過酸化物##偽分解(PIV正式分解)##過細分解 p/e/r/oksid/o
30127	pesim/ism/a⟦悲ᴾ/主义/a⟧:悲観的な,厭世的な##偽分解##強語根分解
30128	pesim/ism/o⟦悲ᴾ/主义/o⟧:{Ｏ}悲観論,ペシミズム,厭世観（えんせいかん）,><optimismo##偽分解##強語根分解
30129	pesim/ist/o⟦悲ᴾ/家/o⟧:{Ｏ}悲観論者,ペシミスト,厭世家（えんせいか）,><optimisto##偽分解##強語根分解
30134	pest/icid/o⟦疫ᴾ/杀/o⟧:【環】農薬,殺虫剤,除草剤##偽分解(PIV正式分解)
30263	piet/ism/o⟦敬ᴾᵀ/主义/o⟧:【キ】敬虔主義（17世紀末ドイツのルター派教会からおこった宗教運動）##偽分解##強語根分解
30296	pikn/o/metr/o⟦pikn/o/计ᴹ/o⟧:【理】比重びん##偽分解##強語根分解
30403	pir/heli/o/metr/o⟦火ᴾ/日ᴴᴱ/o/计ᴹ/o⟧:【理】日射計##偽分解##強語根分解##過細分解 p/i/r/heli/o/metr/o
30406	pir/o/elektr/a⟦火ᴾ/o/电/a⟧:【理】ピロ電気の##偽分解##過細分解 p/i/r/o/elektr/a
30410	pir/o/magnet/a⟦火ᴾ/o/磁/a⟧:【理】熱磁気の##偽分解##過細分解 p/i/r/o/magnet/a
30411	pir/o/teknik/aj^/o⟦火ᴾ/o/技/物/o⟧:花火,=fajraj^o,=artfajraj^o##偽分解##過細分解 p/i/r/o/teknik/aj^/o
30412	pir/o/teknik/ist/o⟦火ᴾ/o/技/家/o⟧:花火師,=fajraj^isto##偽分解##過細分解 p/i/r/o/teknik/ist/o
30413	pir/o/teknik/o⟦火ᴾ/o/技/o⟧:花火製造術##偽分解##過細分解 p/i/r/o/teknik/o
30429	pist/il/o⟦捣/具/o⟧:{Ｏ}【植】めしべ,雌蘂（しずい）,><stameno##偽分解(衝突語)
30492	plan/i/metri/o⟦平ᴾ/i/测ᴹᵀ/o⟧:【数】面積測定法##偽分解##過細分解 p/l/a/n/i/metri/o
30507	plant/geo/grafi/o⟦植/地ᴳ/志ᴳ/o⟧:植物地理学##偽分解
30659	plen/meta/morf/oz/a⟦满/超ᴹ/形ᴹ/症ᴼ/a⟧:【虫】完全変態の##偽分解(PIV正式分解)
30687	pleu^r/it/o⟦胸膜/炎ᵀ/o⟧:【病】胸膜炎,（旧用語で）肋膜炎（ろくまくえん）##偽分解
30948	pneu^mon/i/o⟦肺ᴾᴺ/i/o⟧:【病】肺炎,=pulminflamo##偽分解(PIV正式分解)
31011	polar/i/metr/o⟦极ᴾᴿ/i/计ᴹ/o⟧:【理】偏光計##偽分解
31012	polar/iz/a⟦极ᴾᴿ/化/a⟧:【理】偏光の##偽分解
31013	polar/iz/a angul/o⟦极ᴾᴿ/化/a 角/o⟧:【理】偏光角##偽分解
31014	polar/iz/ad/o⟦极ᴾᴿ/化/行/o⟧:【通】偏波##偽分解
31015	polar/iz/a filtr/il/o⟦极ᴾᴿ/化/a 滤/具/o⟧:【写】偏光フィルター##偽分解
31016	polar/iz/a mikro/skop/o⟦极ᴾᴿ/化/a 微/镜ˢᴷ/o⟧:【理】偏光顕微鏡##偽分解
31017	polar/iz/i⟦极ᴾᴿ/化/i⟧:［他］【理】偏光させる;=polarigi（分極させる）##偽分解
31018	polar/iz/il/o⟦极ᴾᴿ/化/具/o⟧:【理】偏光子##偽分解
31019	polar/iz/it/a lum/o⟦极ᴾᴿ/化/受/a 光/o⟧:【理】偏光##偽分解
31020	polar/iz/o⟦极ᴾᴿ/化/o⟧:【理】偏光（現象）;分極,=polarigo##偽分解
31032	polen/oz/o⟦粉ᴾᴺ/症ᴼ/o⟧:【病】花粉症##偽分解
31052	poli/etilen/o⟦多ᴾ/etilen/o⟧:【化】ポリエチレン##偽分解(PIV正式分解)
31053	poli/fon/i/a⟦多ᴾ/声ᶠᴼ/i/a⟧:【楽】ポリフォニーの,多声の##偽分解(PIV正式分解)
31054	poli/fon/i/o⟦多ᴾ/声ᶠᴼ/i/o⟧:【楽】ポリフォニー,多声音楽##偽分解(PIV正式分解)
31055	poli/gami/o⟦多ᴾ/配ᴳ/o⟧:複婚（一夫多妻・一妻多夫）,>>pluredzineco,>>pluredzeco;【動】多婚性##偽分解(PIV正式分解)
31059	poli/klinik/o⟦多ᴾ/诊/o⟧:総合病院##偽分解(PIV正式分解)
31062	poli/mer/ig/i⟦多ᴾ/链节/使/i⟧:［他］【化】重合させる##偽分解(PIV正式分解)
31063	poli/mer/ig^/i⟦多ᴾ/链节/成/i⟧:［自］【化】重合する##偽分解(PIV正式分解)
31064	poli/mer/o⟦多ᴾ/链节/o⟧:【化】重合体,ポリマー##偽分解(PIV正式分解)
31069	poli/o/mjel/it/o⟦多ᴾ/o/髓/炎ᵀ/o⟧:【病】ポリオ,急性灰白髄炎,小児麻痺,=infana paralizo##偽分解(PIV正式分解)
31072	polip/oz/o⟦息肉/症ᴼ/o⟧:【病】ポリープ症##偽分解
31074	poli/te/ism/o⟦多ᴾ/神ᵀ/主义/o⟧:{Ｏ}【宗】多神教,=plurdiismo##偽分解##過細分解 poli/t/e/ism/o
31075	poli/te/ist/o⟦多ᴾ/神ᵀ/家/o⟧:【宗】多神教徒##偽分解##過細分解 poli/t/e/ist/o
31076	poli/teknik/o⟦多ᴾ/技/o⟧:ポリテクニーク（大学レベルの総合技術専門学校）,理工科大学##偽分解(PIV正式分解)
31083	politik/a geo/grafi/o⟦政/a 地ᴳ/志ᴳ/o⟧:政治地理学##偽分解
31107	polit/o/log/o⟦政ᴾᴼ/o/学家/o⟧:政治学者,=politiksciencisto##偽分解##強語根分解
31182	pom/o/logi/o⟦苹/o/学ᴸᴳ/o⟧:【園】果樹園芸学##偽分解
31207	pop/art/o⟦pop/艺/o⟧:【美】ポップ・アート##偽分解##強語根分解
31212	pop/muzik/o⟦pop/乐/o⟧:【楽】ポップ・ミュージック,ポップス##偽分解##強語根分解
31306	porn/o/grafi/o⟦淫/o/志ᴳ/o⟧:ポルノグラフィー##偽分解
31318	port/ebl/a tele/fon/o⟦运/可/a 远/声ᶠᴼ/o⟧:携帯電話,=pos^telefono##偽分解
31332	Port/land/a cement/o⟦Port/land/a 水泥/o⟧:ポルトランドセメント##偽分解
31333	Port/land/o:【地名】ポートランド（米国）##偽分解
31334	Port/luis/o:【地名】ポートルイス（モーリシャスの首都）##偽分解
31339	Port/o/princ/o:【地名】ポルトープランス,=Porto-Princo##偽分解
31340	Port/o/princ/o:【地名】ポルトープランス（ハイチの首都）##偽分解
31435	post/rikolt/a pest/icid/o⟦后/获ᴿ/a 疫ᴾ/杀/o⟧:【環】ポストハーベスト農薬##偽分解(PIV正式分解)
31444	post/sin/kron/ig/i⟦后/共ˢ/时ᴷ/使/i⟧:［他］【映】アフレコを入れる##偽分解##過細分解 post/s/i/n/k/r/o/n/ig/i
31445	post/sin/kron/ig/o⟦后/共ˢ/时ᴷ/使/o⟧:【映】アフレコ##偽分解##過細分解 post/s/i/n/k/r/o/n/ig/o
31459	postul/at/o⟦求ᴾˢ/被/o⟧:【論】要請;【数】公準,>>aksiomo##偽分解
31493	pos^/tele/fon/o⟦袋ᴾ/远/声ᶠᴼ/o⟧:携帯電話##偽分解
31531	potenci/o/metr/o⟦potenci/o/计ᴹ/o⟧:【理】電位差計##偽分解##強語根分解
31650	pra/tip/o de kilo/gram/o⟦原/型/o 从 千ᴷᴵ/克/o⟧:【理】キログラム原器,>>etalono##偽分解(PIV正式分解)
31688	predikat/iv/a⟦谓/能ᴵ/a⟧:属詞の,叙述の##偽分解
31689	predikat/iv/o⟦谓/能ᴵ/o⟧:【Ｇ】属詞,叙述補語##偽分解
31842	prestidigit/ator/o⟦戏法/员ᴬᵀ/o⟧:=prestidigitisto（手品師）##偽分解(PIV正式分解)
31911	prezent/i altern/at/iv/on⟦呈/i 替/被/能ᴵ/on⟧:対案を提示する##偽分解
32044	pri/skrib/a geo/metri/o⟦于/书ˢ/a 地ᴳ/测ᴹᵀ/o⟧:画法幾何学##偽分解
32109	pro/cent/eg/e⟦因ᴾ/百/巨/e⟧:高利で,>>uzure##偽分解
32110	pro/cent/eg/ist/o⟦因ᴾ/百/巨/家/o⟧:高利貸,>>uzuristo##偽分解
32111	pro/cent/eg/o⟦因ᴾ/百/巨/o⟧:【商】高利,>>uzuro##偽分解
32112	pro/cent/o⟦因ᴾ/百/o⟧:{Ｂ}パーセント,=elcento;利率,利回り;利息,利子,=interezo##偽分解
32166	profilakt/ik/a⟦防ᴾᴿ/学ᴵ/a⟧:【医】予防の##偽分解(PIV正式分解)
32167	profilakt/ik/o⟦防ᴾᴿ/学ᴵ/o⟧:【医】（病気の）予防,予防法##偽分解(PIV正式分解)
32285	pro/log/o⟦前ᴾᴼ/话ᴸ/o⟧:{Ｏ}【文】序言,序文,序章,プロローグ;序幕,（古典劇の）前口上,序詞,><epilogo##偽分解##過細分解 p/r/o/log/o
32286	Pro/log/o:【情】プロログ,PROLOG（プログラミング言語）##偽分解(衝突語)
32329	prop/an/gas/o⟦丙/an/气ᴳ/o⟧:プロパンガス##偽分解(PIV正式分解)##過細分解 prop/a/n/gas/o
32347	proporci/a re/prezent/ad/o⟦比ᴾ/a 再/呈/行/o⟧:【政】比例代表##偽分解
32399	protagon/ist/o⟦protagon/家/o⟧:{Ｏ}【劇】主役;【文】主人公,=c^efrolulo##偽分解##強語根分解
32416	protest/ant/a⟦抗/在/a⟧:プロテスタントの,新教の##偽分解
32417	protest/ant/a templ/o⟦抗/在/a 庙/o⟧:プロテスタントの教会堂##偽分解
32418	protest/ant/ism/o⟦抗/在/主义/o⟧:【キ】プロテスタンティズム,新教##偽分解
32419	protest/ant/o⟦抗/在/o⟧:【キ】プロテスタント,新教徒##偽分解
32427	proto/kanajl/o⟦原ᴾᵀ/恶棍/o⟧:大悪党,元凶##偽分解(PIV正式分解)
32431	prot/on/o⟦质子/子ᴼ/o⟧:【理】陽子,>>atomo,>>elektrono,>>neu^trono##偽分解(PIV正式分解)
32432	proto/plasm/o⟦原ᴾᵀ/浆/o⟧:【生】原形質##偽分解(PIV正式分解)
32433	proto/tip/o⟦原ᴾᵀ/型/o⟧:{Ｏ}原型,基本型,=pratipo;【機】試作品,プロトタイプ##偽分解(PIV正式分解)
32434	proto/zo/oj⟦原ᴾᵀ/兽ᶻ/oj⟧:【動】原生動物（門）##偽分解(PIV正式分解)
32439	prov/a lapar/o/tomi/o⟦试/a 腹ᴸ/o/切ᵀᴹ/o⟧:【医】診査開腹術,試験開腹##偽分解
32464	provincial/ism/o⟦省ᴾᴸ/主义/o⟧:【語】=provincismo（地方なまり）##偽分解(PIV正式分解)
32564	pseu^do/nim/o⟦伪ᴾ/名ᴺᴵ/o⟧:{Ｏ}=pseu^donomo（偽名）##偽分解
32581	psik/o/logi/a⟦心ᴾˢ/o/学ᴸᴳ/a⟧:心理学の;心理的な,=psika##偽分解
32582	psik/o/logi/a milit/o⟦心ᴾˢ/o/学ᴸᴳ/a 战/o⟧:心理戦争##偽分解
32583	psik/o/logi/a pri/skrib/o⟦心ᴾˢ/o/学ᴸᴳ/a 于/书ˢ/o⟧:心理描写##偽分解
32584	psik/o/logi/a roman/o⟦心ᴾˢ/o/学ᴸᴳ/a 小说/o⟧:心理小説##偽分解
32585	psik/o/logi/o⟦心ᴾˢ/o/学ᴸᴳ/o⟧:{Ｂ}心理学##偽分解
32586	psik/o/log/o⟦心ᴾˢ/o/学家/o⟧:{Ｏ}心理学者##偽分解
32587	psik/o/neu^r/oz/o⟦心ᴾˢ/o/神经ᴺᵁ̆/症ᴼ/o⟧:【病】精神神経症##偽分解(PIV正式分解)
32590	psik/oz/o⟦心ᴾˢ/症ᴼ/o⟧:【病】精神病,精神障害##偽分解
32591	psikr/o/metr/o⟦psikr/o/计ᴹ/o⟧:【理】乾湿計##偽分解##強語根分解
32628	publik/a tele/fon/o⟦公/a 远/声ᶠᴼ/o⟧:公衆電話##偽分解
32873	radar/o:【機】=radoaro（歯車装置）##偽分解(衝突語)
32889	radi/ator/o⟦射ᴿ/具ᴬ/o⟧:{Ｂ}【機】ラジエーター,放熱器（暖房装置や自動車エンジンの冷却器）##偽分解(PIV正式分解)
32891	radi/estez/o⟦射ᴿ/感ᴱ/o⟧:放射感知術（振り子や棒で地下水脈や病因を検知するという占いの一種）##偽分解(PIV正式分解)
32914	radi/o/aktiv/a⟦射ᴿ/o/活ᴬ/a⟧:【理】放射能のある,放射性の##偽分解
32915	radi/o/aktiv/a element/o⟦射ᴿ/o/活ᴬ/a 素/o⟧:【理】放射性元素##偽分解
32916	radi/o/aktiv/aj de/fal/aj^/oj⟦射ᴿ/o/活ᴬ/aj 从/落/物/oj⟧:放射性降下物##偽分解
32917	radi/o/aktiv/aj for/j^et/aj^/oj⟦射ᴿ/o/活ᴬ/aj 离/投/物/oj⟧:【環】放射性廃棄物##偽分解
32918	radi/o/aktiv/aj rub/oj⟦射ᴿ/o/活ᴬ/aj 废/oj⟧:【環】放射性廃棄物##偽分解
32919	radi/o/aktiv/a polu/ad/o⟦射ᴿ/o/活ᴬ/a 污ᴾ/行/o⟧:【環】放射能汚染##偽分解
32920	radi/o/aktiv/a substanc/o⟦射ᴿ/o/活ᴬ/a 质ˢ/o⟧:【理】放射性物質##偽分解
32921	radi/o/aktiv/ec/o⟦射ᴿ/o/活ᴬ/性/o⟧:【理】放射能##偽分解
32926	radi/o/astr/o/nomi/o⟦射ᴿ/o/星ᴬ/o/学ᴺ/o⟧:【天】電波天文学##偽分解
32928	radi/o/foni/o⟦射ᴿ/o/声ᶠᴵ/o⟧:ラジオ放送,=radioelsendo;【通】無線電話##偽分解
32929	radi/o/fon/o⟦射ᴿ/o/声ᶠᴼ/o⟧:=radioricevilo（ラジオ受信機）##偽分解(PIV正式分解)
32930	radi/o/fot/o/grafi/o⟦射ᴿ/o/拍/o/志ᴳ/o⟧:=radiografio（Ｘ線写真術）##偽分解
32932	radi/o/graf/ad/o⟦射ᴿ/o/记ᴳ/行/o⟧:【医】【理】Ｘ線撮影##偽分解(PIV正式分解)
32933	radi/o/graf/aj^/o⟦射ᴿ/o/记ᴳ/物/o⟧:【医】【理】Ｘ線写真##偽分解(PIV正式分解)
32934	radi/o/graf/i⟦射ᴿ/o/记ᴳ/i⟧:{Ｏ}［他］【医】【理】Ｘ線写真に撮る##偽分解(PIV正式分解)
32935	radi/o/grafi/o⟦射ᴿ/o/志ᴳ/o⟧:【医】Ｘ線撮影法##偽分解
32936	radi/o/graf/ist/o⟦射ᴿ/o/记ᴳ/家/o⟧:【医】Ｘ線技師##偽分解(PIV正式分解)
32937	radi/o/gram/o⟦射ᴿ/o/图ᴳᴹ/o⟧:無線電報##偽分解(PIV正式分解)##過細分解 radi/o/g/r/a/m/o
32940	radi/o/logi/o⟦射ᴿ/o/学ᴸᴳ/o⟧:【学】放射線学,放射線医学##偽分解
32941	radi/o/log/o⟦射ᴿ/o/学家/o⟧:【学】放射線学者,放射線医##偽分解
32942	radi/o/metr/o⟦射ᴿ/o/计ᴹ/o⟧:【理】放射計##偽分解
32947	radi/o/skop/i/o⟦射ᴿ/o/镜ˢᴷ/i/o⟧:【医】透視,Ｘ線透視##偽分解
32948	radi/o/skop/i/o de stomak/o⟦射ᴿ/o/镜ˢᴷ/i/o 从 胃/o⟧:胃の透視##偽分解
32952	radi/o/tele/grafi/o⟦射ᴿ/o/远/志ᴳ/o⟧:無線電信##偽分解
32953	radi/o/tele/gram/o⟦射ᴿ/o/远/图ᴳᴹ/o⟧:=radiogramo（無線電報）##偽分解(PIV正式分解)##過細分解 radi/o/tele/g/r/a/m/o
32954	radi/o/tele/skop/o⟦射ᴿ/o/远/镜ˢᴷ/o⟧:【天】電波望遠鏡##偽分解
32955	radi/o/terapi/o⟦射ᴿ/o/疗/o⟧:【医】放射線療法,Ｘ線療法##偽分解
33088	rapid/o/metr/o⟦速/o/计ᴹ/o⟧:【機】速度計,=rapidindikilo##偽分解
33306	refer/at/o⟦报ᴿᶠ/被/o⟧:=referaj^o（研究報告書）##偽分解
33319	refleks/o/logi/o⟦反射ᴿˢ/o/学ᴸᴳ/o⟧:【生】反射学##偽分解
33322	reflekt/a tele/skop/o⟦反射/a 远/镜ˢᴷ/o⟧:【天】反射望遠鏡##偽分解
33337	re/form/ator/o⟦再/形/具ᴬ/o⟧:=reformisto（改革論者）##偽分解(PIV正式分解)
33345	refrakt/a tele/skop/o⟦折ᴿᶠ/a 远/镜ˢᴷ/o⟧:【天】屈折望遠鏡##偽分解
33352	refrakt/o/metr/o⟦折ᴿᶠ/o/计ᴹ/o⟧:【理】屈折計##偽分解
33448	regul/ator/o⟦规/具ᴬ/o⟧:【機】=regulilo（調整器）##偽分解(PIV正式分解)
33597	rektum/o/skop/i/o⟦直肠/o/镜ˢᴷ/i/o⟧:【医】直腸鏡検査##偽分解
33598	rektum/o/skop/o⟦直肠/o/镜ˢᴷ/o⟧:【医】直腸鏡##偽分解
33736	re/nom/a⟦再/名/a⟧:名の通った,評判のよい##偽分解
33738	re/nom/ig^/i⟦再/名/成/i⟧:［自］名声を博す,有名になる##偽分解
33739	re/nom/o⟦再/名/o⟧:名声,有名,評判,>>famo,>>reputacio##偽分解
33761	reo/logi/o⟦流ᴿ/学ᴸᴳ/o⟧:【理】レオロジー##偽分解##強語根分解
33764	reo/stat/o⟦流ᴿ/态/o⟧:【電】可変抵抗器,加減抵抗器##偽分解
33785	re/prezent/a⟦再/呈/a⟧:代表的な##偽分解
33786	re/prezent/ad/o⟦再/呈/行/o⟧:代表##偽分解
33787	re/prezent/ant/a⟦再/呈/在/a⟧:代表する##偽分解
33788	re/prezent/ant/o⟦再/呈/在/o⟧:代表者##偽分解
33789	re/prezent/i⟦再/呈/i⟧:{Ｂ}［他］代表する##偽分解(衝突語)
33819	re/son/ator/o⟦再/声/具ᴬ/o⟧:【理】共振器,共鳴器##偽分解(PIV正式分解)
33883	Re/sum/a Tribunal/o:【法】（日本の）簡易裁判所##偽分解
33884	re/sum/e⟦再/总/e⟧:要するに,つまり,結局##偽分解
33885	re/sum/i⟦再/总/i⟧:［他］要約する,概括する##偽分解(衝突語)
33887	re/sum/o⟦再/总/o⟧:{Ｂ}要約,概要,摘要,レジュメ##偽分解
33979	re/tus^/i⟦再/触/i⟧:［他］【写】修整する;【情】（画像を）レタッチする##偽分解
33991	reu^mat/ism/o⟦风湿/主义/o⟧:{Ｏ}【病】リウマチ,リューマチ##偽分解(PIV正式分解)
33992	reu^mat/ism/ul/o⟦风湿/主义/者/o⟧:【病】リウマチ患者##偽分解(PIV正式分解)
34111	rezult/at/i⟦果ᴿ/被/i⟧:［自］=rezulti（結果になる）##偽分解
34112	rezult/at/ig/i⟦果ᴿ/被/使/i⟧:［他］=rezultigi（結果をもたらす）##偽分解
34113	rezult/at/o⟦果ᴿ/被/o⟧:{Ｏ}=rezulto（結果）##偽分解
34292	rin/o/cer/o⟦鼻ᴿ/o/角/o⟧:{Ｏ}【動】サイ（犀）（属・科）##偽分解##エス的分解
34428	rojal/ism/o⟦王ᴿᴶ/主义/o⟧:王政主義,王党主義##偽分解
34429	rojal/ist/o⟦王ᴿᴶ/家/o⟧:{Ｏ}王政主義者,王党員,王党派##偽分解
34439	Rok/mont/ar/o:【地名】ロッキー山脈（北アメリカ）##偽分解
34460	roman/a⟦小说/a⟧:ローマ人の##偽分解(衝突語)
34461	roman/a cifer/o⟦小说/a 数ᶜ/o⟧:=>roma cifero（ローマ数字）##偽分解(衝突語)
34470	Roman/i/o:=>Romio（ローマ帝国）##偽分解
34473	roman/o⟦小说/o⟧:【史】ローマ人;ローマ市民##偽分解(衝突語)
34486	Rom/i/a Imperi/o:【史】ローマ帝国##偽分解
34487	rom/i/a kod/o⟦rom/i/a 码/o⟧:【法】ローマ法##偽分解
34488	rom/i/an/o⟦rom/i/员ᴬ/o⟧:【史】ローマ帝国民##偽分解
34489	Rom/i/o:【史】ローマ帝国##偽分解
34763	Rus/a-Japan/a Milit/o:（la 〜）【史】日露戦争##偽分解
34793	rut/in/o⟦草ᴿ/女/o⟧:{Ｏ}熟練,熟達;型にはまった行動,日課,慣例##偽分解(衝突語)
34848	saf/ism/o⟦saf/主义/o⟧:【心】（女性の）同性愛,=sapfismo##偽分解##強語根分解
34849	saf/ism/ul/in/o⟦saf/主义/者/女/o⟧:【心】女子同性愛者,レスビアン,=lesbanino##偽分解##強語根分解
34885	sakar/in/o⟦蔗/in/o⟧:【化】サッカリン##偽分解(PIV正式分解)
34886	sakar/oz/o⟦蔗/糖ᴼ/o⟧:【化】ショ糖,サッカロース##偽分解(PIV正式分解)
35212	s-an/o⟦s-员ᴬ/o⟧:【Ｅ】［略］=samideano,同志##偽分解
35769	Sen/egal/o:【国名】セネガル（アフリカ）##偽分解(衝突語)
35770	Sen/egal/o:【地名】セネガル川（アフリカ西部）##偽分解(衝突語)
35927	sen/kred/it/ig/i⟦无/信/受/使/i⟧:［他］【商】信用を失わせる##偽分解
35977	sen/meta/morf/oz/a⟦无/超ᴹ/形ᴹ/症ᴼ/a⟧:【虫】無変態の##偽分解(PIV正式分解)
36043	sen/pest/icid/a⟦无/疫ᴾ/杀/a⟧:【環】無農薬の##偽分解(PIV正式分解)
36094	sen/rezult/at/a⟦无/果ᴿ/被/a⟧:=senrezulta（成果のない）##偽分解
36153	sensual/ism/o⟦sensual/主义/o⟧:【哲】=sensismo（感覚論）;【美】官能主義##偽分解
36277	sep/tet/o⟦七/tet/o⟧:{Ｏ}【楽】七重奏,七重唱（曲・団）##偽分解(PIV正式分解)##過細分解 sep/t/e/t/o
36315	seri/a inter/fac/o⟦列ˢ/a 间/面/o⟧:【情】シリアルインタフェース##偽分解
36405	ses/t/o⟦六/t/o⟧:【楽】六度音程##偽分解(PIV正式分解)
36434	sfer/o/metr/o⟦球ˢ/o/计ᴹ/o⟧:【理】球面計##偽分解
36441	si/a⟦己/a⟧:【Ｅ】［略］=Semajno de Internacia Amikeco##偽分解(衝突語)
36574	silik/oz/o⟦硅ˢᴷ/症ᴼ/o⟧:【病】珪肺（けいはい）##偽分解
36592	silog/ism/i⟦论ˢ/主义/i⟧:［自］三段論法で論じる##偽分解##強語根分解
36593	silog/ism/o⟦论ˢ/主义/o⟧:{Ｏ}三段論法##偽分解##強語根分解
36730	sinkret/ism/o⟦混ˢ/主义/o⟧:【哲】【宗】混合主義,習合,シンクレティズム##偽分解##強語根分解
36732	sin/kron/a⟦共ˢ/时ᴷ/a⟧:同時に起きる;【電】同期の,同期した;【語】共時的な##偽分解##過細分解 s/i/n/k/r/o/n/a
36733	sin/kron/ec/o⟦共ˢ/时ᴷ/性/o⟧:同時発生,同時性##偽分解##過細分解 s/i/n/k/r/o/n/ec/o
36734	sin/kron/ig/i⟦共ˢ/时ᴷ/使/i⟧:［他］同期させる;【映】シンクロナイズする##偽分解##過細分解 s/i/n/k/r/o/n/ig/i
36746	sin/onim/a⟦共ˢ/名ᴼ/a⟧:【Ｇ】同義の,類義の,>>samsignifa##偽分解##過細分解 s/i/n/onim/a
36747	sin/onim/ec/o⟦共ˢ/名ᴼ/性/o⟧:【Ｇ】同義性,類義性##偽分解##過細分解 s/i/n/onim/ec/o
36748	sin/onim/o⟦共ˢ/名ᴼ/o⟧:{Ｏ}【Ｇ】同義語,類義語,>>homonimo##偽分解##過細分解 s/i/n/onim/o
36782	sion/ism/o⟦sion/主义/o⟧:=cionismo（シオニズム）##偽分解##強語根分解
36788	sir/i/a:シリアの##偽分解
36789	Sir/i/a Dezert/o:【地名】シリア砂漠（アラビア北部）##偽分解
36790	sir/i/a hibisk/o⟦sir/i/a 芙蓉/o⟧:【植】ムクゲ（木槿）##偽分解
36791	sir/i/an/o⟦sir/i/员ᴬ/o⟧:シリア人##偽分解
36795	Sir/i/o:{Ｏ}【国名】シリア（アジア）##偽分解
36796	Sir/i/o:【地名】シリア（現トルコ南東端からシナイ半島に至る地域の歴史的名称）##偽分解
36803	sism/o/graf/o⟦震ˢ/o/记ᴳ/o⟧:【機】地震計##偽分解(PIV正式分解)
36804	sism/o/logi/o⟦震ˢ/o/学ᴸᴳ/o⟧:【学】地震学##偽分解
36863	skapol/algi/o⟦肩ˢ/痛ᴬ/o⟧:【病】肩甲骨痛##偽分解(PIV正式分解)
36953	skler/oz/o⟦硬ˢ/症ᴼ/o⟧:【病】硬化症,>>malmolig^o##偽分解
37061	Slavon/i/o:【史】スラボニア（クロアチア東部の古名）##偽分解
37143	soci/o/logi/a⟦社/o/学ᴸᴳ/a⟧:社会学の##偽分解
37144	soci/o/logi/ist/o⟦社/o/学ᴸᴳ/家/o⟧:社会学者##偽分解
37145	soci/o/logi/o⟦社/o/学ᴸᴳ/o⟧:{Ｏ}社会学##偽分解
37146	soci/o/log/o⟦社/o/学家/o⟧:{Ｏ}社会学者,=sociologiisto##偽分解
37356	son/metr/o⟦声/计ᴹ/o⟧:【環】騒音計##偽分解
37457	sovet/i/a:ソ連の##偽分解
37458	sovet/i/an/o⟦sovet/i/员ᴬ/o⟧:ソ連人##偽分解
37459	Sovet/i/o:【史】ソビエト連邦,ソ連,=Sovet-Unio##偽分解
37465	spac/a geo/metri/o⟦空/a 地ᴳ/测ᴹᵀ/o⟧:立体幾何学##偽分解
37548	spekt/ator/o⟦观ˢ/员ᴬᵀ/o⟧:=spektanto（観客）##偽分解(PIV正式分解)
37557	spektr/o/graf/o⟦谱/o/记ᴳ/o⟧:【理】分光写真器##偽分解(PIV正式分解)
37558	spektr/o/gram/o⟦谱/o/图ᴳᴹ/o⟧:【理】分光写真##偽分解(PIV正式分解)##過細分解 spektr/o/g/r/a/m/o
37560	spektr/o/metri/o⟦谱/o/测ᴹᵀ/o⟧:【理】分光測光##偽分解
37561	spektr/o/metr/o⟦谱/o/计ᴹ/o⟧:【理】分光計##偽分解
37563	spektr/o/skop/i/a analiz/o⟦谱/o/镜ˢᴷ/i/a 析/o⟧:【理】分光分析##偽分解
37564	spektr/o/skop/i/o⟦谱/o/镜ˢᴷ/i/o⟧:【理】分光学##偽分解
37565	spektr/o/skop/o⟦谱/o/镜ˢᴷ/o⟧:【理】分光器##偽分解
37578	spele/o/logi/o⟦洞ˢᴾ/o/学ᴸᴳ/o⟧:洞穴学,=kavernoscienco##偽分解##強語根分解
37673	spiritual/ism/o⟦灵ˢᴸ/主义/o⟧:{Ｏ}【哲】唯心論;【宗】心霊主義;《般》精神主義##偽分解
37674	spiritual/ist/o⟦灵ˢᴸ/家/o⟧:{Ｏ}【哲】唯心論者;【宗】心霊主義者;《般》精神主義者##偽分解
37889	stear/in/o:{Ｏ}【化】ステアリン##偽分解(PIV正式分解)
37917	sten/o/graf/ad/o⟦sten/o/记ᴳ/行/o⟧:速記##偽分解(PIV正式分解)
37918	sten/o/graf/aj^/o⟦sten/o/记ᴳ/物/o⟧:速記文##偽分解(PIV正式分解)
37919	sten/o/graf/i⟦sten/o/记ᴳ/i⟧:{Ｏ}［他］速記する##偽分解(PIV正式分解)
37920	sten/o/grafi/ist/o⟦sten/o/志ᴳ/家/o⟧:速記者,=stenografo##偽分解
37921	sten/o/grafi/o⟦sten/o/志ᴳ/o⟧:{Ｏ}速記術,速記法##偽分解
37922	sten/o/graf/o⟦sten/o/记ᴳ/o⟧:速記者,=stenografiisto##偽分解(PIV正式分解)
37923	sten/o/tip/i⟦sten/o/型/i⟧:［他］速記タイプで記録する##偽分解
37924	sten/o/tip/i/o⟦sten/o/型/i/o⟧:速記タイプ術##偽分解
37925	sten/o/tip/ist/o⟦sten/o/型/家/o⟧:速記タイピスト##偽分解
37926	sten/o/tip/o⟦sten/o/型/o⟧:速記タイプ,ステノタイプ##偽分解
37929	stereo/fon/i/a⟦立体/声ᶠᴼ/i/a⟧:ステレオの##偽分解(PIV正式分解)
37930	stereo/fon/i/o⟦立体/声ᶠᴼ/i/o⟧:{Ｏ}立体音響（効果）##偽分解(PIV正式分解)
37931	stereo/fon/o⟦立体/声ᶠᴼ/o⟧:ステレオ（装置）##偽分解(PIV正式分解)
37932	stereo/grafi/a projekci/o⟦立体/志ᴳ/a 射ᴾᴿ/o⟧:【理】ステレオ投影##偽分解
37933	stereo/grafi/o⟦立体/志ᴳ/o⟧:立体画法,実体画法##偽分解
37934	stereo/metri/o⟦立体/测ᴹᵀ/o⟧:【数】立体幾何学;求積法##偽分解
37935	stereo/skop/i/o⟦立体/镜ˢᴷ/i/o⟧:【理】立体視法##偽分解(PIV正式分解)
37936	stereo/skop/o⟦立体/镜ˢᴷ/o⟧:【理】立体鏡,実体鏡,ステレオスコープ##偽分解(PIV正式分解)
37959	steto/skop/i⟦胸ˢ/镜ˢᴷ/i⟧:［他］聴診する,=au^skultumi##偽分解##強語根分解
37960	steto/skop/o⟦胸ˢ/镜ˢᴷ/o⟧:【医】聴診器##偽分解##強語根分解
38032	stomak/it/o⟦胃/炎ᵀ/o⟧:【病】胃炎,=stomakinflamo##偽分解
38084	strat/tele/fon/o⟦街/远/声ᶠᴼ/o⟧:公衆電話##偽分解
38127	strikn/in/o⟦木ˢᴺ/in/o⟧:{Ｏ}【化】ストリキニーネ##偽分解(PIV正式分解)
38141	strobo/skop/a fot/o⟦闪ˢ/镜ˢᴷ/a 拍/o⟧:【理】ストロボ写真##偽分解##強語根分解
38142	strobo/skop/o⟦闪ˢ/镜ˢᴷ/o⟧:【理】ストロボスコープ##偽分解##強語根分解
38315	sublim/at/o⟦崇/被/o⟧:{Ｏ}【化】昇コウ;=sublimaj^o（昇華物）##偽分解
38340	Sub/ministeri/o pri Meteo/logi/o⟦Sub/ministeri/o 于 Meteo/logi/o⟧:（la 〜）気象庁##偽分解
38461	sud/a hemi/sfer/o⟦南/a 半/球ˢ/o⟧:南半球##偽分解(PIV正式分解)
38466	sud/an/o⟦南/员ᴬ/o⟧:{Ｏ}【国名】スーダン（アフリカ）##偽分解(衝突語)
38467	sud/an/o⟦南/员ᴬ/o⟧:【地名】スーダン（アフリカ大陸を東西に横切る大サバンナ地帯）##偽分解(衝突語)
38478	sud/hemi/sfer/a⟦南/半/球ˢ/a⟧:南半球の##偽分解(PIV正式分解)
38578	sulf/at/a acid/o⟦硫/盐ᴬ/a 酸/o⟧:【化】硫酸##偽分解(PIV正式分解)
38579	sulf/at/o⟦硫/盐ᴬ/o⟧:【化】硫酸塩##偽分解(PIV正式分解)
38580	sulf/id/o⟦硫/化ᴵᴰ/o⟧:【化】硫化物##偽分解(PIV正式分解)
38581	sulf/it/o⟦硫/盐ᴵ/o⟧:【化】亜硫酸塩##偽分解(PIV正式分解)
38584	sulfur/di/oksid/o⟦硫ˢᴿ/二ᴰᴵ/氧化/o⟧:【化】二酸化硫黄##偽分解(PIV正式分解)##過細分解 sulfur/d/i/oksid/o
38599	sum/er/o⟦总/粒/o⟧:【史】シュメール（古代メソポタミアの地方名）##偽分解(衝突語)
38659	Suom/i/o:《稀》【地名】スオミ（フィンランド語による自称）,=Finnlando##偽分解
38733	super/pozici/o⟦上ˢᴾ/位ᴾ/o⟧:【理】重ね合せ##偽分解
39222	S^i/a Reg^/in/a Mos^t/o:（三人称）女王陛下##偽分解(PIV正式分解)
39223	s^ija/ism/o⟦s^ija/主义/o⟧:【イ】シーア派（の教義）,>>sunaismo##偽分解##強語根分解
39224	s^ija/ist/o⟦s^ija/家/o⟧:【イ】シーア派教徒##偽分解##強語根分解
39401	s^ovin/ism/a⟦s^ovin/主义/a⟧:排外的な##偽分解##強語根分解
39402	s^ovin/ism/o⟦s^ovin/主义/o⟧:{Ｏ}排他的愛国心,排外主義,ショービニスム##偽分解##強語根分解
39403	s^ovin/ist/o⟦s^ovin/家/o⟧:{Ｏ}排他的愛国者,拝外主義者,ショービニスト##偽分解##強語根分解
39640	s^uld/i al la membr/oj detal/an klar/ig/on⟦欠/i 向 la 员/oj 细ᴰᵀ/an 清/使/on⟧:会員に詳しく説明しなければならない##偽分解
39795	tajd/pov/a elektr/o/produkt/o⟦潮/能/a 电/o/产/o⟧:【環】潮力発電##偽分解
39827	taksi/metr/o⟦车ᵀᴷ/计ᴹ/o⟧:タクシーメーター,料金自動表示器##偽分解
39909	tan/in/o⟦制革/in/o⟧:{Ｏ}【化】タンニン##偽分解(PIV正式分解)
39922	ta/o/ism/an/o⟦ta/o/主义/员ᴬ/o⟧:【宗】道士##偽分解
39923	ta/o/ism/o⟦ta/o/主义/o⟧:【宗】道教##偽分解
39951	tartr/at/a acid/o⟦酒石/盐ᴬ/a 酸/o⟧:【化】酒石酸##偽分解(PIV正式分解)
39952	tartr/at/o⟦酒石/盐ᴬ/o⟧:【化】酒石酸塩##偽分解(PIV正式分解)
39986	tau^t/o/logi/o⟦tau^t/o/学ᴸᴳ/o⟧:【論】同語反復;【修】類語反復##偽分解##強語根分解
39998	T-c^el/a leu^k/emi/o⟦T-胞/a 白ᴸᴱ/血ᴱ/o⟧:【病】Ｔ細胞白血病##偽分解(PIV正式分解)
40044	te/ism/o⟦神ᵀ/主义/o⟧:{Ｏ}【哲】有神論,>>diismo,><ateismo##偽分解##過細分解 t/e/ism/o
40045	te/ist/o⟦神ᵀ/家/o⟧:{Ｏ}有神論者##偽分解##過細分解 t/e/ist/o
40091	tele/au^t/o/graf/i⟦远/自ᴬ/o/记ᴳ/i⟧:［他］書画電送する##偽分解##過細分解 tele/a/u^/t/o/graf/i
40092	tele/au^t/o/graf/o⟦远/自ᴬ/o/记ᴳ/o⟧:書画電送装置,（商標）テロートグラフ##偽分解##過細分解 tele/a/u^/t/o/graf/o
40095	tele/film/o⟦远/影ᶠ/o⟧:テレビ映画##偽分解
40096	tele/fon/a⟦远/声ᶠᴼ/a⟧:電話の##偽分解
40097	tele/fon/abon/ant/o⟦远/声ᶠᴼ/订ᴬ/在/o⟧:電話加入者##偽分解
40098	tele/fon/ad/o⟦远/声ᶠᴼ/行/o⟧:電話すること##偽分解
40099	tele/fon/a lini/o⟦远/声ᶠᴼ/a 线/o⟧:電話回線,電話線##偽分解
40100	tele/fon/aparat/o⟦远/声ᶠᴼ/器ᴬ/o⟧:電話機##偽分解
40101	tele/fon/a ret/o⟦远/声ᶠᴼ/a 网/o⟧:電話網##偽分解
40102	tele/fon/a tarif/o⟦远/声ᶠᴼ/a 价ᵀ/o⟧:電話料金##偽分解
40103	tele/fon/bud/o⟦远/声ᶠᴼ/棚/o⟧:電話ボックス##偽分解
40104	tele/fon/central/o⟦远/声ᶠᴼ/央ᶜᴸ/o⟧:電話局##偽分解
40105	tele/fon/ej/o⟦远/声ᶠᴼ/所/o⟧:電話室##偽分解
40106	tele/fon/i⟦远/声ᶠᴼ/i⟧:［他］電話する,電話で話す##偽分解
40107	tele/fon/ist/in/o⟦远/声ᶠᴼ/家/女/o⟧:電話交換手##偽分解
40108	tele/fon/ist/o⟦远/声ᶠᴼ/家/o⟧:電話交換手##偽分解
40109	tele/fon/kart/o⟦远/声ᶠᴼ/卡/o⟧:テレホンカード##偽分解
40110	tele/fon/libr/o⟦远/声ᶠᴼ/书/o⟧:電話帳##偽分解
40111	tele/fon/mark/o⟦远/声ᶠᴼ/标ᴹ/o⟧:（公衆電話用の）コイン##偽分解
40112	tele/fon/numer/o⟦远/声ᶠᴼ/号/o⟧:電話番号##偽分解
40113	tele/fon/o⟦远/声ᶠᴼ/o⟧:{Ｂ}電話,電話機##偽分解
40114	tele/fon/respond/il/o⟦远/声ᶠᴼ/答/具/o⟧:留守番電話機##偽分解
40115	tele/fon/ret/o⟦远/声ᶠᴼ/网/o⟧:電話網##偽分解
40116	tele/fon/serv/o⟦远/声ᶠᴼ/务/o⟧:電話事業##偽分解
40117	tele/fon/vok/o⟦远/声ᶠᴼ/呼/o⟧:電話の呼び出し,通話##偽分解
40121	tele/fot/o/graf/i⟦远/拍/o/记ᴳ/i⟧:［他］望遠で写真撮影する##偽分解(PIV正式分解)
40122	tele/graf/a⟦远/记ᴳ/a⟧:電報の,電信の##偽分解(PIV正式分解)
40123	tele/graf/ad/o⟦远/记ᴳ/行/o⟧:打電##偽分解(PIV正式分解)
40124	tele/graf/aj^/o⟦远/记ᴳ/物/o⟧:電報,=telegramo##偽分解(PIV正式分解)
40125	tele/graf/drat/o⟦远/记ᴳ/线ᴰ/o⟧:電信線,電線##偽分解(PIV正式分解)
40126	tele/graf/e⟦远/记ᴳ/e⟧:電報で##偽分解(PIV正式分解)
40127	tele/graf/i⟦远/记ᴳ/i⟧:［他］電報で知らせる##偽分解(PIV正式分解)
40128	tele/grafi/o⟦远/志ᴳ/o⟧:電信術##偽分解
40129	tele/graf/ist/o⟦远/记ᴳ/家/o⟧:電信技手##偽分解(PIV正式分解)
40130	tele/graf/o⟦远/记ᴳ/o⟧:{Ｂ}電信機##偽分解(PIV正式分解)
40131	tele/graf/ret/o⟦远/记ᴳ/网/o⟧:電信網##偽分解(PIV正式分解)
40132	tele/gram/kod/o⟦远/图ᴳᴹ/码/o⟧:電信略号##偽分解(PIV正式分解)##過細分解 tele/g/r/a/m/kod/o
40133	tele/gram/o⟦远/图ᴳᴹ/o⟧:{Ｂ}電報##偽分解(PIV正式分解)##過細分解 tele/g/r/a/m/o
40134	tele/gram/port/ist/o⟦远/图ᴳᴹ/运/家/o⟧:電報配達人##偽分解(PIV正式分解)##過細分解 tele/g/r/a/m/port/ist/o
40136	tele/komand/i⟦远/令ᴷ/i⟧:［他］遠隔操作する,遠隔制御する##偽分解
40137	tele/komand/o⟦远/令ᴷ/o⟧:遠隔操作,遠隔制御,リモートコントロール##偽分解
40145	tele/kopi/o⟦远/复ᴷ/o⟧:=fakso##偽分解
40148	tele/metr/i⟦远/计ᴹ/i⟧:［他］（測距儀で）距離を測る;【学】遠隔測定する##偽分解
40149	tele/metri/o⟦远/测ᴹᵀ/o⟧:【学】遠隔測定##偽分解
40150	tele/metr/o⟦远/计ᴹ/o⟧:測距儀;【学】テレメーター（遠隔測定装置）;【写】（カメラの）距離計##偽分解
40152	teleo/logi/o⟦teleo/学ᴸᴳ/o⟧:【哲】目的論##偽分解##強語根分解
40153	tele/pati/o⟦远/情/o⟧:{Ｏ}テレパシー,精神感応##偽分解(PIV正式分解)
40164	tele/skop/a⟦远/镜ˢᴷ/a⟧:望遠鏡の,望遠鏡による;（多段式望遠鏡のように）伸縮式の##偽分解
40165	tele/skop/a stel/o⟦远/镜ˢᴷ/a 星/o⟧:望遠鏡でしか見えない（肉眼では見えない）星##偽分解
40166	tele/skop/a tri/pied/o⟦远/镜ˢᴷ/a 三/足/o⟧:伸縮式三脚##偽分解
40167	tele/skop/o⟦远/镜ˢᴷ/o⟧:{Ｏ}望遠鏡,天体望遠鏡##偽分解
40168	Tele/skop/o:【天】ぼうえんきょう座##偽分解
40196	temp/er/e⟦时/粒/e⟧:テンペラ技法で##偽分解(衝突語)
40198	temp/er/o⟦时/粒/o⟧:【美】テンペラ（絵画技法の一つ）##偽分解(衝突語)
40280	tensi/o/metr/o⟦压ᵀ/o/计ᴹ/o⟧:【理】張力計##偽分解
40292	te/o/krati/a⟦神ᵀ/o/治ᴷᴵ/a⟧:神権政治の,神政の##偽分解##過細分解 t/e/o/krati/a
40293	te/o/krati/o⟦神ᵀ/o/治ᴷᴵ/o⟧:{Ｏ}神権政治,神政##偽分解##過細分解 t/e/o/krati/o
40294	te/o/krat/o⟦神ᵀ/o/治ᴷ/o⟧:{Ｏ}神権政治家;神権主義者##偽分解##過細分解 t/e/o/krat/o
40295	te/o/logi/a⟦神ᵀ/o/学ᴸᴳ/a⟧:神学の,神学上の##偽分解##過細分解 t/e/o/logi/a
40296	te/o/logi/ist/o⟦神ᵀ/o/学ᴸᴳ/家/o⟧:神学者,=teologo##偽分解##過細分解 t/e/o/logi/ist/o
40297	te/o/logi/o⟦神ᵀ/o/学ᴸᴳ/o⟧:{Ｏ}神学##偽分解##過細分解 t/e/o/logi/o
40298	te/o/log/o⟦神ᵀ/o/学家/o⟧:{Ｏ}神学者,=teologiisto##偽分解##過細分解 t/e/o/log/o
40314	tera/bajt/o⟦tera/字节/o⟧:【情】テラバイト（TB）##偽分解(PIV正式分解)
40323	terapeu^t/ik/a⟦terapeu^t/学ᴵ/a⟧:=terapia（治療に関する）##偽分解(PIV正式分解)
40324	terapeu^t/ik/o⟦terapeu^t/学ᴵ/o⟧:【医】治療学##偽分解(PIV正式分解)
40333	terat/o/logi/o⟦畸/o/学ᴸᴳ/o⟧:【生】奇形学##偽分解##強語根分解
40389	term/ik/a⟦热ᵀ/学ᴵ/a⟧:【理】熱の,=privarma##偽分解##過細分解 t/e/r/m/ik/a
40390	term/ik/a dilat/ad/o⟦热ᵀ/学ᴵ/a 膨/行/o⟧:【理】熱膨張##偽分解##過細分解 t/e/r/m/ik/a dilat/ad/o
40391	term/ik/a ekvilibr/o⟦热ᵀ/学ᴵ/a 衡/o⟧:【理】熱平衡##偽分解##過細分解 t/e/r/m/ik/a ekvilibr/o
40392	term/ik/a energi/o⟦热ᵀ/学ᴵ/a 能ᴱ/o⟧:【理】熱エネルギー,=varmoenergio##偽分解##過細分解 t/e/r/m/ik/a energi/o
40393	term/ik/a mov/ad/o⟦热ᵀ/学ᴵ/a 动/行/o⟧:【理】熱運動##偽分解##過細分解 t/e/r/m/ik/a mov/ad/o
40394	term/ik/a radi/ad/o⟦热ᵀ/学ᴵ/a 射ᴿ/行/o⟧:【理】熱放射,=varmoradiado##偽分解##過細分解 t/e/r/m/ik/a radi/ad/o
40395	term/ik/a rendiment/o⟦热ᵀ/学ᴵ/a 效率/o⟧:【理】熱効率##偽分解##過細分解 t/e/r/m/ik/a rendiment/o
40396	term/ik/a vibr/ad/o⟦热ᵀ/学ᴵ/a 振/行/o⟧:【理】熱振動##偽分解##過細分解 t/e/r/m/ik/a vibr/ad/o
40402	termin/o/logi/o⟦词ᵀ/o/学ᴸᴳ/o⟧:術語学;用語法##偽分解
40406	term/o/dinamik/o⟦热ᵀ/o/力ᴰ/o⟧:【理】熱力学##偽分解(PIV正式分解)##過細分解 t/e/r/m/o/dinamik/o
40407	term/o/elektr/a⟦热ᵀ/o/电/a⟧:【理】熱電の##偽分解(PIV正式分解)##過細分解 t/e/r/m/o/elektr/a
40408	term/o/elektr/a kurent/o⟦热ᵀ/o/电/a 电流/o⟧:【理】熱電流##偽分解(PIV正式分解)##過細分解 t/e/r/m/o/elektr/a kurent/o
40409	term/o/elektr/o⟦热ᵀ/o/电/o⟧:【理】熱電気##偽分解(PIV正式分解)##過細分解 t/e/r/m/o/elektr/o
40410	term/o/elektr/o/mov/a⟦热ᵀ/o/电/o/动/a⟧:【理】熱起電の##偽分解(PIV正式分解)##過細分解 t/e/r/m/o/elektr/o/mov/a
40411	term/o/elektr/o/mov/a fort/o⟦热ᵀ/o/电/o/动/a 强/o⟧:【理】熱起電力##偽分解(PIV正式分解)##過細分解 t/e/r/m/o/elektr/o/mov/a fort/o
40412	term/o/elektr/on/o⟦热ᵀ/o/电/子ᴼ/o⟧:【理】熱電子##偽分解(PIV正式分解)##過細分解 t/e/r/m/o/elektr/on/o
40413	term/o/kupl/o⟦热ᵀ/o/连ᴷ/o⟧:【理】熱電対,=termoparo##偽分解(PIV正式分解)##過細分解 t/e/r/m/o/kupl/o
40414	term/o/logi/o⟦热ᵀ/o/学ᴸᴳ/o⟧:【理】熱学##偽分解##過細分解 t/e/r/m/o/logi/o
40415	term/o/metri/o⟦热ᵀ/o/测ᴹᵀ/o⟧:【理】温度測定##偽分解(PIV正式分解)##過細分解 t/e/r/m/o/metri/o
40416	term/o/metr/o⟦热ᵀ/o/计ᴹ/o⟧:{Ｂ}温度計,寒暖計;【医】体温計##偽分解(PIV正式分解)##過細分解 t/e/r/m/o/metr/o
40417	term/o/nukle/a⟦热ᵀ/o/核ᴺ/a⟧:【理】熱核の##偽分解(PIV正式分解)##過細分解 t/e/r/m/o/nukle/a
40418	term/o/nukle/a reakci/o⟦热ᵀ/o/核ᴺ/a 反应/o⟧:【理】熱核反応##偽分解(PIV正式分解)##過細分解 t/e/r/m/o/nukle/a reakci/o
40419	term/o/par/a term/o/metr/o⟦热ᵀ/o/偶/a 热ᵀ/o/计ᴹ/o⟧:【理】熱電対温度計,熱電温度計##偽分解(PIV正式分解)##過細分解 t/e/r/m/o/par/a t/e/r/m/o/metr/o
40420	term/o/par/o⟦热ᵀ/o/偶/o⟧:【理】熱電対,=termoelektra paro##偽分解(PIV正式分解)##過細分解 t/e/r/m/o/par/o
40421	term/o/sifon/o⟦热ᵀ/o/虹吸/o⟧:【理】熱サイホン##偽分解(PIV正式分解)##過細分解 t/e/r/m/o/sifon/o
40422	term/o/skop/o⟦热ᵀ/o/镜ˢᴷ/o⟧:【理】測温器##偽分解(PIV正式分解)##過細分解 t/e/r/m/o/skop/o
40424	term/o/statik/o⟦热ᵀ/o/静ˢ/o⟧:【理】熱静力学##偽分解(PIV正式分解)##過細分解 t/e/r/m/o/statik/o
40425	term/o/stat/o⟦热ᵀ/o/态/o⟧:【理】サーモスタット##偽分解(PIV正式分解)##過細分解 t/e/r/m/o/stat/o
40552	tif/oid/o⟦疹/似ᴼ/o⟧:【病】腸チフス##偽分解
40600	timpan/it/o⟦鼓室/炎ᵀ/o⟧:【病】中耳炎,=mezorelinflamo##偽分解
40638	tip/o/grafi/a⟦型/o/志ᴳ/a⟧:活版印刷の;印刷上の##偽分解
40639	tip/o/grafi/o⟦型/o/志ᴳ/o⟧:{Ｏ}活版印刷;印刷の体裁,見栄え,タイポグラフィー##偽分解
40640	tip/o/graf/o⟦型/o/记ᴳ/o⟧:{Ｏ}活版印刷技術者;タイポグラファー##偽分解(PIV正式分解)
40641	tip/o/metr/o⟦型/o/计ᴹ/o⟧:【印】活字尺##偽分解
40735	toks/o/logi/o⟦毒ᵀ/o/学ᴸᴳ/o⟧:毒物学##偽分解
40736	toks/o/log/o⟦毒ᵀ/o/学家/o⟧:毒物学者##偽分解
40773	tom/ism/o⟦tom/主义/o⟧:【哲】トミズム,トマス説（トマス・アクイナスの哲学・神学体系）##偽分解(PIV正式分解)##過細分解 t/o/m/ism/o
40774	ton/al/o⟦调/al/o⟧:【楽】調（ちょう）,>>maj^ora,>>minora##偽分解
40800	tonsil/it/o⟦扁桃ᵀ/炎ᵀ/o⟧:【病】扁桃炎（へんとうえん）##偽分解
40807	topo/grafi/a kart/o⟦地ᵀᴾ/志ᴳ/a 卡/o⟧:地形図,地勢図##偽分解
40808	topo/grafi/a mezur/ad/o⟦地ᵀᴾ/志ᴳ/a 测/行/o⟧:地形測量##偽分解
40809	topo/grafi/o⟦地ᵀᴾ/志ᴳ/o⟧:{Ｏ}地形学,地形図作製術;地形図作製;地形,地勢##偽分解
40810	topo/graf/o⟦地ᵀᴾ/记ᴳ/o⟧:{Ｏ}地形学者,地形図作製者##偽分解
40978	trah^e/it/o⟦气管ᵀᴴ̂/炎ᵀ/o⟧:【病】気管炎,=trakeito##偽分解
40980	trah^e/o/tomi/o⟦气管ᵀᴴ̂/o/切ᵀᴹ/o⟧:【医】気管切開,=trakeotomio##偽分解
40991	trake/it/o⟦气管/炎ᵀ/o⟧:【病】気管炎,=trah^eito##偽分解
40993	trake/o/tomi/o⟦气管/o/切ᵀᴹ/o⟧:【医】気管切開,=trah^eotomio##偽分解
41093	trans/form/ator/o⟦越/形/具ᴬ/o⟧:【電】=transformilo（変圧器）##偽分解(PIV正式分解)
41285	trem/o/metr/o⟦颤/o/计ᴹ/o⟧:【地質】微震計##偽分解
41363	trigon/o/metri/a funkci/o⟦三角ᵀᴿ/o/测ᴹᵀ/a 功/o⟧:【数】三角関数##偽分解
41364	trigon/o/metri/o⟦三角ᵀᴿ/o/测ᴹᵀ/o⟧:{Ｏ}【数】三角法##偽分解
41395	tri/lion/o⟦三/lion/o⟧:（米で）一兆,=duiliono;（英独仏で）百京（百万兆）,=triiliono##偽分解(PIV正式分解)
41468	tri/t/o⟦三/t/o⟧:【楽】三度音程,=tercio;【動】=trituro（イモリ）##偽分解(PIV正式分解)
41542	tromb/oz/o⟦栓ᵀ/症ᴼ/o⟧:【病】血栓症##偽分解
41582	trop/ism/o⟦向ᵀ/主义/o⟧:【動】向性;【植】屈性##偽分解
41709	tuberkul/in/a ekzamen/o⟦结ᵀ/女/a 检ᴱ/o⟧:【医】ツベルクリン検査##偽分解(PIV正式分解)
41710	tuberkul/in/a reakci/o⟦结ᵀ/女/a 反应/o⟧:【医】ツベルクリン反応##偽分解(PIV正式分解)
41711	tuberkul/in/o⟦结ᵀ/in/o⟧:【化】ツベルクリン##偽分解(PIV正式分解)
41713	tuberkul/oz/o⟦结ᵀ/症ᴼ/o⟧:{Ｏ}【病】結核（症）,>>ftizo##偽分解
41714	tuberkul/oz/ul/o⟦结ᵀ/症ᴼ/者/o⟧:結核患者##偽分解
41790	tuniz/i/an/o⟦tuniz/i/员ᴬ/o⟧:チュニジア人##偽分解
41791	Tuniz/i/o:{Ｏ}【国名】チュニジア（アフリカ）##偽分解
41797	turbin/gener/ator/o⟦涡ᵀ/生ᴳᴿ/具ᴬ/o⟧:【機】タービン発電機##偽分解(PIV正式分解)
41987	ultra/mar/a⟦极ᵁ/海/a⟧:群青色の##偽分解
41988	ultra/mar/o⟦极ᵁ/海/o⟧:【化】群青（ぐんじょう）,ウルトラマリン（青色顔料）,>>prusbluo##偽分解
41989	ultra/mikro/skop/o⟦极ᵁ/微/镜ˢᴷ/o⟧:【理】限外顕微鏡##偽分解
42017	Unesk/o:ユネスコ,UNESCO,=Unesko##偽分解
42250	ure/at/a acid/o⟦尿素/盐ᴬ/a 酸/o⟧:【化】尿酸##偽分解(PIV正式分解)
42251	ure/at/o⟦尿素/盐ᴬ/o⟧:【化】尿酸塩##偽分解(PIV正式分解)
42339	uter/a mi/om/o⟦宫ᵁ/a 肌/瘤/o⟧:【病】子宮筋腫##偽分解(PIV正式分解)##過細分解 uter/a mi/o/m/o
42406	uzurp/ator/o⟦篡/员ᴬᵀ/o⟧:=uzurpulo（簒奪者）##偽分解(PIV正式分解)
42442	vagin/ism/o⟦阴道/主义/o⟧:【病】膣痙攣（ちつけいれん）##偽分解
42443	vagin/it/o⟦阴道/炎ᵀ/o⟧:【病】膣炎（ちつえん）##偽分解
42496	vaku/metr/o⟦空ⱽᵁ/计ᴹ/o⟧:【理】真空計##偽分解
42509	Val/et/o:【地名】バレッタ（マルタの首都）##偽分解(衝突語)
42565	Vandegraf-gener/ator/o:【理】バンデグラーフ起電機##偽分解(PIV正式分解)
42608	vapor/gener/ator/o⟦汽/生ᴳᴿ/具ᴬ/o⟧:【機】蒸気発電機##偽分解(PIV正式分解)
42623	vapor/metr/o⟦汽/计ᴹ/o⟧:【理】蒸気圧計,>>manometro##偽分解
42647	vari/ant/o⟦变ⱽ/在/o⟧:{Ｏ}【文】異文,異本##偽分解
42782	vat/hor/o/metr/o⟦瓦ⱽ/钟/o/计ᴹ/o⟧:【理】積算電力量計,>>vatmetro##偽分解
42790	vat/metr/o⟦瓦ⱽ/计ᴹ/o⟧:【理】電力計##偽分解
42821	veget/aj^/a fibr/in/o⟦茂/物/a 纤/女/o⟧:【植】麩素（ふそ）,=gluteno##偽分解(PIV正式分解)
42834	vegetal/in/o⟦植ⱽ/女/o⟧:=vegetaj^a butero（植物性バター）##偽分解(PIV正式分解)
42848	vejn/it/o⟦脉/炎ᵀ/o⟧:【病】=vejninflamo（静脈炎）##偽分解
42866	vel/ar/o⟦帆/群/o⟧:【声】=velsono（軟口蓋音）##偽分解(衝突語)
42868	vel/ar/o⟦帆/群/o⟧:【天】ほ（帆）座##偽分解(衝突語)
42972	vent/gener/ator/o⟦风/生ᴳᴿ/具ᴬ/o⟧:【環】風力発電機##偽分解(PIV正式分解)
43288	vibr/o/metr/o⟦振/o/计ᴹ/o⟧:【理】振動計##偽分解
43343	vide/o/tele/fon/o⟦视ⱽ/o/远/声ᶠᴼ/o⟧:テレビ電話,ビデオ電話##偽分解
43574	viskoz/o/metr/o⟦粘ⱽ/o/计ᴹ/o⟧:【理】粘度計##偽分解
43648	viv/i/sekc/i/o⟦活/i/切ˢ/i/o⟧:{Ｏ}【解】生体解剖,=vivosekcado##偽分解
43678	viv/re/sum/o⟦活/再/总/o⟧:経歴,履歴##偽分解
43841	volt/metr/o⟦volt/计ᴹ/o⟧:【理】電圧計,>>tensio##偽分解
43846	volumen/o/metr/o⟦积/o/计ᴹ/o⟧:【理】容積計##偽分解
43879	vom/ig/a tartr/at/o⟦吐/使/a 酒石/盐ᴬ/o⟧:【化】吐酒石（としゅせき）##偽分解(PIV正式分解)
43954	vulkan/iz/i⟦火山/化/i⟧:［他］【化】（ゴムに）加硫する##偽分解
43955	vulkan/iz/il/o⟦火山/化/具/o⟧:加硫装置##偽分解
43956	vulkan/iz/o⟦火山/化/o⟧:【化】加硫##偽分解
43990	Zair/i/a:ザイールの##偽分解
43991	Zair/i/o:【国名】ザイール（コンゴ民主共和国の旧称）,>>Kongo##偽分解
44069	zo/o/fit/oj⟦兽ᶻ/o/植ᶠ/oj⟧:【動】植虫類（カイメン、サンゴなど）##偽分解(PIV正式分解)
44070	zo/o/geo/grafi/o⟦兽ᶻ/o/地ᴳ/志ᴳ/o⟧:動物地理学##偽分解
44071	zo/o/logi/a⟦兽ᶻ/o/学ᴸᴳ/a⟧:動物学の##偽分解
44072	zo/o/logi/a g^arden/o⟦兽ᶻ/o/学ᴸᴳ/a 园/o⟧:動物園,=bestog^ardeno##偽分解
44073	zo/o/logi/ist/o⟦兽ᶻ/o/学ᴸᴳ/家/o⟧:動物学者##偽分解
44074	zo/o/logi/o⟦兽ᶻ/o/学ᴸᴳ/o⟧:{Ｂ}動物学,=bestoscienco##偽分解
44075	zo/o/log/o⟦兽ᶻ/o/学家/o⟧:{Ｏ}動物学者,=zoologiisto##偽分解
44240	asir/i/a:{Ｏ}アッシリアの;アッシリア人の;アッシリア語の##偽分解
44241	asir/i/an/o⟦asir/i/员ᴬ/o⟧:{Ｏ}アッシリア人##偽分解
44356	mau^ric/i/a:{Ｏ}モーリシャスの;モーリシャス人の;モーリシャス・クレオール語の##偽分解
44359	mont/e/negr/a⟦山/e/黑ᴺᴱ/a⟧:{Ｏ}モンテネグロの;モンテネグロ人の;モンテネグロ語の##偽分解
44453	a/bio/genez/o⟦无ᴬ/生ᴮᴼ/源ᴳ/o⟧:【生】【PIV】(ark. (arkaismo, arkaisme)) Spontana generado; estig^o de la vivo el neorganika materio. Vd biogenezo.##偽分解
44476	aceton/emi/o⟦aceton/血ᴱ/o⟧:【医】【PIV】Enesto de acetono en la sango, precipe pro diabeto.##偽分解(PIV正式分解)
44477	aceton/il/o⟦aceton/基ᴵ/o⟧:【化】【PIV】Radiko de acetono, CH 3 COCH 2 -.##偽分解(PIV正式分解)
44478	aceton/uri/o⟦aceton/尿/o⟧:【医】【PIV】Enesto de acetono en la urino.##偽分解(PIV正式分解)
44480	acid/i/metr/o⟦酸/i/计ᴹ/o⟧:【PIV】= acidometro.##偽分解
44487	adapt/o/metri/o⟦适ᴬ/o/测ᴹᵀ/o⟧:【医】【PIV】Mezuro de la retina adaptig^emo.##偽分解
44488	aden/it/o⟦腺ᴬ/炎ᵀ/o⟧:【PIV】Kn (Kolektiva nomo) de la glandaj inflamoj.##偽分解(PIV正式分解)
44491	aden/oid/it/o⟦腺ᴬ/似ᴼ/炎ᵀ/o⟧:【医】【PIV】Inflamo de la adenoidaj vegetaj^oj.##偽分解(PIV正式分解)
44492	aden/om/o⟦腺ᴬ/瘤/o⟧:【PIV】Glanda tumoro.##偽分解(PIV正式分解)##過細分解 aden/o/m/o
44493	aden/pati/o⟦腺ᴬ/病ᴾ/o⟧:【PIV】C^iu afekcio de glando.##偽分解(PIV正式分解)
44494	aden/o/pati/o⟦腺ᴬ/o/病ᴾ/o⟧:【PIV】C^iu afekcio de glando.##偽分解(PIV正式分解)
44502	adip/o/genez/o⟦脂ᴬ/o/源ᴳ/o⟧:【生】【化】【PIV】Formig^o de graso 1 c^e animaloj.##偽分解(PIV正式分解)
44520	aer/emi/o⟦气/血ᴱ/o⟧:【医】【PIV】Enesto de libera aero en la sango k difektoj kau^zataj de g^i: aeremio c^efe trafas la laboristojn en kasono. Vd kasonmalsano.##偽分解(PIV正式分解)
44528	aer/o/gram/o⟦气/o/图ᴳᴹ/o⟧:【PIV】1 Malpeza aerpos^ta letero, ekspedata je reduktita prezo. 2【気】Speciala diagramo de la rilato inter temperaturo k humideco en la atmosfero.##偽分解(PIV正式分解)##過細分解 aer/o/g/r/a/m/o
44529	aer/o/log/o⟦气/o/学家/o⟧:【PIV】Spertulo pri aerologio.##偽分解
44530	aer/o/logi/o⟦气/o/学ᴸᴳ/o⟧:【PIV】Scienco pri la esplorado de la altaj aertavoloj en la atmosfero.##偽分解
44531	aer/o/metri/o⟦气/o/测ᴹᵀ/o⟧:【PIV】Scienco pri la fizikaj ecoj de la aero.##偽分解
44547	a/gami/a⟦无ᴬ/配ᴳ/a⟧:【PIV】(evi (evitinda)) 1 = nesekse reproduktig^anta. 2 = neseksa, senseksa.##偽分解
44554	aglutin/in/o⟦胶ᴬ/in/o⟧:【化】【生】【PIV】(kn (kolektiva nomo)) Sera antikorpo, kiu aglutinas antigenon.##偽分解(PIV正式分解)
44562	a/grafi/o⟦无ᴬ/志ᴳ/o⟧:【医】【PIV】Organika perturbo de la kapablo skribi. Vd aleksio.##偽分解
44568	agr/o/nomi/a⟦农/o/学ᴺ/a⟧:【PIV】Rilata al agronomio: agronomia altlernejo; agronomia eksperimentostacio.##偽分解
44591	akant/o/cefal/oj⟦刺ᴬ/o/头ᶜ/oj⟧:【動】【PIV】Filumo (Acanthocephala) de vermoj similaj al nematodoj, sen bus^o k sen intesto, sed kun eligebla hok-aparato c^e la kapo; la plenkreskulo parazitas en la intestoj de vertebruloj, la larvoj en krustacoj au^ insektoj.##偽分解##エス的分解
44606	a/kinez/i/o⟦无ᴬ/动ᴷᶻ/i/o⟧:【医】【PIV】Malfacileco au^ neebleco de movoj.##偽分解
44609	a/klimat/iz/i⟦无ᴬ/气候/化/i⟧:【PIV】= alklimatigi.##偽分解
44618	akonit/in/o⟦草ᴬᴷᴼ/in/o⟧:【化】【PIV】Ege toksa alkaloido, ekstraktata el akonito, precipe pasintece uzata etdoze kontrau^ doloro k febro.##偽分解(PIV正式分解)
44627	akr/o/cefal/o⟦锐/o/头ᶜ/o⟧:【動】【PIV】G. (Genro) (Acrocephalus) de birdoj el la ordo de paseroformaj, fam. (familio) de silviedoj, kun kapo grade transig^anta al beko k kun ronda vosto; vivas c^e kanoplenaj riveroj k lagoj, kantas bele precipe dum nokto. Sin. (sinonimo) kanbirdo. Vd filoskopo, hipolao, lokustelo, silvio.##偽分解##エス的分解
44628	akr/o/cefal/a⟦锐/o/头ᶜ/a⟧:【解】【PIV】Havanta pintan kranion au^ kapon: akrocefalulo.##偽分解(PIV正式分解)
44629	akr/o/cian/oz/o⟦锐/o/青/症ᴼ/o⟧:【医】【PIV】Blua koloro de la ekstremaj^oj, kau^zata de malbona cirkulado de la sango.##偽分解(PIV正式分解)
44633	akr/o/megal/i/o⟦锐/o/megal/i/o⟧:【医】【PIV】Malsano de la cerba hipofizo, karakterizata de hipertrofio de manoj, fingroj, piedoj.##偽分解(PIV正式分解)
44635	akr/onim/o⟦锐/名ᴼ/o⟧:【語】【PIV】Vorto konsistanta el la komencliteroj de kompleksa nomo komerca, scienca, politika ktp (kaj tiel plu), precipe uzata, kiam la tuto formas prononceblan vorton, ekz. (ekzemple): SAT (siglo), Unesko (siglo de neesperantlingva deveno), lasero, aidoso (fremdadevenaj akronimoj, ig^intaj komunaj nomoj).##偽分解
44641	aks/i/o/metr/o⟦轴/i/o/计ᴹ/o⟧:【PIV】Instrumento, lokita apud la stirrado k montranta la pozicion de la stirilo rilate al la s^ipakso.##偽分解
44649	aktin/o/metr/o⟦射ᴬ/o/计ᴹ/o⟧:【PIV】Instrumento, por mezuri la intenson de la sunradiado.##偽分解(PIV正式分解)
44658	aktin/o/micet/o⟦射ᴬ/o/菌ᴹᶜ/o⟧:【生】【PIV】1 G. (Genro) (Actinomyces) el la grupo de aktinomicetoj. 2 Ano de la aktinomicetoj.##偽分解(PIV正式分解)
44659	aktin/o/micet/oj⟦射ᴬ/o/菌ᴹᶜ/oj⟧:【PIV】Grupo de grampozitivaj eu^bakterioj, ne movig^emaj, g^enerale plurc^elaj, fadenformaj, branc^ig^antaj, ofte supraj^e similaj al neperfektaj au^ malsuperaj fungoj; multaj sp-oj (specioj) grave rolas en la grundogenezo, pluraj produktas antibiotikojn k aliaj kau^zas malsanojn c^e homoj, bestoj au^ plantoj. see mikobakterio, streptomiceto. -> tuberkulozo, terpomskabo.##偽分解(PIV正式分解)
44660	aktin/o/micet/oz/o⟦射ᴬ/o/菌ᴹᶜ/症ᴼ/o⟧:【医】【PIV】C^iu malsano, estigata de aktinomiceto.##偽分解(PIV正式分解)
44671	akus^/o/logi/o⟦产ᴬ/o/学ᴸᴳ/o⟧:【PIV】Obstetriko.##偽分解
44705	albugine/it/o⟦白膜/炎ᵀ/o⟧:【医】【PIV】Inflamo de albugineo(j).##偽分解(PIV正式分解)
44717	ald/ol/o⟦中音/ol/o⟧:【化】【PIV】1 Substanco, CH 3-CHOH-CH 2-CHO, estig^inta per kombinado de du molekuloj de acetaldehido (etanalo) katalizita de alkalo. 2 Kn (Kolektiva nomo) de molekuloj kun g^enerala formulo R-CH 2-CHOH-CH(R’)-CHO. / Vd (vidu) aldo ②.##偽分解(PIV正式分解)##過細分解 ald/o/l/o
44739	alg/in/o⟦藻/in/o⟧:【化】【PIV】Miksaj^o el algaj polisakaridoj, uzata kiel medikamenta substrato.##偽分解(PIV正式分解)
44740	alg/in/at/o⟦藻/in/盐ᴬ/o⟧:【化】【PIV】Salo de alginata acido, makromolekula c^efa konsistaj^o de algino.##偽分解(PIV正式分解)
44741	alg/o/log/o⟦藻/o/学家/o⟧:【PIV】Specialisto pri algologio.##偽分解
44742	alg/o/logi/o⟦藻/o/学ᴸᴳ/o⟧:【PIV】Scienco, pri la algoj.##偽分解
44745	algi/o/log/o⟦痛ᴬ/o/学家/o⟧:【PIV】Specialisto pri algiologio.##偽分解
44746	algi/o/logi/o⟦痛ᴬ/o/学ᴸᴳ/o⟧:【PIV】Parto de medicino pri la doloroj k ilia kuracado.##偽分解
44779	alk/adien/o:【化】【PIV】Nesaturita necikla hidrokarbono kun du duoblaj ligoj, C n H 2n-2, ekz. (ekzemple) butadieno.##偽分解(PIV正式分解)##過細分解 a/l/k/adien/o
44780	alk/an/o:【化】【PIV】Saturita hidrokarbono, C n H 2n+2, ekz. (ekzemple) metano, etano, propano, butano, oktano. Vd parafino.##偽分解(PIV正式分解)##過細分解 a/l/k/a/n/o
44781	alk/an/al/o:【PIV】Aldehido derivita de alkano. -> alkal/o.##偽分解(PIV正式分解)##過細分解 a/l/k/a/n/a/l/o
44782	alk/an/ol/o:【PIV】Alkoholo, derivita de alkano.##偽分解(PIV正式分解)##過細分解 a/l/k/a/n/o/l/o
44783	alk/an/ol/at/o⟦alk/an/ol/盐ᴬ/o⟧:【PIV】Metala kombinaj^o de alkanolo (ankau^: alkoksido).##偽分解(PIV正式分解)##過細分解 a/l/k/a/n/o/l/at/o
44784	alk/an/on/o⟦alk/an/分/o⟧:【PIV】Ketono derivita de alko.##偽分解(PIV正式分解)##過細分解 a/l/k/a/n/o/n/o
44785	alk/en/o:【化】【PIV】Nesaturita, necikla hidrokarbono kun unu duobla ligo, C n H 2n, ekz. (ekzemple) eteno, propeno.##偽分解(PIV正式分解)##過細分解 a/l/k/e/n/o
44786	alk/il/o⟦alk/基/o⟧:【化】【PIV】Radiko de alkano, C n H 2n+1 -; simb. (simbolo) en formuloj: R.##偽分解(PIV正式分解)##過細分解 a/l/k/il/o
44787	alk/in/o:【化】【PIV】Nesaturita necikla hidrokarbono kun unu triobla ligo, C n H 2n-2, ekz. (ekzemple) etino (acetileno). Rim. (Rimarko) La menciita nomado validas ankau^ por aliaj substancogrupoj de la organika kemio, kies nomoj ne estis enmetitaj en c^i tiu vortaro, ekz. (ekzemple) alkenalo.##偽分解(PIV正式分解)##過細分解 a/l/k/in/o
44794	alkal/o/metri/o⟦碱ᴬ/o/测ᴹᵀ/o⟧:【化】【PIV】Titrado per alkaloj, au^ dozado de alkaleco.##偽分解
44802	alkohol/at/o⟦醇/盐ᴬ/o⟧:【化】【PIV】Metala salo de alkoholo 1.##偽分解(PIV正式分解)
44803	alkohol/at/o⟦醇/被/o⟧:【薬】【PIV】Distilaj^o de alkoholaturo. -> alkohol/at/o.##偽分解(衝突語)
44804	alkohol/emi/o⟦醇/血ᴱ/o⟧:【PIV】C^eesto de etila alkoholo (etanolo) en la sango: la tolereco al etila alkoholo tre diversas lau^ la individuoj: g^enerale, de 1 g^is 2,5 ‰ g^i estigas eu^forian au^ ekscitan staton; ekde 2,5 ‰ aperas narkoza stato; komato estig^as c^. (c^irkau^) 4 au^ 5 ‰; risko de vojakcidento jam ekzistas kun alkoholemio je 0,3 ‰.##偽分解(PIV正式分解)
44805	alkohol/o/metr/o⟦醇/o/计ᴹ/o⟧:【PIV】Mezurilo por taksi la enhavon je alkoholo.##偽分解
44813	alo/fon/o⟦异ᴬᴸ/声ᶠᴼ/o⟧:【語】【PIV】Parolsono, kiu estas libera au^ kondic^ita varianto de iu fonemo, ekz. (ekzemple) en E. la tri specoj de k (antau^a en «kilo», meza en «kalo», malantau^a en «kulo»), la (mal)fermitaj e, o k.a. (kaj aliaj).##偽分解(PIV正式分解)
44814	alo/fon/a⟦异ᴬᴸ/声ᶠᴼ/a⟧:【PIV】(pp (se paroli pri) transskribo) Inkluzivanta specialajn simbolojn, por figuri alofonojn.##偽分解(PIV正式分解)
44818	alo/morf/o⟦异ᴬᴸ/形ᴹ/o⟧:【語】【PIV】Varianto de morfemo (precipe en aglutinaj lingvoj).##偽分解(PIV正式分解)
44823	alo/trofi/o⟦异ᴬᴸ/养ᵀ/o⟧:【医】【PIV】Stato, en kiu organaj substancoj (albumino, fibrino k.a. (kaj aliaj)) perdis siajn normalajn nutrajn ecojn, ekz. (ekzemple) post malsano.##偽分解(PIV正式分解)
44836	alt/o/metri/o⟦高/o/测ᴹᵀ/o⟧:【PIV】Parto de la geodezio koncernanta la mezuradon de altaj^oj, alireblaj au^ ne.##偽分解
44844	altern/at/iv/ul/o⟦替/被/能ᴵ/者/o⟧:【PIV】Ano de alternativa idearo au^ movado: tiuj alternativuloj, inter ili ofte verduloj .##偽分解
44845	alt/i/metr/o⟦高/i/计ᴹ/o⟧:【PIV】= altometro.##偽分解
44849	alumini/at/o⟦铝/盐ᴬ/o⟧:【化】【PIV】(au^: aluminato, evitinda formo). Salo de teoria aluminiata acido H 3 AlO 3.##偽分解(PIV正式分解)
44868	amanit/in/o⟦鹅膏/in/o⟧:【化】【PIV】Unu el la amanitaj toksoj.##偽分解(PIV正式分解)
44893	amel/oz/o⟦糊ᴬ/糖ᴼ/o⟧:【化】【PIV】Polisakarido, polimero de glukozo, (C 6 H 5 O 5) n, unu el la du c^efaj konsistaj^oj de amelo.##偽分解(PIV正式分解)
44913	amfi/pod/oj⟦amfi/足ᴾᴼ/oj⟧:【動】【PIV】Ordo (Amphipoda) de malgrandaj krustacoj el la subklaso de malakostracoj, kun korpo flanke plata.##偽分解##エス的分解
44964	a/n/aer/o/bi/a⟦无ᴬ/n/气/o/生ᴮᴵ/a⟧:【PIV】(evi (evitinda)) = malaerobia, aernetolera.##偽分解##過細分解 a/n/aer/o/b/i/a
45017	aneks/it/o⟦并ᴬ/炎ᵀ/o⟧:【医】【PIV】Inflamo de aneksaj^oj, tute aparte pp (se paroli pri) la uteraj aneksaj^oj (ovarioj, salpingoj).##偽分解
45018	an/emi/i⟦无ᴬ/血ᴱ/i⟧:【PIV】(tr (transitiva)) Malsanigi per anemio: tro longaj studhoroj anemias la infanojn.##偽分解##過細分解 a/n/emi/i
45019	an/emi/ig^/i⟦无ᴬ/血ᴱ/成/i⟧:【PIV】Ig^i anemiita: s^i rapide anemiig^is.##偽分解##過細分解 a/n/emi/ig^/i
45020	anem/o/gram/o⟦风ᴬ/o/图ᴳᴹ/o⟧:【PIV】Registrilfolio, sur kiu estas au^tomate registrata la forto de la vento.##偽分解##過細分解 anem/o/g/r/a/m/o
45021	anem/o/metri/o⟦风ᴬ/o/测ᴹᵀ/o⟧:【PIV】Tiu parto de la meteologio pri la mezuro de vento-forto k -direkto.##偽分解##強語根分解
45023	an/estez/a⟦无ᴬ/感ᴱ/a⟧:【PIV】Rilata al anestezo: anesteza substanco.##偽分解##過細分解 a/n/estez/a
45024	an/estez/ant/o⟦无ᴬ/感ᴱ/在/o⟧:【PIV】Anesteza substanco.##偽分解##過細分解 a/n/estez/ant/o
45025	an/estez/ant/aj^/o⟦无ᴬ/感ᴱ/在/物/o⟧:【PIV】Anesteza substanco.##偽分解##過細分解 a/n/estez/ant/aj^/o
45026	anet/ol/o⟦伞ᴬ/ol/o⟧:【化】【PIV】Etero, 4-metoksi-alilbenzeno, CH 3-O-C 6 H 4-CH=CH-CH 3, abunda en stelanizo k anizo.##偽分解(PIV正式分解)##過細分解 anet/o/l/o
45031	angi/it/o⟦脉ᴬᴺ/炎ᵀ/o⟧:【医】【PIV】Kn (Kolektiva nomo) de c^iuj angiaj inflamoj.##偽分解
45032	angi/o/logi/o⟦脉ᴬᴺ/o/学ᴸᴳ/o⟧:【PIV】Fako de anatomio pri la angioj.##偽分解
45033	angi/om/o⟦脉ᴬᴺ/瘤/o⟧:【医】【PIV】Tumorsimila formacio, konsistanta el angioj, aparte el sangaj angioj.##偽分解(PIV正式分解)##過細分解 angi/o/m/o
45035	angi/o/sperm/oj⟦脉ᴬᴺ/o/种ˢᴿ/oj⟧:【植】【PIV】Unu el la du filumoj de la spermatofitoj (flor-au^ sem-plantoj), karakterizata de ovolo(j) ene de ferma karpelo k sekve de semoj interne de frukto. Sin. (sinonimo) magnolifitoj, ovariplantoj; du klasoj: unukotiledonoj k dukotiledonoj. Vd gimnospermoj.##偽分解
45038	angl/o/mani/o⟦angl/o/狂/o⟧:【PIV】Emo imiti la anglajn morojn, enkonduki anglajn vortojn ktp (kaj tiel plu).##偽分解
45060	aniz/ol/o⟦果ᴬ/ol/o⟧:【化】【PIV】Nenatura, malagrable anizodora substanco, metoksibenzeno, CH 3-O-C 6 H 5, struktura kerno de anizaldehido.##偽分解(PIV正式分解)##過細分解 aniz/o/l/o
45066	an/izo/trop/a⟦无ᴬ/等ᴵ/向ᵀ/a⟧:【PIV】(evi (evitinda)) = neizotropa.##偽分解##過細分解 a/n/izo/trop/a
45076	an/odont/o⟦无ᴬ/odont/o⟧:【動】【PIV】G. (Genro) (Anodonta) de duvalvaj moluskoj kun maldikaj, sendentaj konkovalvoj, k vivantaj en sensalaj akvoj.##偽分解##エス的分解##過細分解 a/n/odont/o
45077	an/oks/emi/o⟦无ᴬ/氧ᴼᴷ/血ᴱ/o⟧:【生】【医】【PIV】Manko de oksigeno en sango.##偽分解##過細分解 a/n/oks/emi/o
45078	an/oksi/o⟦无ᴬ/氧/o⟧:【生】【医】【PIV】Manko de oksigeno en histoj.##偽分解##過細分解 a/n/oksi/o
45082	an/onim/ec/o⟦无ᴬ/名ᴼ/性/o⟧:【PIV】Stato de io, iu anonima: sin kas^i sub anonimeco.##偽分解##過細分解 a/n/onim/ec/o
45114	anti/nomi/a⟦抗ᴬ/学ᴺ/a⟧:【PIV】Formanta antinomion: antinomiaj konceptoj.##偽分解
45118	anti/pod/ul/oj⟦抗ᴬ/足ᴾᴼ/者/oj⟧:【PIV】Tiuj, kiuj log^as antipode de ni.##偽分解
45119	anti/strof/o⟦抗ᴬ/节ˢᵀ/o⟧:【PIV】En la helena h^oro, kanto metrike egala al la strofo, situanta post g^i k antau^ la epodo: la antistrofo en pindaraj odoj.##偽分解
45132	antrop/o/morf/oj⟦人ᴬ/o/形ᴹ/oj⟧:【動】【PIV】Grupo de senvostaj, homsimilaj simioj. Vd c^impanzo, gorilo, orangutano.##偽分解(PIV正式分解)
45133	antrop/o/centr/a⟦人ᴬ/o/央/a⟧:【PIV】Havanta la homon kiel centron de intereso au^ studo: la antropocentra teorio longatempe regis en astronomio.##偽分解(PIV正式分解)
45134	antrop/o/fag/o⟦人ᴬ/o/吞/o⟧:【PIV】Homo, kiu en difinitaj okazoj mang^as la karnon de alia homo Vd kanibalo.##偽分解(PIV正式分解)##過細分解 antrop/o/f/a/g/o
45135	antrop/o/fag/ism/o⟦人ᴬ/o/吞/主义/o⟧:【PIV】Tiu aparta kutimo de la antropofagoj: la antropofagismo havas samtempe ekonomiajn k magiajn kau^zojn.##偽分解(PIV正式分解)##過細分解 antrop/o/f/a/g/ism/o
45136	antrop/o/morf/a⟦人ᴬ/o/形ᴹ/a⟧:【PIV】Homaspekta.##偽分解(PIV正式分解)
45137	antrop/o/morf/o⟦人ᴬ/o/形ᴹ/o⟧:【PIV】Paleolitika homfiguro.##偽分解(PIV正式分解)
45142	an/uri/o⟦无ᴬ/尿/o⟧:【医】【PIV】Halto de la urina sekrecio.##偽分解##過細分解 a/n/uri/o
45148	aort/it/o⟦主脉/炎ᵀ/o⟧:【医】【PIV】Inflamo de la aortaj tunikoj.##偽分解
45161	apendic/ektomi/o⟦虫垂/除ᴱᴷ/o⟧:【PIV】Fortranc^o de g^i.##偽分解(PIV正式分解)
45169	a/petal/oj⟦无ᴬ/瓣ᴾ/oj⟧:【植】【PIV】Senpetaluloj. Vd dialipetaloj, gamopetaloj.##偽分解
45171	api/ol/o⟦芹ᴬ/ol/o⟧:【化】【PIV】Etero, dimetoksi-metilendioksi-alilbenzeno, C 12 H 14 O 4, aroma, el la semoj de iuj apiacoj, medicine uzata (kontrau^febra, menstrureguliga); du c^efaj izomeroj: anet apiolo (el aneto) k petrosel apiolo (el petroselo).##偽分解(PIV正式分解)##過細分解 api/o/l/o
45179	a/pod/o/form/aj⟦无ᴬ/足ᴾᴼ/o/形/aj⟧:【動】【PIV】Ordo (Apodiformes) de birdoj, al kiu apartenas i.a. (interalie, inter aliaj) apodo, salangano k kolibroj.##偽分解##エス的分解
45198	a/pterig/o⟦无ᴬ/翅ᴾᴳ/o⟧:【動】【PIV】G. (Genro) (Apteryx) de senflugilaj, senkarinaj birdoj, vivantaj en Nov-Zelando. Sin. (sinonimo) kivio.##偽分解##エス的分解
45199	a/pterig/o/form/aj⟦无ᴬ/翅ᴾᴳ/o/形/aj⟧:【動】【PIV】Ordo (Apterygiformes) de birdoj, ampleksanta la solan g-on apterigo.##偽分解##エス的分解
45202	ar/in/o⟦群/女/o⟧:【PIV】Aromata molekulo, en kiu unu el la ligoj estas triobla anst. (anstatau^) duobla: arinoj estas ege malstabilaj interaj^oj en reakcioj de aromataj molekuloj.##偽分解(PIV正式分解)##過細分解 a/r/in/o
45204	arab/in/o:【化】【PIV】(ark. (arkaismo, arkaisme)) = arabata acido.##偽分解(PIV正式分解)
45205	arab/in/oz/o⟦arab/in/糖ᴼ/o⟧:【化】【PIV】Pentozo, C 5 H 10 O 5, konsistiganto de la polisakarido de la araba gumo.##偽分解(PIV正式分解)
45213	araknoid/it/o⟦蛛膜/炎ᵀ/o⟧:【医】【PIV】Inflamo de la araknoido.##偽分解
45229	arb/o/logi/o⟦树/o/学ᴸᴳ/o⟧:【PIV】Scienco pri arboj k arbustoj.##偽分解
45243	ar/en/o⟦群/en/o⟧:【化】【PIV】Aromata molekulo, en kiu la nesimplaj ligoj estas duoblaj: benzeno, naftaleno, antraceno.##偽分解(PIV正式分解)##過細分解 a/r/e/n/o
45287	arkeo/pterig/o/form/aj⟦古ᴬᴼ/翅ᴾᴳ/o/形/aj⟧:【動】【PIV】Ordo (Archaeopterygiformes) de fosiliaj birdoj, la plej malnova birdo konata.##偽分解##エス的分解
45289	arke/tip/o⟦原ᴬ/型/o⟧:【哲】【PIV】1 Eterna ideo, modelo de la estaj^oj. 2 Originalo, sur kiu oni kopiis la ceterajn manuskriptojn. 3【心】 Psika nekonscia strukturo, herede ricevita, povanta manifestig^i per tipaj simboloj, el kiu fontas sentoj, pensoj, imagaj^oj k energio. Vd pratipo.##偽分解
45326	arsen/id/o⟦矿ᴬ/化ᴵᴰ/o⟧:【PIV】Kombinaj^o de metalo k arseno, ekz. (ekzemple) K 3 As.##偽分解
45335	arteri/it/o⟦脉ᴬ/炎ᵀ/o⟧:【医】【PIV】Inflamaj lezoj de la arterioj.##偽分解
45336	arteri/ektomi/o⟦脉ᴬ/除ᴱᴷ/o⟧:【医】【PIV】Desekco de arteria fragmento.##偽分解(PIV正式分解)
45349	artr/oz/o⟦节ᴬᴿ/症ᴼ/o⟧:【PIV】Neinflama kronika afekcio de la artikoj.##偽分解(PIV正式分解)
45350	artr/algi/o⟦节ᴬᴿ/痛ᴬ/o⟧:【PIV】Artika doloro.##偽分解(PIV正式分解)
45351	artr/o/logi/o⟦节ᴬᴿ/o/学ᴸᴳ/o⟧:【PIV】Anatomia fako pri la artikoj.##偽分解
45352	artr/o/pod/oj⟦节ᴬᴿ/o/足ᴾᴼ/oj⟧:【動】【PIV】Filumo (Arthropoda) de senvertebraj animaloj, kies korpo konsistas el ringoformaj segmentoj k kies membroj havas plurajn artikojn, ekz. (ekzemple) krustacoj, araneoidoj, miriapodoj k insektoj.##偽分解(PIV正式分解)
45376	asir/i/o/log/o⟦asir/i/o/学家/o⟧:【PIV】Specialisto pri asiriologio.##偽分解
45377	asir/i/o/logi/o⟦asir/i/o/学ᴸᴳ/o⟧:【PIV】Scienco pri la antikvaj civilizacioj en Mezopotamio.##偽分解
45380	a/sistol/i/o⟦无ᴬ/缩ˢ/i/o⟧:【医】【PIV】Simptomaro, kiu dependas de la insuficienco de la kora sistolo: asistolia dispneo.##偽分解
45384	ask/o/micet/oj⟦囊ᴬ/o/菌ᴹᶜ/oj⟧:【PIV】(ark. (arkaismo, arkaisme)) = askomikotoj.##偽分解(PIV正式分解)
45385	ask/o/mikot/oj⟦囊ᴬ/o/菌ᴹᴵ/oj⟧:【PIV】Filumo (Ascomycota) de superaj fungoj, kun septaj hifoj k kun sporoj naskig^antaj interne de asko; c^. (c^irkau^) 30 000 sp-oj (specioj) el 2 220 g-oj (genroj): meldufungoj, morkelo, trufo, multaj likenoj estas askomikotoj. Sin. (sinonimo) askofungoj.##偽分解(PIV正式分解)
45393	asparag/in/o:【化】【PIV】Amida aminacido, CONH 2-CH 2-CHNH 2-COOH, unu el la 20 c^efaj aminacidoj de la proteinoj, grava rezervoformo de amonio c^e plantoj, i.a. (interalie, inter aliaj) en s^osoj de asparago.##偽分解(PIV正式分解)
45395	aspart/at/o⟦天冬/盐ᴬ/o⟧:【化】【PIV】Salo de aspartata acido, HOOC-CH 2-CH(NH 2)-COOH, unu el la 20 c^efaj aminacidoj de la proteinoj.##偽分解(PIV正式分解)
45410	asten/o/sfer/o⟦asten/o/球ˢ/o⟧:【地質】【PIV】Fleksebla parto de la supra mantelo de Tero. Vd litosfero, magmo.##偽分解
45419	astr/o/nau^t/ik/o⟦星ᴬ/o/航/学ᴵ/o⟧:【PIV】Kosmonau^tiko.##偽分解
45426	atav/ism/a⟦祖/主义/a⟧:【PIV】Rilata al atavismo: atavisma eco, trajto.##偽分解##強語根分解
45436	atero/skler/oz/o⟦atero/硬ˢ/症ᴼ/o⟧:【医】【PIV】Malsano de grandaj arterioj, en kiuj trovig^as tipaj lezoj, la ateromoj.##偽分解(PIV正式分解)
45439	atik/it/o⟦atik/炎ᵀ/o⟧:【医】【PIV】Inflamo de atiko(j).##偽分解(PIV正式分解)
45448	atm/o/metr/o⟦气ᴬᴹ/o/计ᴹ/o⟧:【理】【PIV】Instrumento, por mezuri la elvaporig^on el humida surfaco.##偽分解##強語根分解
45451	atmosfer/o/grafi/o⟦气ᴬᵀ/o/志ᴳ/o⟧:【PIV】Priskribo de la atmosfero k g^iaj influoj al la tero, ties vegetaj^oj, klimato ktp (kaj tiel plu).##偽分解
45452	atmosfer/o/logi/o⟦气ᴬᵀ/o/学ᴸᴳ/o⟧:【PIV】Scienco pri la atmosfero k ties influoj al la vetero, esenca parto de la meteologio.##偽分解
45453	a/ton/al/a⟦无ᴬ/调/al/a⟧:【PIV】Sentonala.##偽分解
45471	au^d/o/metr/o⟦听/o/计ᴹ/o⟧:【医】【PIV】Aparato por mezuri la au^dan akrecon.##偽分解
45505	au^t/o/gami/o⟦自ᴬ/o/配ᴳ/o⟧:【PIV】= memfekundig^o.##偽分解##過細分解 a/u^/t/o/gami/o
45506	au^t/o/gen/a⟦自ᴬ/o/生ᴳ/a⟧:【化】【PIV】1 Dau^riganta sin mem: au^togena reakcio. 2【技】 (pp (se paroli pri) veldo) Tia, ke en g^in eniras neniu alia metalo ol tiu de la du veldotaj pecoj.##偽分解##過細分解 a/u^/t/o/gen/a
45507	au^t/o/kataliz/o⟦自ᴬ/o/催/o⟧:【PIV】= memkatalizo.##偽分解##過細分解 a/u^/t/o/kataliz/o
45510	au^t/o/krat/a⟦自ᴬ/o/治ᴷ/a⟧:【PIV】Karakterizanta au^tokraton: oni diros, ke g^i estas ago au^tokrata .##偽分解##過細分解 a/u^/t/o/krat/a
45511	au^t/o/krat/ec/o⟦自ᴬ/o/治ᴷ/性/o⟧:【PIV】Tuto de la karakterizaj^oj de au^tokrato: en la nuna tre maltrankvila tempo ni devas tre zorge eviti c^iun agon, kiu havas s^ajnon de au^tokrateco .##偽分解##過細分解 a/u^/t/o/krat/ec/o
45512	au^t/o/liz/o⟦自ᴬ/o/解ᴸ/o⟧:【医】【PIV】Malkomponig^o au^ detruig^o de histoj per la tie entenataj enzimoj.##偽分解##過細分解 a/u^/t/o/liz/o
45515	au^t/o/mobil/a⟦车/o/动ᴹᴮ/a⟧:【PIV】Rilata al au^tomobilo(j): au^tomobilaj akcesoraj^oj; au^tomobila sporto.##偽分解##過細分解 a/u^/t/o/mobil/a
45516	au^t/o/morfi/o⟦自ᴬ/o/形ᴹᴵ/o⟧:【数】【PIV】Izomorfio de objekto sur g^in mem.##偽分解##過細分解 a/u^/t/o/morfi/o
45546	a/vitamin/oz/o⟦无ᴬ/vitamin/症ᴼ/o⟧:【PIV】(evi (evitinda)) = senvitaminozo.##偽分解
45561	azot/emi/o⟦氮ᴬ/血ᴱ/o⟧:【生】【医】【PIV】Kvanto de azotaj ekskreciaj substancoj (ureo, uratoj ktp (kaj tiel plu)) en la sango: hiper azotemio.##偽分解(PIV正式分解)
45562	azot/uri/o⟦氮ᴬ/尿/o⟧:【生】【医】【PIV】Kvanto de azotaj ekskreciaj substancoj (ureo, uratoj ktp (kaj tiel plu)) en la urino: hiper azoturio.##偽分解(PIV正式分解)
45596	bakteri/o/log/o⟦菌ᴮ/o/学家/o⟧:【PIV】Sciencisto pri bakteriologio.##偽分解
45597	bakter/icid/o⟦菌ᴮᴬ/杀/o⟧:【PIV】Bakteri-mortiga substanco.##偽分解(PIV正式分解)
45598	bakter/icid/a⟦菌ᴮᴬ/杀/a⟧:【PIV】Mortiganta bakteriojn.##偽分解(PIV正式分解)
45599	bakteri/o/fag^/o⟦菌ᴮ/o/吞ᶠ/o⟧:【生】【PIV】Viruso, kiu reproduktig^as en bakteria c^elo. Sin. (sinonimo) fag^o.##偽分解##過細分解 bakteri/o/f/a/g^/o
45607	balan/it/o⟦藤壶/炎ᵀ/o⟧:【医】【PIV】Inflamo de la balana mukozo.##偽分解(PIV正式分解)
45618	balen/o/pter/o⟦鲸/o/翅/o⟧:【動】【PIV】G. (Genro) (Balaenoptera) de cetacoj kun bartoj anst. (anstatau^) dentoj k kun dorsa nag^ilo. Sin. (sinonimo) rorkvalo. Vd baleno.##偽分解##エス的分解
45619	balen/o/pter/ed/oj⟦鲸/o/翅/科ᴱ/oj⟧:【動】【PIV】Fam. (Familio) (Balaenopteridae) de bartocetacoj kun dorsa nag^ilo.##偽分解##エス的分解
45641	bangi/fic/oj⟦藻ᴮ/藻ᶠᶜ/oj⟧:【植】【PIV】Klaso (Bangiophyceae el rodofitoj) de rug^algoj lau^strukture relative simplaj, unuc^elaj, filamentaj au^ foliecaj, al kiu apartenas i.a. (interalie, inter aliaj) bangio k porfuro.##偽分解(PIV正式分解)
45642	bangi/o/fic/oj⟦藻ᴮ/o/藻ᶠᶜ/oj⟧:【植】【PIV】Klaso (Bangiophyceae el rodofitoj) de rug^algoj lau^strukture relative simplaj, unuc^elaj, filamentaj au^ foliecaj, al kiu apartenas i.a. (interalie, inter aliaj) bangio k porfuro.##偽分解(PIV正式分解)
45708	bat/o/metr/o⟦深ᴮ/o/计ᴹ/o⟧:【PIV】Instrumento servanta por mezuri la profundon de akvujoj.##偽分解##強語根分解##過細分解 b/a/t/o/metr/o
45709	bat/o/metri/o⟦深ᴮ/o/测ᴹᵀ/o⟧:【PIV】Scienco pri la mezuro de la profundoj.##偽分解##強語根分解##過細分解 b/a/t/o/metri/o
45726	bazidi/micet/oj⟦担子/菌ᴹᶜ/oj⟧:【PIV】Precipa klaso (Basidiomycetes) de la bazidimikotoj.##偽分解(PIV正式分解)
45727	bazidi/o/micet/oj⟦担子/o/菌ᴹᶜ/oj⟧:【PIV】Precipa klaso (Basidiomycetes) de la bazidimikotoj.##偽分解(PIV正式分解)
45728	bazidi/mikot/oj⟦担子/菌ᴹᴵ/oj⟧:【PIV】Filumo (Basidiomycota) de superaj fungoj bazidihavaj; c^. (c^irkau^) 16 000 sp-oj (specioj) el c^. (c^irkau^) 1 100 g-oj (genroj), i.a. (interalie, inter aliaj) agariko, boleto, likoperdo, tremelo, uredo, ustilagoj. Sin. (sinonimo) bazidifungoj.##偽分解(PIV正式分解)
45729	bazidi/o/mikot/oj⟦担子/o/菌ᴹᴵ/oj⟧:【PIV】Filumo (Basidiomycota) de superaj fungoj bazidihavaj; c^. (c^irkau^) 16 000 sp-oj (specioj) el c^. (c^irkau^) 1 100 g-oj (genroj), i.a. (interalie, inter aliaj) agariko, boleto, likoperdo, tremelo, uredo, ustilagoj. Sin. (sinonimo) bazidifungoj.##偽分解(PIV正式分解)
45775	benzin/o/metr/o⟦汽油/o/计ᴹ/o⟧:【PIV】En veturilo, indikilo pri la nivelo de la benzino.##偽分解
45778	benzo/il/o⟦安息香/基ᴵ/o⟧:【化】【PIV】Radiko C 6 H 5-CO-: benzoilaj kombinaj^oj; dibenzoilo . -> hipurata acido.##偽分解(PIV正式分解)
45779	benzo/il/i⟦安息香/基ᴵ/i⟧:【PIV】Enkonduki benzoilon en kemian kombinaj^on.##偽分解(PIV正式分解)
45809	bibli/o/mani/o⟦经/o/狂/o⟧:【PIV】= libromanio.##偽分解
45810	bi/dent/o⟦二ᴮ/齿/o⟧:【植】【PIV】G. (Genro) (Bidens el asteracoj) de unu-k plur-jaraj herboj kun kontrau^e duopaj folioj, flavaj au^ blankaj floroj k plataj akenoj, sur c^i kiuj sidas dikaj haroj po 2−6; kosmopolita g. (genro) de c^. (c^irkau^) 240 sp-oj (specioj).##偽分解##エス的分解
45818	bi/fen/il/o⟦二ᴮ/焚风/具/o⟧:【PIV】Vd (vidu) feno ②.##偽分解(PIV正式分解)##過細分解 bi/f/e/n/il/o
45837	bi/metal/a⟦二ᴮ/金ᴹ/a⟧:【PIV】= dumetala.##偽分解(PIV正式分解)
45840	bio/metri/o⟦生ᴮᴼ/测ᴹᵀ/o⟧:【生】【PIV】Statistika studo de la dimensioj de la vivuloj k de ties organoj.##偽分解
45841	bi/ont/o⟦生ᴮᴵ/将/o⟧:【PIV】(ark. (arkaismo, arkaisme)) = vivulo.##偽分解##過細分解 b/i/o/n/t/o
45855	bismut/at/o⟦金ᴮˢ/盐ᴬ/o⟧:【化】【PIV】Salo de bismuta acido, HBiO 3 au^ H 3 BiO 4.##偽分解(PIV正式分解)
45885	blast/o/derm/o⟦胚ᴮ/o/皮ᴰ/o⟧:【生】【PIV】La c^eltavolo de la blastulo.##偽分解(PIV正式分解)
45886	blast/o/micet/o⟦胚ᴮ/o/菌ᴹᶜ/o⟧:【植】【PIV】G. (Genro) (Blastomyces) de mitozosporaj fungoj.##偽分解(PIV正式分解)
45887	blast/o/micet/oj⟦胚ᴮ/o/菌ᴹᶜ/oj⟧:【PIV】(ark. (arkaismo, arkaisme)) Grupo (Blastomycetes), sistematike nenatura, de mitozosporaj fungoj, reproduktig^antaj nur per burg^onado.##偽分解(PIV正式分解)
45888	blast/o/micet/oz/o⟦胚ᴮ/o/菌ᴹᶜ/症ᴼ/o⟧:【医】【PIV】(kn (kolektiva nomo)) Infekto, kau^zata de sp. de blastomiceto (B. dermatitidis). Vd kandidozo, mugeto.##偽分解(PIV正式分解)
45931	bohem/i/an/o⟦bohem/i/员ᴬ/o⟧:【PIV】Artisto au^ pseu^doartisto, vivanta bohemie.##偽分解
45942	bold/in/o⟦木ᴮᴸ/in/o⟧:【PIV】Alkaloido de la folioj de boldo.##偽分解(PIV正式分解)
45945	bol/o/metr/o⟦沸/o/计ᴹ/o⟧:【理】【PIV】1 Aparato por mezuri temperaturojn, bazita sur elektromova forto c^e kontaktloko de du metaloj. 2 Varmoelektra mezurilo, uzata en alternkurentaj mezurpontoj, por mezuri ekstreme malfortajn kurent-intensojn de altfrekvenco.##偽分解##強語根分解##過細分解 b/o/l/o/metr/o
45957	Bon/esper/a:【PIV】Nomepiteto de la plej S kabo de Afriko (18°30′E, 34°22′S).##偽分解
45970	bor/at/o⟦矿ᴮ/盐ᴬ/o⟧:【化】【PIV】Salo de borata acido, H 3 BO 3.##偽分解(PIV正式分解)
46000	botul/in/o⟦菌ᴮᵀ/in/o⟧:【医】【PIV】Ege dang^era toksino de botulo, kelkfoje trovig^anta en konservaj^oj, medicine uzata kontrau^ muskolaj spasmoj pro g^ia paralizanta efiko.##偽分解(PIV正式分解)
46009	bradi/kardi/o⟦bradi/心ᴷᴰ/o⟧:【医】【PIV】Malrapideco de la kora pulsado.##偽分解
46011	bradi/pepsi/o:【医】【PIV】Malrapida k malfacila digesto.##偽分解
46019	braki/o/pod/oj⟦braki/o/足ᴾᴼ/oj⟧:【動】【PIV】Filumo (Brachiopoda) de senvertebraj animaloj, similaj al duvalvuloj, sed kun dorsa k ventra valvoj k kun longaj «brakoj» c^e la bus^o; vivas sur la marfundo.##偽分解
46032	branki/o/pod/oj⟦branki/o/足ᴾᴼ/oj⟧:【動】【PIV】Subklaso (Branchiopoda) de krustacoj, ampleksanta dafniojn k kelkajn aliajn tre malgrandajn krustacojn.##偽分解
46053	bri/opsid/oj⟦苔ᴮ/opsid/oj⟧:【PIV】Klaso, ampleksanta c^iujn muskojn; c^. (c^irkau^) 15 000 sp-oj (specioj) el c^. (c^irkau^) 800 g-oj (genroj).##偽分解(PIV正式分解)
46054	bri/fit/oj⟦苔ᴮ/植ᶠ/oj⟧:【PIV】Filumo, ampleksanta la muskojn k hepatmuskojn; c^. (c^irkau^) 22 000 sp-oj (specioj) el 1 130 g-oj (genroj); du klasoj: briopsidoj k hepatikopsidoj.##偽分解(PIV正式分解)
46064	bri/o/zo/oj⟦苔ᴮ/o/兽ᶻ/oj⟧:【動】【PIV】Filumo (Bryozoa) de akvaj senvertebraj animaloj, tre malgrandaj, kies kolonioj formas krustecan kovron sur fuko, s^tonoj ks (kaj simile, kaj similaj) au^ branc^aron similan al la talo de iuj algoj.##偽分解##エス的分解
46079	bronk/o/skop/o⟦支ᴮ/o/镜ˢᴷ/o⟧:【PIV】Aparato, por esplorrigardi la internon de la bronkoj.##偽分解
46080	bronk/o/skop/i/o⟦支ᴮ/o/镜ˢᴷ/i/o⟧:【PIV】Esplorado per bronkoskopo.##偽分解
46164	burs/it/o⟦囊ᴮ/炎ᵀ/o⟧:【医】【PIV】Inflamo de seroza burso.##偽分解(PIV正式分解)
46170	but/adien/o⟦培/adien/o⟧:【化】【PIV】C 4 H 6, nesaturita hidrokarbono kun du duoblaj ligoj, antau^anto de artefarita kau^c^uko: 1,3-butadieno (CH 2 =CH-CH=CH 2).##偽分解(PIV正式分解)##過細分解 b/u/t/adien/o
46171	1-but/an/ol/o⟦1-培/员ᴬ/ol/o⟧:【化】【PIV】CH 3-CH 2-CH 2-CH 2-OH. Sin. (sinonimo) n-butanolo.##偽分解(PIV正式分解)##過細分解 1-b/u/t/a/n/o/l/o
46172	2-but/an/ol/o⟦2-培/员ᴬ/ol/o⟧:【化】【PIV】CH 3-CH 2-CH(OH)-CH 3. Sin. (sinonimo) sek-butanolo.##偽分解(PIV正式分解)##過細分解 2-b/u/t/a/n/o/l/o
46173	but/an/on/o⟦丁/an/分/o⟧:【化】【PIV】Ketono (metil-etil-ketono), CH 3-CH 2-CO-CH 3, tre grava solvanto simila al acetono.##偽分解(PIV正式分解)##過細分解 b/u/t/a/n/o/n/o
46174	but/en/o⟦丁/en/o⟧:【化】【PIV】C 4 H 8, nesaturita hidrokarbono kun unu duobla ligo: metil-2-buten-1-tiolo, CH 3-C(CH 3)=CH-CH 2-SH, estas la fetora odoraj^o de mefito k de lumdifektita biero.##偽分解(PIV正式分解)##過細分解 b/u/t/e/n/o
46175	2-but/en/al/o⟦2-培/en/al/o⟧:【化】【PIV】CH 3-CH=CH-CHO, akrodora, incita likvo uzata kiel industria krudmaterialo. Sin. (sinonimo) krotonalo.##偽分解(PIV正式分解)##過細分解 2-b/u/t/e/n/a/l/o
46176	but/in/o⟦培/in/o⟧:【化】【PIV】C 4 H 6, nesaturita hidrokarbono kun unu triobla ligo.##偽分解(PIV正式分解)##過細分解 b/u/t/in/o
46177	izo/but/an/ol/o⟦等ᴵ/丁/an/ol/o⟧:【化】【PIV】CH 3-CH(CH 3)-CH 2-OH. Sin. (sinonimo) 2-metilpropanolo.##偽分解(PIV正式分解)##過細分解 izo/b/u/t/a/n/o/l/o
46178	ter-but/an/ol/o⟦地-培/员ᴬ/ol/o⟧:【化】【PIV】1,1-dimetiletanolo, (CH 3) 3 C-OH, kvarkarbona alkoholo, uzata kiel krudmaterialo en multaj kemiaj sintezoj.##偽分解(PIV正式分解)##過細分解 ter-b/u/t/a/n/o/l/o
46180	buter/at/a⟦黄油/被/a⟧:【PIV】Butera 1.##偽分解(PIV正式分解)
46182	buter/o/metr/o⟦黄油/o/计ᴹ/o⟧:【PIV】Aparato, por difini la entenon de butero je graso.##偽分解
46201	cefalaspid/o/morf/oj⟦头甲/o/形ᴹ/oj⟧:【動】【PIV】Klaso (Cephalaspidomorphi) de senmakzeluloj, kiu ampleksas precipe formortintajn g-ojn sed ankau^ la nuntempan ordon petromizoformaj. Vd ostrakodermoj.##偽分解(PIV正式分解)
46234	cent/i/foli/o⟦百/i/叶/o⟧:【植】【PIV】Centfolia rozo. Vd muskrozo. -> trifolio, milfolio.##偽分解
46235	centi/grad/a⟦厘/度/a⟧:【PIV】= centezimala, centuma.##偽分解(PIV正式分解)
46244	centr/o/mer/o⟦央/o/链节/o⟧:【生】【PIV】Loko de kromosomo, kie alfiksig^as la spindelfibroj.##偽分解(PIV正式分解)
46245	centr/o/som/o⟦央/o/体ˢᴹ/o⟧:【生】【PIV】Enc^ela organeto, c^e la pinto de mitoza au^ mejoza spindelo, kiu konsistas el du centrioloj.##偽分解(PIV正式分解)
46284	cian/at/o⟦青/盐ᴬ/o⟧:【化】【PIV】Salo au^ organika derivaj^o de cianata acido HOCN.##偽分解(PIV正式分解)
46288	cian/fit/oj⟦青/植ᶠ/oj⟧:【PIV】(iom ark. (arkaismo, arkaisme)) = cianobakterioj.##偽分解(PIV正式分解)
46289	cian/o/fit/oj⟦青/o/植ᶠ/oj⟧:【PIV】(iom ark. (arkaismo, arkaisme)) = cianobakterioj.##偽分解(PIV正式分解)
46308	cikad/o/morf/oj⟦蝉/o/形ᴹ/oj⟧:【動】【PIV】Subordo (Cicadomorpha) de insektoj el la ordo de hemipteroj, ampleksanta i.a. (interalie, inter aliaj) la cikadojn.##偽分解(PIV正式分解)
46315	cikl/o/metr/o⟦环ᶜ/o/计ᴹ/o⟧:【PIV】Instrumento por mezuri c^e rado la iritan vojlongon. Vd hodometro, taksimetro, kilometrilo.##偽分解
46316	cikl/o/metri/a⟦环ᶜ/o/测ᴹᵀ/a⟧:【数】【PIV】(pp (se paroli pri) funkcio) Inversa al trigonometria funkcio. -> sinuso.##偽分解
46331	cinam/al/o⟦桂/al/o⟧:【化】【PIV】Aldehido, C 6 H 5-CH=CH-CHO, c^efa odora komponanto de cinamo.##偽分解(PIV正式分解)##過細分解 cinam/a/l/o
46383	cito/log/o⟦胞ᶜᵀ/学家/o⟧:【生】【PIV】Specialisto pri citologio.##偽分解
46384	cito/logi/o⟦胞ᶜᵀ/学ᴸᴳ/o⟧:【PIV】Scienco pri la strukturo k funkciado de la c^eloj. Sin. (sinonimo) c^elologio.##偽分解
46385	cito/plasm/o⟦胞ᶜᵀ/浆/o⟧:【生】【PIV】C^elplasmo. Vd plasmo.##偽分解
46386	cito/skelet/o⟦胞ᶜᵀ/骨ˢ/o⟧:【生】【PIV】C^elskeleto.##偽分解
46387	cito/sol/o⟦胞ᶜᵀ/液ˢ/o⟧:【生】【PIV】C^elsolo.##偽分解
46388	cito/trop/a⟦胞ᶜᵀ/向ᵀ/a⟧:【生】【医】【PIV】Afina al la c^eloj: citotropa viruso. Sin. (sinonimo) c^elafina.##偽分解
46389	cit/oz/o⟦胞ᶜᴵ/症ᴼ/o⟧:【生】【PIV】(pp (se paroli pri) c^elo) Formig^o k movig^o de veziketoj, kiuj rolas en la inters^ang^oj inter c^elo k ties ekstera medio.##偽分解##過細分解 c/i/t/oz/o
46391	citr/al/o⟦柑/al/o⟧:【化】【PIV】La aldehido de geraniolo, C 9 H 15 CHO, citronodora. Vd geranialo, neralo.##偽分解(PIV正式分解)##過細分解 citr/a/l/o
46392	citr/at/o⟦柑/盐ᴬ/o⟧:【化】【PIV】Salo de citrata acido, HOOC-C(OH)(CH 2-COOH)-CH 2-COOH, abunda en la fruktoj de la g. (genro) citruso, i.a. (interalie, inter aliaj) citrono: citratociklo (Sin. (sinonimo) krebsa ciklo; Vd (vidu) Krebso).##偽分解(PIV正式分解)
46394	citrol/in/o⟦瓜ᶜ/in/o⟧:【化】【PIV】Aminacido, NH 2 CO-NH-(CH 2) 3-CHNH 2-COOH, malkovrita c^e akvomelono, rolanta en la urea ciklo.##偽分解(PIV正式分解)
46396	citronel/al/o⟦香茅/al/o⟧:【化】【PIV】La efika substanco el citronela esenco, C 10 H 18 O, aldehido parenca al citralo.##偽分解(PIV正式分解)##過細分解 citronel/a/l/o
46399	civil/iz/aci/a⟦民ᶜ/化/态ᴬ/a⟧:【PIV】Rilata al civilizacio: barbara restaj^o el la plej antikva antau^ civilizacia tempo .##偽分解
46405	C^ad/i/o:【政】【PIV】Afrika regno (Ng^ameno).##偽分解
46438	c^el/o/logi/o⟦胞/o/学ᴸᴳ/o⟧:【PIV】Citologio.##偽分解
46469	c^in/o/log/o⟦c^in/o/学家/o⟧:【PIV】Sciencisto, kiu studas la c^inan lingvon, arton ktp (kaj tiel plu).##偽分解
46470	c^in/o/logi/o⟦c^in/o/学ᴸᴳ/o⟧:【PIV】Tuto de la studoj rilataj al C^inio.##偽分解
46495	dada/ism/o⟦dada/主义/o⟧:【PIV】Movado (en Eu^ropo, 1916−1924), kiu celis likvidi c^ian intelektan tradicion k forigi c^ian rilaton inter la penso k la esprimo.##偽分解##強語根分解
46496	dada/ist/o⟦dada/家/o⟧:【PIV】Ano de la dadaisma movado.##偽分解##強語根分解
46508	dakriocist/it/o⟦泪囊/炎ᵀ/o⟧:【医】【PIV】Inflamo de dakriocisto(j).##偽分解(PIV正式分解)
46511	daktil/o/graf/i⟦指ᴰ/o/记ᴳ/i⟧:【PIV】(tr (transitiva)) Mas^inskribi, tajpi: koncerne la daktilografitan leteron, kiun mi sendis .##偽分解##強語根分解
46512	daktil/o/skop/i/o⟦指ᴰ/o/镜ˢᴷ/i/o⟧:【PIV】Procedo, per kiu oni identigas personojn per la observado de la hau^tlinioj sur la polma flanko de la fingropintoj. -> premsigno, spuro.##偽分解##強語根分解
46564	de/flor/i⟦从/花/i⟧:【PIV】(tr (transitiva)) Disrompi ies himenon: c^e certaj triboj, la perfingra deflorado estas komisiita al maljunulinoj.##偽分解
46576	deka/pod/oj⟦十ᴰᴬ/足ᴾᴼ/oj⟧:【PIV】= dekpieduloj.##偽分解
46603	demon/o/logi/o⟦魔ᴰᴹ/o/学ᴸᴳ/o⟧:【PIV】Sistema priskribo de la naturo k la povoj de demonoj.##偽分解
46604	demon/o/mani/o⟦魔ᴰᴹ/o/狂/o⟧:【PIV】Vario de frenezo, en kiu la maniulo imagas sin demonhavanto.##偽分解
46605	demonstr/at/iv/a⟦证ᴰᴹ/被/能ᴵ/a⟧:【PIV】Rilata al demonstrativo.##偽分解
46609	dendro/kron/o/log/o⟦树ᴰ/时ᴷ/o/学家/o⟧:【PIV】Fakulo pri dendrokronologio.##偽分解##強語根分解##過細分解 dendro/k/r/o/n/o/log/o
46610	dendro/kron/o/logi/o⟦树ᴰ/时ᴷ/o/学ᴸᴳ/o⟧:【PIV】Scienco pri la studo de la kreskadaj ringoj de la arbotrunkoj por starigi absolutan datadon k dedukti informojn pri pasintaj klimatoj.##偽分解##強語根分解##過細分解 dendro/k/r/o/n/o/logi/o
46612	dendro/logi/o⟦树ᴰ/学ᴸᴳ/o⟧:【PIV】= arbologio.##偽分解##強語根分解
46617	dens/o/metri/o⟦密/o/测ᴹᵀ/o⟧:【PIV】Tekniko de mezurado de densoj.##偽分解
46620	dent/in/o⟦齿/in/o⟧:【解】【PIV】(dentinum) Malmola substanco k histo de la dentoj de vertebruloj (samkonsista kiel eburo), tegita de c^emento sur la radikoj k de emajlo 3 (nur c^e la mamuloj) au^ de vitro dentino sur la denta krono.##偽分解(PIV正式分解)
46627	de/oksi/⟦从/氧/⟧:【化】【PIV】Pref. (Prefikso) indikanta, ke c^e la koncerna molekulo mankas atomo(j) de oksigeno kompare kun parenca referenca molekulo; uzata i.a. (interalie, inter aliaj) por nomi sukerojn, steroidojn k antibiotikojn: deoksiribozo, deoksiribonukleata acido (Vd (vidu) nukleo).##偽分解(PIV正式分解)
46628	deont/o/logi/o⟦义ᴰ/o/学ᴸᴳ/o⟧:【PIV】Scienco k instruo pri la moralaj devoj, permesoj au^ malpermesoj specialaj al iu profesio, precipe al tia, kia donas eblojn influi la sorton de homoj (ekz-e (ekzemple) tiu de kuracisto, advokato, instruisto ks (kaj simile, kaj similaj)).##偽分解##強語根分解
46629	deont/o/logi/a⟦义ᴰ/o/学ᴸᴳ/a⟧:【PIV】Rilata al deontologio: deontologia kodo.##偽分解##強語根分解
46642	derm/a/pter/oj⟦皮ᴰ/a/翅/oj⟧:【動】【PIV】Ordo (Dermaptera) de insektoj kun mallongaj elitroj k kies abdomeno finig^as per mola pinc^ilo: forfikuloj estas dermapteroj.##偽分解##エス的分解
46645	derm/o/pter/oj⟦皮ᴰ/o/翅/oj⟧:【動】【PIV】Ordo (Dermoptera) de herbovoraj mamuloj, kun s^vebhau^to; nur unu g. (genro), galeopiteko. Vd kaguango.##偽分解##エス的分解
46680	diafan/o/skop/i/o⟦透/o/镜ˢᴷ/i/o⟧:【医】【PIV】Procedo por esplori iujn korpopartojn (sinusoj, testikoj, sklerotoj ks (kaj simile, kaj similaj)), diafanigante ilin per translumigado.##偽分解
46681	dia/genez/o⟦通ᴰ/源ᴳ/o⟧:【地質】【PIV】Aro de procezoj (biokemiaj, kemiaj k fizikaj), per kiuj sedimento transformig^as al petro. Vd petrig^o, metamorfismo.##偽分解
46689	dia/kron/a⟦通ᴰ/时ᴷ/a⟧:【語】【PIV】Temanta pri la historia evoluo: diakrona fonetiko, gramatiko. Vd sinkrona.##偽分解##過細分解 dia/k/r/o/n/a
46692	dia/log/ist/o⟦通ᴰ/话ᴸ/家/o⟧:【PIV】Verkisto de filmaj dialogoj.##偽分解
46701	diazo/met/an/o⟦diazo/置/an/o⟧:【PIV】= diazotmetano (Vd (vidu) azoto).##偽分解(PIV正式分解)##過細分解 diazo/m/e/t/a/n/o
46711	dielektrik/metr/o⟦介电ᴰ/计ᴹ/o⟧:【電】【PIV】Aparato por mezuri la proprecojn de dielektriko.##偽分解
46712	di/en/o:【PIV】Vd (vidu) -en/ ③.##偽分解(PIV正式分解)##過細分解 d/i/e/n/o
46733	di/gram/o⟦二ᴰᴵ/字ᴳᴹ/o⟧:【語】【PIV】Grupo de du grafemoj uzataj por prezenti unu fonemon: la Fundamento rajtigis uzi, okaze de tipografiaj malfacilaj^oj, la digramojn ch, gh, hh, jh, sh anstatau^ la c^apelitaj literoj c^, g^, h^, j^ k s^. -> diftongo.##偽分解(PIV正式分解)##過細分解 d/i/g/r/a/m/o
46742	di/kotiledon/oj⟦二ᴰᴵ/子叶/oj⟧:【植】【PIV】Dukotiledonoj.##偽分解(PIV正式分解)##過細分解 d/i/kotiledon/oj
46758	dilat/ator/o⟦膨/具ᴬ/o⟧:【PIV】= dilatanto.##偽分解(PIV正式分解)
46764	di/morf/a⟦二ᴰᴵ/形ᴹ/a⟧:【PIV】= duforma.##偽分解(PIV正式分解)##過細分解 d/i/morf/a
46765	di/morf/ec/o⟦二ᴰᴵ/形ᴹ/性/o⟧:【PIV】= duformeco.##偽分解(PIV正式分解)##過細分解 d/i/morf/ec/o
46766	di/morf/ism/o⟦二ᴰᴵ/形ᴹ/主义/o⟧:【PIV】= duformismo.##偽分解(PIV正式分解)##過細分解 d/i/morf/ism/o
46770	di/odont/o⟦二ᴰᴵ/odont/o⟧:【動】【PIV】G. (Genro) (Diodon) de globformaj tropikaj marfis^oj, kies skvamoj formas longajn pikilojn.##偽分解##エス的分解##過細分解 d/i/odont/o
46788	dioskore/in/o⟦草ᴰᴿ/in/o⟧:【化】【PIV】Toksa, varmdetruebla alkaloido de la tuberoj k bulbiloj de dioskoreo.##偽分解(PIV正式分解)
46793	di/ploid/a⟦二ᴰᴵ/倍ᴾ/a⟧:【PIV】= duploida.##偽分解(PIV正式分解)##過細分解 d/i/ploid/a
46794	diplo/kok/o⟦板障/菌ᴷᴷ/o⟧:【生】【PIV】1 G. (Genro) (Diplococcus) de eu^bakterioj. 2 Morfologia nomo de diversagenraj globaj eu^bakterioj, kies c^eloj estas duope arig^intaj. Vd koko.##偽分解(PIV正式分解)
46796	diplom/o/logi/o⟦证ᴰ/o/学ᴸᴳ/o⟧:【PIV】Scienco pri la malnovaj diplomoj el paleografia, formulara, historia ktp (kaj tiel plu) vidpunktoj.##偽分解
46799	diplo/pod/oj⟦板障/足ᴾᴼ/oj⟧:【動】【PIV】Klaso (Diplopoda) de miriapodoj kun du paroj da kruroj sur c^iu segmento. Vd kilopodoj.##偽分解
46801	di/pod/o⟦二ᴰᴵ/足ᴾᴼ/o⟧:【動】【PIV】G. (Genro) (Dipus) de mamuloj, el la ordo de rong^uloj, kies malantau^aj kruroj estas tre longaj, la antau^aj tre mallongaj, la vosto tre longa; ili movas sin saltante, k vivas en E Rusio k Azio.##偽分解##エス的分解##過細分解 d/i/pod/o
46802	di/pod/ed/oj⟦二ᴰᴵ/足ᴾᴼ/科ᴱ/oj⟧:【動】【PIV】Fam. (Familio) (Dipodidae) de rong^uloj, vivantaj en stepaj k subdezertaj regionoj de Afriko k Azio, al kiu apartenas i.a. (interalie, inter aliaj) dipodo. Sin. (sinonimo) g^erbosoj.##偽分解##エス的分解##過細分解 d/i/pod/ed/oj
46804	dipso/mani/o⟦渴ᴰ/狂/o⟧:【医】【PIV】Nerezistebla k intermita impulso al drinkado.##偽分解
46805	dipso/mani/ul/o⟦渴ᴰ/狂/者/o⟧:【PIV】Homo, suferanta je dipsomanio.##偽分解
46824	disk/o/micet/oj⟦盘ᴰ/o/菌ᴹᶜ/oj⟧:【植】【PIV】Nenatura grupo de askomikotoj, kies askujoj estas apotecioj. Vd pirenomicetoj.##偽分解(PIV正式分解)
46834	di/som/a⟦二ᴰᴵ/体ˢᴹ/a⟧:【PIV】= dusoma.##偽分解(PIV正式分解)##過細分解 d/i/som/a
46852	dit/o/grafi/o⟦dit/o/志ᴳ/o⟧:【PIV】Eraro de kopiisto, konsistanta en la misripeto de litero, vorto au^ frazo, ekz. (ekzemple): ananalogio anst. (anstatau^) analogio. Vd haplografio.##偽分解##強語根分解
46863	divertikul/ektomi/o⟦囊室/除ᴱᴷ/o⟧:【医】【PIV】Kirurgia fortranc^o de divertikulo.##偽分解(PIV正式分解)
46869	dodeka/edr/o⟦十二/面ᴱ/o⟧:【数】【PIV】1 = regula dekduedro. 2 = dekduedro.##偽分解
46870	dodeka/fon/a⟦十二/声ᶠᴼ/a⟧:【楽】【PIV】(pp (se paroli pri) komponaj^o) Uzanta c^iujn tonojn de dekdutona gamo, senkonsidere al tonalo.##偽分解
46871	dodeka/fon/i/o⟦十二/声ᶠᴼ/i/o⟧:【PIV】Maniero komponi dodekafone.##偽分解
46872	dodeka/fon/ism/o⟦十二/声ᶠᴼ/主义/o⟧:【PIV】Maniero komponi dodekafone.##偽分解
46904	Dor/i/a:【PIV】1 Propra al Dorio au^ al Dorianoj. 2 = dorika.##偽分解
46925	drak/o/cefal/o⟦龙/o/头ᶜ/o⟧:【植】【PIV】G. (Genro) (Dracocephalum el lamiacoj) de unu-k plur-jaraj herboj au^ arbustetoj kun multaj floroj en s^ajnverticiloj arig^intaj au^ ne en grapolojn au^ en kompleksajn spikojn, kun tubforma kaliko k kun dulipa korolo; c^. (c^irkau^) 45 sp-oj (specioj) el Eu^ropo, Azio, N Afriko k N Ameriko, pluraj, i.a. (interalie, inter aliaj) moldaviko, pororname kultivataj.##偽分解(PIV正式分解)
46946	du/tet/o⟦二/tet/o⟧:【楽】【PIV】1 Komponaj^o konsistanta el du partoj au^ por du ludantoj. 2 La ludantaro de tia komponaj^o. Vd dueto.##偽分解(PIV正式分解)##過細分解 du/t/e/t/o
46974	ebuli/o/skop/o⟦ebuli/o/镜ˢᴷ/o⟧:【理】【化】【PIV】Aparato, por determini la molekulmason, uzante la plialtig^on de la bolpunkto.##偽分解##強語根分解
46995	efedr/in/o⟦木ᴱᶠ/in/o⟧:【化】【PIV】Alkaloido el efedro, ekstraktata i.a. (interalie, inter aliaj) el C^inia efedro, C 10 H 15 NO, efikanta kiel adrenalino, uzata i.a. (interalie, inter aliaj) por kuraci rinitojn.##偽分解(PIV正式分解)
46999	efemer/o/pter/oj⟦短ᴱ/o/翅/oj⟧:【動】【PIV】Ordo (Ephemeroptera) de insektoj kun grandaj antau^aj flugiloj k tri longaj vostfadenoj.##偽分解##エス的分解
47010	egipt/o/log/o⟦egipt/o/学家/o⟧:【PIV】Specialisto pri egiptologio.##偽分解
47011	egipt/o/logi/o⟦egipt/o/学ᴸᴳ/o⟧:【PIV】Scienco pri la lingvo, skribmaniero, civilizacio ktp (kaj tiel plu) de la antikvaj egiptoj. -> hieroglifo.##偽分解
47019	eh^in/o/derm/oj⟦海胆ᴱᴴ̂/o/皮ᴰ/oj⟧:【PIV】= ekinodermoj.##偽分解(PIV正式分解)
47035	ekin/o/zo/oj⟦海胆/o/兽ᶻ/oj⟧:【PIV】Subfilumo (Echinozoa) de ekinodermoj, ampleksanta la ekinoidojn k la holoturioidojn.##偽分解##エス的分解
47042	ekono/metr/ik/o⟦ekono/计ᴹ/学ᴵ/o⟧:【PIV】Branc^o de ekonomiko, kiu konstruas modelojn per la metodo statistika por klarigi la funkciadon de ekonomio k testi hipotezojn.##偽分解##強語根分解
47076	ekspresion/ist/o⟦表ᴱᴷ/家/o⟧:【PIV】Artisto, laboranta lau^ la principoj de ekspresionismo.##偽分解
47089	ekto/derm/o⟦外ᴱᴷ/皮ᴰ/o⟧:【生】【PIV】Ekstera c^eltavolo de la juna embrio, kiu aperas c^e la gastrulo: el ektodermo devenas la epidermo, la hau^taj glandoj, la nerva sistemo k la sensorganoj. Vd endodermo, mezodermo.##偽分解
47096	ekvizet/opsid/oj⟦问荆/opsid/oj⟧:【植】【PIV】Klaso (Equisetopsida el pteridofitoj) el nur unu fam. (familio) (ekvizetacoj) k g. (genro) (ekvizeto).##偽分解(PIV正式分解)
47107	ekz/oftalm/i/o⟦ekz/目ᴼᶠ/i/o⟧:【医】【PIV】Elstareco de la okulgloboj el la orbitoj.##偽分解(PIV正式分解)
47108	ekz/oftalm/i/a⟦ekz/目ᴼᶠ/i/a⟧:【PIV】Rilata al ekzoftalmio: la ekzoftalmia strumo ofte kuntrovig^as kun tiroida hiperfunkciado.##偽分解(PIV正式分解)
47109	ekzo/gami/o⟦外ᴱᶻ/配ᴳ/o⟧:【社】【生】【PIV】1 Moro, deviganta la membrojn de klano edzig^i nur ekster sia klano. 2 Reproduktig^o inter individuoj de diversaj grupoj apartenantaj al la sama specio. Vd endogamio.##偽分解(PIV正式分解)
47110	ekzo/gen/a⟦外ᴱᶻ/生ᴳ/a⟧:【生】【医】【地質】【PIV】Eksterdevena; formig^anta au^ okazanta ekstere de organo, de c^elo, de organismo au^ de Tero: ekzogena toksig^o s^uldig^as al glutitaj, injektitaj ktp (kaj tiel plu) substancoj; ekzogena fenomeno. Vd endogena.##偽分解(PIV正式分解)
47126	elast/in/o⟦弹ᴱ/in/o⟧:【化】【PIV】En-k el-volvebla skleroproteino, kiu konsistigas la elastajn fibrojn de la kuniga histo, i.a. (interalie, inter aliaj) de la hau^to, sangvaskuloj k pulmoj.##偽分解(PIV正式分解)
47127	elast/o/mer/o⟦弹ᴱ/o/链节/o⟧:【PIV】Vd (vidu) mero.##偽分解(PIV正式分解)
47129	elateri/in/o:【化】【PIV】Efika substanco (glukozido) de elaterio 2.##偽分解(PIV正式分解)
47142	elektr/o/fon/o⟦电/o/声ᶠᴼ/o⟧:【PIV】Gramofono, c^e kiu la registrado k reproduktado de la sonoj okazas per elektromekanikaj procedoj.##偽分解(PIV正式分解)
47145	elektr/o/valent/a⟦电/o/价ⱽ/a⟧:【理】【化】【PIV】(pp (se paroli pri) valenta ligo) Polara. Vd kovalenta.##偽分解
47180	embri/fit/oj⟦胚/植ᶠ/oj⟧:【植】【PIV】Grupego de plantoj karakterizataj de embrio 2 k de arkegonio, k ampleksanta la vaskulplantojn k briofitojn. Sin. (sinonimo) embrioplantoj, kormofitoj, kormoplantoj, arkegoniplantoj. Vd talofitoj.##偽分解(PIV正式分解)
47181	embri/o/fit/oj⟦胚/o/植ᶠ/oj⟧:【植】【PIV】Grupego de plantoj karakterizataj de embrio 2 k de arkegonio, k ampleksanta la vaskulplantojn k briofitojn. Sin. (sinonimo) embrioplantoj, kormofitoj, kormoplantoj, arkegoniplantoj. Vd talofitoj.##偽分解(PIV正式分解)
47182	embri/genez/o⟦胚/源ᴳ/o⟧:【生】【PIV】Serio de la formoj, tra kiuj animala au^ planta organismo trapasas de la fekundigita ovo g^is la definitiva formo. Vd individugenezo, ontogenezo.##偽分解
47183	embri/tomi/o⟦胚/切ᵀᴹ/o⟧:【医】【PIV】C^iu enutera embriosekco.##偽分解
47184	embri/o/tomi/o⟦胚/o/切ᵀᴹ/o⟧:【医】【PIV】C^iu enutera embriosekco.##偽分解
47212	emulsi/az/o⟦乳ᴱ/az/o⟧:【化】【PIV】Enzimo, kiu katalizas la malkomponon de beta-emulsiglukozidoj, ekz. (ekzemple) migdalozidon.##偽分解(PIV正式分解)
47213	emulsi/in/o⟦乳ᴱ/女/o⟧:【PIV】= emulsiazo.##偽分解(PIV正式分解)
47217	en/sintez/o⟦内/合ˢ/o⟧:【PIV】Kondensado kun konjuga ensistemo lau^ O. Diels k K. Alder, 1928.##偽分解(PIV正式分解)##過細分解 e/n/sintez/o
47219	enantio/morf/a⟦映ᴱ/形ᴹ/a⟧:【理】【化】【PIV】(pp (se paroli pri) substanco) Tia, ke g^i posedas du kristalformojn, kiuj povas transig^i de unu al la alia. Vd alotropa, enantiotropa.##偽分解
47220	enantio/morf/ec/o⟦映ᴱ/形ᴹ/性/o⟧:【PIV】Eco de enantiomorfa substanco.##偽分解
47221	enantio/morf/ism/o⟦映ᴱ/形ᴹ/主义/o⟧:【PIV】La responda fenomeno.##偽分解
47222	enantio/trop/a⟦映ᴱ/向ᵀ/a⟧:【理】【化】【PIV】(pp (se paroli pri) substanco). Tia, ke g^i posedas du alotropajn formojn, kiuj povas transig^i de unu al la alia. Vd enantiomorfa.##偽分解
47223	enantio/trop/ec/o⟦映ᴱ/向ᵀ/性/o⟧:【PIV】Eco de enantiotropa substanco.##偽分解
47224	enantio/trop/ism/o⟦映ᴱ/向ᵀ/主义/o⟧:【PIV】La responda fenomeno.##偽分解
47227	encefal/in/o⟦脑ᴱ/in/o⟧:【生】【PIV】Nerva peranto de la centra nervosistemo, havanta antidolorigajn ecojn.##偽分解(PIV正式分解)
47228	encefal/algi/o⟦脑ᴱ/痛ᴬ/o⟧:【PIV】Intensa kapdoloro, observata en la cerba sifiliso.##偽分解(PIV正式分解)
47229	encefal/o/grafi/o⟦脑ᴱ/o/志ᴳ/o⟧:【医】【PIV】Registrado k studo de la osciloj de elektra potencialo, kiuj konstante estig^as en la cerba kortiko; tiujn oscilojn modifas sensaj ekscitoj, mensa aktiveco, epilepsio ktp (kaj tiel plu).##偽分解
47230	encefal/o/gram/o⟦脑ᴱ/o/图ᴳᴹ/o⟧:【PIV】Kurbo ricevita per encefalografio.##偽分解(PIV正式分解)##過細分解 encefal/o/g/r/a/m/o
47237	endo/derm/o⟦内ᴱᴰ/皮ᴰ/o⟧:【生】【PIV】1 Interna c^eltavolo de la embrio, kiu aperas c^e la gastrulo: el endodermo devenas la nutrokanalo k ties glandoj. Vd ektodermo, mezodermo. 2【植】 (pp (se paroli pri) radiko de vaskulplantoj) La plej interna c^eltavolo de la kortika parenkimo: endodermo rolas en la lau^radia cirkulado de la alsupra sevo.##偽分解(PIV正式分解)
47238	endo/gami/o⟦内ᴱᴰ/配ᴳ/o⟧:【PIV】1 Moro, deviganta la membrojn de klano edzig^i interne de sia klano. 2【生】 Reproduktig^o inter la individuoj de grupo apartenanta al iu specio, sen partopreno de la individuoj eksteraj al tiu grupo. Vd ekzogamio.##偽分解(PIV正式分解)
47239	endo/gen/a⟦内ᴱᴰ/生ᴳ/a⟧:【生】【医】【地質】【PIV】Interndevena; formig^anta au^ okazanta en la interno de organo, de c^elo, de organismo au^ de Tero: endogena toksig^o s^uldig^as al toksoj, produktitaj en la organismo mem; endogena fenomeno. Vd ekzogena.##偽分解(PIV正式分解)
47240	endokrin/o/log/o⟦内分泌/o/学家/o⟧:【PIV】Specialisto pri endokrinologio.##偽分解
47241	endokrin/o/logi/o⟦内分泌/o/学ᴸᴳ/o⟧:【PIV】Studo de la endokrinaj glandoj, de iliaj perturboj k de la malsanoj kau^zataj de tiuj c^i.##偽分解
47242	endo/morfi/o⟦内ᴱᴰ/形ᴹᴵ/o⟧:【数】【PIV】Homomorfio de objekto al g^i mem.##偽分解(PIV正式分解)
47245	endo/sperm/o⟦内ᴱᴰ/种ˢᴿ/o⟧:【植】【PIV】Nutraj^rezerva, unuploida histo de la semo de la gimnospermoj, kiu c^irkau^as k nutras la embrion dum la g^ermado, k kiu homologas al inseksa gametofito. Vd albumeno, perispermo.##偽分解(PIV正式分解)
47260	eno/log/o⟦eno/学家/o⟧:【PIV】= vinologo.##偽分解##強語根分解##過細分解 e/n/o/log/o
47268	enter/algi/o⟦肠ᴱ/痛ᴬ/o⟧:【PIV】Intesta doloro.##偽分解(PIV正式分解)
47269	enter/o/kinaz/o⟦肠ᴱ/o/kinaz/o⟧:【PIV】(ark. (arkaismo, arkaisme)) = enteropeptidazo (Vd (vidu) peptido).##偽分解(PIV正式分解)
47284	enzim/o/logi/o⟦酵素/o/学ᴸᴳ/o⟧:【PIV】Studesploro de la enzimoj.##偽分解
47295	epeir/o/genez/o⟦epeir/o/源ᴳ/o⟧:【PIV】= epirogenezo.##偽分解##強語根分解
47298	epi/centr/o⟦表ᴱ/央/o⟧:【地質】【PIV】Punkto de la tersurfaco, vertikale super la fokuso de tertremo. Vd hipocentro.##偽分解
47300	epi/derm/a⟦表ᴱ/皮ᴰ/a⟧:【PIV】Rilata al epidermo: (f (figurasence)) epiderma (tute supraj^a) reago.##偽分解
47301	epi/dia/skop/o⟦表ᴱ/通ᴰ/镜ˢᴷ/o⟧:【理】【PIV】Aparato, povanta projekcii bildojn per surfalanta au^ per trairanta lumo, tiel ke g^i ebligas projekcii ankau^ ilustraj^ojn el libroj ks (kaj simile, kaj similaj).##偽分解
47303	epi/fenomen/o⟦表ᴱ/现ᶠ/o⟧:【哲】【PIV】Akcesora fenomeno koncerne la observataj^on; negrava, netus^anta la esencon de la pritraktata fenomeno.##偽分解
47304	epi/fit/o⟦表ᴱ/植ᶠ/o⟧:【植】【PIV】Planto, kiu kreskas sur alia planto, sed ne nutras sin el tiu c^i: multaj muskoj, likenoj k orkideoj estas epifitoj. Vd parazito, saprofito, liano.##偽分解
47305	epifiz/it/o⟦骨端/炎ᵀ/o⟧:【医】【PIV】Epifiza ostito.##偽分解
47307	epi/gastr/a⟦表ᴱ/胃ᴳ/a⟧:【PIV】Apartenanta al epigastro: epigastra doloro; epigastra foso.##偽分解
47308	epi/genez/o⟦表ᴱ/源ᴳ/o⟧:【生】【PIV】1 Teorio lau^ kiu la ovo, nediferencig^inta, disvolvig^as al embrio per iompostioma diferencig^o de novaj c^eloj k sekve histoj k organoj. 2 Estig^o de novaj strukturoj k ecoj, ne regata de la genaro: individua evoluo pro epigenezo de nervaj konektaj^oj. 3【地質】 C^iu postdiageneza procez(ar)o (eksklude de alteracio), estiganta s^ang^ig^ojn c^e petroj au^ mineraloj, k okazantaj proksime de la tersurfaco: epigenezo de kalcito al dolomito. Vd pseu^domorfig^i.##偽分解
47309	epi/genez/a⟦表ᴱ/源ᴳ/a⟧:【PIV】Rilata al epigenezo au^ de epigeneza deveno: epigeneza konkrecio; la kultura evoluo de homo estas epigeneza.##偽分解
47310	epi/graf/a⟦表ᴱ/记ᴳ/a⟧:【PIV】Rilata al epigrafo: la epigrafa stilo; epigrafa muzeo.##偽分解
47311	epi/graf/ik/o⟦表ᴱ/记ᴳ/学ᴵ/o⟧:【PIV】Scienco pri la antikvaj epigrafoj 1.##偽分解
47312	epi/graf/ist/o⟦表ᴱ/记ᴳ/家/o⟧:【PIV】Specialisto pri epigrafiko.##偽分解
47313	epi/graf/ik/ist/o⟦表ᴱ/记ᴳ/学ᴵ/家/o⟧:【PIV】Specialisto pri epigrafiko.##偽分解
47314	epi/gram/ist/o⟦表ᴱ/字ᴳᴹ/家/o⟧:【PIV】Au^toro de epigramoj.##偽分解##過細分解 epi/g/r/a/m/ist/o
47318	epi/kondil/o⟦表ᴱ/kondil/o⟧:【解】【PIV】(epicondylus lateralis humerus) Elstaraj^o super k ekster la humera kondilo c^e la malsupro de la humero.##偽分解
47322	epi/morfi/o⟦表ᴱ/形ᴹᴵ/o⟧:【数】【PIV】Surjekcia homomorfio; pli g^enerale, morfio kun analoga eco.##偽分解
47327	epi/paleo/lit/ik/o⟦后ᴱ/古ᴾ/石ᴸ/学ᴵ/o⟧:【PIV】Tuto de la paleolitikaj kulturoj post la malapero de la rangiferoj k antau^ la mezolitiko.##偽分解##過細分解 epi/paleo/l/i/t/ik/o
47329	epir/o/genez/o⟦epir/o/源ᴳ/o⟧:【地質】【PIV】Malrapidaj, longedau^raj levig^oj au^ mallevig^oj de grandaj kontinentaj regionoj, kiuj ne estigas montarojn. -> orogenezo. Vd misformismo.##偽分解##強語根分解
47330	epir/o/genez/a⟦epir/o/源ᴳ/a⟧:【PIV】Rilata al epirogenezo, de epirogeneza deveno.##偽分解##強語根分解
47338	epistem/o/logi/o⟦epistem/o/学ᴸᴳ/o⟧:【哲】【PIV】Teorio pri esenco k limoj de sciado k kognado.##偽分解##強語根分解
47343	epiteli/om/o⟦上皮/瘤/o⟧:【医】【PIV】Kancera tumoro, devenanta el epitelio: glanda epiteliomo.##偽分解(PIV正式分解)##過細分解 epiteli/o/m/o
47362	erg/o/nomi/o⟦erg/o/学ᴺ/o⟧:【PIV】Tiu aspekto de la teknologio, kiu okupig^as pri apliko de biologiaj k teknikaj donitaj^oj al problemoj pri interadaptado de homo k mas^ino.##偽分解
47365	ergot/amin/o⟦麦角/amin/o⟧:【化】【PIV】Alkaloido el la sekal ergoto; g^i estigas la kuntirig^on de la glataj muskoloj k estas antihemoragia.##偽分解
47375	eritr/o/blast/o⟦红ᴱ/o/胚ᴮ/o⟧:【解】【PIV】Nukleohava c^elo de la ostmedolo, finevolue hemoglobinohava, antau^anto de eritrocito: c^e la mamuloj, eritroblasto maturig^inte perdas sian nukleon k farig^as eritrocito en la sango. -> poezo.##偽分解
47378	eritr/o/poez/o⟦红ᴱ/o/生ᴾ/o⟧:【生】【PIV】Formig^o de la eritrocitoj en la osta medolo de plenkreskulo au^ en la hepato de embrio. Sin. (sinonimo) eritrocitopoezo.##偽分解
47379	eritr/o/poez/in/o⟦红ᴱ/o/生ᴾ/女/o⟧:【PIV】Poezino, stimulanta la produktadon de eritrocitoj en la osta medolo k sekve pliiganta la oksigenadon de la histoj: eritropoezino estas uzata de iuj sportistoj por elteni longedau^rajn strec^ojn. -> dopi.##偽分解(PIV正式分解)
47383	erizif/al/oj⟦菌ᴱᴿ/向/oj⟧:【植】【PIV】Ordo (Erysiphales el askomikotoj) de fungoj, estigantaj melduon sur tre diversaspeciaj vaskulplantoj k kies neperfekta formo estas ojdio; c^. (c^irkau^) 520 sp-oj (specioj) el 18 g-oj (genroj) el nur unu fam. (familio) (erizifacoj).##偽分解(PIV正式分解)##過細分解 erizif/a/l/oj
47394	erot/o/gen/a⟦色ᴱᴿ/o/生ᴳ/a⟧:【PIV】Tia, ke g^i kapablas estigi erotajn sensaj^ojn: la dominanta erotogena loko s^ang^ig^as kun la ag^o.##偽分解(PIV正式分解)
47395	eroto/logi/o⟦色情/学ᴸᴳ/o⟧:【PIV】Scienca studo pri la eroto k g^iaj diversaj formoj au^ perversioj. Vd erotika.##偽分解
47409	eskat/o/logi/o⟦eskat/o/学ᴸᴳ/o⟧:【宗】【PIV】Doktrino pri la fina sorto de la homoj k de la mondo. -> apokalipso.##偽分解##強語根分解
47413	eskul/in/o⟦木ᴱˢ/in/o⟧:【化】【PIV】Glukozido el la s^elo de eskulo, precipe de hipokastano, uzata por plibonigi la vejnocirkuladon.##偽分解(PIV正式分解)
47439	ester/az/o:【化】【PIV】Enzimo, katalizanta la hidrolizon de estero: kolin esterazo (Vd (vidu) kolino).##偽分解(PIV正式分解)
47441	estez/o/metr/o⟦感ᴱ/o/计ᴹ/o⟧:【PIV】Aparato por mezuri la hau^tan sensivecon.##偽分解(PIV正式分解)
47450	et/an/o⟦乙/an/o⟧:【化】【PIV】C 2 H 6, brulebla gaso, uzata en la kunpremiloj de tre malalttemperaturaj laboratoriaj frostujoj.##偽分解(PIV正式分解)##過細分解 e/t/a/n/o
47451	et/an/al/o⟦乙/an/al/o⟧:【化】【PIV】CH 3-CHO, aldehido, incita likvo kun, kiam tre diluita, odoro de pomo; grava kemia krudmaterialo. Sin. (sinonimo) acetaldehido.##偽分解(PIV正式分解)##過細分解 e/t/a/n/a/l/o
47452	1,2-et/an/di/ol/o⟦1,2-小/员ᴬ/神/ol/o⟧:【PIV】Glikolo 1.##偽分解(PIV正式分解)##過細分解 1,2-e/t/a/n/d/i/o/l/o
47453	et/an/ol/at/o⟦乙/an/ol/盐ᴬ/o⟧:【化】【PIV】Metalkombinaj^o de etanolo.##偽分解(PIV正式分解)##過細分解 e/t/a/n/o/l/at/o
47454	et/en/o⟦乙/en/o⟧:【化】【PIV】CH 2 =CH 2, senkolora, nesaturita, facile polimerigebla gaso, kiun oni ricevas per distilado de karbo au^ per ago de H 2 SO 4 sur alkoholon: eteno estas vegataj^a hormono, rolanta i.a. (interalie, inter aliaj) en la maturig^o de fruktoj.##偽分解(PIV正式分解)##過細分解 e/t/e/n/o
47455	et/oksi/o⟦乙/氧/o⟧:【化】【PIV】Unuvalenta radiko C 2 H 5 O-k la responda anjono C 2 H 5 O ^-. Rim. (Rimarko) etoksi estas pref-e (prefikse) uzata por nomi substancojn, enhavantajn la grupon C 2 H 5 O-: etoksi etanolo, CH 3-CH 2-O-CH 2-CH 2-OH, solvanto de nitrocelulozo, vernisoj, farboj, puriganto por forigi grasojn k vaksojn.##偽分解(PIV正式分解)##過細分解 e/t/oksi/o
47456	et/il/ism/o⟦乙/基/主义/o⟧:【PIV】= alkoholismo.##偽分解(PIV正式分解)##過細分解 e/t/il/ism/o
47457	et/in/o⟦小/in/o⟧:【化】【PIV】HC≡CH, brulema, eksplodema gaso, pasintece uzata por lumigado, nun en s^almoj kun oksigeno, por veldi au^ tranc^i metalojn, k en la fabrikado de diversaj kemiaj^oj, i.a. (interalie, inter aliaj) kiel antau^anto de vinila klorido. Sin. (sinonimo) acetileno.##偽分解(PIV正式分解)##過細分解 e/t/in/o
47465	etim/o/logi/a⟦源ᴱ/o/学ᴸᴳ/a⟧:【PIV】Rilata al etimologio: etimologia vortaro; etimologia figuro (per kiu ntr verbo ricevas objekton, konsistantan el samradika subst. (substantivo), ekz. (ekzemple) «vivi mizeran vivon», «j^uri grandan j^uron» ks (kaj simile, kaj similaj)).##偽分解
47467	eti/o/logi/a⟦因ᴱ/o/学ᴸᴳ/a⟧:【医】【PIV】Rilata al la etiologio.##偽分解##強語根分解
47470	etri/o/skop/o⟦etri/o/镜ˢᴷ/o⟧:【PIV】Termometro metita en konkava spegulo, servanta por mezuri spacoradiadon.##偽分解##強語根分解
47480	eu^/fon/i/o⟦良ᴱ/声ᶠᴼ/i/o⟧:【PIV】Belsoneco de la parolo.##偽分解(PIV正式分解)
47506	eu^/ritm/o⟦良ᴱ/律ᴿ/o⟧:【医】【PIV】Regula pulso.##偽分解(PIV正式分解)
47530	ezofag/o/skop/o⟦食管/o/镜ˢᴷ/o⟧:【PIV】Instrumento por esplori la ezofagon. Vd endoskopo.##偽分解
47531	ezofag/o/skop/i/o⟦食管/o/镜ˢᴷ/i/o⟧:【PIV】Esplorado k ekzamenado per ezofagoskopo.##偽分解
47580	falc^/ator/o⟦收割/具ᴬ/o⟧:【PIV】Mas^ino kun radoj, servanta por grandakvante falc^adi. Vd garbigilo, kombajno.##偽分解(PIV正式分解)
47623	faring/o/skop/i/o⟦咽/o/镜ˢᴷ/i/o⟧:【PIV】Ekzameno per faringoskopo.##偽分解
47643	fau^v/ism/o⟦fau^v/主义/o⟧:【PIV】Skolo de pentristoj, aperinta en Francio komence de la 20a jc (jarcento), kiuj reagis kontrau^ la impresionismo, ofte konturante la objektojn per nigra streko k apudmetante purajn farbotonojn.##偽分解##強語根分解
47678	fen/il/o⟦fen/基/o⟧:【化】【PIV】Radiko unuvalenta de benzeno, C 6 H 5 -.##偽分解(PIV正式分解)##過細分解 f/e/n/il/o
47680	fen/ol/at/o⟦焚风/ol/盐ᴬ/o⟧:【PIV】Metalkombinaj^o de feno.##偽分解(PIV正式分解)##過細分解 f/e/n/o/l/at/o
47694	fen/o/tip/o⟦现ᶠᴱ/o/型/o⟧:【生】【PIV】Tuto au^ parto de la videblaj au^ konstateblaj karakteroj de individuo, kiuj rezultas el la interago inter g^ia genaro k la medio. Vd diatezo, genotipo, heredo, temperamento.##偽分解
47698	fer/at/o⟦铁/盐ᴬ/o⟧:【化】【PIV】Salo de imaga ferata acido, H 2 FeO 4.##偽分解(PIV正式分解)
47703	fer/it/o⟦铁/it/o⟧:【化】【PIV】Kemie pura fero, aperanta en la formoj alfa, gama k delta ferito.##偽分解(PIV正式分解)
47711	fer/o/cian/o⟦铁/o/青/o⟧:【化】【PIV】(ark. (arkaismo, arkaisme)) Salo de ferocianocianida acido H 4 Fe(CN) 6. Sin. (sinonimo) heksacianofer(II)ato.##偽分解
47730	fibr/in/o/gen/o⟦纤/in/o/生ᴳ/o⟧:【生】【PIV】Solvebla proteino, sintezata en la hepato, cirkulanta en la sangoplasmo k transformig^anta en fibrinon okaze de koagulig^o.##偽分解(PIV正式分解)
47765	filik/opsid/oj⟦羊齿/opsid/oj⟧:【植】【PIV】Klaso (Filicopsida) el la filumo pteridofitoj, ampleksanta c^iujn filikojn.##偽分解(PIV正式分解)
47779	fil/o/genez/o⟦儿/o/源ᴳ/o⟧:【生】【PIV】Kladogenezo.##偽分解##過細分解 f/i/l/o/genez/o
47783	filo/pod/oj⟦filo/足ᴾᴼ/oj⟧:【動】【PIV】(ark. (arkaismo, arkaisme)) 1 Brankiopodoj. 2 Brankiopodoj eksklude de Cladocera.##偽分解
47815	fit/in/o⟦植ᶠ/in/o⟧:【化】【PIV】Fitato (kalcia, magnesia k kalia), grava rezervo de fosfato en la semo de iuj plantoj.##偽分解(PIV正式分解)
47816	fit/ol/o⟦植ᶠ/ol/o⟧:【化】【PIV】Parto de la molekulo de klorofilo, longa flanka c^eno, C 20 H 39 OH.##偽分解(PIV正式分解)##過細分解 fit/o/l/o
47826	fizi/o/logi/a⟦物理ᶠᴵ/o/学ᴸᴳ/a⟧:【PIV】Rilata al fiziologio: fiziologiaj ecoj de la organoj de parolo .##偽分解
47849	flav/in/o⟦黄/in/o⟧:【化】【PIV】Rug^flava hetero-kvarcikla aromata ketono, C 10 H 6 N 4 O 2.##偽分解(PIV正式分解)
47853	fleb/it/o⟦脉ᶠ/炎ᵀ/o⟧:【医】【PIV】Inflamo de vejno, ofte c^e la malsupraj membroj; iafoje formig^as koagulaj^o, kiu povas kau^zi embolozon.##偽分解(PIV正式分解)
47855	fleb/o/tomi/o⟦脉ᶠ/o/切ᵀᴹ/o⟧:【医】【PIV】Eltiro de vejna sango ordinare c^e la kubutfaldo.##偽分解
47886	flu/o/metr/o⟦流/o/计ᴹ/o⟧:【PIV】Aparato, por mezuri la rapidecon de fluo (ekz. (ekzemple) en rivero).##偽分解
47922	folikl/in/o⟦囊ᶠ/女/o⟧:【生】【PIV】Oestrono.##偽分解(PIV正式分解)
47923	folikl/it/o⟦囊ᶠ/炎ᵀ/o⟧:【医】【PIV】Inflamo de foliklo.##偽分解
47932	fonet/ist/o⟦音ᶠᴼ/家/o⟧:【PIV】Tiu, kiu aktivas por enkonduki en sian lingvon fonetikan au^ fonologian ortografion.##偽分解##強語根分解
47936	fon/o/logi/o⟦声ᶠᴼ/o/学ᴸᴳ/o⟧:【語】【PIV】1 Studo de la sonoj de lingvo, kiel konsistigantaj unu sistemon de kontrastaj unuoj: la fonologio konsistas el fonemiko k prozodio. 2 (evi (evitinda)) = fonetiko.##偽分解
47937	fon/o/metri/o⟦声ᶠᴼ/o/测ᴹᵀ/o⟧:【PIV】Scienco studanta tian intenson.##偽分解
47948	form/i/at/o⟦形/i/盐ᴬ/o⟧:【化】【PIV】Salo de formiata acido, H-COOH.##偽分解(PIV正式分解)##過細分解 f/o/r/m/i/at/o
47949	form/i/il/o⟦形/i/基ᴵ/o⟧:【化】【PIV】Radikalo de formiata acido, H-C=O·. Vd bromoformo, kloroformo, jodoformo. -> formolo.##偽分解(PIV正式分解)##過細分解 f/o/r/m/i/il/o
47969	fosf/at/emi/o⟦磷/盐ᴬ/血ᴱ/o⟧:【生】【医】【PIV】Kvanto de fosfatoj en la sango.##偽分解(PIV正式分解)
47970	fosf/id/o⟦磷/化ᴵᴰ/o⟧:【化】【PIV】Salo teorie derivebla el fosfino (H 3 P): kalcia fosfido, Ca 3 P 2.##偽分解
47971	fosf/oni/o⟦磷/oni/o⟧:【PIV】Vd (vidu) onio.##偽分解(PIV正式分解)##過細分解 fosf/o/n/i/o
47976	fosfor/il/o⟦磷ᶠᴿ/基ᴵ/o⟧:【化】【PIV】Radiko trivalenta, O=P:, de fosfata acido: fosforila klorido, POCl 3.##偽分解(PIV正式分解)
47977	fosfor/il/i⟦磷ᶠᴿ/基ᴵ/i⟧:【化】【PIV】(tr (transitiva)) Aldoni fosforilon au^ fosfaton al organika molekulo: mitokondrio k kloroplasto fosforilas ADP al ATP.##偽分解(PIV正式分解)
47978	fosfor/il/ad/o⟦磷ᶠᴿ/基ᴵ/行/o⟧:【生】【PIV】Ago fosforili: oksida fosforilado (fare de mitokondrioj); foto fosforilado (fare de kloroplastoj).##偽分解(PIV正式分解)
47980	fot/o/graf/a⟦拍/o/记ᴳ/a⟧:【PIV】Rilata al fotografado: fotografa ateliero, filmo, papero.##偽分解(PIV正式分解)
47981	iks/fot/o/graf/aj^/o⟦iks/拍/o/记ᴳ/物/o⟧:【PIV】Fotografaj^o de la interno de korpo, precipe de la homa korpo, farita per iks-radioj anst. (anstatau^) lumradioj.##偽分解(PIV正式分解)
47982	fot/o/gra/metri/o⟦拍/o/gra/测ᴹᵀ/o⟧:【PIV】1 Tekniko por akiri horizontalajn k vertikalajn projekciojn de objektoj el iliaj fotoj. 2 Tekniko por akiri map-desegnojn el fotoj de la koncerna regiono.##偽分解##強語根分解
47983	fot/o/terapi/o⟦光ᶠ/o/疗/o⟧:【PIV】Vd (vidu) terapio.##偽分解
47984	fot/o/tip/o⟦拍/o/型/o⟧:【PIV】Klis^o, sur kiu la koloroj estas anstatau^igitaj per punktoj k linioj, k kiun oni uzas por reprodukti fotografaj^on en gazeto, libro ktp (kaj tiel plu).##偽分解
47985	fot/o/trop/ism/o⟦光ᶠ/o/向ᵀ/主义/o⟧:【生】【PIV】Lumtropismo.##偽分解
48023	fraz/e/o/logi/o⟦句/e/o/学ᴸᴳ/o⟧:【語】【PIV】Frazarang^o propra al iu lingvo au^ al iu lingvouzanto.##偽分解
48024	fraz/e/o/logi/aj^/o⟦句/e/o/学ᴸᴳ/物/o⟧:【PIV】Sintagmo fiksita k apartenanta al frazeologio.##偽分解
48079	frukt/o/log/o⟦果/o/学家/o⟧:【PIV】Specialisto pri fruktologio.##偽分解
48080	frukt/o/logi/o⟦果/o/学ᴸᴳ/o⟧:【PIV】Fruktoscienco, branc^o de la plantanatomio, speciale pri la strukturo de fruktoj k semoj.##偽分解
48081	frukt/oz/o⟦果/糖ᴼ/o⟧:【化】【PIV】Sukero, ketoheksozo, C 6 H 12 O 6, izomero de glukozo, trovig^anta i.a. (interalie, inter aliaj) en dolc^aj fruktoj k mielo.##偽分解(PIV正式分解)
48086	ftal/at/o⟦ftal/盐ᴬ/o⟧:【化】【PIV】Salo de ftalata acido, C 6 H 4 (COOH) 2.##偽分解(PIV正式分解)
48094	fuk/o/fic/oj⟦藻ᶠ/o/藻ᶠᶜ/oj⟧:【植】【PIV】Klaso (Fucophyceae el feofitoj) de brunalgoj.##偽分解(PIV正式分解)
48098	fulgor/o/morf/oj⟦蜡蝉/o/形ᴹ/oj⟧:【動】【PIV】Subordo (Fulgoromorpha) de insektoj el la ordo de hemipteroj, kun 4 membranecaj flugiloj, ampleksanta i.a. (interalie, inter aliaj) la g-on fulgoro.##偽分解(PIV正式分解)
48111	fumar/at/o⟦fumar/盐ᴬ/o⟧:【化】【PIV】Salo de fumarata acido, trans-HOOCCH= CHCOOH; trans-butendiato. Vd maleata acido.##偽分解(PIV正式分解)
48125	fung/icid/o⟦菌/杀/o⟧:【PIV】Fungomortiga substanco: fungicida efiko.##偽分解(PIV正式分解)
48126	fung/o/log/o⟦菌/o/学家/o⟧:【PIV】Specialisto pri fungologio. Sin. (sinonimo) mikologo.##偽分解
48127	fung/o/logi/o⟦菌/o/学ᴸᴳ/o⟧:【PIV】Scienco pri la fungoj. Sin. (sinonimo) mikologio.##偽分解
48151	futur/o/log/o⟦未/o/学家/o⟧:【PIV】Fakulo pri futurologio.##偽分解
48152	futur/o/logi/o⟦未/o/学ᴸᴳ/o⟧:【PIV】Tuto de la esploroj pri la estonta evoluo (scienca, socia ks (kaj simile, kaj similaj)) de la homaro.##偽分解
48204	gamet/o/fit/o⟦配子/o/植ᶠ/o⟧:【植】【PIV】(pp (se paroli pri) plantoj, havantaj alternadon de generacioj) Unuploida generacio de planto, kiu naskas la sekse reproduktig^ajn c^elojn: la malsuperaj fungoj konsistas nur au^ preskau^ nur el gametofito; c^e multaj kriptogamoj (ekz. (ekzemple) ulvo, filikoj) la gametofito konsistigas individuon diferencan de la sporofito; c^e la briofitoj la gametofito portas la sporofiton, kiu parazitas g^in; male, c^e la semplantoj la tre malgranda gametofito parazitas la sporofiton. see sporofito.##偽分解(PIV正式分解)
48208	gangli/it/o⟦节ᴳ/炎ᵀ/o⟧:【医】【PIV】Inflamo de tiu nerva tubereto.##偽分解
48226	gas/metr/o⟦气ᴳ/计ᴹ/o⟧:【PIV】Mezurilo de la uzita kvanto da brul gaso.##偽分解
48229	gas/o/gen/o⟦气ᴳ/o/生ᴳ/o⟧:【PIV】Aparato por fabriki gason: veturilo ekipita per gasogeno.##偽分解
48234	gaster/o/micet/oj⟦胃ᴳᴱ/o/菌ᴹᶜ/oj⟧:【植】【PIV】Grupo de bazidifungoj, ampleksanta la eksan klason Gasteromycetes, kies bazidioj produktig^as interne de ferma bazidiujo. Vd himenomicetoj.##偽分解(PIV正式分解)
48239	gastr/in/o⟦胃ᴳ/in/o⟧:【生】【PIV】Kn (Kolektiva nomo) de stomakaj polipeptidaj hormonoj, kiuj stimulas la sekreciadon de acido fare de la stomako k havas diversajn malpli gravajn efikojn al la stomako, ezofago, galveziko k pankreato.##偽分解(PIV正式分解)
48240	gastr/it/o⟦胃ᴳ/炎ᵀ/o⟧:【医】【PIV】Inflamo de la stomaka mukozo.##偽分解(PIV正式分解)
48241	gastr/algi/o⟦胃ᴳ/痛ᴬ/o⟧:【PIV】Stomaka doloro, kiun la malsanulo lokalizas c^e la epigastro.##偽分解(PIV正式分解)
48242	gastr/ektomi/o⟦胃ᴳ/除ᴱᴷ/o⟧:【PIV】Tuta au^ parta desekco de la stomako.##偽分解(PIV正式分解)
48243	gastr/enter/it/o⟦胃ᴳ/肠ᴱ/炎ᵀ/o⟧:【医】【PIV】Inflamo de la stomaka k intesta mukozoj.##偽分解(PIV正式分解)
48244	gastr/o/fil/o⟦胃ᴳ/o/爱ᶠ/o⟧:【動】【PIV】G. (Genro) (Gastrophilus) de insektoj el la fam. (familio) de ojstredoj, kies larvoj parazitas en la stomako de c^evaloj. Vd ojstro, hipodermo.##偽分解##過細分解 gastr/o/f/i/l/o
48279	gen/o/tip/o⟦生ᴳ/o/型/o⟧:【生】【PIV】Genaro au^ aro da studataj genoj, kontraste kun fenotipo.##偽分解
48286	geo/centr/a⟦地ᴳ/央/a⟧:【史】【天】【PIV】1 Havanta au^ prezentanta Teron kiel centron: la geocentra koncepto de la Biblio. Vd heliocentra. 2 Rigardata kiel vidata ekde la centro de Tero: geocentra latitudo de planedo.##偽分解
48288	geo/dinamik/o⟦地ᴳ/力ᴰ/o⟧:【地質】【PIV】Scienco pri la fortoj, kiuj estigas la geologiajn fenomenojn. Sin. (sinonimo) dinamika geologio.##偽分解
48291	geo/kemi/o⟦地ᴳ/化学/o⟧:【地質】【PIV】Scienco pri la distribuo, kvanto k cikloj de la kemiaj elementoj en la konsistaj^oj de la Suna sistemo, pli speciale de Tero, precipe en la mineraloj, petroj, akvoj k atmosfero.##偽分解
48292	geo/kron/o/logi/o⟦地ᴳ/时ᴷ/o/学ᴸᴳ/o⟧:【地質】【PIV】Metodo pri la datado de mineraloj k petroj: la geokronologiaj unuoj estas ag^o, epoko, periodo, erao, eono. Vd kronostratigrafio.##偽分解##過細分解 geo/k/r/o/n/o/logi/o
48294	geo/morf/o/logi/o⟦地ᴳ/形ᴹ/o/学ᴸᴳ/o⟧:【地質】【PIV】Scienco pri la g^enerala ekstera formo de la tersurfaco.##偽分解
48295	geo/politik/o⟦地ᴳ/政/o⟧:【政】【PIV】Politiko de potencaj s^tatoj koncerne al geografiaj partoj de la mondo: Eu^ropa geopolitiko de Usono.##偽分解
48297	geo/sfer/o⟦地ᴳ/球ˢ/o⟧:【地質】【PIV】C^iu el la samcentraj tavolegoj k tegaj^egoj de Tero. Vd astenosfero, atmosfero, biosfero, hidrosfero, litosfero.##偽分解
48298	geo/sinklinal/o⟦地ᴳ/向斜/o⟧:【地質】【PIV】(ark. (arkaismo, arkaisme)) Granda malaltig^o de la terkrusto, kie akumulig^as tavolaro da sedimentoj kelkajn km (kilometro) dikaj, el kiuj finevolue naskig^os montoc^eno.##偽分解
48299	geo/teknik/o⟦地ᴳ/技/o⟧:【地質】【PIV】Esplorado pri la konsisto k proprecoj de konstru-grundo k -subgrundo per sciencaj, precipe geologiaj metodoj.##偽分解
48300	geo/term/o⟦地ᴳ/热ᵀ/o⟧:【地質】【PIV】Varmo de la interno de Tero k varmenergio, kiun g^i liveras.##偽分解##過細分解 geo/t/e/r/m/o
48301	geo/term/a⟦地ᴳ/热ᵀ/a⟧:【PIV】Rilata al geotermo: geoterma grado, gradiento.##偽分解##過細分解 geo/t/e/r/m/a
48302	geo/term/ism/o⟦地ᴳ/热ᵀ/主义/o⟧:【PIV】Tuto de la procezoj rilataj al geotermo.##偽分解##過細分解 geo/t/e/r/m/ism/o
48303	geo/term/ik/o⟦地ᴳ/热ᵀ/学ᴵ/o⟧:【PIV】Scienco pri geotermo.##偽分解##過細分解 geo/t/e/r/m/ik/o
48304	geo/trop/ism/o⟦地ᴳ/向ᵀ/主义/o⟧:【PIV】=gravitotropismo.##偽分解
48310	gerani/al/o⟦花ᴳ/al/o⟧:【化】【PIV】Monoterpena aldehido, trans-citralo, C 9 H 15 CHO, kun forta citronodoro.##偽分解(PIV正式分解)##過細分解 gerani/a/l/o
48311	gerani/ol/o⟦花ᴳ/ol/o⟧:【化】【PIV】Monoterpena alkoholo, C 9 H 15 CH 2 OH, kun dolc^a rozodoro, abunda en la roza esenco, nur sub formo de esteroj en la gerania esenco.##偽分解(PIV正式分解)##過細分解 gerani/o/l/o
48321	germani/at/o⟦germani/盐ᴬ/o⟧:【化】【PIV】Salo de la germaniata acido, H 2 GeO 3.##偽分解(PIV正式分解)
48350	gips/o/fil/o⟦石膏/o/爱ᶠ/o⟧:【植】【PIV】G. (Genro) (Gypsophila el kariofilacoj) de unu-k plur-jaraj herboj kun sidaj, kontrau^e duopaj, liniformaj folioj k kun floroj en duflankaj cumoj; c^. (c^irkau^) 150 sp-oj (specioj) precipe el la E Mediteranea regiono k ekstertropika Azio, kelkaj pororname kultivataj.##偽分解##過細分解 gips/o/f/i/l/o
48356	gir/o/magnet/a⟦旋/o/磁/a⟧:【理】【PIV】Rilata al magnetaj proprecoj de turnig^antaj elektraj s^argoj.##偽分解
48357	gir/o/metr/o⟦旋/o/计ᴹ/o⟧:【PIV】En veturilo, indikilo pri la girrapido de la motoro.##偽分解(PIV正式分解)
48359	giromitr/in/o⟦菌ᴳᴿ/in/o⟧:【化】【PIV】Varmodetruebla, kanceriga tokso, CH 3-CH=N-N(CH 3)(CHO) (N-formiil-hidrazono de etanalo), de G. (Genro) esculenta.##偽分解(PIV正式分解)
48365	glaci/o/log/o⟦冰/o/学家/o⟧:【地質】【PIV】Specialisto pri glaciologio.##偽分解
48366	glaci/o/logi/o⟦冰/o/学ᴸᴳ/o⟧:【地質】【PIV】Scienco pri la glacio, pli speciale pri glac^eroj.##偽分解
48381	benzo/il-glicin/o⟦安息香/基ᴵ-大豆ᴳ/o⟧:【PIV】Hipurata acido.##偽分解
48385	glikogen/o/genez/o⟦糖原/o/源ᴳ/o⟧:【生】【化】【PIV】Estig^o de glikogeno el molekuloj de glukozo.##偽分解(PIV正式分解)
48386	glikogen/o/liz/o⟦糖原/o/解ᴸ/o⟧:【生】【化】【PIV】Hidrolizo de glikogeno al glukozo. -> glukolizo.##偽分解(PIV正式分解)
48388	glik/ol/o⟦糖ᴳᴵ/ol/o⟧:【化】【PIV】1 Senkolora likvo, diolo, HOCH 2-CH 2 OH. Sin. (sinonimo) 1,2-etandiolo. 2 (vs (vastasence)) C^iu diolo.##偽分解(PIV正式分解)##過細分解 glik/o/l/o
48394	glob/in/o⟦球ᴳ/in/o⟧:【化】【生】【PIV】(kn (kolektiva nomo)) Globforma proteino, kombinig^anta kun hemo en heteroproteinon (hetero globinon).##偽分解(PIV正式分解)
48395	glob/o/skop/o⟦球ᴳ/o/镜ˢᴷ/o⟧:【理】【PIV】Instrumento, uzata por analizi la sun-k tag-lumon.##偽分解
48404	glos/ektomi/o⟦注ᴳ/除ᴱᴷ/o⟧:【医】【PIV】Tuta au^ parta fortranc^o de la lango.##偽分解(PIV正式分解)
48406	glos/it/o⟦注ᴳ/炎ᵀ/o⟧:【医】【PIV】Inflamo de la lango.##偽分解(PIV正式分解)
48420	gluk/emi/o⟦糖ᴳᴸ/血ᴱ/o⟧:【生】【医】【PIV】Glukozemio.##偽分解(PIV正式分解)
48421	gluk/o/liz/o⟦糖ᴳᴸ/o/解ᴸ/o⟧:【生】【化】【PIV】Malkomponado de glukozo al piruvata acido dum la metabolo. -> glikogenolizo.##偽分解(PIV正式分解)
48422	gluk/uri/o⟦糖ᴳᴸ/尿/o⟧:【医】【PIV】Glukozurio.##偽分解(PIV正式分解)
48424	glukoz/amin/o⟦糖ᴳ/amin/o⟧:【化】【PIV】C 6 H 11 O 5-NH 2: n-acetil glukozamino estas monomero de kitino.##偽分解
48425	glukoz/emi/o⟦糖ᴳ/血ᴱ/o⟧:【生】【医】【PIV】Kvanto de glukozo en la sango: normala glukozemio varias c^e homo inter 0,90 k 1,10 g/l; reguligo de la glukozemio; hiperglukozemiigaj hormonoj (adrenalino, kortikosterono, tiroksino, glukagono, antau^hipofizaj hormonoj), hipoglukozemiiga hormono (insulino). Sin. (sinonimo) glukemio.##偽分解(PIV正式分解)
48426	gluk/oz/id/o⟦糖ᴳᴸ/糖ᴼ/子/o⟧:【PIV】Heterozido, kies sakarida parto estas glukozo.##偽分解(PIV正式分解)
48427	glukoz/uri/o⟦糖ᴳ/尿/o⟧:【医】【PIV】C^eesto au^ kvanto de glukozo en urino, pro perturbo de la sukera metabolo, ordinare okaze de diabeto. Sin. (sinonimo) glukurio.##偽分解(PIV正式分解)
48432	glutam/at/o⟦谷氨/盐ᴬ/o⟧:【化】【PIV】Salo de glutamata acido nutraj^industrie k kuirarte uzata sub formo de natria salo (mononatria glutamato) kiel kondimenta pulvoro. Sin. (sinonimo) bongustiga pulvoro.##偽分解(PIV正式分解)
48433	glutam/in/o⟦谷氨/in/o⟧:【化】【PIV】Aminacido, CO(NH 2)-CH 2-CH 2-CH(NH 2)-COOH, unu el la 20 c^efaj aminacidoj de la proteinoj.##偽分解(PIV正式分解)
48434	glutam/amid/o⟦谷氨/amid/o⟧:【PIV】Glutamino.##偽分解(PIV正式分解)
48437	gluten/in/o⟦面筋/in/o⟧:【PIV】(kn (kolektiva nomo)) Proteino trovig^anta en la gluteno.##偽分解(PIV正式分解)
48439	gnet/opsid/oj⟦木ᴳ/opsid/oj⟧:【植】【PIV】Klaso (Gnetopsida) de evoluintaj, plejparte dioikaj gimnospermoj kun simplaj, kontrau^e duopaj au^ verticilaj folioj k kun semoj unuope c^irkau^itaj de speco de tritavola sako apekse malferma; ampleksas i.a. (interalie, inter aliaj) gneton k efedron. Sin. (sinonimo) klamidospermoj.##偽分解(PIV正式分解)
48470	goni/o/metr/o⟦角ᴳ/o/计ᴹ/o⟧:【測】【理】【PIV】1 Instrumento por mezuri angulojn, provizita per fadenoj, fendoj au^ lorno: kelkaj goniometroj estas porteblaj sur mano, aliaj staras sur portilo au^ stativo; la plej kompleta estas teodolito. Vd topografio, klinometro. 2 Instrumento por mezuri la angulon inter du facoj de kristalo, au^ por mezuri sur vitra prismo la refraktan indicon de tiu vitro.##偽分解##強語根分解
48471	goni/o/metr/a⟦角ᴳ/o/计ᴹ/a⟧:【PIV】Rilata al goniometro: goniometra mezurado.##偽分解##強語根分解
48472	goni/o/metr/i⟦角ᴳ/o/计ᴹ/i⟧:【PIV】(ntr (netransitiva)) Angule determini direkton ekde baza direkto; ekante de loka meridiano astronomia au^ magneta, oni ricevas azimuton. Vd biri.##偽分解##強語根分解
48473	goni/o/metri/o⟦角ᴳ/o/测ᴹᵀ/o⟧:【PIV】Arto pri mezuro de anguloj.##偽分解##強語根分解
48475	gonokok/emi/o⟦淋菌/血ᴱ/o⟧:【PIV】Gonokoka sanga infekto.##偽分解(PIV正式分解)
48499	graf/o/logi/a⟦记ᴳ/o/学ᴸᴳ/a⟧:【PIV】Rilata al grafologio: grafologia esploro.##偽分解
48519	granul/om/o⟦粒ᴳᴺ/瘤/o⟧:【医】【PIV】Nomo de inflamaj tumoroj, kau^zataj de diversaj infektoj, i.a. (interalie, inter aliaj) tuberkulozo, sifiliso.##偽分解(PIV正式分解)##過細分解 granul/o/m/o
48520	granul/om/oz/o⟦粒ᴳᴺ/om/症ᴼ/o⟧:【PIV】Nomo de kelkaj malsanoj, karakterizataj de la c^eesto de granulomoj.##偽分解(PIV正式分解)##過細分解 granul/o/m/oz/o
48521	granul/o/cit/o⟦粒ᴳᴺ/o/胞ᶜᴵ/o⟧:【解】【PIV】Vario de leu^kocito, kun profunde entranc^a nukleo k granuloplena c^elplasmo: la c^elplasmo de granulocitoj diverse kolorig^as, kio ebligas distingi granulocitojn acidafinajn (au^ eozinafinajn), bazafinajn k neu^trafinajn; 66% el la leu^kocitoj de normala homosango estas granulocitoj.##偽分解##過細分解 granul/o/c/i/t/o
48536	grav/i/metri/o⟦重ᴳ/i/测ᴹᵀ/o⟧:【化】【PIV】Kvanta analizo, c^e kiu oni transigas la determinotan substancon en peseblan formon. Vd titri. -> gravitometrio.##偽分解##過細分解 g/r/a/v/i/metri/o
48541	gravit/o/metr/o⟦引ᴳ/o/计ᴹ/o⟧:【地質】【PIV】Aparato por mezuri graviton.##偽分解
48542	gravit/o/metri/o⟦引ᴳ/o/测ᴹᵀ/o⟧:【PIV】Mezuro de gravito, pli speciale en geofiziko k geodezio.##偽分解
48583	grund/genez/o⟦土/源ᴳ/o⟧:【生態】【PIV】Estig^o k evoluo de grundo.##偽分解
48584	grund/o/log/o⟦土/o/学家/o⟧:【生態】【PIV】Fakulo pri grundologio. Sin. (sinonimo) pedologo.##偽分解
48585	grund/o/logi/o⟦土/o/学ᴸᴳ/o⟧:【生態】【PIV】Scienco pri la grundoj, i.a. (interalie, inter aliaj) iliaj ecoj k genezo. Sin. (sinonimo) pedologio.##偽分解
48588	guan/in/o:【化】【生】【PIV】Purina nukleobazo, eltrovita en guano.##偽分解(PIV正式分解)
48691	hagi/o/graf/o⟦圣ᴴ/o/记ᴳ/o⟧:【PIV】1 Au^toro de biblia libro, kiu estas nek la Torao nek la Profetoj: Ester estas hagiografa libro. 2 Au^toro de rakonto pri la vivo de sanktulo.##偽分解##強語根分解
48692	hagi/o/grafi/o⟦圣ᴴ/o/志ᴳ/o⟧:【PIV】Parto de la religia historio, koncernanta la vivon de la sanktuloj.##偽分解##強語根分解
48715	halo/fit/o⟦盐ᴴ/植ᶠ/o⟧:【植】【PIV】Saleja planto.##偽分解##エス的分解##過細分解 h/a/l/o/fit/o
48742	hapl/o/grafi/o⟦hapl/o/志ᴳ/o⟧:【語】【PIV】Eraro de kopiisto, konsistanta en la manko de unu au^ pluraj vortoj k ordinare kau^zita de la proksimeco de du samkomencaj au^ samfinaj vortoj. Vd ditografio.##偽分解##強語根分解
48785	hedon/ism/o⟦乐ᴴ/主义/o⟧:【哲】【PIV】Etika tendenco, vidanta celon k motivon de la homa agado en serc^o de la plezuro.##偽分解##強語根分解
48786	hedon/ist/o⟦乐ᴴ/家/o⟧:【PIV】Adepto de hedonismo.##偽分解##強語根分解
48795	heks/an/o⟦己/an/o⟧:【化】【PIV】C 6 H 14, brulema likvo, uzata kiel puriga solvanto por forigi grasojn de mas^inpartoj.##偽分解(PIV正式分解)##過細分解 heks/a/n/o
48815	helio/centr/a⟦日ᴴ/央/a⟧:【天】【PIV】Mezurata rilate al la centro de Suno.##偽分解
48817	helio/graf/o⟦日ᴴ/记ᴳ/o⟧:【軍】【気】【PIV】1 Optika telegrafa aparato. 2 Instrumento por indiki la dau^ron de sunbrilo, tagon post tago.##偽分解
48818	helio/grafi/o⟦日ᴴ/志ᴳ/o⟧:【PIV】Telekomunikada sistemo, bazita sur la transsendo de lumsignaloj per speguloj.##偽分解
48819	helio/gravur/o⟦日ᴴ/刻ᴳ/o⟧:【PIV】Fotokemia kavpresa sistemo (en kiu la kavoj ricevas la inkon). -> fotogravuro.##偽分解
48820	helio/skop/o⟦日ᴴ/镜ˢᴷ/o⟧:【天】【PIV】Teleskopo, arang^ita speciale por observi Sunon.##偽分解
48821	helio/terapi/o⟦日ᴴ/疗/o⟧:【PIV】= sunterapio.##偽分解
48822	helio/trop/ism/o⟦日ᴴ/向ᵀ/主义/o⟧:【PIV】= suntropismo.##偽分解
48827	helmint/o/logi/o⟦蠕/o/学ᴸᴳ/o⟧:【PIV】Studo de la helmintoj k de la perturboj, kiujn ili kau^zas.##偽分解
48836	hemat/in/o⟦血ᴴᵀ/in/o⟧:【化】【PIV】Derivaj^o, C 34 H 32 O 4 N 4 FeOH, de oksihemoglobino, ricevita per ago de acidoj.##偽分解(PIV正式分解)
48840	hematoksil/in/o⟦木ᴴᵀ/in/o⟧:【化】【PIV】Tinktura substanco, C 16 H 14 O 6, ekstraktata el la ligno de hematoksilo.##偽分解(PIV正式分解)
48842	hemat/oz/o⟦血ᴴᵀ/症ᴼ/o⟧:【生】【PIV】Transformig^o de la sango en la spirorganoj (pulmoj, brankoj, hau^to ktp (kaj tiel plu)), nome malric^ig^o en karbondioksido k ric^ig^o en oksigeno. -> globulo, eritrocito, hemoglobino.##偽分解(PIV正式分解)
48845	hemi/celul/oz/o⟦半/胞ᶜ/糖ᴼ/o⟧:【化】【PIV】Polimero de glukozo, (C 6 H 10 O 5) n, en la vegetaj^a c^elmuro, malpli longc^ena ol celulozo k en akvo solvebla. Vd celulozo.##偽分解(PIV正式分解)
48846	hemi/h^ord/o⟦半/脊索/o⟧:【動】【PIV】Mallonga dorsa h^ordo limig^anta je la antau^bus^a regiono.##偽分解(PIV正式分解)
48847	hemi/h^ord/ul/oj⟦半/脊索/者/oj⟧:【PIV】Filumo (Hemichordata) de senvertebruloj kun hemih^ordo, k kiu ampleksas la enteropneu^stojn k pterobrankojn.##偽分解(PIV正式分解)
48849	hemi/plegi/o⟦半/瘫ᴾᴸ/o⟧:【PIV】Vd (vidu) plegio.##偽分解(PIV正式分解)
48852	hemo/liz/o⟦血ᴴ/解ᴸ/o⟧:【PIV】Vd (vidu) lizo. = hemolizino##偽分解(PIV正式分解)
48855	hemo/staz/o⟦血ᴴ/滞ˢᶻ/o⟧:【医】【PIV】Haltigo de hemoragio: hemostazo estas spontanea, kiam temas pri sufic^e etaj vaskuloj, sed plej ofte g^i necesigas hemostazajn manovrojn.##偽分解(PIV正式分解)
48856	hemo/staz/a⟦血ᴴ/滞ˢᶻ/a⟧:【PIV】Rilata al hemostazo, estiganta hemostazon: antipirino estas hemostaza medikamento; hemostaza pinc^ilo, forceps o.##偽分解(PIV正式分解)
48866	hept/an/o⟦庚/an/o⟧:【化】【PIV】C 7 H 16, brulema likvo, ingredienco de benzino.##偽分解(PIV正式分解)##過細分解 hept/a/n/o
48876	herb/icid/o⟦草/杀/o⟧:【PIV】C^ia substanco, kiu mortigas trud herbojn.##偽分解(PIV正式分解)
48901	hero/in/o⟦杰/in/o⟧:【化】【薬】【PIV】Diacetata estero de morfino; uzata kiel surogato de morfino, g^i estas pli toksa k dang^era.##偽分解(衝突語)
48902	heroin/o/mani/o⟦heroin/o/狂/o⟧:【PIV】Malsana kutimig^o al heroino.##偽分解(PIV正式分解)
48915	hetero/gamet/a⟦异ᴴ/配子/a⟧:【生】【PIV】Produktanta du tipojn de gametoj, kiuj diferencas pro seksaj kromosomoj: la virseksaj mamuloj, la inseksaj birdoj estas heterogametaj.##偽分解(PIV正式分解)
48916	hetero/nomi/o⟦异ᴴ/学ᴺ/o⟧:【政】【PIV】Situacio de persono au^ de kolektivo, kiu ricevas la leg^ojn el ekstero. Vd au^tonomio.##偽分解
48917	hetero/pter/oj⟦异ᴴ/翅/oj⟧:【動】【PIV】Subordo (Heteroptera) de insektoj el la ordo de hemipteroj, kies antau^aj flugiloj estas duonelitroj: cimo, hidrometro, geriso estas heteropteroj. Sin. (sinonimo) cimoj 1.##偽分解##エス的分解
48921	hetero/zigot/o⟦异ᴴ/合子/o⟧:【生】【PIV】Individuo au^ c^elo, kiu, koncerne la studatan karakteron (econ), heredis malsaman genon de ambau^ gepatroj. Vd homozigoto.##偽分解(PIV正式分解)
48936	hidr/acid/oj⟦水ᴴ/酸/oj⟧:【PIV】Senoksigenaj acidoj, c^efe tiuj derivitaj de halogenoj: HCl estas hidracido. -> kloro.##偽分解(PIV正式分解)##過細分解 h/i/d/r/acid/oj
48937	hidr/id/o⟦水ᴴ/化ᴵᴰ/o⟧:【化】【PIV】Salo, en kiu la anjono estas H ^−: LiH, litia hidrido estas forta alkalo; LiAlH 4 , litia aluminia hidrido, ege forta reduktanto.##偽分解(PIV正式分解)##過細分解 h/i/d/r/id/o
48938	hidr/id/i⟦水ᴴ/化ᴵᴰ/i⟧:【化】【PIV】(tr (transitiva)) Enkonduki la hidrogenan anjonon H ^− en kombinaj^on. Vd hidrogeni.##偽分解(PIV正式分解)##過細分解 h/i/d/r/id/i
48947	hidr/o/fil/a⟦水ᴴ/o/爱ᶠ/a⟧:【化】【PIV】1 Akvoafina. Vd sorba. 2 = akveja.##偽分解##過細分解 h/i/d/r/o/f/i/l/a
48948	hidr/o/fob/a⟦水ᴴ/o/怕ᶠ/a⟧:【化】【PIV】Akvo-neafina.##偽分解##過細分解 h/i/d/r/o/fob/a
48949	hidr/o/fon/o⟦水ᴴ/o/声ᶠᴼ/o⟧:【PIV】Instrumento por au^skulti sonon, dissenditan tra akvo: malkovro de submars^ipoj per hidrofono.##偽分解(PIV正式分解)##過細分解 h/i/d/r/o/fon/o
48950	hidr/o/gen/a⟦水ᴴ/o/生ᴳ/a⟧:【PIV】Rilata al hidrogeno: hidrogena klorido (HCl; en akvo: klorida acido); hidrogenaj kombinaj^oj.##偽分解(PIV正式分解)##過細分解 h/i/d/r/o/gen/a
48951	hidr/o/geo/log/o⟦水ᴴ/o/地ᴳ/学家/o⟧:【地質】【PIV】Specialisto pri hidrogeologio.##偽分解##過細分解 h/i/d/r/o/geo/log/o
48952	hidr/o/geo/logi/o⟦水ᴴ/o/地ᴳ/学ᴸᴳ/o⟧:【PIV】Scienco pri la subteraj akvoj, i.a. (interalie, inter aliaj) pri ilia cirkulado k naturaj rezervujoj.##偽分解##過細分解 h/i/d/r/o/geo/logi/o
48953	hidr/o/graf/o⟦水ᴴ/o/记ᴳ/o⟧:【PIV】Specialisto pri hidrografio.##偽分解(PIV正式分解)##過細分解 h/i/d/r/o/graf/o
48954	hidr/o/grafi/o⟦水ᴴ/o/志ᴳ/o⟧:【地理】【PIV】La parto de geografio pri la hidrosfero (maroj, riveroj, lagoj ks (kaj simile, kaj similaj)).##偽分解##過細分解 h/i/d/r/o/grafi/o
48961	hidr/oksi/o⟦水ᴴ/氧/o⟧:【化】【PIV】1 La radiko-OH, kovalente ligita al alia atomo (precipe C): dihidroksi-benzeno. Vd hidroksido, hidroksilo. 2 La jono OH ^−.##偽分解(PIV正式分解)##過細分解 h/i/d/r/oksi/o
48962	hidr/oksi/l/o⟦水ᴴ/氧/l/o⟧:【化】【PIV】1 Radikalo OH·, nestabila krom en la kosma vakuo. Vd hidroksio, hidroksido. 2 (evi (evitinda)) = hidroksio 1.##偽分解(PIV正式分解)##過細分解 h/i/d/r/oksi/l/o
48963	hidr/o/liz/i⟦水ᴴ/o/解ᴸ/i⟧:【化】【PIV】(tr (transitiva)) Malkombini molekulojn au^ salojn per akvo: hidrolizi esteron al acido k alkoholo. Vd jonigi, elektrolizi, fotolizi.##偽分解(PIV正式分解)##過細分解 h/i/d/r/o/liz/i
48964	hidr/o/liz/o⟦水ᴴ/o/解ᴸ/o⟧:【化】【PIV】Ago hidrolizi.##偽分解(PIV正式分解)##過細分解 h/i/d/r/o/liz/o
48965	hidr/o/log/o⟦水ᴴ/o/学家/o⟧:【地質】【PIV】Specialisto pri hidrologio.##偽分解##過細分解 h/i/d/r/o/log/o
48966	hidr/o/logi/o⟦水ᴴ/o/学ᴸᴳ/o⟧:【PIV】Scienco pri la akvoj, iliaj enhavo k proprecoj.##偽分解##過細分解 h/i/d/r/o/logi/o
48967	hidr/oni/o⟦水ᴴ/oni/o⟧:【PIV】Vd (vidu) onio.##偽分解(PIV正式分解)##過細分解 hidr/o/n/i/o
48968	hidr/ore/o⟦水ᴴ/ore/o⟧:【医】【PIV】Abunda serozaj^a elfluo de inflamita mukozo.##偽分解(PIV正式分解)##過細分解 h/i/d/r/ore/o
48969	hidr/o/sfer/o⟦水ᴴ/o/球ˢ/o⟧:【地質】【生態】【PIV】Tuto de la akvaj elementoj de Tero: la hidrosfero precipe konsistas el la oceanoj; la hidrosfero estas parto de la biosfero. Vd biosfero, litosfero.##偽分解(PIV正式分解)##過細分解 h/i/d/r/o/sfer/o
48970	hidr/o/statik/a⟦水ᴴ/o/静ˢ/a⟧:【PIV】Rilata al hidrostatiko: hidrostatika ekvilibro.##偽分解(PIV正式分解)##過細分解 h/i/d/r/o/statik/a
48971	hidr/o/terapi/a⟦水ᴴ/o/疗/a⟧:【PIV】Rilata al hidroterapio: hidroterapia kuracado.##偽分解(PIV正式分解)##過細分解 h/i/d/r/o/terapi/a
48972	hidr/o/term/a⟦水ᴴ/o/热ᵀ/a⟧:【地質】【PIV】Rilata al la cirkulado de varmaj akvoj, ligitaj kun la fino de vulkana erupcio au^ la kristalig^o de magmo, k al fontoj, kiuj devenas el c^i tiuj du fenomenoj.##偽分解(PIV正式分解)##過細分解 h/i/d/r/o/t/e/r/m/a
48973	hidr/o/term/ism/o⟦水ᴴ/o/热ᵀ/主义/o⟧:【PIV】Tuto de la hidrotermaj procezoj.##偽分解(PIV正式分解)##過細分解 h/i/d/r/o/t/e/r/m/ism/o
48984	higr/o/graf/o⟦湿ᴴᴳ/o/记ᴳ/o⟧:【PIV】Au^tomate registranta higrometro.##偽分解##強語根分解
48985	higr/o/metri/o⟦湿ᴴᴳ/o/测ᴹᵀ/o⟧:【PIV】Mezurado de la aermalsekeco.##偽分解##強語根分解
48986	higr/o/metri/a⟦湿ᴴᴳ/o/测ᴹᵀ/a⟧:【PIV】Rilata al higrometrio: higrometria grado.##偽分解##強語根分解
48999	himen/o/micet/oj⟦膜/o/菌ᴹᶜ/oj⟧:【植】【PIV】Grupo de bazidifungoj (ampleksanta la eksan klason Hymenomycetes), kies bazidioj formig^as interne de malferma au^ duonferma bazidiujo. Vd gasteromicetoj.##偽分解(PIV正式分解)
49006	hiosciam/in/o⟦茄ᴴ/in/o⟧:【化】【PIV】Hiskiamino.##偽分解(PIV正式分解)
49013	hiper/estez/i/o⟦超/感ᴱ/i/o⟧:【医】【PIV】Troa, nenormala sensiveco, kau^zata de superekscitig^o de la sensaj nervoj.##偽分解(PIV正式分解)
49023	hipo/centr/o⟦亚/央/o⟧:【地質】【PIV】Loko en la interno de Tero, kie estig^as tertremo; fokuso de tertremo. Vd epicentro.##偽分解(PIV正式分解)
49024	hipo/derm/o⟦亚/皮ᴰ/o⟧:【解】【PIV】1 Subhau^ta, grasoric^a konektivo, kiu ligas la dermon al la subaj muskoloj. Sin. (sinonimo) subdermo, subhau^to. 2【動】 G. (Genro) (Hypoderma) de insektoj el la ordo de dipteroj, fam. (familio) de ojstredoj, kies larvoj parazitas en la korpo k sub la hau^to de bovoj. Vd ojstro.##偽分解(PIV正式分解)
49028	hipo/gastr/o⟦亚/胃ᴳ/o⟧:【解】【PIV】Meza malsupra parto de la ventro, kus^anta sub linio pasanta c^e la supro de la koksostoj. Vd epigastro.##偽分解(PIV正式分解)
49031	hipo/glos/o⟦亚/注ᴳ/o⟧:【解】【PIV】1 Tuto de la nervoj de la 12a krania paro, kiuj donas fibrojn al la langaj muskoloj (ankau^: hipoglosa nervo, N. hypoglossus). 2【動】【料】 G. (Genro) (Hippoglossus) de grandaj fis^oj el la ordo de pleu^ronektoformaj, fam. (familio) de pleu^ronektedoj, kun fendita vosto; tre bongustaj: hipogloso stufita en aluminia folio. Vd fleso, limando, plateso, rombo 2, soleo.##偽分解(PIV正式分解)
49032	hipo/grif/o⟦马/狮鹰/o⟧:【PIV】Fabela estaj^o, duone c^evalo duone grifo.##偽分解##過細分解 h/i/p/o/grif/o
49034	hipo/kastan/o⟦马/栗/o⟧:【植】【PIV】1 (ark. (arkaismo, arkaisme)) Alia nomo (Hippocastanum, nomenklature ne legitima) de eskulo. 2 Sp. (Specio) de eskulo (Aesculus hippocastanum), granda arbo kun densa branc^aro, kun longpetiolaj, mane kunmetaj folioj, kun 20−30 cm (centimetro) altaj infloreskoj el blankaj floroj flav-au^ roz-makulaj, k kun pli-malpli dornohavaj fruktoj; hejma de Balkanoj g^is Himalajo, ofte plantata ekz. (ekzemple) kiel alearbo; la s^elo estas medicine uzata pro enhavo de eskulino. Sin. (sinonimo) c^evalkas^tanujo.##偽分解##過細分解 h/i/p/o/kastan/o
49035	hipo/kastan/ac/oj⟦马/栗/科ᴬ/oj⟧:【植】【PIV】Fam. (Familio) (Hippocastaneaceae) de 15 sp-oj (specioj) el 2 g-oj (genroj), i.a. (interalie, inter aliaj) eskulo.##偽分解##過細分解 h/i/p/o/kastan/ac/oj
49037	hipo/kondr/o⟦亚/软骨ᴷᴺ/o⟧:【解】【PIV】(hypochondrium) C^iu el la du regionoj dekstre k maldekstre de la epigastro, super linio pasanta sub la ripoj (regio hypochondriaca): hepato k stomako situas en la hipokondroj.##偽分解(PIV正式分解)
49048	hipo/staz/o⟦亚/滞ˢᶻ/o⟧:【医】【哲】【キ】【PIV】1 Sanga amasig^o en la malsupro de la pulmoj, pro malbona cirkulado k devigo resti en kus^pozicio. 2 C^iu el la diaj principoj en la novplatona sistemo. 3 C^iu el la tri Di-personoj, konsiderataj kiel diferencaj. Vd Triunuo.##偽分解(PIV正式分解)
49052	hipo/talam/o⟦亚/丘脑/o⟧:【解】【PIV】(hypothalamus) Regiono de la diencefalo sub la talamoj, formanta la plankon de la tria ventriklo: la hipotalamo ludas gravan rolon pro siaj grizaj kernoj, g^i estas centro kunordiga de la simpata aktiveco, de vekig^o k endormig^o, de varmoregulado k.a. (kaj aliaj).##偽分解(PIV正式分解)
49055	hipo/tenar/o⟦亚/鱼际/o⟧:【解】【PIV】(hypothenar) Elstaraj^o en la manplato c^e la ulna rando. Vd tenaro.##偽分解(PIV正式分解)
49056	hips/o/gram/o⟦高ᴴ/o/图ᴳᴹ/o⟧:【PIV】= niveldiagramo.##偽分解##過細分解 hips/o/g/r/a/m/o
49065	hirud/in/o⟦吸血虫/in/o⟧:【化】【PIV】Proteino de la salivo de hirudo, malhelpanta la sangokoagulig^on: la sintezaj hirudinoj estas grandskale uzataj en terapio.##偽分解(PIV正式分解)
49069	hiskiam/in/o:【化】【PIV】Alkaloido el la nigra hiskiamo, C 17 H 23 NO 3. Sin. (sinonimo) hiosciamino.##偽分解(PIV正式分解)
49075	hist/o/genez/o⟦织ᴴ/o/源ᴳ/o⟧:【生】【PIV】Formig^o k disvolvig^o de la histoj.##偽分解
49076	hist/o/log/o⟦织ᴴ/o/学家/o⟧:【PIV】Sciencisto, kiu studas histologion.##偽分解
49077	hist/o/logi/o⟦织ᴴ/o/学ᴸᴳ/o⟧:【PIV】Scienco pri la histoj.##偽分解
49083	histori/o/graf/o⟦史/o/记ᴳ/o⟧:【PIV】Persono, oficiale komisiita verki la historion de difinita tempo, reg^ado ktp (kaj tiel plu).##偽分解(PIV正式分解)
49084	histori/o/grafi/o⟦史/o/志ᴳ/o⟧:【PIV】La arto au^ verkaro de historiografo.##偽分解
49092	hod/o/metr/o⟦hod/o/计ᴹ/o⟧:【PIV】Irmezurilo.##偽分解##強語根分解
49106	holo/cefal/oj⟦全ᴴ/头ᶜ/oj⟧:【動】【PIV】Subklaso (Holocephali) de kartilagfis^oj, ampleksanta la h^imerojn k.a. (kaj aliaj)##偽分解##エス的分解
49107	holo/edr/o⟦全ᴴ/面ᴱ/o⟧:【地質】【PIV】Kristalklaso, kiu posedas c^iujn eblajn simetrielementojn de sia sistemo: sesangula holoedra; neholoedra klaso.##偽分解
49108	holo/edr/ec/o⟦全ᴴ/面ᴱ/性/o⟧:【PIV】Eco de kristalo holoedra.##偽分解
49110	holo/graf/o⟦全ᴴ/记ᴳ/o⟧:【法】【PIV】Testamento, tute skribita de la mano de la testamentinto.##偽分解
49111	holo/morf/a⟦全ᴴ/形ᴹ/a⟧:【数】【PIV】(pp (se paroli pri) funkcio kun kompleksaj variabloj) Tia, ke g^i povas esti prezentita per kompleksa konverg^a potencoserio en c^irkau^aj^o de ajna punkto: holomorfa funkcio estas komplekse derivebla. Vd analitika.##偽分解
49112	holo/morfi/o⟦全ᴴ/形ᴹᴵ/o⟧:【PIV】Holomorfa bildigo.##偽分解
49120	hom/en/oj⟦人/en/oj⟧:【PIV】Subfamilio (Homininae) de homedoj, ampleksanta la au^stralopitekojn, la parantropojn, la fosiliajn k la nunan homojn.##偽分解(PIV正式分解)##過細分解 hom/e/n/oj
49122	hom/oide/oj⟦人/oide/oj⟧:【PIV】Superfamilio de primatoj (Hominoidea) entenanta tri familiojn: la gibonedojn, la orangutanojn k la homedojn.##偽分解(PIV正式分解)
49123	homeo/morf/a⟦homeo/形ᴹ/a⟧:【数】【PIV】(pp (se paroli pri) spaco) Havanta ekzakte la samajn topologiajn ecojn kiel alia spaco.##偽分解
49124	homeo/morf/o⟦homeo/形ᴹ/o⟧:【PIV】La eco esti homeomorfa.##偽分解
49125	homeo/morfi/o⟦homeo/形ᴹᴵ/o⟧:【数】【PIV】Kontinua bijekcio, kies inverso ankau^ kontinuas.##偽分解
49126	homeo/morfi/a⟦homeo/形ᴹᴵ/a⟧:【PIV】Rilata al homeomorfio; estanta homeomorfio.##偽分解
49127	homeo/stat/o⟦homeo/态/o⟧:【生】【PIV】1 Ekvilibro de organismo, karakterizata de emo al konstanteco de g^iaj fizikaj k kemiaj ecoj: homeostato rezultas el multaj kontrau^aj agoj. 2【生態】 Ekvilibro de ekosistemo, karakterizata de emo al konstanteco de g^iaj fizikaj, kemiaj k biologiaj konsistaj^oj.##偽分解
49128	homeo/stat/il/o⟦homeo/态/具/o⟧:【PIV】Aparato por simuli la homeostaton de vivuloj.##偽分解
49131	homeo/term/a⟦homeo/热ᵀ/a⟧:【生】【PIV】(pp (se paroli pri) animalo) Havanta konstantan internan temperaturon: mamuloj k birdoj estas homeotermaj. Sin. (sinonimo) varmsanga. Vd pojkiloterma.##偽分解##過細分解 homeo/t/e/r/m/a
49134	homo/fon/o⟦同ᴴ/声ᶠᴼ/o⟧:【語】【PIV】Morfemo au^ vorto foneme identa kun alia morfemo au^ vorto. Vd homonimo.##偽分解(PIV正式分解)
49135	homo/kromi/o⟦同ᴴ/色ᴷᴵ/o⟧:【動】【PIV】Adaptig^o de kelkaj animaloj al la medio, kiuj farig^as pli-malpli samkoloraj kiel g^i k sekve malfacile videblaj: homokromio de kameleono. Vd mimetismo.##偽分解(PIV正式分解)
49136	homo/logi/o⟦同ᴴ/学ᴸᴳ/o⟧:【数】【PIV】1 Strukturo konstruita el nehomologaj cikloj. 2 Branc^o de la matematiko, kie oni studas homologion 1.##偽分解
49137	homo/morf/a⟦同ᴴ/形ᴹ/a⟧:【数】【PIV】(pp (se paroli pri) strukturo) Tia, ke g^i konservas certajn ecojn de alia strukturo: la cirklo estas homomorfa bildo de rekto, se ambau^ estas rigardataj kiel grupoj.##偽分解(PIV正式分解)
49138	homo/morf/o⟦同ᴴ/形ᴹ/o⟧:【PIV】La eco esti homomorfa.##偽分解(PIV正式分解)
49139	homo/morfi/o⟦同ᴴ/形ᴹᴵ/o⟧:【PIV】(pp (se paroli pri) grupo, ringo ktp (kaj tiel plu)) Bildigo, kiu respektas la koncernajn strukturojn: homomorfio de ringoj konservas k la adicion k la multiplikon.##偽分解(PIV正式分解)
49140	homo/morfi/a⟦同ᴴ/形ᴹᴵ/a⟧:【PIV】Rilata al homomorfio; estanta homomorfio.##偽分解(PIV正式分解)
49141	homo/pter/oj⟦同ᴴ/翅/oj⟧:【動】【PIV】Grupo (eksa ordo Homoptera) de insektoj kun g^enerale kvar membranecaj flugiloj, ampleksanta la hemipterojn escepte de la heteropteroj: afido, cikado, koc^o estas homopteroj.##偽分解##エス的分解
49151	homo/zigot/o⟦同ᴴ/合子/o⟧:【生】【PIV】Individuo au^ c^elo, kiu koncerne la studatan karakteron (econ) heredis la saman genon de ambau^ gepatroj. Vd heterozigoto.##偽分解(PIV正式分解)
49190	hum/in/o⟦腐土/in/o⟧:【化】【PIV】Kompleksa miksaj^o de organikaj substancoj, el kiuj estig^as humaj acidoj k aliaj substancoj de humo.##偽分解(PIV正式分解)
49233	h^et/o/gnat/oj:【PIV】= ketognatoj.##偽分解##エス的分解
49292	ih^tio/log/o⟦鱼ᴵᴴ̂/学家/o⟧:【PIV】= iktiologo.##偽分解##強語根分解
49293	ih^tio/pterig/oj⟦鱼ᴵᴴ̂/翅ᴾᴳ/oj⟧:【PIV】= iktiopterigoj.##偽分解##エス的分解
49296	ikon/o/logi/o⟦圣像/o/学ᴸᴳ/o⟧:【PIV】Studo de la ikonoj.##偽分解
49297	ikon/o/grafi/o⟦圣像/o/志ᴳ/o⟧:【PIV】Repertuaro de bildoj, ilustraj^oj, portretoj ktp (kaj tiel plu) pri difinita homo, epoko, civilizacio ktp (kaj tiel plu).##偽分解
49298	ikon/o/grafi/a⟦圣像/o/志ᴳ/a⟧:【PIV】Rilata al ikonografio: ikonografia albumo de Z amenhof, de la baroka arto.##偽分解
49299	ikon/o/klast/o⟦圣像/o/屑/o⟧:【PIV】1 Rompisto de bildoj, statuoj de sanktuloj ktp (kaj tiel plu), rigardataj kiel idolaj^oj. Sin. (sinonimo) ikonrompisto. 2 (f (figurasence)) Ruiniganto de tradiciaj principoj.##偽分解(PIV正式分解)
49300	ikon/o/skop/o⟦圣像/o/镜ˢᴷ/o⟧:【電】【PIV】Frua formo de tubo en televida kamerao por skani fotoaktivan mozaikon. Vd ortikono.##偽分解
49301	ikon/o/staz/o⟦圣像/o/滞ˢᶻ/o⟧:【キ】【PIV】En la ortodoksaj preg^ejoj, vando, apartiganta la sanktejon disde la cetero de la preg^ejo, k ornamita per ikonoj, lau^rite ordigitaj. Sin. (sinonimo) ikonsepto.##偽分解(PIV正式分解)
49303	ikosa/edr/o⟦ikosa/面ᴱ/o⟧:【PIV】1 = regula dudekedro. 2 = dudekedro.##偽分解
49310	iktio/log/o⟦鱼ᴵᴷ/学家/o⟧:【PIV】Sciencisto pri iktiologio.##偽分解##強語根分解
49311	iktio/logi/o⟦鱼ᴵᴷ/学ᴸᴳ/o⟧:【PIV】Parto de la zoologio pri la fis^oj.##偽分解##強語根分解
49312	iktio/pterig/oj⟦鱼ᴵᴷ/翅ᴾᴳ/oj⟧:【動】【PIV】Ordo (Ichthyopterygia) de mezozoikaj maraj reptilioj, al kiu apartenas la fis^osau^roj.##偽分解##エス的分解
49313	iktio/sau^r/ul/oj⟦鱼ᴵᴷ/爬虫/者/oj⟧:【PIV】Fis^osau^roj.##偽分解##強語根分解
49317	ile/it/o⟦肠ᴵᴸ/炎ᵀ/o⟧:【医】【PIV】Inflamo de la ileo.##偽分解
49358	impuls/o/metr/o⟦冲/o/计ᴹ/o⟧:【電】【PIV】Aparato, kiu registras (au^ gravuras) la formon de kurent impulsoj, elirantaj el telefono au^ telegrafia sendilo.##偽分解
49361	imun/o/logi/o⟦免/o/学ᴸᴳ/o⟧:【生】【医】【PIV】Scienco pri la imuneco de c^eloj k vivuloj kontrau^ fremdaj molekuloj au^ c^eloj.##偽分解
49383	indig/oz/id/o⟦蓝ᴵ/糖ᴼ/子/o⟧:【化】【PIV】Glukozido de indigujo, hetero-ducikla, C 14 H 17 O 6 N, 3H 2 O, bazo de indigo.##偽分解(PIV正式分解)
49384	indig/oz/id/az/o⟦蓝ᴵ/糖ᴼ/子/az/o⟧:【化】【PIV】Enzimo, kiu malkomponas indigozidon.##偽分解(PIV正式分解)
49410	infarkt/o/gen/a⟦梗/o/生ᴳ/a⟧:【PIV】Estiganta infarkton.##偽分解
49496	interfer/o/metri/o⟦涉ᴵ/o/测ᴹᵀ/o⟧:【PIV】Parto de la fiziko, en kiu oni uzas interferometrojn: interferometriaj metodoj povas servi en la determinado de longoj, esprimotaj kiel obloj de luma ondolongo.##偽分解
49497	inter/fon/o⟦间/声ᶠᴼ/o⟧:【PIV】Interkomunika sistemo, kiu uzas au^ telefonaparatojn au^ kapau^dilojn k mikrofonojn, por provizi voc^an interkomunikon inter apudaj c^ambroj, oficejoj au^ dej^orejoj en domo, s^ipo, aviadilo k.a. (kaj aliaj).##偽分解(PIV正式分解)
49519	inul/in/o⟦菊ᴵ/in/o⟧:【植】【化】【PIV】Glucido parenca al amelo, polimero de fruktozo, (C 6 H 10 O 5) n (n = 30−35), trovig^anta c^e iuj florplantoj, precipe kampanulacoj k asteracoj, ekz. (ekzemple) en la tuberoj de helianto.##偽分解(PIV正式分解)
49526	invert/az/o⟦转ᴵ/az/o⟧:【化】【PIV】Enzimo, kau^zanta la inverton de sakarozo al glukozo k fruktozo. Sin. (sinonimo) sakarazo. -> invertsukero.##偽分解(PIV正式分解)
49549	iris/it/o⟦虹膜/炎ᵀ/o⟧:【医】【PIV】Inflamo de iriso(j).##偽分解
49550	iris/ektomi/o⟦虹膜/除ᴱᴷ/o⟧:【医】【PIV】Parta desekco de la iriso.##偽分解(PIV正式分解)
49551	iris/o/tomi/o⟦虹膜/o/切ᵀᴹ/o⟧:【PIV】Simpla entranc^o de iriso, por krei artan pupilon.##偽分解
49563	iskiat/algi/o⟦坐神/痛ᴬ/o⟧:【医】【PIV】Sindromo, karakterizata precipe de tre vigla doloro lau^longe de la iskiato k g^iaj branc^oj: iskiatalgio povas rezulti de tre diversaj kau^zoj kiel ekz. (ekzemple) reu^mato, hernio de intervertebra disko, tuberkulozo, sifiliso k.a. (kaj aliaj).##偽分解(PIV正式分解)
49583	izo/elektr/a⟦等ᴵ/电/a⟧:【化】【PIV】(pp (se paroli pri) molekulo) Tia, ke g^iaj pozitivaj k negativaj s^argoj estas egalaj: izoelektra punkto (la pH, c^e kiu molekulo estas izoelektra) de aminacido, de proteino.##偽分解(PIV正式分解)
49584	izo/glos/o⟦等ᴵ/注ᴳ/o⟧:【語】【PIV】En la teritorio de lingvo au^ dialekto, linio dividanta la lokojn, kiuj diferencas inter si per iu lingva trajto.##偽分解(PIV正式分解)
49587	izo/klin/o⟦等ᴵ/斜/o⟧:【PIV】Linio el punktoj de sama magneta inklinacio.##偽分解(PIV正式分解)
49590	izol/metr/o⟦隔/计ᴹ/o⟧:【電】【PIV】Aparato por mezuri la izolitecon de konduktilo. Vd ommetro.##偽分解
49593	izo/mer/ec/o⟦等ᴵ/链节/性/o⟧:【化】【PIV】Eco de izomera molekulo: spaca izomereco (izomereco pro diferenco en la spaca arang^o de la atomoj); optika izomereco (izomereco pro diferenco en nur la orientig^o de la atomoj).##偽分解(PIV正式分解)
49594	izo/metr/a⟦等ᴵ/米/a⟧:【数】【PIV】(pp (se paroli pri) metrika spaco) Tia, ke c^iuj g^iaj distancoj estas egalaj al la respondaj distancoj en alia spaco.##偽分解(PIV正式分解)
49595	izo/metr/o⟦等ᴵ/米/o⟧:【PIV】La eco esti izometra.##偽分解(PIV正式分解)
49596	izo/metri/o⟦等ᴵ/测ᴹᵀ/o⟧:【PIV】Bijekcio, kiu konservas c^iujn distancojn.##偽分解
49597	izo/metri/a⟦等ᴵ/测ᴹᵀ/a⟧:【PIV】Rilata al izometrio; estanta izometrio.##偽分解
49598	izo/morf/o⟦等ᴵ/形ᴹ/o⟧:【数】【地質】【化】【PIV】La eco esti izomorfa: pruvi la izomorfon de du grupoj.##偽分解(PIV正式分解)
49599	izo/morf/ec/o⟦等ᴵ/形ᴹ/性/o⟧:【数】【地質】【化】【PIV】La eco esti izomorfa: pruvi la izomorfon de du grupoj.##偽分解(PIV正式分解)
49600	izo/morfi/o⟦等ᴵ/形ᴹᴵ/o⟧:【数】【PIV】Bijekcio, kiu kune kun sia inverso konservas c^iujn studatajn ecojn de strukturo.##偽分解(PIV正式分解)
49601	izo/morfi/a⟦等ᴵ/形ᴹᴵ/a⟧:【PIV】Rilata al izomorfio; estanta izomorfio.##偽分解(PIV正式分解)
49602	izo/pod/oj⟦等ᴵ/足ᴾᴼ/oj⟧:【動】【PIV】Ordo (Isopoda) de krustacoj, el la subklaso de malakostrakoj, dorsoventre plataj. Vd amfipodoj.##偽分解
49605	izo/pter/oj⟦等ᴵ/翅/oj⟧:【動】【PIV】Ordo (Isoptera) de insektoj sen pupa stadio, ampleksanta la termitojn.##偽分解##エス的分解
49606	izo/spin/o⟦等ᴵ/旋ˢᴺ/o⟧:【理】【PIV】Kvantuma nombro de nukleaj partikloj k distingiga inter protono k neu^trono.##偽分解(PIV正式分解)
49607	izo/staz/o⟦等ᴵ/滞ˢᶻ/o⟧:【地質】【PIV】Stato de hidrostatika ekvilibro de la terkrusto je ia profundo, lau^ la principo de flosado de malpli pezaj (kontinentaj, sialaj) partoj sur pli pezaj (simaaj).##偽分解(PIV正式分解)
49608	izo/ton/a⟦等ᴵ/调/a⟧:【理】【化】【PIV】Havanta la saman osmozan premon: izotonaj solvaj^oj.##偽分解(PIV正式分解)
49609	izo/ton/ec/o⟦等ᴵ/调/性/o⟧:【化】【PIV】Stato de izotonaj likvoj.##偽分解(PIV正式分解)
49675	jod/at/o⟦碘/盐ᴬ/o⟧:【化】【PIV】Salo de jodata acido.##偽分解(PIV正式分解)
49676	jod/il/o⟦碘/基ᴵ/o⟧:【化】【PIV】Radiko (IO): jodila sulfato, (IO) 2 SO 4. Vd jodozo.##偽分解(PIV正式分解)
49677	jod/o/metri/o⟦碘/o/测ᴹᵀ/o⟧:【PIV】Kvanta analiza metodo, uzanta la oksidigon de jodido al jodo.##偽分解
49680	jod/oz/o⟦碘/oz/o⟧:【化】【PIV】La grupo IO (en kunmetaj^oj). -> oz/.##偽分解(PIV正式分解)
49686	johimb/in/o⟦木ᴶᴴ/in/o⟧:【化】【PIV】Alkaloido, ekstraktata el johimbo k pasintece uzata kiel hipotensiiga, vaskuldilata k afrodiziiga medikamento.##偽分解(PIV正式分解)
49692	jon/o/sfer/o⟦离子/o/球ˢ/o⟧:【PIV】La plej supra tavolo de la interna atmosfero (komencig^anta en altitudo de 80 km (kilometro)), kies esenca karakterizaj^o estas la elektra konduktopovo.##偽分解
49693	Cis-Jordan/i/o:【PIV】Regiono de Palestino, situanta okcidente de Jordano.##偽分解
49702	jud/a/iz/i⟦jud/a/化/i⟧:【PIV】(ntr (netransitiva)) Observi la judajn morojn au^ ritojn: en Hispanujo oni s^tiparumis la judaizantajn kristanojn.##偽分解
49763	kabl/o/gram/o⟦缆/o/图ᴳᴹ/o⟧:【PIV】Telegramo, sendata per transmara kablo.##偽分解(PIV正式分解)##過細分解 kabl/o/g/r/a/m/o
49781	kadavr/in/o⟦尸/in/o⟧:【化】【PIV】Substanco, 1,5-diaminopentano, NH 2 -(CH 2) 5-NH 2, kiu estig^as i.a. (interalie, inter aliaj) c^e putrado de karno.##偽分解(PIV正式分解)
49816	kak/o/grafi/o⟦屎/o/志ᴳ/o⟧:【PIV】Malbela au^ erarplena skribmaniero.##偽分解
49821	kal/oz/o⟦茧/糖ᴼ/o⟧:【化】【PIV】Glucido, polimero de glukozo (C 6 H 10 O 5) n, parenca al celulozo, kiu konsistigas la kalon de la floemaj tuboj k parton de la membrano de iuj fungoj. -> kalozo.##偽分解(PIV正式分解)
49822	kal/oz/o⟦茧/糖ᴼ/o⟧:【解】【PIV】(corpus callosum) Lameno de nerva blanka substanco, strec^ita inter la du cerbaj hemisferoj. -> kal/ozo.##偽分解(衝突語)
49876	kalkul/metr/o⟦算/计ᴹ/o⟧:【PIV】C^iuforma ilo (glit kalkulilo k.a. (kaj aliaj)), por faciligi kalkulojn per legado de gradaro.##偽分解
49936	kanal/iz/aci/o⟦渠/化/态ᴬ/o⟧:【PIV】= kanaletaro.##偽分解
49940	kancer/o/gen/a⟦癌/o/生ᴳ/a⟧:【PIV】= kanceriga.##偽分解
49941	kancer/o/logi/o⟦癌/o/学ᴸᴳ/o⟧:【PIV】Studo de la kanceroj.##偽分解
49967	kantarid/in/o:【化】【PIV】Toksa, kongesta substanco de kantarido, pasintece uzata en medicino por vezikplastroj k afrodizio.##偽分解(PIV正式分解)
49992	kapsik/in/o⟦辣/in/o⟧:【化】【PIV】Ege akragusta substanco en kapsiko 2, precipe en ties placentoj.##偽分解(PIV正式分解)
50002	kara/fic/oj⟦藻ᴷ/藻ᶠᶜ/oj⟧:【植】【PIV】Klaso (Charophyceae el klorofitoj) au^ filumo (Charophyta) de verdalgoj; 250 sp-oj (specioj) el c^. (c^irkau^) 5−6 g-oj (genroj).##偽分解(PIV正式分解)
50003	kara/fit/oj⟦藻ᴷ/植ᶠ/oj⟧:【植】【PIV】Klaso (Charophyceae el klorofitoj) au^ filumo (Charophyta) de verdalgoj; 250 sp-oj (specioj) el c^. (c^irkau^) 5−6 g-oj (genroj).##偽分解(PIV正式分解)
50017	karakter/o/logi/o⟦格/o/学ᴸᴳ/o⟧:【心】【PIV】Scienca studo de la homaj karakteroj k de la rimedoj klasi individuon en karakteran kategorion.##偽分解
50025	karb/id/o⟦炭/化ᴵᴰ/o⟧:【化】【PIV】Salo au^ kombinaj^o de anjona karbono: fera(III) karbido, F 3 C (Sin. (sinonimo) cementito); kalcia karbido, CaC 2 (antau^e uzata por produkti acetilenon en lampoj). Sin. (sinonimo) karbonido.##偽分解
50040	karb/oksi/l/o⟦炭/氧/l/o⟧:【化】【PIV】La grupo-COOH de organikaj acidoj: oni formas la nomon de karboksilaj acidoj el la nomo de la parenca hidrokarbono kun la finaj^o «ata acido» - ekz. (ekzemple) etanata (Sin. (sinonimo) acetata) acido - au^ el la nomo de la molekulo, kies derivaj^o g^i estas, kun la finaj^o «karboksila acido» - ekz. (ekzemple) benzo karboksila (Sin. (sinonimo) benzoata) acido -.##偽分解(PIV正式分解)##過細分解 k/a/r/b/oksi/l/o
50042	karbon/id/o⟦碳/化ᴵᴰ/o⟧:【PIV】Karbido.##偽分解
50048	karbon/il/o⟦碳/基ᴵ/o⟧:【化】【PIV】1 La radiko ≻C=O, komuna al c^iuj aldehidoj k ketonoj: la karbonilo de etanalo estas reakciema. 2 La radiko CO (karbona monooksido) en neorganikaj metalkompleksoj: nikela tetra karbonilo, Ni(CO) 4.##偽分解(PIV正式分解)
50051	karbur/ator/o⟦碳ᴷᴿ/具ᴬ/o⟧:【PIV】= karburilo.##偽分解(PIV正式分解)
50056	kardi/o/graf/o⟦心ᴷᴰ/o/记ᴳ/o⟧:【PIV】Aparato, kiu registras la kormovojn.##偽分解(PIV正式分解)
50057	kardi/o/gram/o⟦心ᴷᴰ/o/图ᴳᴹ/o⟧:【PIV】Kurblinio ricevita per kardiografo.##偽分解(PIV正式分解)##過細分解 kardi/o/g/r/a/m/o
50058	kardi/o/log/o⟦心ᴷᴰ/o/学家/o⟧:【PIV】Kuracisto, specialisto de la kormalsanoj.##偽分解
50059	kardi/o/logi/o⟦心ᴷᴰ/o/学ᴸᴳ/o⟧:【PIV】Parto de la medicino pri la kormalsanoj.##偽分解
50060	kardi/o/pati/o⟦心ᴷᴰ/o/病ᴾ/o⟧:【PIV】Kn (Kolektiva nomo) de c^iuj kormalsanoj.##偽分解(PIV正式分解)
50061	kardi/mi/o/pati/o⟦心ᴷᴰ/肌/o/病ᴾ/o⟧:【PIV】C^iu malsano de la miokardio.##偽分解(PIV正式分解)
50062	kardi/o/tomi/o⟦心ᴷᴰ/o/切ᵀᴹ/o⟧:【PIV】Kirurgia incizo de la koro.##偽分解
50068	kardi/oid/o⟦心ᴷᴰ/似ᴼ/o⟧:【数】【PIV】Epicikloido tia, ke g^iaj generantaj cirkloj fiksa k rulig^anta estas same grandaj.##偽分解(PIV正式分解)
50070	kardj/algi/o⟦胃门/痛ᴬ/o⟧:【医】【PIV】Formo de gastralgio, situanta apud la kardjo.##偽分解(PIV正式分解)
50071	kardj/o/tomi/o⟦胃门/o/切ᵀᴹ/o⟧:【PIV】Kirurgia incizo de la kardjo.##偽分解
50116	karot/en/o⟦胡萝卜/en/o⟧:【化】【PIV】Orang^kolora lipido, C 40 H 56, tetraterpeno, tre ofta en la naturo, aparte abunda en kelkaj nutraj^oj vegetaj^aj (karotoj, orang^oj, verdaj legomoj, kukurboj ktp (kaj tiel plu)) au^ animalaj (ovoflavo), en la flava korpo; g^i povas transformig^i en la organismo al vitamino A.##偽分解(PIV正式分解)##過細分解 karot/e/n/o
50117	karot/en/oid/oj⟦胡萝卜/en/似ᴼ/oj⟧:【PIV】Grupo de lipidoj, ampleksantaj karotenon k parencajn substancojn, i.a. (interalie, inter aliaj) ksantofilojn k vitaminojn A.##偽分解(PIV正式分解)##過細分解 karot/e/n/oid/oj
50128	desegn/ist/o-kart/o/graf/o⟦绘/家/o-卡/o/记ᴳ/o⟧:【PIV】Persono, kiu desegnas mapojn k planojn.##偽分解(PIV正式分解)
50167	kat/et/o⟦股/小/o⟧:【数】【PIV】C^eorta latero de triangulo. Vd hipotenuzo.##偽分解(衝突語)
50200	katet/o/metr/o⟦katet/o/计ᴹ/o⟧:【PIV】Aparato, servanta por mezuri la altodiferencon inter du punktoj.##偽分解(PIV正式分解)
50218	kau^s/algi/o⟦kau^s/痛ᴬ/o⟧:【医】【PIV】Brulsentado kun trosentemo au^ hiperestezo de la hau^to, kiu rug^ig^as k s^vitas: kau^salgion g^enerale estigas nerva vundo. Sin. (sinonimo) termoalgio.##偽分解##強語根分解
50223	kau^ter/iz/ig^/o⟦灼/化/成/o⟧:【PIV】Stato de kau^terizata histo.##偽分解
50266	kerat/in/o⟦角ᴷᵀ/in/o⟧:【化】【PIV】Skleroproteino, fundamenta substanco de la kerato k de diversaj hau^taj produktaj^oj: haroj, ungoj, kornoj, hufoj, plumoj.##偽分解(PIV正式分解)
50267	kerat/it/o⟦角ᴷᵀ/炎ᵀ/o⟧:【医】【PIV】Kn (Kolektiva nomo) de c^iuj korneaj inflamoj: herpeta keratito. Sin. (sinonimo) korneito.##偽分解(PIV正式分解)
50273	ket/o/gnat/oj:【動】【PIV】Filumo (Chaetognatha) de celomuloj vermosimilaj, sagoformaj kun nag^iloj k kun fortaj ketoj ambau^flanke de la bus^o, pelage vivantaj.##偽分解##エス的分解
50288	kilo/pod/oj⟦千ᴷᴵ/足ᴾᴼ/oj⟧:【動】【PIV】Klaso (Chilopoda) de rapidkuraj miriapodoj, kies segmentoj havas paron da kruroj po unu. Vd diplopodoj.##偽分解##エス的分解
50292	kinemat/o/graf/a⟦kinemat/o/记ᴳ/a⟧:【PIV】Rilata al kinematografo.##偽分解
50293	kinemat/o/grafi/o⟦kinemat/o/志ᴳ/o⟧:【PIV】Tuto de la metodoj k procedoj, uzataj por fotografe reprodukti la movojn, k eventuale la kolorojn k sonojn. Vd kino.##偽分解
50294	kinemat/o/grafi/a⟦kinemat/o/志ᴳ/a⟧:【PIV】Rilata al kinematografio: kinematografia revuo, arto.##偽分解
50298	kinez/o/pati/o⟦动ᴷᶻ/o/病ᴾ/o⟧:【PIV】Veturmalsano.##偽分解(PIV正式分解)
50341	klad/o/genez/o⟦支ᴷ/o/源ᴳ/o⟧:【PIV】Estig^o k evoluo de la kladoj: kladgeneza arbo de la plantoj (skemo montranta la kladojn de la plantoj k ties evoluo: Vd (vidu) planto). Sin. (sinonimo) filogenezo. Vd individugenezo.##偽分解(PIV正式分解)
50386	klepto/mani/o⟦偷ᴷ/狂/o⟧:【医】【PIV】Mensa perturbo, karakterizata de emo al s^telado: la kleptomanio estas simptomo de pluraj frenezospecoj.##偽分解
50387	klepto/mani/ul/o⟦偷ᴷ/狂/者/o⟧:【PIV】Malsanulo je kleptomanio.##偽分解
50396	klimat/o/log/o⟦气候/o/学家/o⟧:【PIV】Fakulo pri klimatologio.##偽分解
50397	klimat/o/logi/o⟦气候/o/学ᴸᴳ/o⟧:【PIV】Scienco pri la priskribo, eksplikado k klasifikado de la klimatoj, k pri ilia efiko sur la organismo.##偽分解
50398	klimat/o/terapi/o⟦气候/o/疗/o⟧:【PIV】Apliko al la kuracado de la divers klimataj efikoj sur la homa korpo.##偽分解
50410	klitor/ektomi/o⟦阴蒂/除ᴱᴷ/o⟧:【医】【PIV】Ablacio de la klitoro. -> ekscizi.##偽分解(PIV正式分解)
50420	klor/at/o⟦氯/盐ᴬ/o⟧:【化】【PIV】Salo de klorata acido, HClO 3: klorplatenato (salo de klorplatenata acido, H 2 PtCl 6).##偽分解(PIV正式分解)
50421	klor/emi/o⟦氯/血ᴱ/o⟧:【医】【PIV】C^eesto au^ kvanto de kloro en la sango.##偽分解(PIV正式分解)
50422	klor/id/emi/o⟦氯/化ᴵᴰ/血ᴱ/o⟧:【医】【PIV】C^eesto au^ kvanto de kloridoj en la sango.##偽分解(PIV正式分解)
50423	klor/it/o⟦氯/盐ᴵ/o⟧:【化】【PIV】Salo de klorita acido, HClO 2.##偽分解(PIV正式分解)
50424	klor/it/o⟦氯/盐ᴵ/o⟧:【地質】【PIV】Mineralo el hidrata folisiliciato (kun aluminio, fero k magnezio), mola, verda, facile klivebla, ofta en magmaj k metamorfaj petroj.##偽分解(衝突語)
50425	klor/al/o⟦氯/al/o⟧:【化】【PIV】1 Triklor-acetaldehido, CCl 3-CHO. 2 Medikamento, CCl 3-CH(OH) 2, antisepsa, kvietiga k hipnoza. Sin. (sinonimo) klorala hidrato.##偽分解(PIV正式分解)##過細分解 klor/a/l/o
50428	klor/o/fic/oj⟦氯/o/藻ᶠᶜ/oj⟧:【植】【PIV】Klaso (Chlorophyceae el klorofitoj) de verdalgoj unuc^elaj, koloniaj au^ filamentaj, plejparte mikroskopaj. Vd ulvoficoj.##偽分解(PIV正式分解)
50429	klorofil/az/o⟦叶绿/az/o⟧:【PIV】Enzimo malkombinanta klorofilon.##偽分解(PIV正式分解)
50430	klor/o/fit/oj⟦氯/o/植ᶠ/oj⟧:【植】【PIV】Filumo (Chlorophyta), v.s. proks. (proksimume) ampleksanta la verdalgojn; 4 klasoj, el kiuj kloroficoj, ulvoficoj k karaficoj; c^. (c^irkau^) 7 000−8 000 sp-oj (specioj).##偽分解(PIV正式分解)
50465	koc^/oide/oj⟦红虫/oide/oj⟧:【PIV】Superfam. (Coccoidea) de insektoj el la ordo de hemipteroj, subordo de sternorinkoj, al kiu apartenas i.a. (interalie, inter aliaj) koc^o 1 k 2; la inoj estas senflugilaj, sen-au^ tre mallong-piedaj, rondformaj k parazitas sur diversaj specioj de vaskulplantoj, dum la virseksuloj estas duflugilaj k ne sin nutras; ili sekrecias vakson au^ lakon.##偽分解(PIV正式分解)
50468	kod/on/o⟦码/分/o⟧:【生】【PIV】Unuo de gena informo, konsistanta el triopo da nukleotidoj el mesag^a RNA k reganta la enkorpigon de unu aminacido en polipeptidon: unu kodono (g^enerale AUG) iniciatas la sintezon, dum aliaj estas netradukeblaj k haltigas la sintezon. Sin. (sinonimo) kodero (de la gena kodo).##偽分解(PIV正式分解)##過細分解 kod/o/n/o
50472	ko/enzim/o⟦ko/酵素/o⟧:【PIV】= kunenzimo (Vd (vidu) enzimo).##偽分解(PIV正式分解)
50474	kofe/in/o⟦木ᴷᶠ/in/o⟧:【化】【PIV】Kafeino.##偽分解(PIV正式分解)
50486	kojl/ektomi/o⟦结肠/除ᴱᴷ/o⟧:【PIV】Parta au^ tuta fortranc^o de la kojlo.##偽分解(PIV正式分解)
50487	kojl/o/stomi/o⟦结肠/o/漏ˢ/o⟧:【PIV】Kreado de artefarita anuso, per alkudro de la kojlo (pli ofte la descenda) al la korpekstero.##偽分解(PIV正式分解)
50495	koka/in/iz/o⟦koka/女/化/o⟧:【PIV】Terapia uzo de klorhidrato de kokaino, ordinare per injekto, por anestezi.##偽分解(PIV正式分解)
50496	koka/in/o/mani/o⟦koka/女/o/狂/o⟧:【PIV】Malsaneca bezono de kokaino.##偽分解(PIV正式分解)
50511	koks/it/o⟦股/炎ᵀ/o⟧:【医】【PIV】Artrito c^e la kokso.##偽分解
50512	koks/o/pati/o⟦股/o/病ᴾ/o⟧:【医】【PIV】Kn (Kolektiva nomo) de la koksaj malsanoj k afekcioj.##偽分解(PIV正式分解)
50518	ko/latitud/o⟦ko/纬/o⟧:【天】【PIV】Angula distanco de la zenito al la poluso.##偽分解(PIV正式分解)
50526	kole/cist/it/o⟦胆ᴷ/囊ᶜ/炎ᵀ/o⟧:【医】【PIV】Inflamo de la galveziko.##偽分解(PIV正式分解)
50527	kole/emi/o⟦胆ᴷ/血ᴱ/o⟧:【医】【PIV】Ekzisto de galaj elementoj en la sango: koleemio flavigas la hau^ton k okulojn. Vd iktero. -> kolesterolo.##偽分解(PIV正式分解)
50550	kolin/ester/az/o⟦胆碱/ester/az/o⟧:【化】【生】【PIV】Enzimo, kiu malkomponas acetilkolinon.##偽分解(PIV正式分解)
50563	kolor/metr/o⟦色/计ᴹ/o⟧:【PIV】Aparato por mezuri diversajn parametrojn de koloro, i.a. (interalie, inter aliaj) intenson, helon, puron, komponantojn.##偽分解
50564	kolor/metri/o⟦色/测ᴹᵀ/o⟧:【PIV】La fako pri la mezurado de la parametroj de koloro.##偽分解
50565	kolor/o/metri/o⟦色/o/测ᴹᵀ/o⟧:【PIV】La fako pri la mezurado de la parametroj de koloro.##偽分解
50575	komand/it/a⟦令ᴷ/受/a⟧:【PIV】Funkcianta lau^ komandito: komandita societo.##偽分解##過細分解 k/o/m/a/n/d/it/a
50577	komat/o/gen/a⟦昏ᴷᴹ/o/生ᴳ/a⟧:【PIV】Estiganta komaton.##偽分解
50655	kondil/artr/oj⟦kondil/节ᴬᴿ/oj⟧:【動】【PIV】Ordo (Condylarthra) de fosiliaj mamuloj, kiuj vivis sur la N duonglobo dum la komenco de terciaro; kelkaj kondilartroj havis hufosimilajn piedfingrojn; unu ordo el la prahufuloj.##偽分解##エス的分解
50659	kondr/it/o⟦软骨ᴷᴺ/炎ᵀ/o⟧:【医】【地質】【PIV】1 Inflamo de kartilago. 2 Aerolito, precipe konsistanta el kondroj 2.##偽分解(PIV正式分解)
50660	kondr/om/o⟦软骨ᴷᴺ/瘤/o⟧:【PIV】Tumoro el kartilaga histo.##偽分解(PIV正式分解)##過細分解 kondr/o/m/o
50661	kondr/ektomi/o⟦软骨ᴷᴺ/除ᴱᴷ/o⟧:【PIV】Desekco de kartilago, precipe de la ripaj kartilagoj.##偽分解(PIV正式分解)
50687	koni/in/o⟦毒参/in/o⟧:【化】【PIV】Venena alkaloido, C 8 H 17 N, el la makula konio.##偽分解(PIV正式分解)
50700	konk/o/logi/o⟦贝/o/学ᴸᴳ/o⟧:【PIV】Scienco pri la konkuloj.##偽分解
50774	konvert/or/o⟦转ᴷ/or/o⟧:【電】【PIV】Aparato, uzata por transformi: 1 kurenton en alispecan kurenton 2【技】 rotacirapidon en alian rotacirapidon. Vd energitransformilo.##偽分解##過細分解 konvert/o/r/o
50814	kord/it/o⟦弦/炎ᵀ/o⟧:【医】【PIV】Inflamo de la voc^kordoj.##偽分解
50815	kord/it/o⟦弦/炎ᵀ/o⟧:【軍】【PIV】Tre rompa eksplodaj^o.##偽分解(衝突語)
50843	korm/o/fit/oj⟦茎叶体/o/植ᶠ/oj⟧:【PIV】Embriofitoj.##偽分解(PIV正式分解)
50853	koroid/it/o⟦脉膜/炎ᵀ/o⟧:【医】【PIV】Inflamo de koroido(j).##偽分解
50856	koronari/it/o⟦冠ᴷᴿ/炎ᵀ/o⟧:【医】【PIV】Inflamo de la koronariaj arterioj, neofte povanta estigi miokardian infarkton.##偽分解(PIV正式分解)
50872	kortik/o/trop/a⟦皮ᴷ/o/向ᵀ/a⟧:【生】【医】【PIV】Havanta afinecon al la kortika substanco de la surrena glando (kortikoafina) au^ stimulanta g^in (kortikostimula).##偽分解
50882	kosm/o/nau^t/ik/o⟦宇/o/航/学ᴵ/o⟧:【PIV】Scienco pri la kondic^oj k pretigo de la rimedoj por vojag^oj inter la planedoj au^ la steloj. Sin. (sinonimo) astronau^tiko.##偽分解
50888	ko/valent/a⟦ko/价ⱽ/a⟧:【理】【化】【PIV】(pp (se paroli pri) valenta ligo) Ne polara. Vd elektrovalenta.##偽分解(PIV正式分解)
50897	krani/o/logi/o⟦颅/o/学ᴸᴳ/o⟧:【PIV】1 Frenologio. 2 Antropologia fako pri la kranioj.##偽分解
50906	kreatin/in/o:【化】【PIV】Cikla amido, C 4 H 7 ON 3, katabolaj^o de kreatino, uzata por taksi uremion.##偽分解(PIV正式分解)
50916	krem/o/metr/o⟦酪/o/计ᴹ/o⟧:【PIV】Instrumento, uzata por mezuri la kvanton da kremo en lakto.##偽分解
50939	krim/o/log/o⟦罪ᴷᴿ/o/学家/o⟧:【PIV】Fakulo pri krimologio.##偽分解
50940	krim/o/logi/o⟦罪ᴷᴿ/o/学ᴸᴳ/o⟧:【PIV】Scienco pri krimeco.##偽分解
50950	krio/gen/ik/o⟦冻/生ᴳ/学ᴵ/o⟧:【理】【PIV】Produktado de tre malaltaj temperaturoj k esploro de iliaj efikoj.##偽分解
50952	krio/metri/o⟦冻/测ᴹᵀ/o⟧:【理】【PIV】Mezuro de la temperaturoj de frostig^o de solvaj^o.##偽分解
50953	krio/skop/i/o⟦冻/镜ˢᴷ/i/o⟧:【化】【理】【PIV】Determinado de la fandopunkto: uzo de krioskopio por mezuri la molekulmason.##偽分解
50954	krio/stat/o⟦冻/态/o⟧:【理】【PIV】Aparato por malvarmigi substancon g^is tre malaltaj temperaturoj.##偽分解
50955	krio/terapi/o⟦冻/疗/o⟧:【PIV】= fridoterapio.##偽分解
50958	kript/onim/o⟦墓窖/名ᴼ/o⟧:【PIV】Kas^nomo: kontrau^ la artikolo de p-ro D. mi skribis (sub kriptonimo) respondon . Vd pseu^donimo.##偽分解
50988	kromat/o/grafi/o⟦色ᴷᴿ/o/志ᴳ/o⟧:【化】【PIV】Analizmetodo de la konsistaj^oj de miksaj^o, kiuj, solvitaj en fluido (gaso, likvo), migras tra fiksa materialo (solida au^ likva) k apartig^as pro diferencaj fizikaj ecoj (i.a. (interalie, inter aliaj) alsorbeco, solvebleco, afineco kun aliaj molekuloj): kromatografio sur maldika tavolo de silica g^elo; gaslikva, likvolikva kromatografio (la fiksa materialo estas nesolvebla likvo sur inerta pulvoro); afineckromatografio (la fiksa materialo enhavas antikorpojn, lektinojn ks (kaj simile, kaj similaj)); grandec-ekskluziva kromatografio (la fiksa materialo konsistas el grajnoj plenaj de molekulgrandaj kavetoj). see kribrado.##偽分解
50990	kromi/at/o⟦金ᴷᴿ/盐ᴬ/o⟧:【化】【PIV】Salo de kromiata acido, H 2 CrO 4.##偽分解(PIV正式分解)
50991	kromi/il/o⟦金ᴷᴿ/基ᴵ/o⟧:【化】【PIV】La radikalo CrO 2, trovig^anta en diversaj kombinaj^oj.##偽分解(PIV正式分解)
50992	kromi/flav/o⟦金ᴷᴿ/黄/o⟧:【PIV】Plumba kromiato PbCrO 4.##偽分解
50998	krom/o/sfer/o⟦色ᴷᴹ/o/球ˢ/o⟧:【天】【PIV】Tavolo kelkmil km (kilometro) dika, transig^a inter fotosfero k korono.##偽分解(PIV正式分解)
51006	kron/o/metri/a⟦时ᴷ/o/测ᴹᵀ/a⟧:【PIV】Rilata al kronometrio.##偽分解##過細分解 k/r/o/n/o/metri/a
51007	kron/o/metr/ist/o⟦时ᴷ/o/计ᴹ/家/o⟧:【PIV】Persono komisiita kronometri rekordon, labortempojn ktp (kaj tiel plu).##偽分解##過細分解 k/r/o/n/o/metr/ist/o
51008	kron/o/strat/i/grafi/o⟦时ᴷ/o/层ˢᵀ/i/志ᴳ/o⟧:【地質】【PIV】Stratigrafio pri la ag^o de la tavoloj k iliaj tempaj rilatoj: la kronostratigrafiaj unuoj estas eonotemo, eratemo, sistemo, serio, etag^o. Vd geokronologio.##偽分解##過細分解 k/r/o/n/o/s/t/r/a/t/i/grafi/o
51012	kroton/al/o⟦草ᴷᴿᴼ/al/o⟧:【化】【PIV】2-butenalo.##偽分解(PIV正式分解)##過細分解 kroton/a/l/o
51035	ksen/artr/oj⟦外ᴷˢ/节ᴬᴿ/oj⟧:【動】【PIV】Ordo (Edentata, sin. (sinonimo (de latinscienca nomo)) Xenarthra) de mamuloj, sen dentoj au^ kun dentoj sen emajlo, al kiu apartenas bradipodo, dazipodo, mirmekofago. Sin. (sinonimo) edentatoj. Vd sendentuloj.##偽分解##エス的分解
51036	ksen/o/fob/o⟦外ᴷˢ/o/怕ᶠ/o⟧:【PIV】Homo malsanece malamanta la alilandulojn.##偽分解##強語根分解
51037	ksen/o/fobi/o⟦外ᴷˢ/o/症/o⟧:【PIV】Malsaneca malamo al la alilanduloj.##偽分解##強語根分解
51040	kser/o/derm/o⟦干ᴷ/o/皮ᴰ/o⟧:【医】【PIV】Afekcio, en kiu la hau^to estas tre seka.##偽分解
51041	kser/o/fit/o⟦干ᴷ/o/植ᶠ/o⟧:【植】【PIV】Sekeja planto.##偽分解##エス的分解
51042	kser/oftalm/i/o⟦干ᴷ/目ᴼᶠ/i/o⟧:【医】【PIV】Afekcio, en kiu la konjunktivo estas tre seka pro manko de vitamino A.##偽分解##強語根分解
51043	kser/o/grafi/o⟦干ᴷ/o/志ᴳ/o⟧:【PIV】Procedo de senkontakta presado, per specialaj pulvoroj fotokonduktivaj.##偽分解##強語根分解
51048	ksil/oz/o⟦木ᴷ/糖ᴼ/o⟧:【化】【PIV】Pentozo, C 5 H 10 O 5, trovig^anta en c^iaj lignaj^oj sub formo de polisakarido.##偽分解(PIV正式分解)
51049	ksil/itol/o⟦木ᴷ/itol/o⟧:【化】【PIV】Polialkoholo, C 5 H 12 O 5, trovig^anta en multaj vegetaj^oj, uzata kiel nekaridona anstatau^anto de sukero en bombonoj, mac^gumoj, ktp (kaj tiel plu).##偽分解(PIV正式分解)
51071	kulomb/o/metr/o⟦kulomb/o/计ᴹ/o⟧:【理】【PIV】Mezurilo por la elektra s^argo (elektrokvanto). Vd elektroskopo.##偽分解
51076	kultiv/ator/o⟦栽/具ᴬ/o⟧:【PIV】(evi (evitinda)) = kulturmas^ino.##偽分解(PIV正式分解)
51081	kumar/at/o⟦木ᴷᴹ/盐ᴬ/o⟧:【化】【PIV】Salo au^ estero de kumarata acido, C 6 H 4 (OH)CH=CHCOOH.##偽分解(PIV正式分解)
51082	kumar/in/o⟦木ᴷᴹ/in/o⟧:【化】【PIV】Laktono de kumarata acido, odoraj^o uzata en parfumindustrio, trovig^anta i.a. (interalie, inter aliaj) en la odora galio k en la tonka fabo.##偽分解(PIV正式分解)
51120	kurkum/in/o⟦姜ᴷ/in/o⟧:【化】【PIV】Flava kolorilo, C 21 H 20 O 6, ekstraktata el la radiko de kurkumo, pasintece uzata i.a. (interalie, inter aliaj) por tinkturi vestojn.##偽分解(PIV正式分解)
51129	kurv/i/metr/o⟦kurv/i/计ᴹ/o⟧:【PIV】Instrumento, por mezuri la distancojn sur mapo.##偽分解##強語根分解
51158	kvasi/in/o⟦木ᴷᴬ/in/o⟧:【PIV】Amara substanco, ekstraktata el la amara kvasio, tonika k aperitiva.##偽分解(PIV正式分解)
51214	lag/oftalm/o⟦湖/目ᴼᶠ/o⟧:【医】【PIV】Okulo ne tute fermebla pro mallonga supera palpebro.##偽分解##強語根分解##過細分解 l/a/g/oftalm/o
51215	lag/oftalm/ec/o⟦湖/目ᴼᶠ/性/o⟧:【PIV】Tia difekto.##偽分解##強語根分解##過細分解 l/a/g/oftalm/ec/o
51233	lakt/az/o⟦乳/az/o⟧:【化】【PIV】Enzimo, kiu katalizas la malkombinon de laktozo al galaktozo k glukozo.##偽分解(PIV正式分解)
51278	lapar/o/skop/i/o⟦腹ᴸ/o/镜ˢᴷ/i/o⟧:【PIV】Esploro de la abdomena kavo per optika instrumento, ens^ovita tra aperturo de trokaro.##偽分解(PIV正式分解)
51296	laring/o/log/o⟦喉ᴸ/o/学家/o⟧:【PIV】Kuracisto, kiu specialig^is pri la laringaj malsanoj, ofte ankau^ pri la nazaj k orelaj (oto-rino-laringologo).##偽分解
51297	laring/o/logi/o⟦喉ᴸ/o/学ᴸᴳ/o⟧:【PIV】Studo de la laringo k ties malsanoj.##偽分解
51298	laring/o/skop/i/o⟦喉ᴸ/o/镜ˢᴷ/i/o⟧:【PIV】Rekta ekzameno de la laringo per laringa spegulo (laringoskopo).##偽分解
51299	laring/o/tomi/o⟦喉ᴸ/o/切ᵀᴹ/o⟧:【PIV】Malfermo de la laringo per incizo.##偽分解
51358	leksik/o/log/o⟦词汇/o/学家/o⟧:【PIV】Specialisto pri leksikologio.##偽分解
51359	leksik/o/graf/o⟦词汇/o/记ᴳ/o⟧:【PIV】Au^toro de vortaro.##偽分解(PIV正式分解)
51360	leksik/o/grafi/o⟦词汇/o/志ᴳ/o⟧:【PIV】Scienco pri la farado de vortaroj.##偽分解
51369	lens/o/metr/o⟦镜ᴸᴺ/o/计ᴹ/o⟧:【PIV】Aparato por mezuri la dioptrikan povon de la okulvitraj lensoj.##偽分解
51376	leont/o/pod/o⟦leont/o/足ᴾᴼ/o⟧:【植】【PIV】G. (Genro) (Leontopodium el asteracoj) de plurjaraj herboj kun malgrandaj kapituloj arig^intaj en densan korimbon, c^irkau^itan de stelforma involukro el lanugaj brakteoj; c^. (c^irkau^) 60 sp-oj (specioj) el la montaroj de Eu^ropo k Azio. Sin. (sinonimo) edelvejso 2.##偽分解##エス的分解
51401	leu^ko/cit/oz/o⟦白ᴸ/胞ᶜᴵ/症ᴼ/o⟧:【医】【PIV】Pliig^o de la leu^kocitoj en la sango au^ en iu seraj^o, ofte signo de infekto.##偽分解##過細分解 leu^ko/c/i/t/oz/o
51405	leu^ko/poez/o⟦白ᴸ/生ᴾ/o⟧:【生】【PIV】Formig^o de leu^kocitoj en la organismo. Sin. (sinonimo) leu^kocitopoezo.##偽分解
51407	lev/ator/o⟦举/具ᴬ/o⟧:【PIV】1 = elevatoro. 2 Nomo de diversaj muskoloj, kiuj servas por levi membron: skapola, bus^angula levatoro.##偽分解(PIV正式分解)
51423	Lid/i/an/o:【PIV】Log^anto de Lidio.##偽分解
51425	lien/it/o⟦脾/炎ᵀ/o⟧:【医】【PIV】Inflamo de la lieno.##偽分解
51426	lien/ektomi/o⟦脾/除ᴱᴷ/o⟧:【PIV】Parta au^ tuta ablacio de la lieno.##偽分解(PIV正式分解)
51429	lig/az/o⟦结/az/o⟧:【生】【PIV】Enzimo kapabla ligi du molekulojn.##偽分解(PIV正式分解)
51434	lign/in/o⟦木/in/o⟧:【化】【PIV】Polimero el aromataj alkoholoj, rigida konsistaj^o (kun celulozo k hemicelulozo) de la c^elmuro de la vaskulplantoj, aparte abunda en la ligno.##偽分解(PIV正式分解)
51443	likopodi/opsid/oj⟦石松/opsid/oj⟧:【植】【PIV】Klaso (Lycopsida) de pteridofitoj, kiu ampleksas i.a. (interalie, inter aliaj) likopodiacojn, selaginelacojn k sigilariacojn; mll (mallongigo): likopsidoj.##偽分解(PIV正式分解)
51452	lili/opsid/oj⟦百合/opsid/oj⟧:【植】【PIV】Klaso (Liliopsida) de angiospermoj. Sin. unukotiledonoj.##偽分解(PIV正式分解)
51464	limf/o/cit/o⟦淋ᴸ/o/胞ᶜᴵ/o⟧:【生】【PIV】Blanka globulo kun unu dika globa nukleo. Vd leu^kocito.##偽分解##過細分解 limf/o/c/i/t/o
51468	limon/en/o⟦柠檬/en/o⟧:【化】【PIV】Monoterpeno, C 10 H 16, agrable citronodora, trovig^anta en la esencoj de citrono, orang^o, bergamoto, karvio k aneto.##偽分解(PIV正式分解)##過細分解 limon/e/n/o
51488	lip/az/o⟦唇/az/o⟧:【化】【生】【PIV】Enzimo, katalizanta la hidrolizon de lipidoj: pankreata lipazo.##偽分解(PIV正式分解)##過細分解 l/i/p/az/o
51489	lip/o/liz/o⟦脂/o/解ᴸ/o⟧:【生】【化】【PIV】Hidrolizo de la lipidoj en la organismo.##偽分解(PIV正式分解)##過細分解 l/i/p/o/liz/o
51490	lip/om/o⟦脂/瘤/o⟧:【医】【PIV】Negrava tumoro, konsistanta el subhau^ta grashisto.##偽分解(PIV正式分解)##過細分解 l/i/p/o/m/o
51491	lip/o/protein/o⟦脂/o/蛋白/o⟧:【PIV】Vd (vidu) proteino.##偽分解(PIV正式分解)##過細分解 l/i/p/o/protein/o
51493	lipid/az/o⟦脂ᴸᴾ/az/o⟧:【PIV】Lipazo.##偽分解(PIV正式分解)
51503	lit/o/logi/o⟦石ᴸ/o/学ᴸᴳ/o⟧:【地質】【PIV】Parto de petrologio pri la fizikaj karakteroj de la petroj.##偽分解##過細分解 l/i/t/o/logi/o
51507	lit/o/sfer/o⟦石ᴸ/o/球ˢ/o⟧:【地質】【PIV】Supra, rigida tavolego de la terglobo, ampleksanta la kruston k la ekstremsupran parton de la mantelo. Vd astenosfero.##偽分解##過細分解 l/i/t/o/sfer/o
51508	lit/o/skop/o⟦石ᴸ/o/镜ˢᴷ/o⟧:【医】【PIV】Ilo, uzata por vidi k mezuri s^tonon en la veziko.##偽分解##過細分解 l/i/t/o/skop/o
51510	lit/o/tomi/o⟦石ᴸ/o/切ᵀᴹ/o⟧:【医】【PIV】Fragmentigo k eltiro de s^tono el la urina veziko.##偽分解##過細分解 l/i/t/o/tomi/o
51523	liz/o/som/o⟦解ᴸ/o/体ˢᴹ/o⟧:【生】【PIV】(pp (se paroli pri) eu^kariotaj c^eloj) Vakuolo kun acida enhavo k enzimoj kapablaj hidrolizi enc^elajn organikajn molekulojn.##偽分解(PIV正式分解)
51619	lute/in/o:【化】【PIV】Flava pigmento de luteo.##偽分解(PIV正式分解)
51647	magnet/o/sfer/o⟦磁/o/球ˢ/o⟧:【天】【PIV】Dikega, neregulforma tegaj^o de magneta kampo c^irkau^ Tero k aliaj c^ielaj korpoj (Suno, planedoj): la magnetosfero de Tero komencig^as c^. (c^irkau^) 1000 km (kilometro) super ties surfaco.##偽分解
51648	magnet/o/skop/o⟦磁/o/镜ˢᴷ/o⟧:【PIV】Aparato por magnete registri sur bendon samtempe sonojn k movig^antajn bildojn el kamerao au^ televidilo k por reprodukti ilin per televidilo. Sin. (sinonimo) vidbendaparato, videobendregistrilo. Vd magnetofono.##偽分解
51650	magnoli/fit/oj⟦木ᴹᴳ/植ᶠ/oj⟧:【PIV】Filumo (Magnoliophyta) el semplantoj. Sin. (sinonimo) angiospermoj.##偽分解(PIV正式分解)
51651	magnoli/o/fit/oj⟦木ᴹᴳ/o/植ᶠ/oj⟧:【PIV】Filumo (Magnoliophyta) el semplantoj. Sin. (sinonimo) angiospermoj.##偽分解(PIV正式分解)
51652	magnoli/opsid/oj⟦木ᴹᴳ/opsid/oj⟧:【植】【PIV】Klaso (Magnoliopsida) el angiospermoj. Sin. (sinonimo) dukotiledonoj.##偽分解(PIV正式分解)
51682	makro/fag/o⟦宏ᴹ/吞/o⟧:【解】【PIV】C^elo de la imuna sistemo, abunda en la kunigaj histoj: makrofagoj fagocitas bakteriojn k c^elajn rubojn, k prezentas antigenojn al limfocitoj.##偽分解(PIV正式分解)##過細分解 makro/f/a/g/o
51684	makro/metr/a⟦宏ᴹ/计ᴹ/a⟧:【PIV】= makromova.##偽分解
51697	malari/o/logi/o⟦疟/o/学ᴸᴳ/o⟧:【PIV】Studo de malario k de g^ia kuracado.##偽分解
51698	malari/o/terapi/o⟦疟/o/疗/o⟧:【PIV】(ark. (arkaismo, arkaisme)) Terapia inokulo de la malaria hematozoo, pasintece uzata por kuraci sifilison de la cerbo k mjelo.##偽分解
51711	malus/oide/oj⟦木ᴹˢ/oide/oj⟧:【PIV】Subfam. (Maloideae, sin. (sinonimo (de latinscienca nomo)) Pomoideae el rozacoj) karakterizata de gineceo el 2−5 karpeloj malsupraduone kunig^intaj en receptaklon, de malsupera ovario k de karna frukto (s^ajndrupo, konsistanta el la karpeloj kunig^intaj kun la karnig^inta kaliko) g^enerale el 5 kameroj kun parieto pergameneca (c^e pomarbo), dise sklera (c^e pirarbo) au^ lignomalmola (c^e kratago, mespilo).##偽分解(PIV正式分解)
51715	mam/algi/o⟦乳ᴹ/痛ᴬ/o⟧:【医】【PIV】Mama doloro.##偽分解(PIV正式分解)
51716	mam/ektomi/o⟦乳ᴹ/除ᴱᴷ/o⟧:【医】【PIV】Ablacio de mamo.##偽分解(PIV正式分解)
51755	map/o/tek/o⟦图/o/包ᵀ/o⟧:【PIV】Ejo, kie oni klasas k konservas mapojn 1.##偽分解
51806	mastoid/it/o⟦乳突/炎ᵀ/o⟧:【医】【PIV】Inflamo de mastoido(j).##偽分解(PIV正式分解)
51837	medi/o/logi/o⟦境/o/学ᴸᴳ/o⟧:【PIV】Studo de la rilatoj inter la vivuloj k ilia medio: histologia mediologio.##偽分解
51841	mediastin/it/o⟦纵隔/炎ᵀ/o⟧:【医】【PIV】Inflamo de mediastina konektivo.##偽分解(PIV正式分解)
51844	medol/ektomi/o⟦髓ᴹᴰ/除ᴱᴷ/o⟧:【医】【PIV】Desekco de la medola histo (pp (se paroli pri) la surrena glando).##偽分解(PIV正式分解)
51845	medol/pati/o⟦髓ᴹᴰ/病ᴾ/o⟧:【医】【PIV】Kn (Kolektiva nomo) de la afekcioj de la osta medolo. -> mjelopatio.##偽分解(PIV正式分解)
51846	medol/o/pati/o⟦髓ᴹᴰ/o/病ᴾ/o⟧:【医】【PIV】Kn (Kolektiva nomo) de la afekcioj de la osta medolo. -> mjelopatio.##偽分解(PIV正式分解)
51848	mega/teri/o⟦巨ᴹᴱ/兽ᵀ/o⟧:【動】【PIV】G. (Genro) (Megatherium), parenca al bradipo, de gigantaj mamuloj, kiuj vivis dum kvaternaro en Ameriko.##偽分解##エス的分解
51850	megom/metr/o⟦兆ᴹ/计ᴹ/o⟧:【PIV】Aparato por mezuri tre altajn rezistancojn. Vd izolmetro.##偽分解
51853	meh^an/ist/o⟦械ᴹᴺ/家/o⟧:【PIV】Mekanikisto.##偽分解
51854	meh^an/iz/i⟦械ᴹᴺ/化/i⟧:【PIV】(tr (transitiva)) Anstatau^igi malnovajn laborfortojn per mas^inoj: meh^anizi armeon. agrikulturon. Vd motorizi.##偽分解
51855	meh^an/o/graf/o⟦械ᴹᴺ/o/记ᴳ/o⟧:【PIV】Oficisto, kiu aplikas meh^anografion.##偽分解
51856	meh^an/o/grafi/o⟦械ᴹᴺ/o/志ᴳ/o⟧:【PIV】Tekniko, per kiu oni registras la informojn oficejajn, literajn au^ ciferajn, per traborado de slipoj au^ paperrubandoj.##偽分解
51857	meh^an/o/terapi/o⟦械ᴹᴺ/o/疗/o⟧:【医】【PIV】Mekanikoterapio.##偽分解
51860	mejbom/it/o⟦mejbom/炎ᵀ/o⟧:【医】【PIV】Inflamo de mejboma(j) glando(j).##偽分解(PIV正式分解)
51868	melan/emi/o⟦黑ᴹ/血ᴱ/o⟧:【PIV】Enesto de melanino en la sango.##偽分解(PIV正式分解)
51869	melan/om/o⟦黑ᴹ/瘤/o⟧:【PIV】1 Malbonprognoza kancero de hau^to k apuda mukozo; g^i devenas de la pigmentaj c^eloj de la epidermo k ofte pliprofundig^as k disvastig^as al internaj organoj: melanomo minacas ig^i unu el la plej oftaj hau^tkanceroj inter palhau^tuloj. 2 Simila maligna tumoro de la okulo.##偽分解(PIV正式分解)##過細分解 melan/o/m/o
51870	melan/in/o⟦黑ᴹ/in/o⟧:【生】【PIV】(kn (kolektiva nomo)) Malhela pigmento de la hau^to, de kelkaj organoj k de iuj tumoroj, sintezata de melanoc^eloj: la diverseco de koloro de la homoj fontas el la malsama kvanto k speco de melanino en ilia hau^to; melaninaj tumoroj (au^ melanomoj). Vd (vidu) melano.##偽分解(PIV正式分解)
51882	melo/mani/o⟦melo/狂/o⟧:【PIV】Amo al la muziko.##偽分解##過細分解 m/e/l/o/mani/o
51897	mening/o/kok/o⟦脑膜/o/菌ᴷᴷ/o⟧:【生】【PIV】Sp. (Specio) de eu^bakterio (Neisseria meningitidis) kun malgrandaj, globaj c^eloj, aganto de homa malsano, la cerebrospina meningokokito.##偽分解
51903	ment/an/o⟦薄荷/员ᴬ/o⟧:【化】【PIV】Simpla, unucikla monoterpeno, C 10 H 20, kies derivaj^oj estas gravaj natursubstancoj, i.a. (interalie, inter aliaj) mentolo k timianolo.##偽分解(PIV正式分解)##過細分解 ment/a/n/o
51933	mes/enter/o⟦中/肠ᴱ/o⟧:【解】【PIV】Mesoentero (Vd (vidu) meso/).##偽分解(PIV正式分解)##過細分解 m/e/s/enter/o
51938	meso/enter/o⟦中/肠ᴱ/o⟧:【PIV】Mesoo, liganta la abdomenan parieton al la maldika intesto. Sin. (sinonimo) mesentero.##偽分解(PIV正式分解)
51942	met/an/al/o⟦甲/an/al/o⟧:【PIV】H-CHO, sufoka gaso, kies akva solvaj^o estas formolo. Sin. (sinonimo) formialdehido.##偽分解(PIV正式分解)##過細分解 m/e/t/a/n/a/l/o
51944	met/oksi/o⟦甲/氧/o⟧:【化】【PIV】La radiko CH 3-O-, tre ofta en naturaj produktoj: en anizolo, la metoksio estas elektrondona al la benzenciklo; rezerpino havas kvin metoksigrupojn.##偽分解(PIV正式分解)##過細分解 m/e/t/oksi/o
51949	meta/faz/o⟦超ᴹ/相ᶠ/o⟧:【生】【PIV】Fazo de mitozo k mejozo, dum kiu la kromosomoj arang^ig^as c^e la ekvatoro de la c^elspindelo.##偽分解(PIV正式分解)
51956	metal/o/grafi/o⟦金ᴹ/o/志ᴳ/o⟧:【PIV】Scienco pri la metaloj.##偽分解
51957	meta/mer/o⟦超ᴹ/链节/o⟧:【動】【PIV】1 Segmento 2. 2【生】 Segmento de embrio.##偽分解(PIV正式分解)
51958	meta/mer/ec/o⟦超ᴹ/链节/性/o⟧:【PIV】Segmenteco.##偽分解(PIV正式分解)
51959	meta/morf/ig^/i⟦超ᴹ/形ᴹ/成/i⟧:【PIV】Ig^i metamorfa: el metamorfig^o rezultas perdo de akvo, dum el alteraciig^o rezultas gajno de akvo.##偽分解(PIV正式分解)
51960	meta/staz/o⟦超ᴹ/滞ˢᶻ/o⟧:【医】【PIV】Kancerrecidivo en alia korpoparto.##偽分解(PIV正式分解)
51961	meta/tars/a⟦超ᴹ/足根/a⟧:【PIV】Rilata al metatarso. Vd metakarpo.##偽分解(PIV正式分解)
51962	meta/zo/o⟦超ᴹ/兽ᶻ/o⟧:【動】【PIV】Plurc^ela, hista animalo.##偽分解##エス的分解
51972	met/oksi/l/o⟦甲/氧/l/o⟧:【PIV】= metoksio (Vd (vidu) met /).##偽分解(PIV正式分解)##過細分解 m/e/t/oksi/l/o
51986	mez/enter/o⟦中/肠ᴱ/o⟧:【PIV】(evi (evitinda)) = mesoentero (Vd (vidu) meso/).##偽分解(PIV正式分解)
51988	mez/o/cefal/o⟦中/o/头ᶜ/o⟧:【解】【PIV】Mezkraniulo.##偽分解(PIV正式分解)
51989	mez/o/derm/o⟦中/o/皮ᴰ/o⟧:【生】【PIV】C^eltavolo de embrio, kiu formig^as inter la ektodermo k endodermo: el mezodermo devenas i.a. (interalie, inter aliaj) dermo, skeleto, muskoloj, renoj, sango.##偽分解
51991	mez/o/lit/ik/o⟦中/o/石ᴸ/学ᴵ/o⟧:【PIV】Transira facio, post la paleolitiko k antau^ la neolitiko, karakterizata de la mikrolitoj, pafarko, dekadenco de la arto k grada transpaso al malnomadig^o k al produkta ekonomio.##偽分解##過細分解 mez/o/l/i/t/ik/o
51992	mez/o/mer/o⟦中/o/链节/o⟧:【化】【PIV】C^iu el la du au^ pluraj formoj de molekulo, inter si diferencaj pro strukturo de sia elektronnubo k rapide transig^antaj de unu al la alia: benzeno estas mezomera molekulo.##偽分解(PIV正式分解)
51993	mez/o/mer/ec/o⟦中/o/链节/性/o⟧:【PIV】Propreco de mezomera molekulo.##偽分解(PIV正式分解)
51994	mez/o/mer/ism/o⟦中/o/链节/主义/o⟧:【PIV】Fenomeno, rezultanta el mezomereco.##偽分解(PIV正式分解)
51995	mez/o/sau^r/oj⟦中/o/爬虫/oj⟧:【動】【PIV】Ordo (Mesosauria) de malgrandaj, maraj, anapsidaj reptilioj, el la karbonio k permio de Afriko k S Ameriko.##偽分解##エス的分解
51998	mez/o/zo/oj⟦中/o/兽ᶻ/oj⟧:【動】【PIV】Filumo (Mesozoa, sin. (sinonimo (de latinscienca nomo)) Planuloidea, el metazooj), kies reprezentantoj konsistas el nur unu c^eltavolo, c^irkau^anta unu grandan c^elon, k kiuj parazitas en la nefroj de maraj senvertebruloj.##偽分解##エス的分解
52005	mi/it/o⟦肌/炎ᵀ/o⟧:【医】【PIV】Inflamo de la muskola histo.##偽分解(PIV正式分解)
52006	mi/om/o⟦肌/瘤/o⟧:【医】【PIV】Muskola tumoro.##偽分解(PIV正式分解)##過細分解 mi/o/m/o
52007	mi/on/o⟦肌/分/o⟧:【生】【PIV】Funkcia unuo de la muskolo.##偽分解(PIV正式分解)##過細分解 mi/o/n/o
52008	mi/o/pati/o⟦肌/o/病ᴾ/o⟧:【PIV】Grava, hereda muskola atrofio.##偽分解(PIV正式分解)
52013	micet/o/logi/o⟦菌ᴹᶜ/o/学ᴸᴳ/o⟧:【PIV】(evi (evitinda)) = fungologio.##偽分解##強語根分解
52025	migdal/in/o⟦扁桃/in/o⟧:【化】【PIV】Substanco el amaraj migdaloj, heterozido, enhavanta nitrilon de migdalata acido. Vd cianhidrino.##偽分解(PIV正式分解)
52031	miko/bakteri/o⟦菌ᴹ/菌ᴮ/o⟧:【生】【PIV】G. (Genro) (Mycobacterium el aktinomicetoj) de eu^bakterioj, ofte aspektantaj kiel baciloj, ekz. (ekzemple) M. tuberculosis (Koh^a «bacilo»), aganto de la homa tuberkulozo, k M. leprae, aganto de la lepro.##偽分解
52032	miko/log/o⟦菌ᴹ/学家/o⟧:【植】【PIV】Fungologo.##偽分解
52033	miko/logi/o⟦菌ᴹ/学ᴸᴳ/o⟧:【PIV】Fungologio.##偽分解
52034	miko/plasm/o⟦菌ᴹ/浆/o⟧:【生】【PIV】G. (Genro) (Mycoplasma el mikoplasmaloj) de tre malgrandaj eu^bakterioj, el kiuj M. pneumoniae estigas iajn pneu^monitojn.##偽分解##エス的分解
52035	miko/plasm/oj⟦菌ᴹ/浆/oj⟧:【PIV】Mikoplasmaloj k du parencaj ordoj.##偽分解##エス的分解
52036	miko/plasm/al/oj⟦菌ᴹ/浆/al/oj⟧:【PIV】Ordo (Mycoplasmatales) de tre malgrandaj, multformaj eu^bakterioj senmovaj, senmuraj, saprofitaj, kunvivaj au^ parazitaj, iuj patogenaj al homoj k bestoj.##偽分解##エス的分解##過細分解 miko/plasm/a/l/oj
52041	mikrob/o/logi/o⟦细菌/o/学ᴸᴳ/o⟧:【PIV】Studo pri la mikroboj k ilia agado. Sin. (sinonimo) mikrobiologio.##偽分解
52043	mikrob/icid/o⟦细菌/杀/o⟧:【医】【PIV】Substanco detruanta au^ mortiganta la mikrobojn.##偽分解(PIV正式分解)
52044	mikro/lit/o⟦微/石ᴸ/o⟧:【PIV】1 Malgranda silikosplito, ofte geometria, elemento de prahistoria ilaro, c^efe dum la mezolitika epoko. 2【地質】 Eta kristalo nur mikroskope videbla, longforma, trovig^anta en vulkana petro.##偽分解##過細分解 mikro/l/i/t/o
52045	mikro/lit/a⟦微/石ᴸ/a⟧:【PIV】(pp (se paroli pri) vulkana petro) Konsistanta el mikrolitoj 2, nekristala pasto k eventuale malmultaj nudokule videblaj kristaloj: bazalto havas mikrolitan strukturon. Vd porfira.##偽分解##過細分解 mikro/l/i/t/a
52047	mikro/spor/o⟦微/胞子/o⟧:【植】【PIV】G. (Genro) (Microsporum) de parazitaj neperfektaj fungoj, kau^zoj de diversaj malsanoj c^e homoj k bestoj; kosmopolita g. (genro) de 14 sp-oj (specioj), el kiuj M. auduinii estigas mikrosporozon sur la kapo de homoj, pli speciale de infanoj. -> mikro/sporo.##偽分解
52048	mikro/spor/oz/o⟦微/胞子/症ᴼ/o⟧:【医】【PIV】Dermatozo, tinio, kau^zata de sp. de mikrosporo (M. auduinii).##偽分解
52085	minut/ator/o⟦分ᴹ/具ᴬ/o⟧:【PIV】= tempums^altilo.##偽分解(PIV正式分解)
52097	miring/it/o⟦鼓膜/炎ᵀ/o⟧:【医】【PIV】Inflamo de unu au^ ambau^ miringoj.##偽分解(PIV正式分解)
52098	miring/o/tomi/o⟦鼓膜/o/切ᵀᴹ/o⟧:【医】【PIV】Incizo de miringo.##偽分解
52113	mit/o/logi/a⟦神话/o/学ᴸᴳ/a⟧:【PIV】Rilata al la mitologio: mitologia heroo.##偽分解
52117	mitr/it/o⟦冠ᴹ/炎ᵀ/o⟧:【医】【PIV】Inflamo de la mitra valvo.##偽分解
52129	mjel/in/o⟦髓/in/o⟧:【生】【PIV】Blanka grasa substanco, c^irkau^anta la aksonon de iaj nervoc^eloj, abunda en la mjelo k cerbo: mjelinaj, senmjelinaj nervofibroj. -> platsklerozo, sfingolipido.##偽分解(PIV正式分解)
52130	mjel/o/pati/o⟦髓/o/病ᴾ/o⟧:【PIV】C^iu afekcio de la mjelo. -> medolopatio.##偽分解(PIV正式分解)
52141	moder/ator/o⟦适ᴹ/具ᴬ/o⟧:【理】【PIV】Moderigaj^o.##偽分解(PIV正式分解)
52177	mon/ist/o⟦单ᴹᴼ/家/o⟧:【PIV】Adepto de monismo.##偽分解##強語根分解##過細分解 m/o/n/ist/o
52184	mono/klin/a⟦单/斜/a⟧:【理】【地質】【PIV】(pp (se paroli pri) kristalsistemo) Havanta elementan c^elon, kiu estas neorta paralelepipedo.##偽分解(PIV正式分解)
52185	mono/kotiledon/oj⟦单/子叶/oj⟧:【植】【PIV】Unukotiledonoj.##偽分解(PIV正式分解)
52186	mono/kromat/ig/il/o⟦单/色ᴷᴿ/使/具/o⟧:【PIV】Aparato por produkti monokromatan lumon.##偽分解(PIV正式分解)
52187	mono/morfi/o⟦单/形ᴹᴵ/o⟧:【数】【PIV】Enjekcia homomorfio; pli g^enerale, morfio kun analoga eco.##偽分解(PIV正式分解)
52188	mono/petal/a⟦单/瓣ᴾ/a⟧:【PIV】1 = unupetala. 2 (ark. (arkaismo, arkaisme)) = kunig^petala.##偽分解(PIV正式分解)
52189	mono/som/a⟦单/体ˢᴹ/a⟧:【PIV】= unusoma.##偽分解(PIV正式分解)
52190	mono/tip/o⟦单/型/o⟧:【PIV】Presmas^ino, kiu fandas k kompostas la literojn po unu. Vd linotipo.##偽分解(PIV正式分解)
52200	Morav/i/an/o:【PIV】Log^anto de Moravio.##偽分解
52213	morf/o/genez/o⟦形ᴹ/o/源ᴳ/o⟧:【生】【PIV】Estig^o k disvolvig^o de la organoj dum la embria vivo. Vd embriogenezo.##偽分解(PIV正式分解)
52262	mukor/al/oj⟦菌ᴹᴿ/向/oj⟧:【菌】【PIV】Ordo (Mucorales el zigomicetoj) de mikroskopaj, g^enerale saprejaj fungoj; 170 sp-oj (specioj) el 49 g-oj (genroj).##偽分解(PIV正式分解)##過細分解 mukor/a/l/oj
52287	muskol/oz/o⟦筋/症ᴼ/o⟧:【解】【PIV】Muskola parieto de la visceroj, inter la ekstera serozo k la interna mukozo.##偽分解
52300	naft/il/o⟦原油/基/o⟧:【化】【PIV】C 10 H 7 -, unuvalenta grupo el naftaleno.##偽分解(PIV正式分解)
52324	narkot/in/o⟦麻ᴺ/女/o⟧:【PIV】= noskapino.##偽分解(PIV正式分解)
52341	nau^/t/o⟦九/t/o⟧:【楽】【PIV】Intervalo inter nau^ tonoj en diatona gamo.##偽分解(PIV正式分解)
52362	nef/o/metr/o⟦云ᴺᶠ/o/计ᴹ/o⟧:【PIV】Mezurilo por la nubokvanto.##偽分解##強語根分解
52363	nef/o/skop/o⟦云ᴺᶠ/o/镜ˢᴷ/o⟧:【PIV】Instrumento, por mezuri la direkton k rapidecon de la nuboj.##偽分解##強語根分解
52366	nefr/it/o⟦肾ᴺ/炎ᵀ/o⟧:【医】【PIV】Inflamo de nefro(j).##偽分解(PIV正式分解)
52367	nefr/it/o⟦肾ᴺ/炎ᵀ/o⟧:【地質】【PIV】Ege kohera, verdeta au^ blueta amfibolo (pli speciale tremolito au^ aktinolito) felteca, mikroskope fibra. Vd jado.##偽分解(衝突語)
52368	nefr/on/o⟦肾ᴺ/分/o⟧:【解】【PIV】Funkcia unuo de la reno.##偽分解(PIV正式分解)##過細分解 nefr/o/n/o
52370	nefr/ektomi/o⟦肾ᴺ/除ᴱᴷ/o⟧:【PIV】Parta au^ tuta ablacio de unu reno.##偽分解(PIV正式分解)
52371	nefr/o/logi/o⟦肾ᴺ/o/学ᴸᴳ/o⟧:【PIV】Medicina fako pri la renoj.##偽分解
52372	nefr/o/pati/o⟦肾ᴺ/o/病ᴾ/o⟧:【PIV】(Kn (Kolektiva nomo)) Rena afekcio.##偽分解(PIV正式分解)
52384	nekr/o/fil/i/o⟦死ᴺ/o/爱ᶠ/i/o⟧:【心】【PIV】Emo al sekskunig^o kun kadavroj.##偽分解##過細分解 nekr/o/f/i/l/i/o
52386	nekr/oz/o⟦死ᴺ/症ᴼ/o⟧:【医】【PIV】1 Morto de histo. Vd gangreno. 2【植】 Morto de plant-c^eloj au^ ‑histo, precipe kiam la koncerna histo ig^as malhelkolora; ordinara simptomo de funga k bakteria infektoj au^ de la efiko de poluantaj^o.##偽分解
52387	nekr/oz/i⟦死ᴺ/症ᴼ/i⟧:【PIV】(tr (transitiva)) Kau^zi nekrozon: nekrozanta afekcio.##偽分解
52410	neo/log/o⟦新ᴺᴱ/话ᴸ/o⟧:【PIV】Lingvisto au^ verkisto, kiu provas enkonduki en lingvon g^is tiam ne uzatajn vortojn, kiujn li depruntas el alia lingvo au^ mem forg^as: la neologoj esence kontribuis al la perfektigo de la hungara literatura lingvo.##偽分解
52411	neo/log/ism/em/o⟦新ᴺᴱ/话ᴸ/主义/倾/o⟧:【PIV】Inklino uzadi neologismojn.##偽分解
52412	neo/log/ism/em/ul/o⟦新ᴺᴱ/话ᴸ/主义/倾/者/o⟧:【PIV】Homo, kiu emas uzadi neologismojn.##偽分解
52413	neo/plasm/o⟦新ᴺᴱ/浆/o⟧:【医】【PIV】Malsaneca histo, rezultanta el neoplazio. Vd kancero.##偽分解
52414	neo/plazi/o⟦新ᴺᴱ/生ᴾᴸ/o⟧:【医】【PIV】Formig^o de nova histo per pli-malpli senbrida multoblig^o de nenormalaj c^eloj, kiu kondukas al benigna au^ maligna tumoro: la enkondra histoformig^o estas neoplazio. Vd kancero.##偽分解
52416	ne/ornit/oj⟦新/鸟ᴼ/oj⟧:【動】【PIV】Subklaso (Neornithes) de birdoj kun reduktig^inta vosto k parte kunig^intaj fingroj.##偽分解##エス的分解##過細分解 n/e/ornit/oj
52427	ner/al/o:【化】【PIV】cis-citralo, monoterpena aldehido kun malforta sed dolc^a citronodoro.##偽分解(PIV正式分解)##過細分解 ner/a/l/o
52428	ner/ol/o:【化】【PIV】Cisa izomero de geraniolo, kun dolc^a rozodoro.##偽分解(PIV正式分解)##過細分解 ner/o/l/o
52431	nere/id/o⟦虫ᴺᴱ/子/o⟧:【動】【PIV】G. (Genro) (Nereis) de anelidoj el la klaso de poliketoj, vivantaj sur s^tona, sabla au^ kota fundo en pli-malpli sala akvo, c^e la bordoj. Vd afrodito.##偽分解##エス的分解
52438	nerv/o/logi/o⟦神经/o/学ᴸᴳ/o⟧:【解】【PIV】Anatomia fako pri la nerva sistemo.##偽分解
52448	neu^r/it/o⟦神经ᴺᵁ̆/炎ᵀ/o⟧:【医】【PIV】Kn (Kolektiva nomo) de inflamaj au^ degeneraj lezoj de la nervoj.##偽分解(PIV正式分解)
52449	neu^r/o/log/o⟦神经ᴺᵁ̆/o/学家/o⟧:【PIV】Specialisto pri neu^rologio.##偽分解
52450	neu^r/om/o⟦神经ᴺᵁ̆/瘤/o⟧:【PIV】Tumoro el la nerva histo.##偽分解(PIV正式分解)##過細分解 neu^r/o/m/o
52451	neu^r/on/o⟦神经ᴺᵁ̆/分/o⟧:【生】【PIV】Nerva c^elo, ekscitebla k kapabla konduki nervajn mesag^ojn (Vd impulso), konsistanta el c^ela korpo kun sia nukleo, el speco de branc^etaro (Vd dendrito 2) k el ordinare longa filamento (aksono). Sin. (sinonimo) nervoc^elo.##偽分解(PIV正式分解)##過細分解 neu^r/o/n/o
52452	neu^r/asteni/a⟦神经ᴺᵁ̆/弱ᴬ/a⟧:【PIV】Rilata al neu^rastenio: neu^rastenia temperamento, krizo.##偽分解(PIV正式分解)
52453	neu^r/o/pati/o⟦神经ᴺᵁ̆/o/病ᴾ/o⟧:【医】【心】【PIV】1 (kn (kolektiva nomo)) Nerva afekcio: neu^ropatio diabeta, vaskula, alkohola, nervoprema, vitaminmanka, toksa, hepata, plumba; c^e vestibla neu^ropatio la paciento perdas la ekvilibrosenson. 2 (ark. (arkaismo, arkaisme)) Psika perturbo.##偽分解(PIV正式分解)
52454	neu^r/o/trop/a⟦神经ᴺᵁ̆/o/向ᵀ/a⟧:【PIV】(pp (se paroli pri) kemia substanco, mikrobo, viruso ktp (kaj tiel plu)) Nervoafina.##偽分解(PIV正式分解)
52459	neu^r/o/spor/o⟦神经ᴺᵁ̆/o/胞子/o⟧:【植】【PIV】G. (Genro) (Neurospora el Sordariaceae) kosmopolita de 12 sp-oj (specioj) de askofungoj, tre uzataj en genetikaj k fiziologiaj esploroj. Vd monilio.##偽分解(PIV正式分解)
52467	nif/o/logi/o⟦nif/o/学ᴸᴳ/o⟧:【PIV】Esplorado pri nifoj.##偽分解##強語根分解
52483	niob/at/o⟦金ᴺᴮ/盐ᴬ/o⟧:【化】【PIV】Salo de niobata acido H 3 NbO 4.##偽分解(PIV正式分解)
52494	nitrozo/il/o⟦nitrozo/具/o⟧:【化】【PIV】La grupo-NO en neorganika kemio: nitrozoila sulfata acido.##偽分解(PIV正式分解)
52521	non/an/o⟦壬/an/o⟧:【化】【PIV】Likva hidrokarbono, konsistaj^o de benzino, C 9 H 20.##偽分解(PIV正式分解)##過細分解 n/o/n/a/n/o
52564	Nub/i/an/o:【PIV】Ano de la c^efa gento de Nubio.##偽分解
52573	nukle/az/o⟦核ᴺ/az/o⟧:【生】【化】【PIV】Enzimo, kiu hidrolizas nuklean acidon: DNA-azoj, RNA-azoj.##偽分解(PIV正式分解)
52574	nukle/gami/o⟦核ᴺ/配ᴳ/o⟧:【生】【PIV】Kunig^o de du nukleoj dum seksa procezo.##偽分解(PIV正式分解)
52575	nukle/o/gami/o⟦核ᴺ/o/配ᴳ/o⟧:【生】【PIV】Kunig^o de du nukleoj dum seksa procezo.##偽分解(PIV正式分解)
52579	nukle/oz/id/o⟦核ᴺ/糖ᴼ/子/o⟧:【PIV】Vd (vidu) ozo.##偽分解(PIV正式分解)
52619	obtur/ator/o⟦堵ᴼ/具ᴬ/o⟧:【PIV】= fotoaparata obturilo.##偽分解(PIV正式分解)
52624	ocean/o/log/o⟦洋/o/学家/o⟧:【PIV】Specialisto pri oceanologio.##偽分解
52625	ocean/o/logi/o⟦洋/o/学ᴸᴳ/o⟧:【PIV】Scienca studo de la oceanoj k de ties fundoj: fizika, kemia, biologia, aplikata oceanologio.##偽分解
52631	od/o/metr/o⟦od/o/计ᴹ/o⟧:【PIV】Hodometro.##偽分解##強語根分解##過細分解 o/d/o/metr/o
52651	oftalm/o/metr/o⟦目ᴼᶠ/o/计ᴹ/o⟧:【PIV】Aparato, inventita de D-ro Javal, por mezuri la kornean kurbig^on.##偽分解(PIV正式分解)
52652	oftalm/o/skop/o⟦目ᴼᶠ/o/镜ˢᴷ/o⟧:【PIV】Optika aparato, por ekzameni la internon de la okulo k tute aparte la okulfundon k la retinon: spegula, elektra oftalmoskopo.##偽分解(PIV正式分解)
52653	oftalm/o/skop/i/o⟦目ᴼᶠ/o/镜ˢᴷ/i/o⟧:【医】【PIV】Ekzameno de la okulfundo.##偽分解(PIV正式分解)
52660	ok/tet/o⟦八/tet/o⟧:【楽】【PIV】1 Verko por ok voc^oj au^ ok instrumentoj. 2 Grupo de ok personoj, kiuj kantas au^ ludas tian verkon.##偽分解(PIV正式分解)##過細分解 ok/t/e/t/o
52670	oksid/az/o⟦氧化/az/o⟧:【PIV】Enzimo, kiu katalizas oksidajn reakciojn.##偽分解(PIV正式分解)
52671	oksi/gen/i⟦氧/生ᴳ/i⟧:【PIV】(tr (transitiva)) Miksi kun oksigeno.##偽分解(PIV正式分解)
52672	oksi/gen/a⟦氧/生ᴳ/a⟧:【化】【PIV】Entenanta oksigenon: oksigena akvo (komunuza nomo por H 2 O 2, oksidanta mikrobicido k blankigilo).##偽分解(PIV正式分解)
52678	oksiur/icid/o⟦虫ᴼᴷ/杀/o⟧:【PIV】Medikamento, mortiganta la oksiurojn.##偽分解(PIV正式分解)
52680	ok/t/o⟦八/t/o⟧:【楽】【PIV】Intervalo inter ok tonoj en diatona gamo (frekvencproporcio: 2).##偽分解(PIV正式分解)
52683	okta/edr/o⟦八ᴼᵀ/面ᴱ/o⟧:【PIV】1 = regula okedro. 2 = okedro.##偽分解(PIV正式分解)
52685	okto/pod/o⟦okto/足ᴾᴼ/o⟧:【動】【PIV】G. (Genro) (Octopus) de polpoj kun po 2 vicoj de suc^iloj sur la brakoj. Vd eledono.##偽分解
52689	okzal/il/o⟦酸模/具/o⟧:【化】【PIV】La grupo-CO-CO-: okzalila klorido, (COCl) 2.##偽分解(PIV正式分解)
52690	ol/at/o⟦ol/盐ᴬ/o⟧:【化】【PIV】(en kunmetaj^oj) Metala salo de alkoholo; alkoholato: kalia etan olato, K ^+ C 2 H 5-O ^−; natria fenolato, Na ^+ C 6 H 5-O ^−.##偽分解(PIV正式分解)##過細分解 o/l/at/o
52695	ole/in/o⟦油/in/o⟧:【化】【PIV】Likva graso, triglicerido de oleata acido.##偽分解(PIV正式分解)
52696	ole/o/som/o⟦油/o/体ˢᴹ/o⟧:【植】【PIV】Organeto de iuj vegetaj^aj c^eloj, ric^a je lipidoj, trovig^anta i.a. (interalie, inter aliaj) en semoj.##偽分解(PIV正式分解)
52698	ole/o/metr/o⟦油/o/计ᴹ/o⟧:【PIV】En veturilo, indikilo pri la nivelo de oleo.##偽分解
52705	oligo/element/o⟦寡ᴼ/素/o⟧:【生】【PIV】C^iu kemia elemento, spurkvante necesa por la vivo (ekz. (ekzemple) Cu, Mn, Zn).##偽分解(PIV正式分解)
52706	oligo/h^et/o⟦寡ᴼ/h^et/o⟧:【PIV】= oligoketo.##偽分解##エス的分解
52707	oligo/ket/oj⟦寡ᴼ/ket/oj⟧:【動】【PIV】Klaso (Oligochaeta) el la filumo de anelidoj, kies sp-oj (specioj) havas nur kelkajn ketojn ne portatajn de piedetoj, sed senpere de la segmentoj, k estas hermafroditaj: lumbriko estas oligoketo. Vd poliketoj.##偽分解##エス的分解
52710	oligo/terapi/o⟦寡ᴼ/疗/o⟧:【医】【PIV】Kuracado per oligoelementoj, g^enerale uzata en alternativa medicino.##偽分解(PIV正式分解)
52744	onk/o/gen/a⟦肿瘤/o/生ᴳ/a⟧:【PIV】Tumorestiga: tabako estas onkogena.##偽分解(PIV正式分解)
52745	onk/o/logi/o⟦肿瘤/o/学ᴸᴳ/o⟧:【PIV】Studo pri la tumoroj (precipe la malignaj) k ilia kuracado.##偽分解##強語根分解
52765	opo/terapi/o⟦opo/疗/o⟧:【医】【PIV】Kuraca uzado de histoj, glandoj au^ aliaj korpaj organoj.##偽分解##強語根分解
52770	opt/o/metr/o⟦视ᴼ/o/计ᴹ/o⟧:【PIV】Vidakreca tabulo; c^ia testo, uzata por mezuri la vid-akrecon.##偽分解(PIV正式分解)
52771	opt/o/metri/o⟦视ᴼ/o/测ᴹᵀ/o⟧:【医】【PIV】Determino de la vid-akreco per optometro.##偽分解
52775	or/at/o⟦金/盐ᴬ/o⟧:【化】【PIV】Salo de orata acido, H 3 AuO 3 au^ HAuO 2.##偽分解(PIV正式分解)
52803	organi/gram/o⟦organi/图ᴳᴹ/o⟧:【PIV】Grafiko, prezentanta la tutan strukturon de kompleksa organismo, entrepreno ks (kaj simile, kaj similaj), k indikanta la diversajn elementojn de la grupo k iliajn respektivajn interrilatojn.##偽分解##過細分解 organi/g/r/a/m/o
52804	organ/ism/a⟦器ᴼ/主义/a⟧:【PIV】Apartenanta, rilata al organismo: organisma malsano, strukturo.##偽分解
52806	organ/iz/aci/o⟦器ᴼ/化/态ᴬ/o⟧:【PIV】1 Unuig^o de homoj, strebantaj organizite realigi certajn celojn: mi volis nur doni al nia afero […] fortikan organizacion . Sin. (sinonimo) organizaj^o. 2 Maniero administri homojn k agadperilojn por atingi difinitan celon: demokratia, diktatora organizacio. Sin. (sinonimo) organizado. 3 Sistemo de elementoj (agadmodeloj, kontrolperiloj, aroj de valoroj k.a. (kaj aliaj)), kiuj kreas en la grupo socian ligon: niaj leg^aj, ekonomiaj, politikaj institucioj estas kerno de nia formala organizacio; ritoj k tradicioj de tiu c^i gento kreas neformalan organizacion.##偽分解
52826	orkid/ektomi/o⟦兰/除ᴱᴷ/o⟧:【PIV】Fortranc^o de testiko.##偽分解(PIV正式分解)
52827	orkid/o/terapi/o⟦兰/o/疗/o⟧:【PIV】Terapio per ekstraktoj el testikoj.##偽分解
52834	ornit/iski/oj⟦鸟ᴼ/坐骨/oj⟧:【動】【PIV】Ordo (Ornithischia) de fosiliaj herbovoraj dinosau^roj, ampleksanta multajn grandajn reptiliojn el mezozoiko. Vd sau^riskioj.##偽分解##エス的分解
52837	ornit/o/pod/o⟦鸟ᴼ/o/足ᴾᴼ/o⟧:【植】【PIV】G. (Genro) (Ornithopus el fabacoj) de unu-, du-k plur-jaraj herboj kun nepare plume kunmetaj folioj, kun floroj en umbeloj k kun artikaj gus^oj; 6 sp-oj (specioj) el Eu^ropo, la Mediteranea regiono, U Azio k S Ameriko. Sin. (sinonimo) birdpiedo.##偽分解##エス的分解
52839	oro/genez/o⟦oro/源ᴳ/o⟧:【地質】【PIV】Montarig^o.##偽分解##強語根分解##過細分解 o/r/o/genez/o
52840	oro/grafi/a⟦oro/志ᴳ/a⟧:【PIV】Rilata al montaroj: orografia vento (influata de lokaj montoformoj).##偽分解##強語根分解##過細分解 o/r/o/grafi/a
52846	orto/fon/a⟦直ᴼ/声ᶠᴼ/a⟧:【医】【PIV】(pp (se paroli pri) prononcado) Normala, kontraste kun balbutado k.a. (kaj aliaj) voc^aj perturboj. -> blezi, kartavi, lispi.##偽分解(PIV正式分解)
52847	orto/fon/ist/o⟦直ᴼ/声ᶠᴼ/家/o⟧:【PIV】Specialisto pri tia traktado.##偽分解(PIV正式分解)
52848	ort/o/gnat/a⟦直/o/gnat/a⟧:【解】【PIV】Prezentanta ne antau^en-elstarajn makzelojn. Vd prognata.##偽分解##強語根分解
52849	orto/grafi/a⟦直ᴼ/志ᴳ/a⟧:【PIV】Rilata al la ortografio: ortografiaj problemoj, duboj.##偽分解
52850	orto/gram/o⟦直ᴼ/图ᴳᴹ/o⟧:【PIV】= ortangulo.##偽分解(PIV正式分解)##過細分解 orto/g/r/a/m/o
52852	orto/kromat/ism/o⟦直ᴼ/色ᴷᴿ/主义/o⟧:【PIV】Tuto de tiuj procedoj k studo pri ili.##偽分解(PIV正式分解)
52854	ort/o/romb/a⟦直角/o/菱/a⟧:【理】【地質】【PIV】(pp (se paroli pri) kristalsistemo) Havanta elementan c^elon, kiu estas rekta prismo kun ortangula bazo.##偽分解
52861	osmi/at/o⟦金ᴼˢ/盐ᴬ/o⟧:【化】【PIV】Salo de osmiata acido, H 2 OsO 4.##偽分解(PIV正式分解)
52863	osmoz/metr/o⟦渗/计ᴹ/o⟧:【PIV】Aparato, por mezuri la osmozan premon.##偽分解
52865	ost/it/o⟦骨/炎ᵀ/o⟧:【医】【PIV】Inflamo de osto(j). Vd ostomedolito.##偽分解
52866	ost/algi/o⟦骨/痛ᴬ/o⟧:【医】【PIV】Ostaj doloroj.##偽分解(PIV正式分解)
52867	ost/ektomi/o⟦骨/除ᴱᴷ/o⟧:【医】【PIV】Kirurgia fortranc^o de osto.##偽分解(PIV正式分解)
52868	ost/o/gen/a⟦骨/o/生ᴳ/a⟧:【生】【PIV】Produktanta oston.##偽分解
52869	ost/o/genez/o⟦骨/o/源ᴳ/o⟧:【生】【PIV】Formig^o k evoluo de la osta histo.##偽分解
52870	ost/in/o⟦骨/in/o⟧:【生】【化】【PIV】(ark. (arkaismo, arkaisme)) Proteina parto de la ostosubstanco.##偽分解(PIV正式分解)
52871	ost/om/o⟦骨/瘤/o⟧:【医】【PIV】Tumoro el osta histo.##偽分解(PIV正式分解)##過細分解 ost/o/m/o
52872	ost/o/pati/o⟦骨/o/病ᴾ/o⟧:【医】【PIV】C^iu osta afekcio.##偽分解(PIV正式分解)
52874	ost/o/tomi/o⟦骨/o/切ᵀᴹ/o⟧:【医】【PIV】Kirurgia tranc^o de osto.##偽分解
52875	ost/e/in/o⟦骨/e/女/o⟧:【PIV】= ostino.##偽分解(PIV正式分解)
52878	ost/e/o/pati/o⟦骨/e/o/病ᴾ/o⟧:【PIV】Tiu kuracometodo. Vd kiropraktiko. -> ostopatio.##偽分解
52883	ostrak/o/derm/oj⟦陶片/o/皮ᴰ/oj⟧:【PIV】Grupo (Ostracodermi el la klaso de senmakzeluloj) de la plej primitivaj fis^oj, kovritaj de kiraso el ostoplatoj, kiuj vivis dum paleozoiko (de ordovicio g^is karbonio); la plej malnove konataj vertebruloj.##偽分解(PIV正式分解)
52888	ot/algi/o⟦耳ᴼᵀ/痛ᴬ/o⟧:【PIV】Oreldoloro.##偽分解(PIV正式分解)
52889	ot/o/logi/o⟦耳ᴼᵀ/o/学ᴸᴳ/o⟧:【PIV】Studo pri la orelo k orelaj malsanoj. -> laringo.##偽分解
52890	ot/o/skop/o⟦耳ᴼᵀ/o/镜ˢᴷ/o⟧:【PIV】Instrumento, per kiu oni vide ekzamenas la orelan kanalon k timpanan membranon.##偽分解(PIV正式分解)
52891	ot/o/skop/i/o⟦耳ᴼᵀ/o/镜ˢᴷ/i/o⟧:【PIV】Ekzameno de la akustika meato per otoskopo, spegulumo ktp (kaj tiel plu).##偽分解(PIV正式分解)
52892	ot/o-rin/o-laring/o/log/o⟦耳ᴼᵀ/o-鼻ᴿ/o-喉ᴸ/o/学家/o⟧:【PIV】Specialisto pri la malsanoj de orelo, nazo k laringo.##偽分解
52897	ov/o/genez/o⟦卵/o/源ᴳ/o⟧:【生】【PIV】Estig^o k disvolvig^o de inseksaj c^eloj.##偽分解
52902	ovari/it/o⟦卵巢/炎ᵀ/o⟧:【医】【PIV】Inflamo de ovario(j) 1.##偽分解
52903	ovari/ektomi/o⟦卵巢/除ᴱᴷ/o⟧:【医】【PIV】Fortranc^o de unu au^ ambau^ ovarioj 1.##偽分解(PIV正式分解)
52906	ov/o/cit/o⟦卵/o/胞ᶜᴵ/o⟧:【生】【PIV】Inseksa c^elo, devenanta el ovogonio, naskonta ovolon: unuavica (duploida) ovocito, duavica (unuploida) ovocito.##偽分解##過細分解 ov/o/c/i/t/o
52907	ov/o/goni/o⟦卵/o/源ᴳᴼ/o⟧:【生】【PIV】La unua stadiformo de inseksa c^elo, duploida, ne diferencig^inta, naskonta ovociton.##偽分解
52912	oz/id/o⟦糖ᴼ/子/o⟧:【化】【PIV】Substanco, kies hidrolizo liveras unu au^ plurajn monosakaridojn k eventuale neglucidajn substancojn: la ozidoj ampleksas la di-, oligo-, poli-sakaridojn k la heterozidojn; nukle ozido, rutozido (Vd (vidu) ruto). Sin. (sinonimo) malsimpla sukero. Vd heterozido.##偽分解(PIV正式分解)
52919	ozon/o/metr/o⟦臭氧/o/计ᴹ/o⟧:【PIV】Aparato, por mezuri la kvanton de ozono en la atmosfero au^ en gaso.##偽分解
52945	palat/it/o⟦口顶/炎ᵀ/o⟧:【医】【PIV】Bus^inflamo, limigita al la palato.##偽分解
52974	palpebr/it/o⟦目皮/炎ᵀ/o⟧:【医】【PIV】Inflamo de palpebro(j). Sin. (sinonimo) blefarito.##偽分解
52993	panikl/it/o⟦圆锥/炎ᵀ/o⟧:【医】【PIV】Inflamo de la paniklo 1.##偽分解
52997	pankreat/in/o⟦胰/in/o⟧:【生】【化】【PIV】Totala ekstrakto de la pankreata suko: pankreatino grave rolas en la digestado de amelo, lipidoj k proteinoj pro enhavo de hidrolizaj enzimoj. Vd tripsino.##偽分解(PIV正式分解)
52998	pankreat/it/o⟦胰/炎ᵀ/o⟧:【医】【PIV】Akuta au^ kronika inflamo de la pankreato.##偽分解
52999	pankreat/ektomi/o⟦胰/除ᴱᴷ/o⟧:【医】【PIV】Parta au^ plena ablacio de la pankreato.##偽分解(PIV正式分解)
53005	pan/slav/ism/o⟦全ᴾ/slav/主义/o⟧:【史】【PIV】Politika teorio, celanta grupigi la slavajn popolojn c^irkau^ Rusion.##偽分解##過細分解 p/a/n/slav/ism/o
53007	pan/te/ism/a⟦全ᴾ/神ᵀ/主义/a⟧:【PIV】Rilata al panteismo: panteisma ekstazo.##偽分解##過細分解 p/a/n/t/e/ism/a
53009	pant/o/graf/o⟦pant/o/记ᴳ/o⟧:【技】【PIV】1 Desegna mekanismo, servanta por pligrandigi desegnaj^on lau^ la dezirata proporcio. 2【電】 Kurentodeprenilo, uzata c^e elektraj fervojoj k tramoj kun supertera kontaktolineo, konsistanta el artikigita mekanismo, kiu transmetas alsupran vertikalan premon al la frotpecoj. Vd troleo.##偽分解##強語根分解
53017	papaj/in/o⟦木瓜/in/o⟧:【化】【PIV】Enzimo, proteinazo, ekstraktata el la latekso de papajo 1, k kiu hidrolizas proteinojn al peptidoj k estas uzata kiel viandomoliganto en kuirarto.##偽分解(PIV正式分解)
53020	papav/in/o⟦草ᴾᴾ/in/o⟧:【化】【PIV】Alkaloido de opio, malpli toksa ol morfino, sedative uzata. Sin. (sinonimo) papaverino.##偽分解(PIV正式分解)
53022	papaver/in/o⟦草ᴾⱽ/in/o⟧:【化】【PIV】Papavino.##偽分解(PIV正式分解)
53028	papil/om/oz/o⟦papil/om/症ᴼ/o⟧:【医】【PIV】Kontag^a afekcio, karakterizata de papilomoj, ofta c^e la hundo, c^evalo k bovo, k transdonebla al la homo.##偽分解(PIV正式分解)##過細分解 papil/o/m/oz/o
53032	papir/o/log/o⟦纸草ᴾᴬ/o/学家/o⟧:【PIV】Specialisto pri papirologio.##偽分解
53033	papir/o/logi/o⟦纸草ᴾᴬ/o/学ᴸᴳ/o⟧:【PIV】Scienco pri la dec^ifro de la antikvaj papirusoj.##偽分解
53052	para/plegi/o⟦para/瘫ᴾᴸ/o⟧:【PIV】Vd (vidu) plegio.##偽分解(PIV正式分解)
53053	para/psik/o/logi/o⟦para/心ᴾˢ/o/学ᴸᴳ/o⟧:【PIV】Vd (vidu) psikologio.##偽分解
53054	para/simpat/o⟦para/交感/o⟧:【PIV】Vd (vidu) simpato.##偽分解(PIV正式分解)
53059	parazit/icid/o⟦寄生/杀/o⟧:【PIV】Substanco, uzata por mortigi parazitojn.##偽分解(PIV正式分解)
53060	para/zo/oj⟦para/兽ᶻ/oj⟧:【動】【PIV】Eksa subregno (Parazoa) de animaloj, ampleksanta la spongulojn, nun inkludita en la metazooj.##偽分解##エス的分解
53095	parotid/it/o⟦腮腺/炎ᵀ/o⟧:【医】【PIV】Inflamo de unu au^ ambau^ parotidoj: epidemia parotidito (Sin. (sinonimo) mumpso).##偽分解(PIV正式分解)
53104	parten/o/genez/o⟦parten/o/源ᴳ/o⟧:【生】【PIV】Reproduktig^o el nefekundigita inseksa gameto: partenogenezo okazas c^e animaloj (ekz. (ekzemple) rotaciuloj, afidoj, fasmuloj, iuj fis^oj, iuj lacertoj) k vegetaj^oj (ekz. (ekzemple) iuj algoj, iuj fungoj, iuj semplantoj).##偽分解##強語根分解
53142	pat/o/genez/o⟦病ᴾ/o/源ᴳ/o⟧:【医】【PIV】Studo pri la mekanismoj, lau^ kiuj estig^as la malsanoj.##偽分解##過細分解 p/a/t/o/genez/o
53145	patr/o/logi/o⟦父/o/学ᴸᴳ/o⟧:【PIV】Scienca studo pri la ekleziaj Patroj.##偽分解
53163	pazi/grafi/o⟦pazi/志ᴳ/o⟧:【PIV】Sistemo de universala skribo, kies signoj esprimas ne vortojn, sed rekte ideojn.##偽分解##強語根分解
53176	pedo/log/o⟦土ᴾ/学家/o⟧:【生態】【PIV】Specialisto pri pedologio. Sin. (sinonimo) grundologo.##偽分解##強語根分解
53191	pekt/in/o⟦pekt/女/o⟧:【PIV】Pektata acido, kies karboksiloj estas grandparte esterigitaj de metanolo; grava konsistaj^o de la c^elmuro de plantoj: pektino estas uzata kiel g^eliganto en nutraj^a k farmacia industrio.##偽分解(PIV正式分解)
53213	pelv/o/metri/o⟦盆/o/测ᴹᵀ/o⟧:【医】【PIV】Mezurado de la pelvo, precipe en akus^arto.##偽分解
53226	penicil/in/az/o⟦菌ᴾᴺ/in/az/o⟧:【化】【PIV】Bakteria enzimo kontrau^a al la ago de penicilino.##偽分解(PIV正式分解)
53227	penicil/in/o/terapi/o⟦菌ᴾᴺ/in/o/疗/o⟧:【医】【PIV】Kuracado per penicilino.##偽分解(PIV正式分解)
53230	penis/it/o⟦阴茎/炎ᵀ/o⟧:【医】【PIV】Inflamo de la tuta peniso.##偽分解
53234	pent/an/o⟦戊/an/o⟧:【化】【PIV】C 5 H 12, brulema likvo, uzata kiel solvanto.##偽分解(PIV正式分解)##過細分解 p/e/n/t/a/n/o
53235	pent/an/ol/o⟦戊/an/ol/o⟧:【化】【PIV】C 5 H 11 OH, industria solvanto. Sin. (sinonimo) pentila alkoholo.##偽分解(PIV正式分解)##過細分解 p/e/n/t/a/n/o/l/o
53237	penta/gram/o⟦五ᴾ/图ᴳᴹ/o⟧:【PIV】Kvinpinta stelo, uzata kiel mistika au^ magia simbolo.##偽分解(PIV正式分解)##過細分解 penta/g/r/a/m/o
53251	pepsin/o/gen/o⟦pepsin/o/生ᴳ/o⟧:【PIV】Neaktiva antau^anto de pepsino.##偽分解
53253	peptid/az/o:【PIV】Enzimo, katalizanta la hidrolizon de peptidoj.##偽分解(PIV正式分解)
53272	peri/cikl/o⟦围ᴾ/环ᶜ/o⟧:【植】【PIV】(pp (se paroli pri) radiko de vaskulplantoj) La plej ekstera c^eltavolo de la steleo, samlima kun la endodermo.##偽分解
53276	peri/fraz/o⟦围ᴾ/句/o⟧:【PIV】C^irkau^frazo (ekz. (ekzemple): «kiam la koko krias»: matene).##偽分解
53278	peri/glaci/a⟦围ᴾ/冰/a⟧:【地質】【地理】【PIV】(pp (se paroli pri) regiono) Klimate malvarma, situanta proksime al la rando de la surkontinenta glacikovraj^o.##偽分解
53280	peri/kardi/it/o⟦围ᴾ/心ᴷᴰ/炎ᵀ/o⟧:【医】【PIV】Inflamo de la perikardio.##偽分解(PIV正式分解)
53286	peri/sperm/o⟦围ᴾ/种ˢᴿ/o⟧:【植】【PIV】Nutraj^rezerva, duploida histo de la semo de iuj angiospermoj, kiu, kun la albumeno, nutras la embrion dum la g^ermado: perispermo de la semo de pipero, de beto. Vd endospermo.##偽分解
53287	peri/spirit/o⟦围ᴾ/灵/o⟧:【宗】【PIV】En la spiritisma kredo, duonmateria substanco, servanta al la spirito kiel unua envolvaj^o k liganta g^in al la korpo.##偽分解
53295	perkol/ator/o⟦浸ᴾ/具ᴬ/o⟧:【PIV】Aparato por perkoli: kafperkolilo.##偽分解(PIV正式分解)
53302	permeabl/az/o⟦穿ᴾᴿ/az/o⟧:【生】【PIV】Enzimeca faktoro proteina, kiu regas la eniron au^ eliron de specifaj molekuloj tra la c^elmembrano.##偽分解(PIV正式分解)
53321	perturb/o/graf/o⟦扰ᴾ/o/记ᴳ/o⟧:【電】【PIV】Aparato por mezuri la amplitudon k dau^ron de perturbo en elektra reto.##偽分解(PIV正式分解)
53336	petr/o/grafi/o⟦岩ᴾ/o/志ᴳ/o⟧:【地質】【PIV】Scienca priskribo de la petroj.##偽分解
53337	petr/o/log/o⟦岩ᴾ/o/学家/o⟧:【地質】【PIV】Specialisto pri petrologio.##偽分解
53338	petr/o/logi/o⟦岩ᴾ/o/学ᴸᴳ/o⟧:【地質】【PIV】Scienco pri la petroj.##偽分解
53348	petr/o/selin/o⟦岩ᴾ/o/伞ˢᴸ/o⟧:【PIV】Vd (vidu) selino.##偽分解(PIV正式分解)
53361	piet/ist/o⟦敬ᴾᵀ/家/o⟧:【PIV】Adepto de pietismo: pietistoj, c^arlatanoj k friponoj . Vd bigoto.##偽分解##強語根分解
53362	piez/o/metr/o⟦piez/o/计ᴹ/o⟧:【PIV】Instrumento, por mezuri la premojn. -> piezoelektro.##偽分解
53385	pilokarp/in/o⟦木ᴾᴷ/in/o⟧:【化】【PIV】Alkaloido, C 11 H 16 O 2 N 2, ekstraktata el la folioj de kelkaj sp-oj (specioj) de pilokarpo: pilokarpino i.a. (interalie, inter aliaj) s^vitigas, salivigas k maldilatigas la pupilon.##偽分解(PIV正式分解)
53393	pin/an/o⟦松/员ᴬ/o⟧:【化】【PIV】Simpla, unucikla monoterpeno, saturita analogo de pineno, C 10 H 18, kies derivaj^oj estas gravaj natursubstancoj.##偽分解(PIV正式分解)##過細分解 pin/a/n/o
53394	pin/en/o⟦松/en/o⟧:【化】【PIV】Monoterpeno, C 10 H 16, c^efa konsistaj^o de la terebintina esenco.##偽分解(PIV正式分解)##過細分解 pin/e/n/o
53395	pin/o/fit/oj⟦松/o/植ᶠ/oj⟧:【植】【PIV】Filumo (Pinophyta) el la spermatofitoj. Sin. (sinonimo) gimnospermoj.##偽分解(PIV正式分解)
53396	pin/opsid/oj⟦松/opsid/oj⟧:【植】【PIV】Klaso (Pinopsida) el la gimnospermoj. Sin. (sinonimo) koniferoj.##偽分解(PIV正式分解)
53419	pio/emi/o⟦脓ᴾᴵ/血ᴱ/o⟧:【医】【PIV】C^eesto de puso en la sango, kreanta multoblajn abscesojn en diversaj lokoj de la organismo.##偽分解(PIV正式分解)
53420	pio/gen/a⟦脓ᴾᴵ/生ᴳ/a⟧:【PIV】Pusiga: stafilokoko estas piogena mikrobo.##偽分解(PIV正式分解)
53421	pio/ore/o⟦脓ᴾᴵ/ore/o⟧:【医】【PIV】Pusa elfluo: alveolodenta piooreo.##偽分解(PIV正式分解)
53444	piretr/in/o⟦菊ᴾ/in/o⟧:【化】【PIV】(kn (kolektiva nomo)) Vermicida k insekticida substanco, ekstraktata el piretro 2 au^ duonsintezata derivaj^o de krizantemata acido.##偽分解(PIV正式分解)
53445	pir/geo/metr/o⟦火ᴾ/地ᴳ/计ᴹ/o⟧:【PIV】Instrumento por mezuri la teran disradiadon.##偽分解##過細分解 p/i/r/geo/metr/o
53447	pirid/in/o:【化】【PIV】Organika, hetero-unucikla substanco, C 5 H 5 N, likvo kun tre malagrabla odoro, preparata el terkarba gudro k bazo de multaj derivaj^oj.##偽分解(PIV正式分解)
53448	pirid/il/o⟦pirid/具/o⟧:【化】【PIV】La grupo C 5 H 4 N, derivebla el piridino.##偽分解(PIV正式分解)
53450	piridoks/in/o:【化】【PIV】Organika, hetero-unucikla substanco, C 8 H 11 NO 3, antau^anto de piridoksalo k piridoksalfosfato. Sin. (sinonimo) vitamino B 6.##偽分解(PIV正式分解)
53451	piridoks/al/o:【PIV】Aldehida derivaj^o de piridoksino.##偽分解(PIV正式分解)##過細分解 piridoks/a/l/o
53452	piridoks/ol/o:【PIV】Piridoksino.##偽分解(PIV正式分解)##過細分解 piridoks/o/l/o
53453	piridoks/al/fosf/at/o⟦piridoks/al/磷/盐ᴬ/o⟧:【PIV】Fosfata derivaj^o de piridoksalo, kunenzimo de aminotransportazoj, grave rolanta en la metabolo de la proteinoj.##偽分解(PIV正式分解)##過細分解 piridoks/a/l/fosf/at/o
53461	pir/o/liz/i⟦火ᴾ/o/解ᴸ/i⟧:【化】【PIV】Malkomponi substancon per seka varmo.##偽分解##過細分解 p/i/r/o/liz/i
53462	pir/o/liz/o⟦火ᴾ/o/解ᴸ/o⟧:【PIV】Ago pirolizi.##偽分解##過細分解 p/i/r/o/liz/o
53464	pir/o/metr/o⟦火ᴾ/o/计ᴹ/o⟧:【理】【PIV】Aparato, uzata en termodinamiko por mezuri altajn temperaturojn, k funkcianta lau^ la principo de kalorimetro.##偽分解##過細分解 p/i/r/o/metr/o
53494	piz/o/lit/o⟦豌/o/石ᴸ/o⟧:【地質】【PIV】Globeto g^enerale kalcita (pli malofte aragonita), granda proks. (proksimume) kiel pizo (g^enerale 2−5 mm (milimetro(j)) diametra), formig^inta c^irkau^ minerala au^ organika ero: pizolita kalkpetro (Sin. (sinonimo) pizos^tono). Vd konkrecio, oolito.##偽分解##過細分解 piz/o/l/i/t/o
53497	pjel/it/o⟦肾盆/炎ᵀ/o⟧:【医】【PIV】Akuta au^ kronika inflamo de la pjela mukozo.##偽分解(PIV正式分解)
53506	plak/o/derm/oj⟦板ᴾᴷ/o/皮ᴰ/oj⟧:【動】【PIV】Klaso (Placodermi) de primitivaj fis^oj kun makzeloj k kun antau^a parto kovrita de kiraso el ostaj platoj; vivis de malfrua silurio g^is frua karbonio; ofte nomataj kirass^arkoj.##偽分解
53513	plan/i/metr/o⟦平ᴾ/i/计ᴹ/o⟧:【技】【数】【PIV】Instrumento por mezuri areojn en desegnaj^o.##偽分解##過細分解 p/l/a/n/i/metr/o
53519	plant/o/log/o⟦植/o/学家/o⟧:【PIV】Botanikisto.##偽分解
53520	plant/o/logi/o⟦植/o/学ᴸᴳ/o⟧:【PIV】Botaniko.##偽分解
53523	plasm/o/gami/o⟦浆/o/配ᴳ/o⟧:【生】【PIV】Kunig^o de la c^elplasmoj de du c^eloj, g^enerale dum seksa procezo, ekz. (ekzemple) dum fekundig^o.##偽分解(PIV正式分解)
53547	platen/at/o⟦白金/盐ᴬ/o⟧:【化】【PIV】Salo de platenata acido H 2 PtO 3.##偽分解(PIV正式分解)
53592	plumb/at/o⟦铅/盐ᴬ/o⟧:【化】【PIV】Salo de nestabila plumbata acido, H 2 PbO 3.##偽分解(PIV正式分解)
53593	plumb/it/o⟦铅/盐ᴵ/o⟧:【化】【PIV】Salo de imaga plumbita acido H 2 PbO 2.##偽分解(PIV正式分解)
53605	pluv/metr/o⟦雨/计ᴹ/o⟧:【PIV】Ilo por mezuri la kvanton de falinta pluvo.##偽分解
53606	pluv/o/metr/o⟦雨/o/计ᴹ/o⟧:【PIV】Ilo por mezuri la kvanton de falinta pluvo.##偽分解
53613	pneu^mon/it/o⟦肺ᴾᴺ/炎ᵀ/o⟧:【医】【PIV】Inflamo de unu pulmo (simpla pneu^monito), au^ de la du pulmoj (duobla pneu^monito), kau^zata de diversaj bakterioj, i.a. (interalie, inter aliaj) Streptococcus pneumoniae.##偽分解(PIV正式分解)
53614	pneu^mon/ektomi/o⟦肺ᴾᴺ/除ᴱᴷ/o⟧:【PIV】Parta au^ tuta ablacio de unu pulmo.##偽分解(PIV正式分解)
53615	pneu^mon/o/konioz/o⟦肺ᴾᴺ/o/konioz/o⟧:【PIV】Malsano, kau^zata de la fiksig^o de karbaj, silicaj ks (kaj simile, kaj similaj) polveroj en la pulmoj.##偽分解(PIV正式分解)
53616	pneu^mon/o/logi/o⟦肺ᴾᴺ/o/学ᴸᴳ/o⟧:【PIV】Studo pri la pulmoj k iliaj malsanoj.##偽分解
53617	pneu^mon/o/pati/o⟦肺ᴾᴺ/o/病ᴾ/o⟧:【PIV】Kn (Kolektiva nomo) de la pulmaj malsanoj.##偽分解(PIV正式分解)
53627	poez/in/o⟦生ᴾ/in/o⟧:【PIV】(kn (kolektiva nomo)) Hormono, stimulanta la disvolvig^on de specifaj sangoc^eloj.##偽分解(PIV正式分解)
53633	polar/o/graf/o⟦极ᴾᴿ/o/记ᴳ/o⟧:【化】【PIV】Aparato, kiu au^tomate registras la kurenton dum elektrolizo c^e gutanta hidrarga elektrodo.##偽分解(PIV正式分解)
53634	polar/o/grafi/o⟦极ᴾᴿ/o/志ᴳ/o⟧:【PIV】Metodo de kvalita au^ kvanta analizo per polarografo, precipe uzata por analizi la metalojn en salaj solvaj^oj.##偽分解
53636	polem/o/log/o⟦战ᴾ/o/学家/o⟧:【政】【PIV】Specialisto pri polemologio.##偽分解##強語根分解
53637	polem/o/logi/o⟦战ᴾ/o/学ᴸᴳ/o⟧:【PIV】Scienca studado de la milito rigardata kiel sociologia fenomeno.##偽分解##強語根分解
53640	polen/o/log/o⟦粉ᴾᴺ/o/学家/o⟧:【PIV】Specialisto pri polenologio.##偽分解
53641	polen/o/logi/o⟦粉ᴾᴺ/o/学ᴸᴳ/o⟧:【PIV】Scienco pri la poleno k vastasence ankau^ pri la sporoj: la studo de la fosiliaj polenoj en sedimentoj, precipa objekto de polenologio, ebligas rekrei la prahistoriajn pejzag^ojn k koni la pasintajn flau^rojn k klimatojn.##偽分解
53642	poli/en/o⟦多ᴾ/en/o⟧:【PIV】Organika kombinaj^o kun pluraj duoblaj ligoj.##偽分解(PIV正式分解)##過細分解 poli/e/n/o
53645	poli/edr/o⟦多ᴾ/面ᴱ/o⟧:【数】【PIV】Pluredro.##偽分解(PIV正式分解)
53649	poli/gami/a⟦多ᴾ/配ᴳ/a⟧:【植】【PIV】(pp (se paroli pri) planto) Portanta sur unu sama individuo k unuseksajn k duseksajn florojn au^ gametujgrupojn. Vd monoika, dioika, hermafroditflora.##偽分解(PIV正式分解)
53650	poli/gami/ul/o⟦多ᴾ/配ᴳ/者/o⟧:【PIV】Homo au^ besto vivanta en poligamio.##偽分解(PIV正式分解)
53651	poli/gami/ul/in/o⟦多ᴾ/配ᴳ/者/女/o⟧:【PIV】Homo au^ besto vivanta en poligamio.##偽分解(PIV正式分解)
53654	poli/h^et/oj⟦多ᴾ/h^et/oj⟧:【PIV】= poliketoj.##偽分解##エス的分解
53655	poli/ket/oj⟦多ᴾ/ket/oj⟧:【動】【PIV】Klaso (Polychaeta) de vermoj el la filumo de anelidoj, kies sp-oj (specioj) havas multketajn piedetojn, k estas unuseksaj: nereido estas poliketo. Vd oligoketoj.##偽分解##エス的分解
53661	poli/morf/a⟦多ᴾ/形ᴹ/a⟧:【PIV】= plurforma.##偽分解(PIV正式分解)
53662	poli/morf/ec/o⟦多ᴾ/形ᴹ/性/o⟧:【PIV】= plurformeco, plurformismo.##偽分解(PIV正式分解)
53663	poli/morf/ism/o⟦多ᴾ/形ᴹ/主义/o⟧:【PIV】= plurformeco, plurformismo.##偽分解(PIV正式分解)
53665	poli/nukle/a⟦多ᴾ/核ᴺ/a⟧:【生】【PIV】(pp (se paroli pri) c^elo) S^ajne plurnuklea pro nukleo profunde divida en plurajn lobojn.##偽分解(PIV正式分解)
53667	poli/ploid/a⟦多ᴾ/倍ᴾ/a⟧:【PIV】= plurploida.##偽分解(PIV正式分解)
53668	poli/pod/i/o⟦多ᴾ/足ᴾᴼ/i/o⟧:【植】【PIV】G. (Genro) (Polypodium el polipodiacoj) de filikoj kun rampa rizomo k kun folioj simplaj au^ 1(2−3)-oble plume kunmetaj, surhavantaj rondformajn, nudajn sorojn po multaj; kosmopolita g. (genro) de c^. (c^irkau^) 150 sp-oj (specioj), multaj pororname kultivataj, kelkaj medicine uzataj.##偽分解##エス的分解
53670	poli/pter/o⟦多ᴾ/翅/o⟧:【動】【PIV】G. (Genro) (Polypterus) de fis^oj el la superordo de kondrosteoj, kun multaj malgrandaj dorsaj nag^iloj, k kiuj vivas en tropikaj Afrikaj riveroj.##偽分解##エス的分解
53671	poli/pter/o/form/aj⟦多ᴾ/翅/o/形/aj⟧:【動】【PIV】Ordo (Polypteriformes) de kondrosteoj, al kiu apartenas i.a. (interalie, inter aliaj) poliptero.##偽分解##エス的分解
53676	politik/o/log/o⟦政/o/学家/o⟧:【PIV】Specialisto pri politikologio.##偽分解
53677	politik/o/logi/o⟦政/o/学ᴸᴳ/o⟧:【PIV】Scienca studado de la diversaj aspektoj de la politika vivo (partioj, balotoj, politikuloj, tendencoj, peripetioj, evoluo). Vd geopolitiko.##偽分解
53678	polit/o/logi/o⟦政ᴾᴼ/o/学ᴸᴳ/o⟧:【PIV】= politikologio.##偽分解##強語根分解
53679	poli/trik/o⟦多ᴾ/毛ᵀ/o⟧:【植】【PIV】G. (Genro) (Polytrichum el politrikacoj) kosmopolita de c^. (c^irkau^) 200 sp-oj (specioj) de muskoj plejparte nekalkejaj.##偽分解(PIV正式分解)
53691	pom/oide/oj⟦苹/oide/oj⟧:【PIV】= malusoideoj.##偽分解(PIV正式分解)
53692	pom/o/log/o⟦苹/o/学家/o⟧:【PIV】Fakulo pri pomologio.##偽分解
53725	porn/o/graf/o⟦淫/o/记ᴳ/o⟧:【PIV】(pj (pejorative)) Au^toro de beletra, grafika au^ alispeca verko, en kiu la pritrakto de seksaj au^ erotikaj temoj ne kongruas kun la tiutemaj regantaj tabuoj.##偽分解(PIV正式分解)
53726	porn/o/grafi/a⟦淫/o/志ᴳ/a⟧:【PIV】Rilata al pornografio: g^is 1949 iuj poemoj de Bodlero estis en Francio oficiale rigardataj kiel pornografiaj.##偽分解
53727	porn/o/graf/aj^/o⟦淫/o/记ᴳ/物/o⟧:【PIV】Verko de pornografo, au^ havanta ecojn de pornografio. Vd porno.##偽分解(PIV正式分解)
53728	porn/o/grafi/aj^/o⟦淫/o/志ᴳ/物/o⟧:【PIV】Verko de pornografo, au^ havanta ecojn de pornografio. Vd porno.##偽分解
53731	port/o/vin/o⟦运/o/酒/o⟧:【PIV】Dolc^a vino el N Portugalio.##偽分解(PIV正式分解)##過細分解 p/o/r/t/o/vin/o
53732	Port/land/a:【PIV】Rilata al Portlando: Portlanda cemento.##偽分解
53822	primat/o/logi/o⟦灵长/o/学ᴸᴳ/o⟧:【PIV】Scienco pri la primatoj.##偽分解
53847	pro/faz/o⟦前ᴾᴼ/相ᶠ/o⟧:【生】【PIV】Unua fazo de la mitozo k de la mejozo, kiam la kromosomoj permikroskope ekvideblas.##偽分解##過細分解 p/r/o/faz/o
53855	pro/gnat/a⟦前ᴾᴼ/gnat/a⟧:【解】【PIV】Prezentanta antau^en-elstara(j)n makzelo(j)n. Vd protruda, ortognata.##偽分解##過細分解 p/r/o/gnat/a
53856	pro/gnat/ec/o⟦前ᴾᴼ/gnat/性/o⟧:【PIV】Makzela protrudeco: prognateco de la maksiloj, de la mandiblo, de ambau^ makzeloj.##偽分解##過細分解 p/r/o/gnat/ec/o
53861	projekci/ator/o⟦射ᴾᴿ/具ᴬ/o⟧:【PIV】Aparato, por projekcii bildojn sur ekranon: manovri la projekciilon; universala projekciatoro (epidiaskopo).##偽分解(PIV正式分解)
53871	proklor/o/fit/oj⟦proklor/o/植ᶠ/oj⟧:【PIV】Grupo (Prochlorophyta) de verdaj fotosintezaj prokariotoj, simbiozaj au^ planktonaj, produktantaj oksigenon, parencaj al cianobakterioj, sed kun klorofiloj a k b same kiel la kloroplastoj de algoj k plantoj.##偽分解(PIV正式分解)
53881	prolan/emi/o⟦prolan/血ᴱ/o⟧:【PIV】C^eesto k/au^ kvanto de prolano en la sango.##偽分解(PIV正式分解)
53890	pro/mil/o⟦因ᴾ/千/o⟧:【PIV】Valoro au^ taksado difinita rilate al la nombro mil. Sin. (sinonimo) elmilo. Vd procento 2, milono.##偽分解
53907	prop/an/o⟦丙/an/o⟧:【化】【PIV】Saturita gasa hidrokarbono, C 3 H 8, multe uzata kiel brulgaso.##偽分解(PIV正式分解)##過細分解 prop/a/n/o
53908	prop/an/al/o⟦丙/an/al/o⟧:【化】【PIV】C 2 H 5-CHO. Sin. (sinonimo) propionata aldehido.##偽分解(PIV正式分解)##過細分解 prop/a/n/a/l/o
53909	prop/en/o⟦丙/en/o⟧:【化】【PIV】Nesaturita gasa hidrokarbono, C 3 H 6, kun unu duobla ligo, polimerizebla al poli propeno, plasto pli forta k malpli mola ol polieteno.##偽分解(PIV正式分解)##過細分解 prop/e/n/o
53910	prop/en/al/o⟦丙/en/al/o⟧:【化】【PIV】Senkolora, pikodora likvo, CH 2 =CH-CHO. Sin. (sinonimo) akroleino, akrilaldehido, propenaldehido.##偽分解(PIV正式分解)##過細分解 prop/e/n/a/l/o
53911	prop/en/at/o⟦丙/en/盐ᴬ/o⟧:【化】【PIV】Salo de propata acido.##偽分解(PIV正式分解)##過細分解 prop/e/n/at/o
53912	prop/en/aldehid/o⟦丙/en/aldehid/o⟧:【PIV】Propenalo.##偽分解(PIV正式分解)##過細分解 prop/e/n/aldehid/o
53913	prop/il/o⟦丙/基/o⟧:【化】【PIV】La radiko CH 3-CH 2-CH 2 -.##偽分解(PIV正式分解)
53914	2-prop/en/il/o⟦2-prop/en/具/o⟧:【化】【PIV】La radiko CH 2 =CH-CH 2 -, tre ofta en naturaj substancoj. Sin. (sinonimo) alilo.##偽分解(PIV正式分解)##過細分解 2-prop/e/n/il/o
53915	2-prop/an/ol/o⟦2-prop/员ᴬ/ol/o⟧:【PIV】Alkoholo, uzata kiel purigilo, antisepsaj^o, solvanto; pli toksa ol etanolo sed multe malpli ol metanolo. Sin. (sinonimo) izopropanolo.##偽分解(PIV正式分解)##過細分解 2-prop/a/n/o/l/o
53916	1,2-prop/an/di/ol/o⟦1,2-prop/员ᴬ/神/ol/o⟧:【化】【PIV】CH 3-CH(OH)-CH 2-OH, netoksa analogo de glikolo, uzata kiel antifrosto. Sin. (sinonimo) metilglikolo.##偽分解(PIV正式分解)##過細分解 1,2-prop/a/n/d/i/o/l/o
53917	1,2,3-prop/an/tri/ol/o⟦1,2,3-prop/员ᴬ/三/ol/o⟧:【PIV】Glicerolo.##偽分解(PIV正式分解)##過細分解 1,2,3-prop/a/n/tri/o/l/o
53925	propion/lakton/o:【化】【PIV】C 3 H 4 O 2.##偽分解(PIV正式分解)
53938	prostat/it/o⟦前列腺/炎ᵀ/o⟧:【医】【PIV】Inflamo de la prostato.##偽分解
53939	prostat/ektomi/o⟦前列腺/除ᴱᴷ/o⟧:【PIV】Parta au^ tuta ablacio de la prostato.##偽分解(PIV正式分解)
53953	protein/az/o⟦蛋白/az/o⟧:【PIV】Enzimo, malkombinanta proteinojn.##偽分解(PIV正式分解)
53961	proto/pter/o⟦原ᴾᵀ/翅/o⟧:【動】【PIV】G. (Genro) (Protopterus) el la subklaso de dipnoj, tropikafrikaj pulmfis^oj kapablaj ens^lime travivi la elsekig^on de la marc^oj, kie ili vivas.##偽分解##エス的分解
53963	proto/zo/o⟦原ᴾᵀ/兽ᶻ/o⟧:【PIV】Vd (vidu) zoo.##偽分解(PIV正式分解)
53967	proverb/o/log/o⟦谚/o/学家/o⟧:【PIV】Studanto pri proverboj.##偽分解
53968	proverb/o/logi/o⟦谚/o/学ᴸᴳ/o⟧:【PIV】Scienco pri proverboj.##偽分解
53970	pro/virus/o⟦前ᴾᴼ/毒ⱽᴿ/o⟧:【生】【PIV】Virusa genaro, integrig^inta en la genaron de kromosomo de la gastiganto (gastiganta kromosomo), ekz. (ekzemple) proviruso de aidoso. Sin. (sinonimo) enkromosoma viruso.##偽分解##過細分解 p/r/o/virus/o
53986	pseu^do/morf/a⟦伪ᴾ/形ᴹ/a⟧:【地質】【PIV】(pp (se paroli pri) mineralo) Alpreninta kristalan strukturon de anstatau^ita kristalo.##偽分解(PIV正式分解)
53987	pseu^do/morf/ig^/i⟦伪ᴾ/形ᴹ/成/i⟧:【PIV】Ig^i pseu^domorfa: olivino pseu^domorfig^as al serpenteno.##偽分解(PIV正式分解)
53988	pseu^do/morf/ism/o⟦伪ᴾ/形ᴹ/主义/o⟧:【PIV】Pseu^domorfig^a procezaro. Vd epigenezo.##偽分解
53989	pseu^do/nim/a⟦伪ᴾ/名ᴺᴵ/a⟧:【PIV】Prezentita sub pseu^donimo: pseu^donima verko. Vd anonima.##偽分解
53990	pseu^do/pod/o⟦伪ᴾ/足ᴾᴼ/o⟧:【動】【生】【PIV】Pseu^dopiedo.##偽分解
53993	psik/o/pati/o⟦心ᴾˢ/o/病ᴾ/o⟧:【PIV】Psika malordo, karakterizata precipe de neregataj impulsoj, humora nestabileco k nekapablo adapti sin al la medio, kio g^enerale kondukas al kontrau^socia konduto.##偽分解(PIV正式分解)
53994	psik/o/pati/ul/o⟦心ᴾˢ/o/病ᴾ/者/o⟧:【PIV】Homo en stato de psikopatio.##偽分解(PIV正式分解)
53998	psik/o/pat/o⟦心ᴾˢ/o/病ᴾ/o⟧:【PIV】= psikopatiulo.##偽分解##過細分解 psik/o/p/a/t/o
54002	psilofit/opsid/oj⟦草ᴾᶠ/opsid/oj⟧:【植】【PIV】Klaso (Psilophytopsida el pteridofitoj) de la plej primitivaj vaskulplantoj, kun dikotoma tigo, kun rizomo, sen radikoj nek folioj, kiuj vivis dum malfrua silurio k devonio. Vd psiloto.##偽分解(PIV正式分解)
54005	psilot/opsid/oj⟦羊齿ᴾˢ/opsid/oj⟧:【PIV】Familio (Psilotaceae) k klaso (Psilotopsida) de primitivaj pteridofitoj kun dikotoma tigo, portanta la sporujojn, kun rizomo, sen radikoj; 12 sp-oj (specioj) el 2 g-oj (genroj). Vd psilofito.##偽分解(PIV正式分解)
54012	psok/o/pter/oj⟦咬虫/o/翅/oj⟧:【動】【PIV】Ordo (Psocoptera) de insektoj, ampleksanta psokon k.a. (kaj aliaj) g-ojn.##偽分解##エス的分解
54018	pter/an/odont/o⟦翅/无ᴬ/odont/o⟧:【動】【PIV】G. (Genro) (Pteranodon) de grandaj flugsau^roj, kiuj vivis dum malfrua kretaceo, eltrovitaj en N Ameriko k Rusio. Vd pterodaktilo, ramforinko.##偽分解##エス的分解##過細分解 pter/a/n/odont/o
54021	pteraspid/morf/oj⟦翼甲/形ᴹ/oj⟧:【動】【PIV】Klaso (Pteraspidomorphi) de senmakzeluloj, al kiu apartenas la miksinoj.##偽分解(PIV正式分解)
54022	pterid/o/fit/oj⟦羊齿ᴾ/o/植ᶠ/oj⟧:【植】【PIV】Filumo (Pteridophyta) de plantoj sen floroj k sen semoj sed kun tipaj vaskuloj (vaskulaj kriptogamoj); du generacioj: malgranda gametofito talforma (Vd protalo) k granda, vaskulohava sporofito, kies folioj (tigoj c^e psiloto), portas la sporujojn; 9 800 sp-oj (specioj) el 232 g-oj (genroj). Vd ekvizeto, filiko, likopodio, selaginelo.##偽分解(PIV正式分解)
54025	pter/o/brank/oj⟦翅/o/brank/oj⟧:【動】【PIV】Klaso (Pterobranchia) de hemih^orduloj, similantaj al briozooj, sed kun triparta korpo k kun tentakloj k kun dorsa h^ordo limig^inta je la antau^bus^a regiono.##偽分解##エス的分解
54026	pter/o/daktil/o⟦翅/o/指ᴰ/o⟧:【動】【PIV】G. (Genro) (Pterodactylus) de relative malgrandaj, mallongvostaj flugsau^roj el malfrua j^urasio, eltrovitaj en Eu^ropo. Vd pteranodonto, ramforinko.##偽分解##エス的分解
54030	pter/o/sau^r/oj⟦翅/o/爬虫/oj⟧:【PIV】Flugsau^roj.##偽分解
54041	pubi/o/tomi/o⟦耻骨ᴾᴵ/o/切ᵀᴹ/o⟧:【医】【PIV】Flanka tranc^o de pubio, en iuj malfacilaj akus^oj.##偽分解
54064	pulm/it/o⟦肺/炎ᵀ/o⟧:【PIV】= pneu^monito.##偽分解
54068	pulp/it/o⟦瓤/炎ᵀ/o⟧:【医】【PIV】Inflamo de la denta pulpo.##偽分解
54107	putr/in/o⟦腐/in/o⟧:【化】【PIV】1,4-butandiamino, trovig^anta i.a. (interalie, inter aliaj) en la intesto k c^e la DNA k RNA en c^eloj; antau^anto de poliaminoj (Vd spermino, spermidino) k de nikotino.##偽分解(PIV正式分解)
54108	puva/terapi/o⟦puva/疗/o⟧:【医】【PIV】Kuracado de iaj dermatozoj per glutado de psoraleno, sekvata de elmeto de la hau^to al iaj ultraviolaj radioj.##偽分解##強語根分解
54124	rabot/ator/o⟦刨/具ᴬ/o⟧:【PIV】Elektra mas^ino por paralele raboti la duan facon.##偽分解(PIV正式分解)
54140	radi/estez/ist/o⟦射ᴿ/感ᴱ/家/o⟧:【PIV】Adepto de radiestezo.##偽分解(PIV正式分解)
54144	radikl/it/o⟦根ᴿᴸ/炎ᵀ/o⟧:【医】【PIV】Inflamo de radiklo.##偽分解(PIV正式分解)
54151	rafin/oz/o⟦精ᴿ/糖ᴼ/o⟧:【化】【PIV】Trisakarido, C 18 H 32 O 16, trovig^anta kun sakarozo en la suko de multaj plantoj, i.a. (interalie, inter aliaj) de sukerbeto; kromprodukto de la rafinado de betsukero.##偽分解(PIV正式分解)
54165	raki/algi/o⟦脊ᴿ/痛ᴬ/o⟧:【医】【PIV】Doloro de rakio.##偽分解(PIV正式分解)
54170	rakit/o/gen/a⟦rakit/o/生ᴳ/a⟧:【PIV】Tia, ke g^i estigas rakitismon.##偽分解(PIV正式分解)
54230	re/cit/o⟦再/引/o⟧:【PIV】Ago reciti.##偽分解
54231	re/cit/ad/o⟦再/引/行/o⟧:【PIV】Ago reciti.##偽分解
54232	re/cit/aj^/o⟦再/引/物/o⟧:【PIV】Teksto por recito.##偽分解
54301	ren/in/o⟦肾/in/o⟧:【生】【PIV】Enzimo, sekreciata de la reno, kiu partoprenas en la reguligo de la arteria tensio.##偽分解(PIV正式分解)
54306	reni/at/o⟦金ᴿᴺ/盐ᴬ/o⟧:【化】【PIV】Salo de reniata acido H 2 ReO 4.##偽分解(PIV正式分解)
54319	re/prezent/o⟦再/呈/o⟧:【PIV】Ago reprezenti.##偽分解
54320	re/prezent/at/o⟦再/呈/被/o⟧:【PIV】1 Tiu, kiu estas reprezentata de alia persono. 2 Vorto, kiun pron. (pronomo) anstatau^as en sekvanta prop. (propozicio): en la frazo «homo, kiu tiel agas, estas krimulo», la vorto «homo» estas la reprezentato de la rilativo «kiu».##偽分解
54321	re/prezent/ig/i⟦再/呈/使/i⟧:【PIV】Fari, ke iu reprezentu alian personon: la reg^o reprezentigis sin per sia c^efministro.##偽分解
54322	re/prezent/iv/ec/o⟦再/呈/能ᴵ/性/o⟧:【PIV】Kapablo reprezenti: agnoski, kontesti la reprezentivecon de persono, komitato.##偽分解
54337	re/sum/ad/o⟦再/总/行/o⟧:【PIV】Agado de tiu, kiu resumas: preni sur sin la resumadon de la financa raporto.##偽分解
54347	retin/al/o⟦网膜/al/o⟧:【生】【化】【PIV】Molekulo de la retino k de iuj prabakterioj, ellaborata el vitamino A: retinalo sorbas lumenergion.##偽分解(PIV正式分解)##過細分解 retin/a/l/o
54348	retin/it/o⟦网膜/炎ᵀ/o⟧:【医】【PIV】Inflamo de retino(j): sifilisa retinito.##偽分解
54349	retin/o/pati/o⟦网膜/o/病ᴾ/o⟧:【医】【PIV】Afekcio de la retino: diabeta retinopatio.##偽分解(PIV正式分解)
54350	retin/ol/o⟦网膜/ol/o⟧:【生】【化】【PIV】Kemia antau^anto de retinalo. Sin. (sinonimo) vitamino A.##偽分解(PIV正式分解)##過細分解 retin/o/l/o
54351	retin/ol/oid/o⟦网膜/ol/似ᴼ/o⟧:【化】【PIV】Derivaj^o el vitamino A, uzata kontrau^ hau^tmalsanoj.##偽分解(PIV正式分解)##過細分解 retin/o/l/oid/o
54356	re/tus^/o⟦再/触/o⟧:【PIV】Ago de tiu, kiu retus^as, k rezulto de tiu ago: oni apenau^ distingas la retus^ojn sur la pentraj^o.##偽分解
54361	reu^mat/o/log/o⟦风湿/o/学家/o⟧:【PIV】Specialisto pri reu^matologio.##偽分解
54362	reu^mat/o/logi/o⟦风湿/o/学ᴸᴳ/o⟧:【PIV】Studo de la diversaj reu^matismoj.##偽分解
54383	rib/oz/o⟦醋栗/糖ᴼ/o⟧:【化】【PIV】Sukero (pentozo), eltrovita en beroj de ribo, CH 2 OH(CHOH) 3 CHO; parto de la molekulo de la ribonukleaj acidoj. Vd ribo II.##偽分解(PIV正式分解)
54393	ricin/in/o⟦麻ᴿ/in/o⟧:【化】【PIV】Heterocikla, toksa substanco, C 8 H 8 O 2 N 2, de la semoj de ricino.##偽分解(PIV正式分解)
54394	ricin/lektin/o⟦麻ᴿ/lektin/o⟧:【化】【PIV】Ege toksa proteino de la semo de ricino, kiu senaktivigas la pli grandan subunuon de la eu^kariota ribosomo.##偽分解(PIV正式分解)
54409	rikeci/al/oj⟦rikeci/向/oj⟧:【PIV】Ordo (Rickettsiales) de diversformaj malgrandaj eu^bakterioj, enc^elaj parazitoj de vertebruloj.##偽分解(PIV正式分解)##過細分解 rikeci/a/l/oj
54426	rin/it/o⟦鼻ᴿ/炎ᵀ/o⟧:【医】【PIV】Inflamo de la naza mukozo.##偽分解(PIV正式分解)
54427	rin/o/logi/o⟦鼻ᴿ/o/学ᴸᴳ/o⟧:【PIV】Studo de la nazaj kavoj k de ties afekcioj.##偽分解
54428	rin/o/plasti/o⟦鼻ᴿ/o/塑ᴾᴸ/o⟧:【PIV】Vd (vidu) plastio.##偽分解(PIV正式分解)
54429	rin/o/skop/i/o⟦鼻ᴿ/o/镜ˢᴷ/i/o⟧:【PIV】Esplorado de la nazkavoj, au^ tra la naztruoj au^ tra la faringo, per spegulo.##偽分解(PIV正式分解)
54439	rink/o/cefal/oj⟦嘴/o/头ᶜ/oj⟧:【動】【PIV】Ordo (Rhynchocephalia) de reptilioj, kiujn karakterizas ostaj pontoj en la kranio; nur unu nun vivanta sp., sfenodonto.##偽分解##エス的分解
54440	rin/o/cer/ed/oj⟦鼻ᴿ/o/角/科ᴱ/oj⟧:【動】【PIV】Fam. (Familio) (Rhinocerotidae) de neparhufuloj, kies sp-oj (specioj) portas unu au^ du kornojn sur la nazo k vivas en Hindio, Indonezio k Afriko.##偽分解##エス的分解
54466	riz/o/morf/o⟦根ᴿᶻ/o/形ᴹ/o⟧:【植】【PIV】(pp (se paroli pri) fungoj) Radikforma organo el kunig^intaj hifoj, kun apeksa kreskozono k kun kortiko ofte tre diferenca de la interno.##偽分解##過細分解 r/i/z/o/morf/o
54467	riz/o/pod/oj⟦根ᴿᶻ/o/足ᴾᴼ/oj⟧:【動】【PIV】Superklaso (Rhizopoda) de protozooj kun c^efa formo amebeca, t.e. (tio estas) kun pseu^dopodoj: amebo, foraminiferoj, radiolarioj estas rizopodoj. Sin. (sinonimo) radikpieduloj. Vd ciliuloj, flageluloj, sporozooj.##偽分解##エス的分解##過細分解 r/i/z/o/pod/oj
54471	ro/e/oj⟦木ᴿ/e/oj⟧:【PIV】Tribo (Rhoeae) el la fam. (familio) anakardiacoj.##偽分解(PIV正式分解)##過細分解 r/o/e/oj
54497	Rom/i/a:【PIV】Rilata al Romio: la Romia kodo, civilizacio, arto. Vd romanika.##偽分解
54509	romb/o/edr/o⟦菱/o/面ᴱ/o⟧:【数】【PIV】Paralelepipedo, kies c^iuj edroj estas romboj.##偽分解
54510	romb/o/edr/a⟦菱/o/面ᴱ/a⟧:【PIV】1 De au^ karakterizata de romboedro. 2 (pp (se paroli pri) kristalsistemo) Havanta elementan c^elon, kiu estas romboedro.##偽分解
54519	ros/o/metr/o⟦露/o/计ᴹ/o⟧:【PIV】Aparato por mezuri per pesado la kvanton de estig^inta roso.##偽分解
54530	roz/anil/in/o⟦玫/草ᴬᴵ/in/o⟧:【化】【PIV】(kn (kolektiva nomo)) Anilinderivaj^o, trifenilmetana, karmina kolorilo, ankau^ fungicido.##偽分解(PIV正式分解)
54568	rut/in/o⟦草ᴿ/in/o⟧:【化】【薬】【PIV】Heterozido, C 27 H 30 O 16, ekstraktata el ruto k.a. (kaj aliaj) plantoj, i.a. (interalie, inter aliaj) el la g. (genro) citruso; medicine uzata (plifortigas la sangkapilarojn); unu el la konsistaj^oj de la vitamino P.##偽分解(PIV正式分解)
54569	rut/oz/id/o⟦草ᴿ/糖ᴼ/子/o⟧:【化】【PIV】Heterozido, C 27 H 30 O 16, ekstraktata el ruto k.a. (kaj aliaj) plantoj, i.a. (interalie, inter aliaj) el la g. (genro) citruso; medicine uzata (plifortigas la sangkapilarojn); unu el la konsistaj^oj de la vitamino P.##偽分解(PIV正式分解)
54573	ruteni/at/o⟦ruteni/盐ᴬ/o⟧:【化】【PIV】Salo de ruteniata acido H 2 RuO 4.##偽分解(PIV正式分解)
54597	sakar/at/o⟦蔗/盐ᴬ/o⟧:【化】【PIV】Metalderivaj^o de sakarido: kalcia sakarato.##偽分解(PIV正式分解)
54598	sakar/az/o⟦蔗/az/o⟧:【化】【PIV】Enzimo, kiu hidrolizas sakarozon al glukozo k fruktozo. Sin. (sinonimo) invertazo.##偽分解(PIV正式分解)
54599	sakar/id/o⟦蔗/子/o⟧:【化】【PIV】(kn (kolektiva nomo)) Polihidroksila aldehido au^ ketono (mono sakarido), au^ substanco (poli sakarido) liveranta per hidrolizo polihidroksilajn aldehidojn k/au^ ketonojn: multaj sakaridoj havas resuman formulon (CH 2 O) n k tial estas nomataj ankau^ karbonhidratoj; mono-, di-, tri-, oligo-, poli-sakarido. see ozo, heterozido, ozido, sukero, amelo, glikogeno, glucido.##偽分解(PIV正式分解)
54600	sakar/o/metr/o⟦蔗/o/计ᴹ/o⟧:【PIV】Polarimetro, indikanta la proporcion de sukero en solvaj^o.##偽分解(PIV正式分解)
54601	sakar/o/metri/o⟦蔗/o/测ᴹᵀ/o⟧:【PIV】Diversproceda dozado de la sukero entenata en likvo, precipe en urino.##偽分解
54602	sakar/o/micet/o⟦蔗/o/菌ᴹᶜ/o⟧:【植】【PIV】G. (Genro) (Saccharomyces el sakaromicetaloj) de mikroskopaj askofungoj; kosmopolita g. (genro) de c^. (c^irkau^) 40 sp-oj (specioj)##偽分解(PIV正式分解)
54621	salik/in/o⟦柳/in/o⟧:【化】【PIV】Glukozido, C 6 H 4 (O.C 6 H 11 O 5)CH 2 OH, kun sendolorigaj k kontrau^febraj ecoj, ekstraktata el la s^elo de salikoj.##偽分解(PIV正式分解)
54622	salik/oz/id/o⟦柳/糖ᴼ/子/o⟧:【PIV】Salikino.##偽分解(PIV正式分解)
54623	salik/at/o⟦柳/盐ᴬ/o⟧:【化】【PIV】Salo de salik(il)ata acido, uzata kontrau^ febro, doloro k inflamo (precipe c^e reu^matismoj).##偽分解(PIV正式分解)
54624	salik/il/at/o⟦柳/具/盐ᴬ/o⟧:【化】【PIV】Salo de salik(il)ata acido, uzata kontrau^ febro, doloro k inflamo (precipe c^e reu^matismoj).##偽分解(PIV正式分解)
54639	salping/it/o⟦卵管/炎ᵀ/o⟧:【医】【PIV】Inflamo de salpingo(j).##偽分解
54673	santal/in/o:【化】【PIV】Koloraj^o, ekstraktata el santalligno.##偽分解(PIV正式分解)
54674	santal/ol/o:【化】【PIV】C^efa substanco de santalesenco, miksaj^o el du izomeraj seskviterpenaj alkoholoj, C 15 H 24 O.##偽分解(PIV正式分解)##過細分解 santal/o/l/o
54691	sapr/o/fit/o⟦腐ˢᴿ/o/植ᶠ/o⟧:【PIV】1 Vegetaj^o, vivanta el sapro. Vd parazito, epifito. 2 Saprobakterio.##偽分解(PIV正式分解)
54692	sapr/o/zo/o⟦腐ˢᴿ/o/兽ᶻ/o⟧:【動】【PIV】Protozoo au^ metazoo, vivanta el sapro.##偽分解(PIV正式分解)
54739	sau^r/iski/oj⟦爬虫/坐骨/oj⟧:【動】【PIV】Ordo (Saurischia) de dinosau^roj herbovoraj k karnovoraj, inter ili la plej grandaj el c^iuj dinosau^roj. Vd ornitiskioj.##偽分解##エス的分解
54752	scintil/o/grafi/o⟦闪ˢᶜ/o/志ᴳ/o⟧:【医】【PIV】Skana procedo, per kiu oni videbligas la radioaktivecon de izotopo, afina al la esplorota organo au^ histo k enkondukita en la organismon ordinare per intravejna injekto.##偽分解
54753	scintil/o/gram/o⟦闪ˢᶜ/o/图ᴳᴹ/o⟧:【PIV】Skema perpunkta bildo de organo ricevita per scintilografio.##偽分解(PIV正式分解)##過細分解 scintil/o/g/r/a/m/o
54755	scintil/o/metr/o⟦闪ˢᶜ/o/计ᴹ/o⟧:【天】【PIV】Au^tomate registranta fotometro, por objektive observi la scintiladon de astroj.##偽分解
54772	sediment/o/log/o⟦沉ˢ/o/学家/o⟧:【PIV】Specialisto pri sedimentologio.##偽分解
54773	sediment/o/logi/o⟦沉ˢ/o/学ᴸᴳ/o⟧:【PIV】Scienco pri sedimentoj, sedimentig^o k sedimentaj petroj.##偽分解
54781	seism/o/graf/o⟦震ˢᴱ/o/记ᴳ/o⟧:【PIV】Aparato, por enregistri la horon, dau^ron k intenson de seismaj movoj.##偽分解(PIV正式分解)
54782	seism/o/gram/o⟦震ˢᴱ/o/图ᴳᴹ/o⟧:【PIV】Enskribo de seismografo.##偽分解(PIV正式分解)##過細分解 seism/o/g/r/a/m/o
54783	seism/o/log/o⟦震ˢᴱ/o/学家/o⟧:【PIV】Specialisto pri seismologio.##偽分解
54784	seism/o/logi/o⟦震ˢᴱ/o/学ᴸᴳ/o⟧:【PIV】Scienco pri la kau^zoj, efikoj, antau^videbloj ktp (kaj tiel plu) de seismoj.##偽分解
54793	sekreci/in/o⟦泌/女/o⟧:【生】【PIV】Sekretino.##偽分解(PIV正式分解)
54801	seks/o/log/o⟦性ˢ/o/学家/o⟧:【PIV】Specialisto pri seksologio.##偽分解
54802	seks/o/logi/o⟦性ˢ/o/学ᴸᴳ/o⟧:【PIV】Studo pri la seksaj problemoj, psikologiaj au^ patologiaj, c^e la homo. Vd Freu^do.##偽分解
54811	selen/at/o⟦矿ˢ/盐ᴬ/o⟧:【化】【PIV】Salo de selenata acido, H 2 SeO 4.##偽分解(PIV正式分解)
54812	selen/id/o⟦矿ˢ/化ᴵᴰ/o⟧:【化】【PIV】Salo de selenida acido, H 2 Se.##偽分解
54813	selen/it/o⟦矿ˢ/盐ᴵ/o⟧:【化】【PIV】Salo de selenita acido, H 2 SeO 3.##偽分解(PIV正式分解)
54823	semio/logi/o⟦符ˢᴱ/学ᴸᴳ/o⟧:【医】【PIV】1 Parto de la medicino pri la signoj de la malsanoj. 2 Scienco pri la sistemojn de signoj (lingvoj, kodoj k.a. (kaj aliaj)).##偽分解##強語根分解
54824	semio/logi/a⟦符ˢᴱ/学ᴸᴳ/a⟧:【PIV】Rilata al semiologio: havi nur semiologian valoron.##偽分解##強語根分解
54842	sens/o/metri/o⟦感ˢˢ/o/测ᴹᵀ/o⟧:【PIV】Mezurado de la sensiveco de la sensorganoj per specialaj aparatoj (ekz. (ekzemple) estezometro).##偽分解
54860	seps/emi/o⟦腐ˢ/血ᴱ/o⟧:【PIV】Kn (Kolektiva nomo) de la afekcioj, kau^zataj de la dissemig^o, en la organismon k pere de la sango, de infekto, kiu evoluas sen loka reago.##偽分解(PIV正式分解)
54864	ser/o/logi/o⟦血清/o/学ᴸᴳ/o⟧:【PIV】1 Studo de la modifoj de la sero sub la influo de diversaj malsanoj. 2 Serumologio.##偽分解
54865	serum/o/logi/o⟦serum/o/学ᴸᴳ/o⟧:【PIV】Studo de la diversaj serumoj k de ties ecoj.##偽分解##強語根分解
54881	ser/oz/o⟦血清/症ᴼ/o⟧:【解】【PIV】Membrano, konsistanta el du lamenoj (parieta k viscera), entenanta kavon, kiu ne komunikig^as kun la ekstero: la peritoneo k la pleu^roj estas serozoj.##偽分解
54882	ser/oz/aj^/o⟦血清/症ᴼ/物/o⟧:【PIV】Likvo koagulig^anta, kiel la limfo, k entenata en kavo de la serozoj. Vd seraj^o.##偽分解
54884	serpent/o/log/o⟦蛇/o/学家/o⟧:【PIV】Specialisto pri serpentologio.##偽分解
54885	serpent/o/logi/o⟦蛇/o/学ᴸᴳ/o⟧:【PIV】Scienco pri la serpentoj.##偽分解
54900	ses/tet/o⟦六/tet/o⟧:【楽】【PIV】1 Verko por ses voc^oj au^ ses instrumentoj. 2 Grupo de ses personoj, kiuj kantas au^ ludas tian verkon.##偽分解(PIV正式分解)##過細分解 ses/t/e/t/o
54925	sfigm/o/graf/o⟦脉ˢ/o/记ᴳ/o⟧:【PIV】Grafika instrumento, uzata por registri la pulsadon de arterio.##偽分解(PIV正式分解)
54926	sfigm/o/grafi/o⟦脉ˢ/o/志ᴳ/o⟧:【PIV】Arto k procedaro de registrado per sfigmografo. -> sfigmomanometro.##偽分解
54930	sfing/lipid/o⟦天蛾/脂ᴸᴾ/o⟧:【化】【PIV】Simpla au^ malsimpla lipido, konsistanta i.a. (interalie, inter aliaj) el sfingolo k grasa acido: sfinglipidoj estas gravaj konsistaj^oj de la vivmaterio, ekz. (ekzemple) de la mjelino.##偽分解(PIV正式分解)
54933	sial/o/gen/a⟦唾/o/生ᴳ/a⟧:【PIV】Estiganta salivon: sialogena reflekso.##偽分解(PIV正式分解)
54934	sial/ore/o⟦唾/ore/o⟧:【PIV】Tro abunda saliva sekrecio (g^is 4,5 litroj).##偽分解(PIV正式分解)
54974	silici/at/o⟦硅ˢᴵ/盐ᴬ/o⟧:【化】【PIV】1 Salo de siliciata acido, H 2 SiO 3 au^ alia hidrato (ekz. (ekzemple) H 4 SiO 4, H 2 Si 2 O 6): siliciata likvo, Na 2 SiO 3 au^ K 2 SiO 3, fluor siliciato (salo de fluor siliciata acido, H 2 SiF 5). Sin. (sinonimo) silikato. 2 C^iu mineralo, karakterizata de la struktura kvaredra elemento (SiO 4) ^4−: siliciata petro (precipe konsistanta el siliciatoj 2). Sin. (sinonimo) silikato.##偽分解(PIV正式分解)
54975	silici/id/o⟦硅ˢᴵ/化ᴵᴰ/o⟧:【PIV】Kombinaj^o de metalo kun silicio: zirkonia siliciido (Zr 5 Si 3).##偽分解
54976	silik/at/o⟦硅ˢᴷ/盐ᴬ/o⟧:【化】【地質】【PIV】Tradicia nomo de siliciato.##偽分解(PIV正式分解)
54984	silvi/kultur/o⟦莺/耕/o⟧:【PIV】= arbarkultivo.##偽分解##強語根分解##過細分解 s/i/l/v/i/kultur/o
55014	simpat/in/o⟦交感/in/o⟧:【生】【PIV】(ark. (arkaismo, arkaisme)) Substanco simila al adrenalino, k formig^anta c^e la finoj de la simpataj nervoj. Sin. (sinonimo) nor-adrenalino.##偽分解(PIV正式分解)
55015	simpat/ektomi/o⟦交感/除ᴱᴷ/o⟧:【医】【PIV】Desekco de simpata nervo.##偽分解(PIV正式分解)
55019	simptom/o/logi/o⟦症ˢ/o/学ᴸᴳ/o⟧:【PIV】Studo de la simptomoj de la malsanoj.##偽分解
55027	sin/artr/o⟦共ˢ/节ᴬᴿ/o⟧:【PIV】= senmova artiko.##偽分解##過細分解 s/i/n/artr/o
55046	sinkret/ism/a⟦混ˢ/主义/a⟧:【PIV】Rilata al sinkretismo: sinkretismaj tendencoj; sinkretisma doktrino, sekto.##偽分解##強語根分解
55047	sin/kron/ig/il/o⟦共ˢ/时ᴷ/使/具/o⟧:【PIV】Aparato, certiganta la sinkronecon de filmo.##偽分解##過細分解 s/i/n/k/r/o/n/ig/il/o
55048	sin/kron/o/skop/o⟦共ˢ/时ᴷ/o/镜ˢᴷ/o⟧:【PIV】Instrumento por montri, c^u du mas^inoj au^ funkciantaj partoj agas sinkrone.##偽分解##過細分解 s/i/n/k/r/o/n/o/skop/o
55050	sin/onim/ik/o⟦共ˢ/名ᴼ/学ᴵ/o⟧:【PIV】Scienco, celanta difini la senconuancojn inter la sinonimoj.##偽分解##過細分解 s/i/n/onim/ik/o
55052	sin/ost/o⟦共ˢ/骨/o⟧:【解】【PIV】(synostosis) Nemovebla artiko, devenanta el ostig^o de la histo kuniganta du ostojn de la kranio.##偽分解##過細分解 s/i/n/ost/o
55054	sinovi/it/o⟦滑ˢᴺ/炎ᵀ/o⟧:【医】【PIV】Inflamo de la sinovia membrano de artiko au^ de la vaginalo de tendeno.##偽分解
55056	sintez/az/o⟦合ˢ/az/o⟧:【生】【化】【PIV】Enzimo, kiu katalizas sintezon 3.##偽分解(PIV正式分解)
55082	skaf/o/pod/oj⟦skaf/o/足ᴾᴼ/oj⟧:【動】【PIV】Klaso (Scaphopoda) de moluskoj, kies konko havas formon de malgranda elefanta incizivo.##偽分解##エス的分解
55086	skan/o/graf/o⟦扫ˢ/o/记ᴳ/o⟧:【PIV】Aparato, ofte uzata medicine, kiu kreas bildon de la interno de io per komputila traktado de la informoj ricevitaj, skanante g^in per rentgenradioj, ultrasono ks (kaj simile, kaj similaj). -> radiografi.##偽分解(PIV正式分解)
55087	skan/o/grafi/o⟦扫ˢ/o/志ᴳ/o⟧:【PIV】La tekniko, per kiu funkcias skanografo.##偽分解
55094	skarifik/ator/o⟦划ˢᴷ/具ᴬ/o⟧:【PIV】Speciala multeklinga aparato, por skarifiki.##偽分解(PIV正式分解)
55110	skiz/o/micet/oj⟦草ˢ/o/菌ᴹᶜ/oj⟧:【PIV】(ark. (arkaismo, arkaisme)) = bakterioj, eksklude de la cianobakterioj.##偽分解(PIV正式分解)
55116	sklerot/it/o⟦巩膜/炎ᵀ/o⟧:【医】【PIV】Inflamo de skleroto(j) 1.##偽分解(PIV正式分解)
55131	skop/o/fil/i/o⟦镜ˢᴷ/o/爱ᶠ/i/o⟧:【PIV】Voluptocela rigardado de erotikaj vidaj^oj au^ agoj: skopofilio estas ordinara afero en la normala seksa vivo. Sin. (sinonimo) rigardado. Vd rigardulo.##偽分解##過細分解 skop/o/f/i/l/i/o
55140	skrap/ator/o⟦刮/具ᴬ/o⟧:【PIV】= skrapmas^ino. Vd bagro.##偽分解(PIV正式分解)
55190	sofr/o/log/o⟦sofr/o/学家/o⟧:【医】【PIV】Kuracisto, kiu praktikas sofrologion.##偽分解##強語根分解
55191	sofr/o/logi/o⟦sofr/o/学ᴸᴳ/o⟧:【PIV】Studo k terapeu^tika uzado de la reefiko sur la konscion k la organismon de diversaj psikosomataj teknikoj kiel sugestio, rilaksado, jogaj k zenaj teknikoj.##偽分解##強語根分解
55222	somat/o/gami/o⟦体ˢᵀ/o/配ᴳ/o⟧:【生】【PIV】(pp (se paroli pri) eu^kariotoj) Fekundig^o per kunig^o de c^eloj nedistingeblaj de la somataj.##偽分解(PIV正式分解)
55283	spele/o/log/o⟦洞ˢᴾ/o/学家/o⟧:【PIV】Specialisto pri speleologio.##偽分解
55287	sperm/icid/o⟦精液/杀/o⟧:【PIV】Substanco, mortiganta la spermatozoojn k uzata kiel loka, vagina antikoncipaj^o.##偽分解(PIV正式分解)
55288	sperm/in/o⟦精液/in/o⟧:【化】【PIV】Poliamino, H 2 N-(CH 2) 3-NH-(CH 2) 4-NH-(CH 2) 3-NH 2, tre parenca al spermidino, asociita kun la c^elaj DNA k RNA. Vd putrino.##偽分解(PIV正式分解)
55289	sperm/ore/o⟦精液/ore/o⟧:【医】【PIV】Polucio 1.##偽分解(PIV正式分解)
55293	spermat/o/cit/o⟦精ˢ/o/胞ᶜᴵ/o⟧:【生】【PIV】Virseksa c^elo, devenanta el spermatogonio, naskonta spermatozoon au^ spermation: unuavica (duploida) spermatocito, duavica (unuploida) spermatocito.##偽分解##過細分解 spermat/o/c/i/t/o
55294	spermat/o/fit/oj⟦精ˢ/o/植ᶠ/oj⟧:【植】【PIV】Grupego (eksa filumo Spermatophyta) de vaskulplantoj, kies reproduktorganoj (floroj) produktas semojn; nuna nomo de la florplantoj au^ fanerogamoj. Sin. (sinonimo) semplantoj: spermatofitoj inkludas du filumojn, gimnospermojn (au^ pinofitoj) k angiospermojn (au^ magnoliofitoj).##偽分解(PIV正式分解)
55295	spermat/o/genez/o⟦精ˢ/o/源ᴳ/o⟧:【生】【PIV】Estig^o k disvolvig^o de virseksaj c^eloj.##偽分解##強語根分解
55298	sperm/o/goni/o⟦精液/o/源ᴳᴼ/o⟧:【植】【PIV】Spermatiujo.##偽分解
55307	spion/it/o⟦谍/受/o⟧:【PIV】(fm (familiara, familiare)) Manio, ofte pro s^tata instigo, de personoj, kiuj suspektadas, ke spionoj svarmas c^ie c^irkau^ ili.##偽分解
55311	spir/o/metr/o⟦息/o/计ᴹ/o⟧:【医】【PIV】Aparato, per kiu oni mezuras la aervolumenon, kiun povas elpus^i la pulmoj c^e maksimuma elspiro post maksimuma enspiro.##偽分解
55312	spir/o/metri/o⟦息/o/测ᴹᵀ/o⟧:【PIV】Tia mezuro.##偽分解
55322	spiroket/al/oj⟦螺旋体/向/oj⟧:【PIV】Ordo (Spirochaetales) de helicoidaj eu^bakterioj, movig^emaj per du au^ pluraj lau^longaj, internaj flageloj; inkludas la parazitajn g-ojn spiroketo, borelio, leptospiro k treponemo. Vd spiriloj.##偽分解(PIV正式分解)##過細分解 spiroket/a/l/oj
55328	splankn/o/logi/o⟦splankn/o/学ᴸᴳ/o⟧:【医】【PIV】Anatomia fako pri la visceroj.##偽分解##強語根分解
55342	spor/o/fit/o⟦胞子/o/植ᶠ/o⟧:【植】【PIV】(pp (se paroli pri) plantoj havantaj alternadon de generacioj) Duploida generacio de planto, kiu devenas el la zigoto k ofte produktas sporojn (mejozajn k ofte ankau^ mitozajn). Vd gametofito.##偽分解(PIV正式分解)
55343	spor/angi/o⟦胞子/脉ᴬᴺ/o⟧:【植】【PIV】Organo au^ c^elo, ene produktanta sporojn: plurc^ela sporangio (c^e la pteridofitoj), unuc^ela sporangio (c^e iuj kromistoj, malsuperaj plantoj k malsuperaj fungoj).##偽分解
55344	spor/o/goni/o⟦胞子/o/源ᴳᴼ/o⟧:【植】【PIV】Sporofito de la briofitoj (muskoj k hepatmuskoj), tipe konsistanta el pedunkleto portanta kapsulon, en kiu formig^as sporoj.##偽分解
55345	spor/o/trik/o⟦胞子/o/织ᵀᴿ/o⟧:【植】【PIV】G. (Genro) (Sporothrix) de neperfektaj fungoj; 23 tre disvastig^intaj sp-oj (specioj), el kiuj S. schenkii estigas sporotrikozon.##偽分解##エス的分解
55346	spor/o/trik/oz/o⟦胞子/o/织ᵀᴿ/症ᴼ/o⟧:【医】【PIV】Parazita malsano, kau^zata de sp. de sporotriko k karakterizata de etaj gumabscesoj.##偽分解##エス的分解
55347	spor/o/trik/um/o⟦胞子/o/织ᵀᴿ/um/o⟧:【植】【PIV】G. (Genro) (Sporotrichum) kosmopolita de c^. (c^irkau^) 40 sp-oj (specioj) de neperfektaj fungoj.##偽分解##エス的分解
55348	spor/o/zo/oj⟦胞子/o/兽ᶻ/oj⟧:【PIV】Vd (vidu) zoo ①.##偽分解(PIV正式分解)
55369	staki/oz/o⟦水苏/糖ᴼ/o⟧:【化】【PIV】Sukero, tetrasakarido trovig^anta en plantoj, precipe el la fam. (familio) lamiacoj, sed ankau^ en la semoj de fabacoj.##偽分解(PIV正式分解)
55377	stan/at/o⟦锡/盐ᴬ/o⟧:【化】【PIV】Salo de stanata acido H 2 SnO 3.##偽分解(PIV正式分解)
55379	stan/it/o⟦锡/盐ᴵ/o⟧:【化】【PIV】Salo de stanita acido H 2 SnO 2.##偽分解(PIV正式分解)
55399	steat/ore/o⟦脂ˢᵀ/ore/o⟧:【PIV】Abundo da grasoj 1 en la fekaj^oj.##偽分解(PIV正式分解)
55408	stekio/metri/o⟦配比/测ᴹᵀ/o⟧:【化】【PIV】Studo de la proporcioj, lau^ kiuj kombinig^as inter si la kemiaj elementoj.##偽分解##強語根分解
55409	stekio/metri/a⟦配比/测ᴹᵀ/a⟧:【PIV】Kalkulebla k determinebla lau^ la leg^oj k metodoj de stekiometrio. -> stih^ometrio.##偽分解##強語根分解
55417	sten/o/grafi/a⟦sten/o/志ᴳ/a⟧:【PIV】Rilata al la stenografio.##偽分解
55418	sten/o/graf/ist/o⟦sten/o/记ᴳ/家/o⟧:【PIV】Homo, kies profesio estas stenografi.##偽分解(PIV正式分解)
55419	sten/o/graf/ist/in/o⟦sten/o/记ᴳ/家/女/o⟧:【PIV】Homo, kies profesio estas stenografi.##偽分解(PIV正式分解)
55420	sten/o/tip/ist/in/o⟦sten/o/型/家/女/o⟧:【PIV】Sekretari(in)o, uzanta stenotipon.##偽分解
55426	stereo/plan/i/graf/o⟦立体/划/i/记ᴳ/o⟧:【PIV】Optika instrumento, ebliganta la uzon de fotoj por fari mapojn.##偽分解(PIV正式分解)
55428	stereo/tomi/o⟦立体/切ᵀᴹ/o⟧:【PIV】Scienco pri la tajlado de s^tonoj, blokoj ks (kaj simile, kaj similaj), uzataj en arkitektura konstruado por arkaj^o, volbo ks (kaj simile, kaj similaj).##偽分解
55431	steril/iz/ator/o⟦不育/化/具ᴬ/o⟧:【PIV】Aparato por sterilizi. Vd au^toklavo.##偽分解(PIV正式分解)
55443	steto/skop/ad/o⟦胸ˢ/镜ˢᴷ/行/o⟧:【PIV】Ago stetoskopi.##偽分解##強語根分解
55444	steto/skop/i/o⟦胸ˢ/镜ˢᴷ/i/o⟧:【PIV】Arto k scienco esplori per stetoskopado.##偽分解##強語根分解
55448	stih^/o/metri/o⟦stih^/o/测ᴹᵀ/o⟧:【PIV】Drama interparolo, en kiu c^iu repliko estas entenata g^uste en po unu verso.##偽分解##強語根分解
55461	stimul/in/o⟦激ˢ/in/o⟧:【生】【化】【PIV】Organisma substanco (precipe pp (se paroli pri) hormono), kiu stimulas la agadon de organo, ekz. (ekzemple) glando.##偽分解(PIV正式分解)
55477	stomat/it/o⟦口ˢ/炎ᵀ/o⟧:【PIV】Kn (Kolektiva nomo) de la inflamoj de la bus^a mukozo: afta, mugeta, hidrarga stomatito.##偽分解(PIV正式分解)
55478	stomat/o/log/o⟦口ˢ/o/学家/o⟧:【PIV】Specialisto pri stomatologio.##偽分解
55479	stomat/o/logi/o⟦口ˢ/o/学ᴸᴳ/o⟧:【PIV】Parto de la medicino, pri la bus^o k la dentoj.##偽分解
55480	stomat/o/skop/o⟦口ˢ/o/镜ˢᴷ/o⟧:【PIV】Speguleto de kuracisto au^ dentisto, por esplori la bus^on.##偽分解(PIV正式分解)
55481	stomat/o/skop/i/o⟦口ˢ/o/镜ˢᴷ/i/o⟧:【PIV】Arto k scienco esplori per stomatoskopo.##偽分解(PIV正式分解)
55488	strab/o/metr/o⟦斜ˢ/o/计ᴹ/o⟧:【PIV】Instrumento, uzata por mezuri la devion de la du vidaksoj en la strabismo.##偽分解
55489	strab/o/tomi/o⟦斜ˢ/o/切ᵀᴹ/o⟧:【PIV】Kirurgia transs^ovo de iuj muskoloj, por korekti la strabismon.##偽分解
55494	strat/i/graf/o⟦层ˢᵀ/i/记ᴳ/o⟧:【PIV】Specialisto pri stratigrafio.##偽分解##過細分解 s/t/r/a/t/i/graf/o
55495	strat/i/grafi/o⟦层ˢᵀ/i/志ᴳ/o⟧:【PIV】Scienco pri la sinsekvoj de la sedimentaj demetaj^oj (g^enerale tavolig^intaj): stratigrafiaj principoj; stratigrafia skalo.##偽分解##過細分解 s/t/r/a/t/i/grafi/o
55531	strobo/skop/i/o⟦闪ˢ/镜ˢᴷ/i/o⟧:【PIV】Metodo de observado per stroboskopo.##偽分解##強語根分解
55534	strofant/in/o⟦木ˢᴼ/in/o⟧:【化】【PIV】Kortonika glukozido, ekstraktata el kelkaj sp-oj (specioj) de strofanto (precipe S. gratus, S. kombe k S. sarmentosus).##偽分解(PIV正式分解)
55551	stup/har/a⟦填ˢ/毛/a⟧:【PIV】Havanta harojn similajn al stupo per sia flavhela koloro.##偽分解
55564	suber/in/o⟦木栓/in/o⟧:【化】【植】【PIV】Organika substanco akvo-k gas-imuna, c^efa konsistaj^o de la muro de la suberaj c^eloj.##偽分解(PIV正式分解)
55595	sukcen/at/o⟦sukcen/盐ᴬ/o⟧:【化】【PIV】Salo de sukcenata acido, COOH(CH 2) 2 COOH, etandikarbonata acido, trovig^anta en sukceno.##偽分解(PIV正式分解)
55597	suker/at/o⟦糖/盐ᴬ/o⟧:【化】【PIV】Salo de sukerata acido, C 6 H 10 O 8, oksidig^a produkto de glukozo.##偽分解(PIV正式分解)
55609	sulf/at/anhidrid/o⟦硫/盐ᴬ/anhidrid/o⟧:【PIV】Sulfur-trioksido.##偽分解(PIV正式分解)
55610	sulf/cian/at/o⟦硫/青/盐ᴬ/o⟧:【PIV】(ark. (arkaismo, arkaisme)) = tiocianato.##偽分解(PIV正式分解)
55611	sulf/it/anhidrid/o⟦硫/盐ᴵ/anhidrid/o⟧:【PIV】Sulfurdioksido.##偽分解(PIV正式分解)
55613	sulf/at/amid/o⟦硫/盐ᴬ/amid/o⟧:【化】【PIV】Amido de sulfata acido, H 2 N-S(O 2)-NH 2.##偽分解(PIV正式分解)
55616	sulfam/at/o⟦氨硫/盐ᴬ/o⟧:【化】【PIV】Salo de sulfamata acido H 2 NSO 3 H: amonia sulfamato, NH 4 SO 3 NH 2, estas grava herbicido.##偽分解(PIV正式分解)
55617	sulf/imid/o⟦硫/imid/o⟧:【化】【PIV】(kn (kolektiva nomo)) Imido de karboksisulfonata acido, entenanta la grupon-C(O)-N(H)-S(O 2)-. Vd sakarino.##偽分解(PIV正式分解)
55619	sulfin/at/o⟦硫ˢᴺ/盐ᴬ/o⟧:【化】【PIV】Salo de sulfinata acido, kun g^enerala formulo R-S(O)OH.##偽分解(PIV正式分解)
55622	sulfon/at/o⟦sulfon/盐ᴬ/o⟧:【化】【PIV】Salo au^ estero de sulfonata acido kun g^enerala formulo R-S(O 2)OH: p-toluensulfonata acido, CH 3-C 6 H 4-S(O 2)OH estas grava reakcianto.##偽分解(PIV正式分解)
55623	sulfon/amid/o:【化】【PIV】R-S(O 2)NH 2, amido de sulfonata acido: multaj sulfonamidoj estas baktericidaj. Sin. (sinonimo) sulfamid/o .##偽分解(PIV正式分解)
55624	sulfon/il/o⟦sulfon/具/o⟧:【化】【PIV】La radiko ≻SO 2 en organikaj molekuloj: p -toluensulfonila klorido CH 3 C 6 H 4 S(O 2)Cl, estas grava sinteza k analiza reakcianto. Vd sulfurilo.##偽分解(PIV正式分解)
55627	sulfur/il/o⟦硫ˢᴿ/具/o⟧:【化】【PIV】1 La radiko ≻SO 2 en neorganikaj substancnomoj: sulfurila klorido, SO 2 Cl 2. Vd sulfonilo. 2 Aparato por sulfuri.##偽分解(PIV正式分解)
55651	supremat/ism/o⟦supremat/主义/o⟧:【PIV】Formo de abstraktismo, karakterizata de pure geometriaj konstruaj^oj.##偽分解##強語根分解
55709	s^arg^/ator/o⟦载/具ᴬ/o⟧:【PIV】S^ovelmas^ino.##偽分解(PIV正式分解)
55829	S^van/om/o:【医】【PIV】Tumoro, devenanta de la c^elaj elementoj de la S^vana ingo.##偽分解(PIV正式分解)##過細分解 S^van/o/m/o
55872	take/o/metr/o⟦take/o/计ᴹ/o⟧:【PIV】Speco de simpligita teodolito, servanta por rapide maldetale desegni la mapon de tereno, ebligante determini la c^efajn punktojn (angulojn, distancon) k la nivelojn.##偽分解##強語根分解
55873	take/o/metri/o⟦take/o/测ᴹᵀ/o⟧:【PIV】Tuto de la procedoj, per kiuj oni faras topografian mapon pere de takeometro. Vd teodolito.##偽分解##強語根分解
55874	taki/graf/o⟦速ᵀ/记ᴳ/o⟧:【技】【PIV】Aparato kiu au^tomate registras la rapidon de veturilo sub formo de diagramo.##偽分解(PIV正式分解)
55875	taki/kardi/o⟦速ᵀ/心ᴷᴰ/o⟧:【生】【医】【PIV】Normala au^ nenormala akcelo de la kora pulsado.##偽分解(PIV正式分解)
55876	taki/metr/o⟦速ᵀ/计ᴹ/o⟧:【PIV】(evi (evitinda)) = rapidometro.##偽分解(PIV正式分解)
55889	tal/fit/oj⟦距ᵀ/植ᶠ/oj⟧:【植】【PIV】Grupego de plantoj (Thallophyta), nenatura, al kiu apartenas algoj, parto de la briofitoj (talaj hepatmuskoj) k lau^ malnovaj klasifikoj ankau^ bakterioj, cianobakterioj, fungoj k likenoj. Sin. (sinonimo) talplantoj.##偽分解(PIV正式分解)
55890	tal/o/fit/oj⟦距ᵀ/o/植ᶠ/oj⟧:【植】【PIV】Grupego de plantoj (Thallophyta), nenatura, al kiu apartenas algoj, parto de la briofitoj (talaj hepatmuskoj) k lau^ malnovaj klasifikoj ankau^ bakterioj, cianobakterioj, fungoj k likenoj. Sin. (sinonimo) talplantoj.##偽分解(PIV正式分解)
55912	Tanganjik/i/o:【PIV】Eksa nomo de Tanzanio.##偽分解
55916	tantal/at/o⟦金ᵀᴺ/盐ᴬ/o⟧:【化】【PIV】Salo de (nestabila) tantala acido, H 3 TaO 4.##偽分解(PIV正式分解)
55936	tars/algi/o⟦足根/痛ᴬ/o⟧:【医】【PIV】Doloro c^e la tarso 1.##偽分解(PIV正式分解)
55944	tarz/it/o⟦眼板/炎ᵀ/o⟧:【医】【PIV】Inflamo de tarzo(j).##偽分解(PIV正式分解)
55964	te/in/o⟦茶/女/o⟧:【PIV】(ark. (arkaismo, arkaisme)) = kafeino el teo.##偽分解(PIV正式分解)
55968	teba/in/o⟦鸦片ᵀ/in/o⟧:【化】【PIV】Unu el la alkaloidoj de opio, sen narkota efiko, sed uzata en la sintezo de morfinaj derivaj^oj.##偽分解(PIV正式分解)
55972	tefi/gram/o⟦tefi/图ᴳᴹ/o⟧:【PIV】Diagrama papero por pritaksoj aerologiaj.##偽分解##過細分解 tefi/g/r/a/m/o
55985	teknik/o/logi/o⟦技/o/学ᴸᴳ/o⟧:【PIV】Teknologio.##偽分解
56006	tele/fon/aj^/o⟦远/声ᶠᴼ/物/o⟧:【PIV】Informo, komunikita per telefono.##偽分解
56007	tele/fon/i/o⟦远/声ᶠᴼ/i/o⟧:【PIV】1 Sistemo de transsendado de sonoj je distanco per elektraj kurentoj au^ ondoj: konduktila, senfadena telefonio. 2 Praktika organizo de tia sistemo: interurba telefonio.##偽分解
56008	tele/grafi/a⟦远/志ᴳ/a⟧:【PIV】Rilata al telegrafio: la telegrafia administracio.##偽分解
56009	tele/kinez/o⟦远/动ᴷᶻ/o⟧:【PIV】Supozata ago de la menso al la materio, pli speciale movo de objekto per la sola menso: telekinezo estis g^is nun neniam pruvita.##偽分解(PIV正式分解)
56016	tele/pati/a⟦远/情/a⟧:【PIV】Rilata al telepatio: telepatia komunikig^o.##偽分解(PIV正式分解)
56022	teli/micet/oj⟦teli/菌ᴹᶜ/oj⟧:【菌】【PIV】Klaso (Teliomycetes el bazidimikotoj) de superaj, mikroskopaj fungoj septabazidiaj, parazitaj al semplantoj; ampleksas precipe la uredalojn; c^. (c^irkau^) 7 130 sp-oj (specioj) el 167 g-oj (genroj).##偽分解(PIV正式分解)
56023	teli/o/micet/oj⟦teli/o/菌ᴹᶜ/oj⟧:【菌】【PIV】Klaso (Teliomycetes el bazidimikotoj) de superaj, mikroskopaj fungoj septabazidiaj, parazitaj al semplantoj; ampleksas precipe la uredalojn; c^. (c^irkau^) 7 130 sp-oj (specioj) el 167 g-oj (genroj).##偽分解(PIV正式分解)
56028	telur/it/o⟦矿ᵀ/盐ᴵ/o⟧:【化】【PIV】Salo de telurita acido.##偽分解(PIV正式分解)
56047	tenden/it/o⟦筋ᵀ/炎ᵀ/o⟧:【医】【PIV】Inflamo de tendeno.##偽分解
56048	tenden/o/tomi/o⟦筋ᵀ/o/切ᵀᴹ/o⟧:【PIV】Tranc^o de tendeno.##偽分解
56055	teni/icid/o⟦条虫/杀/o⟧:【医】【PIV】Medikamento, uzata por mortigi teniojn.##偽分解(PIV正式分解)
56059	tensi/metr/o⟦压ᵀ/计ᴹ/o⟧:【医】【PIV】Aparato por mezuri tension: arteria, okula tensimetro.##偽分解
56060	tensi/metri/o⟦压ᵀ/测ᴹᵀ/o⟧:【医】【PIV】Mezuro de diversaj tensioj: vejna tensimetrio.##偽分解
56065	teobrom/in/o⟦木ᵀᴮ/in/o⟧:【化】【PIV】Alkaloido, C 7 H 8 O 2 N 4, trovig^anta precipe en kakao, kune kun kafeino k teofilino.##偽分解(PIV正式分解)
56072	te/o/goni/o⟦神ᵀ/o/源ᴳᴼ/o⟧:【宗】【PIV】Genealogio de la dioj de politeisma popolo.##偽分解##過細分解 t/e/o/goni/o
56088	terat/o/gen/a⟦畸/o/生ᴳ/a⟧:【PIV】Tia, ke g^i produktas gravajn anomaliojn: teratogena medikamento, radiado.##偽分解(PIV正式分解)
56089	terat/om/o⟦畸/瘤/o⟧:【医】【PIV】Nomo de kompleksaj tumoroj kun multaj histoj.##偽分解(PIV正式分解)##過細分解 terat/o/m/o
56093	terebint/in/o⟦木ᵀᴿ/女/o⟧:【PIV】1 Flava au^ bruna, duonfluida esencrezino (vera terebintino), els^vitaj^o el terebinto. 2 Esencrezino, els^vitaj^o de diversaj koniferoj, precipe de pino.##偽分解(PIV正式分解)
56104	termin/o/log/o⟦词ᵀ/o/学家/o⟧:【PIV】Fakulo pri terminologio.##偽分解
56109	term/o/gen/a⟦热ᵀ/o/生ᴳ/a⟧:【PIV】= varmoestiga.##偽分解(PIV正式分解)##過細分解 t/e/r/m/o/gen/a
56110	term/o/genez/o⟦热ᵀ/o/源ᴳ/o⟧:【生】【PIV】Varmoproduktado (pp (se paroli pri) vivulo).##偽分解(PIV正式分解)##過細分解 t/e/r/m/o/genez/o
56111	term/o/graf/o⟦热ᵀ/o/记ᴳ/o⟧:【PIV】Aparato por au^tomata registrado de temperaturvariado.##偽分解(PIV正式分解)##過細分解 t/e/r/m/o/graf/o
56126	testik/it/o⟦丸ᵀ/炎ᵀ/o⟧:【医】【PIV】Orkidito.##偽分解
56137	tetra/gram/o⟦四ᵀ/字ᴳᴹ/o⟧:【聖】【PIV】La nomo de la hebrea Dio, skribita per kvar literoj (JHVH). -> Javeo, Jehovo.##偽分解(PIV正式分解)##過細分解 tetra/g/r/a/m/o
56163	tif/oid/a⟦疹/似ᴼ/a⟧:【PIV】Tia, ke g^i similas al tifo: tifoidaj afekcioj; tifoida stato (stuporo k malvigleco).##偽分解
56170	tikso/trop/a⟦触ᵀᴷ/向ᵀ/a⟧:【理】【PIV】(pp (se paroli pri) likvo) Havanta, post agitado, pli grandan viskozon ol antau^e.##偽分解
56171	tikso/trop/ec/o⟦触ᵀᴷ/向ᵀ/性/o⟧:【PIV】Eco de io tiksotropa.##偽分解
56184	timian/ol/o⟦百里香/ol/o⟧:【化】【PIV】Timolo.##偽分解(PIV正式分解)##過細分解 timian/o/l/o
56208	tip/o/graf/art/o⟦型/o/记ᴳ/艺/o⟧:【PIV】Tipografio.##偽分解(PIV正式分解)
56209	tip/o/grafi/ej/o⟦型/o/志ᴳ/所/o⟧:【PIV】Parto de presejo, en kiu oni tipografie kompostas k/au^ presas.##偽分解
56210	tip/o/logi/o⟦型/o/学ᴸᴳ/o⟧:【PIV】Esplorado, kies celo estas la klasifiko de studataj objektoj per antau^difinitaj kriterioj.##偽分解
56223	tire/o/tomi/o⟦甲状ᵀᴱ/o/切ᵀᴹ/o⟧:【PIV】(entranc^o de la tireoida kartilago. Vd laringotomio).##偽分解
56229	tiro/gene/a:【医】【PIV】Kau^zita de la tiroido.##偽分解(PIV正式分解)
56230	tiro/trop/a⟦tiro/喻/a⟧:【医】【PIV】Tiroidostimula: la tirotropa hormono (de hipofizo).##偽分解(PIV正式分解)
56232	tiroid/it/o⟦甲状/炎ᵀ/o⟧:【医】【PIV】Inflamo de la tiroido.##偽分解
56233	tiroid/ektomi/o⟦甲状/除ᴱᴷ/o⟧:【PIV】Ablacio de la tiroido.##偽分解(PIV正式分解)
56235	tiroid/stimul/in/o⟦甲状/激ˢ/in/o⟧:【生】【PIV】Tiroidostimula hormono.##偽分解(PIV正式分解)
56244	titan/at/o⟦金ᵀᵀ/盐ᴬ/o⟧:【化】【PIV】Salo de titana acido, H 2 TiO 3.##偽分解(PIV正式分解)
56264	toks/o/mani/ul/o⟦毒ᵀ/o/狂/者/o⟧:【PIV】Malsanulo trafita de toksomanio.##偽分解
56273	Tom/ist/o:【PIV】Adepto de tiu sistemo.##偽分解(PIV正式分解)##過細分解 T/o/m/ist/o
56276	tom/o/graf/o⟦tom/o/记ᴳ/o⟧:【医】【PIV】Aparato, per kiu oni ricevas radiografion de maldika organtavolo je difinita profundo.##偽分解(PIV正式分解)
56277	tom/o/grafi/o⟦tom/o/志ᴳ/o⟧:【PIV】Radiologia esplorprocedo per tomografo.##偽分解
56278	ton/al/a⟦调/al/a⟧:【PIV】Rilata al tonalo.##偽分解
56279	ton/al/ec/o⟦调/al/性/o⟧:【PIV】La organizo de la tonoj k akordoj lau^ la tonalo(j) de komponaj^o.##偽分解
56292	tonsil/ektomi/o⟦扁桃ᵀ/除ᴱᴷ/o⟧:【医】【PIV】Fortranc^o de la palataj tonsiloj.##偽分解(PIV正式分解)
56297	topo/graf/i⟦地ᵀᴾ/记ᴳ/i⟧:【PIV】(tr (transitiva)) Skizi au^ desegni la surfacon de tereno au^ regionparto, k noti la mezurojn distancajn k angulajn necesajn, por povi poste fari grafikan desegnaj^on (planon).##偽分解
56298	topo/grafi/a⟦地ᵀᴾ/志ᴳ/a⟧:【PIV】Rilata al la topografio: topografia mezurado. Vd geodezio, takeometrio.##偽分解
56299	topo/log/o⟦地ᵀᴾ/学家/o⟧:【PIV】Specialisto pri topologio.##偽分解
56300	topo/logi/o⟦地ᵀᴾ/学ᴸᴳ/o⟧:【PIV】1 Branc^o de la matematiko, kie oni studas kontinuecon, konverg^on, dimension k ties algebrajn ecojn. 2 Topologia strukturo de iu aro, t.e. (tio estas) la dono de la nocio de malfermita subaro de la aro: la plej gravaj topologiaj spacoj plenumas la apartigan aksiomon de Hausdorff.##偽分解
56306	tord/o/metr/o⟦拧/o/计ᴹ/o⟧:【技】【PIV】Arang^aj^o por mezuri la gradon de tordo c^e dratoj, fadenoj ks (kaj simile, kaj similaj).##偽分解
56315	torn/ad/o⟦旋/行/o⟧:【気】【PIV】Fortega rotacianta atmosfera perturbo lau^diametre relative malgranda. Vd ciklono, trombo.##偽分解(衝突語)
56355	trake/o/fit/oj⟦气管/o/植ᶠ/oj⟧:【植】【PIV】Vaskulplantoj.##偽分解(PIV正式分解)
56392	trau^mat/o/logi/o⟦创ᵀ/o/学ᴸᴳ/o⟧:【PIV】Parto de la patologio pri la vundoj k aliaj trau^matoj.##偽分解
56411	treponem/icid/o⟦密螺旋体/杀/o⟧:【PIV】Substanco, mortiganta la treponemojn: treponemicida efiko de hidrargo k bismuto.##偽分解(PIV正式分解)
56414	tri/tet/o⟦三/tet/o⟧:【楽】【PIV】1 Komponaj^o konsistanta el tri partoj au^ por tri ludantoj. 2 La ludantaro de tia komponaj^o.##偽分解(PIV正式分解)##過細分解 tri/t/e/t/o
56419	tribo/metri/o⟦tribo/测ᴹᵀ/o⟧:【PIV】Tiu parto de la fiziko, kiu esploras k kalkulas la frotfortojn, k ties efikojn.##偽分解##強語根分解##過細分解 t/r/i/b/o/metri/o
56435	trigon/o/metri/a⟦三角ᵀᴿ/o/测ᴹᵀ/a⟧:【PIV】Rilata al trigonometrio: trigonometriaj funkcioj (sinuso, kosinuso, tangento, kotangento, sekanto, kosekanto). Vd ciklometria.##偽分解
56438	trih^/o/pter/oj⟦trih^/o/翅/oj⟧:【PIV】= trikopteroj.##偽分解##エス的分解
56441	trik/o/micet/oz/o⟦毛ᵀ/o/菌ᴹᶜ/症ᴼ/o⟧:【PIV】Harmalsano, kau^zata de fungo.##偽分解(PIV正式分解)
56442	trik/o/pati/o⟦毛ᵀ/o/病ᴾ/o⟧:【PIV】Kn (Kolektiva nomo) de la haraj malsanoj.##偽分解(PIV正式分解)
56443	trik/o/plazi/o⟦毛ᵀ/o/生ᴾᴸ/o⟧:【PIV】Nenormala kreskado de haroj sur mukozo: trikoplazio de la urina veziko. Vd hirtismo.##偽分解(PIV正式分解)
56449	trik/o/pter/oj⟦毛ᵀ/o/翅/oj⟧:【動】【PIV】Ordo (Trichoptera) de insektoj kun pupa stadio, malakra suc^rostro k har-au^ skvam-kovritaj flugiloj, la antau^aj pergamenecaj, la postaj membranecaj k faldeblaj; la larvoj vivas en akvo, krom unu escepto, g^enerale en ingo, kovrita per vegetaj^aj pecetoj, s^tonetoj ks (kaj simile, kaj similaj). see frigano.##偽分解##エス的分解
56452	tri/lob/it/oj⟦三/叶ᴸ/受/oj⟧:【PIV】= trilobuloj (Vd (vidu) lobo)##偽分解(PIV正式分解)
56467	tripsin/o/gen/o⟦tripsin/o/生ᴳ/o⟧:【PIV】Neaktiva antau^anto de tripsino.##偽分解(PIV正式分解)
56472	tri/som/a⟦三/体ˢᴹ/a⟧:【PIV】Vd (vidu) -som/ ①.##偽分解(PIV正式分解)
56483	trofo/neu^r/oz/o⟦trofo/神经ᴺᵁ̆/症ᴼ/o⟧:【PIV】= trofineu^rozo (Vd (vidu) neu^ro).##偽分解(PIV正式分解)
56496	tromb/ektomi/o⟦栓ᵀ/除ᴱᴷ/o⟧:【PIV】Ablacio de trombo el incizita vaskulo.##偽分解(PIV正式分解)
56501	tromb/o/cit/o⟦栓ᵀ/o/胞ᶜᴵ/o⟧:【解】【PIV】Globuleto.##偽分解##過細分解 tromb/o/c/i/t/o
56523	tuberkul/in/iz/ad/o⟦结ᵀ/女/化/行/o⟧:【PIV】1 (ark. (arkaismo, arkaisme)) Memtoksig^o per tuberkulino, produktita de la baciloj. 2 Injekto de tuberkulino, por montri la ekziston de tuberkulozo.##偽分解(PIV正式分解)
56525	tuberkul/oz/a⟦结ᵀ/症ᴼ/a⟧:【PIV】Rilata al tuberkulozo: tuberkuloza (au^: Koh^a) mikobakterio.##偽分解
56532	tuj/an/o⟦即/员ᴬ/o⟧:【化】【PIV】Simpla, unucikla monoterpeno, C 10 H 18, kies derivaj^oj estas gravaj natursubstancoj, i.a. (interalie, inter aliaj) tujolo k tujono.##偽分解(PIV正式分解)##過細分解 t/u/j/a/n/o
56533	tuj/ol/o⟦即/ol/o⟧:【化】【PIV】Alkohola monoterpeno, C 10 H 17 OH, trovig^anta i.a. (interalie, inter aliaj) en absinto.##偽分解(PIV正式分解)##過細分解 t/u/j/o/l/o
56534	tuj/on/o⟦即/分/o⟧:【化】【PIV】Ketona monoterpeno, C 10 H 16 O, trovig^anta i.a. (interalie, inter aliaj) en tujo k absinto.##偽分解(PIV正式分解)##過細分解 t/u/j/o/n/o
56587	ulv/o/fic/oj⟦藻ᵁ/o/藻ᶠᶜ/oj⟧:【植】【PIV】Klaso (Ulvophyceae el klorofitoj) de multac^elaj verdalgoj g^enerale grandaj, foliecaj au^ tubformaj. Sin. (sinonimo) kloroficoj.##偽分解(PIV正式分解)
56621	uro/grafi/o⟦尿ᵁᴼ/志ᴳ/o⟧:【PIV】Radiografio de la urina aparato, post injekto de substanco opaka al la X-radioj.##偽分解##強語根分解
56622	uro/log/o⟦尿ᵁᴼ/学家/o⟧:【PIV】Specialisto pri urologio.##偽分解##強語根分解
56623	uro/logi/o⟦尿ᵁᴼ/学ᴸᴳ/o⟧:【PIV】Tiu parto de la medicino, kiu studas la urinan aparaton.##偽分解##強語根分解
56624	ur/at/o⟦原牛/盐ᴬ/o⟧:【PIV】Unu el la saloj de la urata acido, kiu povas precipitig^i en la organismo, au^ en la artikoj (Vd podagro) au^ en la urinaj vojoj (Vd litiazo).##偽分解(PIV正式分解)##過細分解 u/r/at/o
56625	ur/at/emi/o⟦原牛/被/血ᴱ/o⟧:【生】【医】【PIV】C^eesto au^ kvanto de urata acido en la sango: hiper uratemio. -> ureemio, uremio.##偽分解(PIV正式分解)##過細分解 u/r/at/emi/o
56636	ure/az/o⟦尿素/az/o⟧:【化】【PIV】Enzimo de iuj bakterioj, kiu malkomponas ureon al karbondioksido k amoniako.##偽分解(PIV正式分解)
56637	ure/emi/o⟦尿素/血ᴱ/o⟧:【生】【PIV】Enesto de ureo en la sango, uzata por taksi uremion.##偽分解(PIV正式分解)
56639	ured/al/oj⟦锈ᵁ/向/oj⟧:【PIV】Ordo de mikroskopaj fungoj (Uredinales el bazidimikotoj) parazitaj al vaskulplantoj, havantaj spermatiojn au^ sporojn, kiuj c^e la unuopaj sp-oj (specioj) apartenas al unu g^is kvin el la jenaj stadiformoj: O-formo au^ spermatiuj-formo, I-formo au^ eci-formo, II-formo au^ uredosporuj-formo, III-formo au^ teli-formo k IV-formo au^ bazidi-formo; la vivociklo povas lau^ la sp-oj (specioj) okazi c^e nur unu parazitata planto au^ alterne, iuj stadioj sur unu planto, aliaj sur diferenca planto; c^. (c^irkau^) 7 000 sp-oj (specioj) el 164 g-oj (genroj). Sin. (sinonimo) rustofungoj.##偽分解(PIV正式分解)##過細分解 ured/a/l/oj
56645	urin/at/o⟦尿/被/o⟧:【PIV】= urato.##偽分解(PIV正式分解)
56646	urin/o/logi/o⟦尿/o/学ᴸᴳ/o⟧:【医】【PIV】Studo de la urinoj.##偽分解
56647	urin/o/metr/o⟦尿/o/计ᴹ/o⟧:【医】【PIV】Ilo por mezuri la relativan denson de urino.##偽分解
56648	urin/ore/o⟦尿/ore/o⟧:【医】【PIV】Nenormala trourinado.##偽分解(PIV正式分解)
56649	urin/o/skop/i/o⟦尿/o/镜ˢᴷ/i/o⟧:【医】【PIV】Klinika esploro de urino.##偽分解
56660	ustilag/al/oj⟦菌ᵁᵀ/向/oj⟧:【菌】【PIV】Ordo (Ustilaginales el ustilagomicetoj el bazidimikotoj) de mikroskopaj bazidifungoj, kun la c^efaj karakteroj de ustilago.##偽分解(PIV正式分解)##過細分解 ustilag/a/l/oj
56662	uter/it/o⟦宫ᵁ/炎ᵀ/o⟧:【医】【PIV】Inflama afekcio de la utero.##偽分解
56669	uve/it/o⟦葡萄膜/炎ᵀ/o⟧:【医】【PIV】Inflamo de uveo(j).##偽分解(PIV正式分解)
56681	vag/o/tomi/o⟦荡/o/切ᵀᴹ/o⟧:【医】【PIV】Sekco de la vago.##偽分解
56684	vagin/algi/o⟦阴道/痛ᴬ/o⟧:【PIV】Dolora kontrakturo de la vagino.##偽分解(PIV正式分解)
56686	vaginal/it/o⟦套ⱽ/炎ᵀ/o⟧:【医】【PIV】Inflamo de vaginalo.##偽分解(PIV正式分解)
56708	valer/lakton/o:【化】【PIV】C 5 H 8 O 2.##偽分解(PIV正式分解)
56728	vanil/in/o⟦香兰/in/o⟧:【化】【PIV】C^efa odoraj^o el vanilo, CH 3 OC 6 H 3 (OH)CHO.##偽分解(PIV正式分解)
56740	vari/o/metr/o⟦变ⱽ/o/计ᴹ/o⟧:【PIV】1 Variigebla indukta bobeno, servanta por mezuroj, agordo de anteno, ktp (kaj tiel plu). 2 Aparato, por mezuri la aerpreman s^ang^ig^on.##偽分解
56761	vaskul/it/o⟦脉ⱽˢ/炎ᵀ/o⟧:【医】【PIV】Inflamo de vaskulo(j).##偽分解(PIV正式分解)
56778	veksil/o/logi/o⟦旗ⱽ/o/学ᴸᴳ/o⟧:【PIV】Flagoscienco.##偽分解##強語根分解
56799	vener/o/logi/o⟦性病/o/学ᴸᴳ/o⟧:【PIV】Studo de la veneraj malsanoj, sifiliso, blenoragio, mola s^ankro, aidoso k.a. (kaj aliaj)##偽分解
56848	verumontan/it/o⟦精丘/炎ᵀ/o⟧:【医】【PIV】Inflamo de la verumontano.##偽分解(PIV正式分解)
56865	vibr/ator/o⟦振/具ᴬ/o⟧:【PIV】Aparato vibranta, pro la motoro, kiun g^i entenas en si, k uzata por densigi, kompaktigi betonon per vibrado.##偽分解(PIV正式分解)
56867	vibr/a/fon/o⟦振/a/声ᶠᴼ/o⟧:【楽】【PIV】Speco de ksilofono, sed kun metalaj lamenoj kun elektronika amplifo.##偽分解(PIV正式分解)
56891	vin/o/log/o⟦酒/o/学家/o⟧:【PIV】Specialisto pri vinologio.##偽分解
56892	vin/o/logi/o⟦酒/o/学ᴸᴳ/o⟧:【PIV】Scienco pri la farado de vinoj.##偽分解
56897	vink/amin/o⟦蔓春/amin/o⟧:【化】【PIV】Hipotensiiga k antikancera substanco, C 21 H 26 N 2 O 3, kvincikla indolderivaj^o, ekstraktata el la eta vinko.##偽分解
56916	virus/o/log/o⟦毒ⱽᴿ/o/学家/o⟧:【PIV】Fakulo pri virusologio.##偽分解
56917	virus/o/logi/o⟦毒ⱽᴿ/o/学ᴸᴳ/o⟧:【PIV】Studo pri la virusoj k virusozoj.##偽分解
56926	vit/o/logi/o⟦葡/o/学ᴸᴳ/o⟧:【PIV】La scienco pri la diversaj vitospecoj, iliaj priskriboj, devenoj k scienca klasifikado.##偽分解
56927	vitamin/o/logi/o⟦vitamin/o/学ᴸᴳ/o⟧:【PIV】Studo de la vitaminoj k de iliaj efikoj sur la organismoj.##偽分解
56928	vitamin/o/terapi/o⟦vitamin/o/疗/o⟧:【PIV】Kuracado per vitaminoj.##偽分解
56938	viv/ul/icid/o⟦活/者/杀/o⟧:【PIV】Substanco, mortiganta tre diversaspeciajn vivulojn. Sin. (sinonimo) biocido. Vd fungicido, insekticido, mikrobicido.##偽分解(PIV正式分解)
56989	vuajer/ism/o⟦vuajer/主义/o⟧:【PIV】= skopofilio.##偽分解##強語根分解
56994	vulkan/o/log/o⟦火山/o/学家/o⟧:【PIV】Specialisto pri vulkanologio.##偽分解
56995	vulkan/o/logi/o⟦火山/o/学ᴸᴳ/o⟧:【PIV】Scienco pri la vulkanoj.##偽分解
56997	vulv/it/o⟦外阴/炎ᵀ/o⟧:【医】【PIV】Inflamo de la vulvo.##偽分解
57007	ze/in/o⟦草ᶻ/in/o⟧:【化】【PIV】Proteino el la prolamina grupo.##偽分解(PIV正式分解)
57032	zink/at/o⟦锌/盐ᴬ/o⟧:【化】【PIV】Salo de teoria zinkata acido H 2 ZnO 2.##偽分解(PIV正式分解)
57041	zo/o/morf/a⟦兽ᶻ/o/形ᴹ/a⟧:【PIV】Zooforma.##偽分解(PIV正式分解)
57072	bradi/pod/o⟦bradi/足ᴾᴼ/o⟧:【動】【PIV】G. (Bradypus) de S-Amerikaj mamuloj el la ordo de ksenartroj, kun tre longaj membroj, trifingraj k fortaj ungegoj, kiuj vivas pendante k malrapide grimpante sub arbobranc^oj. bradipedoj. Fam. (Bradypodidae) de ksenartroj, al kiu apartenas bradipo k unau^o.##偽分解##エス的分解
57129	hemat/o/pod/o⟦血ᴴᵀ/o/足ᴾᴼ/o⟧:【動】【PIV】G. (Haematopus) de birdoj el la ordo de karadriformaj, i.a. H. ostralegus (marpigo), blanka k nigra kun rug^aj beko k kruroj, vivanta c^e la NU marbordoj de Eu^ropo.##偽分解##エス的分解
57136	hiper/krit/a⟦超/临界/a⟧:【PIV】= superkrita.##偽分解
57185	Lid/i/a:【PIV】Virina nomo. = Lidja##偽分解
57192	makro/pod/o⟦宏ᴹ/足ᴾᴼ/o⟧:【動】【PIV】G. (Macropus) de kanguruoj, Au^straliaj saltantaj marsupiuloj kun tre longaj postaj kruroj. Vd valabio. makropedoj. Fam. (Macropodidae) de marsupiuloj, al kiu apartenas i.a. makropo k ampleksanta la kanguruojn.##偽分解##エス的分解
57226	pter/o/pod/o⟦翅/o/足ᴾᴼ/o⟧:【動】【PIV】G. (Pteropus) de mamuloj el la ordo de kiropteroj, grandaj fruktomang^antaj vespertoj, vivantaj en Afriko, Azio k Oceanio; «flughundoj».##偽分解##エス的分解
57341	gastr/o/enter/it/o⟦胃ᴳ/o/肠ᴱ/炎ᵀ/o⟧:【PIV】Vd (vidu) gastro.##偽分解(PIV正式分解)
57344	hemi/anopsi/o⟦半/盲ᴬ/o⟧:【PIV】Anopsio en duono (dekstra au^ maldekstra) de la vidokampo.##偽分解(PIV正式分解)
57383	toks/o/mani/o⟦毒ᵀ/o/狂/o⟧:【PIV】Vd (vidu) tokso.##偽分解
57401	limf/aden/it/o⟦淋ᴸ/腺ᴬ/炎ᵀ/o⟧:【医】【PIV】Inflamo de limfonodo(j).##偽分解(PIV正式分解)
57402	limf/aden/o/pati/o⟦淋ᴸ/腺ᴬ/o/病ᴾ/o⟧:【PIV】C^iu afekcio de la limfonodoj.##偽分解(PIV正式分解)
57408	ne/aer/o/bi/a⟦不/气/o/生ᴮᴵ/a⟧:【PIV】Aertolera.##偽分解##過細分解 ne/aer/o/b/i/a
57452	mono/al/o⟦单/al/o⟧:【PIV】Aldehido kun unu, du grupoj-CH=O. Vd -ol/.##偽分解(PIV正式分解)##過細分解 mono/a/l/o
57453	di/al/o⟦二ᴰᴵ/al/o⟧:【PIV】Aldehido kun unu, du grupoj-CH=O. Vd -ol/.##偽分解(PIV正式分解)##過細分解 d/i/a/l/o
57455	fen/il/alanin/o⟦fen/基/alanin/o⟧:【化】【PIV】Aromata aminacido, C 6 H 5-CH 2-CH(NH 2)-COOH, unu el la 20 c^efaj aminacidoj de la proteinoj, esenca por la homo.##偽分解(PIV正式分解)##過細分解 f/e/n/il/alanin/o
57461	tio/aldehid/o:【PIV】= tialo.##偽分解(PIV正式分解)##過細分解 t/i/o/aldehid/o
57469	cikl/o/alk/an/o⟦环ᶜ/o/alk/an/o⟧:【PIV】Molekulo simila al alkano, sed kun unu ciklo en la karbona skeleto, ekz. (ekzemple) ciklopropano.##偽分解(PIV正式分解)##過細分解 cikl/o/a/l/k/a/n/o
57470	cikl/o/alk/adien/o⟦环ᶜ/o/alk/adien/o⟧:【PIV】Molekulo simila al alkadieno (resp. (respektive) alkeno), sed kun unu ciklo en la karbona skeleto, ekz. (ekzemple) 1,3-cikloheksadieno.##偽分解(PIV正式分解)##過細分解 cikl/o/a/l/k/adien/o
57471	cikl/o/alk/en/o⟦环ᶜ/o/alk/en/o⟧:【PIV】Molekulo simila al alkadieno (resp. (respektive) alkeno), sed kun unu ciklo en la karbona skeleto, ekz. (ekzemple) 1,3-cikloheksadieno.##偽分解(PIV正式分解)##過細分解 cikl/o/a/l/k/e/n/o
57472	cikl/o/alk/in/o⟦环ᶜ/o/alk/女/o⟧:【PIV】Molekulo simila al alkino, sed kun unu ciklo en la karbona skeleto.##偽分解(PIV正式分解)##過細分解 cikl/o/a/l/k/in/o
57475	tio/alkohol/o⟦tio/醇/o⟧:【化】【PIV】Tiolo.##偽分解(PIV正式分解)##過細分解 t/i/o/alkohol/o
57501	tio/amid/o:【PIV】= tiokarboksiamido.##偽分解(PIV正式分解)##過細分解 t/i/o/amid/o
57502	tio/karb/oksi/amid/o⟦tio/炭/氧/amid/o⟧:【化】【PIV】C(S)NH 2.##偽分解(PIV正式分解)##過細分解 t/i/o/karb/oksi/amid/o
57506	met/il/amin/o⟦甲/基/amin/o⟧:【化】【PIV】CH 3-NH 3, incita alkala gaso uzata en sintezoj.##偽分解(PIV正式分解)##過細分解 m/e/t/il/amin/o
57519	frid/an/estez/o⟦冷ᶠ/无ᴬ/感ᴱ/o⟧:【PIV】Anestezo per malvarmo.##偽分解##過細分解 frid/a/n/estez/o
57521	kole/angi/it/o⟦胆ᴷ/脉ᴬᴺ/炎ᵀ/o⟧:【医】【PIV】Inflamo de la galaj kanaloj.##偽分解(PIV正式分解)
57522	limf/angi/it/o⟦淋ᴸ/脉ᴬᴺ/炎ᵀ/o⟧:【PIV】Limfangito.##偽分解
57523	limf/angi/om/o⟦淋ᴸ/脉ᴬᴺ/om/o⟧:【PIV】Angiomo el limfaj angioj.##偽分解(PIV正式分解)##過細分解 limf/angi/o/m/o
57544	but/il/hidr/oksi/aniz/ol/o⟦丁/基/水ᴴ/氧/果ᴬ/ol/o⟧:【化】【PIV】C 11 H 16 O 2 (BHA), antioksidanto uzata por malhelpi la rancig^adon de mang^aj^oj. Vd butilhidroksitolueno.##偽分解(PIV正式分解)##過細分解 b/u/t/il/h/i/d/r/oksi/aniz/o/l/o
57617	pseu^do/artr/o⟦伪ᴾ/节ᴬᴿ/o⟧:【PIV】Okaza artiko, iafoje formig^anta post ostorompo.##偽分解(PIV正式分解)
57658	di/azot/o⟦二ᴰᴵ/氮ᴬ/o⟧:【化】【PIV】La funkcio N=N ^+ k la tre reakciema radikalo-N=N·: diazotmetano, CH 2 N 2, estas grava reakcianto en organika sintezo; aromataj diazotaj saloj estas gravaj reakciantoj en la sintezo de multaj organikaj farboj. Vd azoo.##偽分解(PIV正式分解)##過細分解 d/i/azot/o
57659	di/azot/i⟦二ᴰᴵ/氮ᴬ/i⟧:【化】【PIV】(tr (transitiva)) Enkonduki diazotan grupon en molekulon. Sin. (sinonimo) diazoniigi.##偽分解(PIV正式分解)##過細分解 d/i/azot/i
57660	di/azot/at/o⟦二ᴰᴵ/氮ᴬ/盐ᴬ/o⟧:【化】【PIV】Salo de la nestabila diazotata acido Ar-N=N-OH.##偽分解(PIV正式分解)##過細分解 d/i/azot/at/o
57664	tio/bacil/o⟦tio/菌ᴮᶜ/o⟧:【PIV】G. (Genro) (Thiobacillus) de acidtoleraj eu^bakterioj, kiuj produktas energion per oksidado de sulfuro al sulfato (ekz. (ekzemple) T. thiooxydans) au^ ankau^ de ferozaj al ferikaj jonoj (T. ferooxidans). Vd ferbakterioj, tiobakterio, purpurbakterioj, verdbakterioj, varmegbakterioj.##偽分解(PIV正式分解)##過細分解 t/i/o/bacil/o
57681	met/an/bakteri/oj⟦置/an/菌ᴮ/oj⟧:【PIV】Grupo de prabakterioj, kiuj produktas metanon el hidrogeno k karbondioksido au^ organikaj acidoj; vivas en senaeraj subakvaj sedimentoj k produktas grandan parton de la marc^aj gasoj.##偽分解(PIV正式分解)##過細分解 m/e/t/a/n/bakteri/oj
57685	tio/bakteri/o⟦tio/菌ᴮ/o⟧:【PIV】G. (Genro) (Thiobacterium) de acidtoleraj eu^bakterioj, kiuj produktas energion per oksidado de sulfuro au^ tiosulfato al sulfato. Vd tiobacilo.##偽分解##過細分解 t/i/o/bakteri/o
57695	term/o/ban/o⟦热ᵀ/o/浴/o⟧:【PIV】Varmo banejo.##偽分解(PIV正式分解)##過細分解 t/e/r/m/o/ban/o
57761	fen/il/benzen/o⟦fen/基/benzen/o⟧:【化】【PIV】C 6 H 5-C 6 H 5. Sin. (sinonimo) bifenilo.##偽分解(PIV正式分解)##過細分解 f/e/n/il/benzen/o
57762	izo/prop/il/benzen/o⟦等ᴵ/丙/基/benzen/o⟧:【化】【PIV】C 6 H 5-CH(CH 3) 2, industria antau^anto de fenolo, acetono, metilstireno. Sin. (sinonimo) kumeno.##偽分解(PIV正式分解)
57788	kosm/o/bio/logi/o⟦宇/o/生ᴮᴼ/学ᴸᴳ/o⟧:【PIV】Studo (g^is nun nur teoria) pri la supozataj vivuloj au^ fosilioj ekster Tero.##偽分解
57789	radi/o/bio/logi/o⟦射ᴿ/o/生ᴮᴼ/学ᴸᴳ/o⟧:【PIV】Scienco pri la efikoj de la jonigaj radiadoj al la vivuloj k ties konsistaj^oj (de molekuloj g^is la organismo).##偽分解
57837	tetra/bor/at/o⟦四ᵀ/矿ᴮ/盐ᴬ/o⟧:【化】【PIV】Salo de tetra borata acido, H 2 B 4 O 7.##偽分解(PIV正式分解)
57838	fluor/bor/at/o⟦气ᶠ/矿ᴮ/盐ᴬ/o⟧:【化】【PIV】Salo de fluor borata acido, HBF 4.##偽分解(PIV正式分解)
57842	term/o/botel/o⟦热ᵀ/o/瓶/o⟧:【PIV】Varmizola botelo, kun duoblaj parietoj, inter kiuj oni faris vakuon. Sin. (sinonimo) varmo botelo 1.##偽分解(PIV正式分解)##過細分解 t/e/r/m/o/botel/o
57862	mikro/brec^i/o⟦微/角砾岩/o⟧:【PIV】Brec^io el rokfragmentoj inter 1/16 k 2 mm (milimetro(j)).##偽分解(PIV正式分解)
57889	poli/o/bulb/it/o⟦多ᴾ/o/球ᴮ/受/o⟧:【医】【PIV】Epidemia malsano simila al poliomjelito, sed trafanta la oblongan mjelon.##偽分解(PIV正式分解)
57926	izo/cian/at/o⟦等ᴵ/青/盐ᴬ/o⟧:【化】【PIV】Organika derivaj^o de la nestabila izocianata acido HNCO: metilizocianato, CH 3-N=C=O, estas grava industria kemiaj^o.##偽分解(PIV正式分解)
57927	izo/tio/cian/at/o⟦等ᴵ/tio/青/盐ᴬ/o⟧:【化】【PIV】Organika derivaj^o de izotiocianata acido HNCS: fenilizotiocianato, C 6 H 5-NCS, estas reakcianto en la sekvencado de proteinoj.##偽分解(PIV正式分解)##過細分解 izo/t/i/o/cian/at/o
57928	tio/cian/at/o⟦tio/青/盐ᴬ/o⟧:【PIV】Salo au^ organika derivaj^o de tiocianata acido HSCN.##偽分解(PIV正式分解)##過細分解 t/i/o/cian/at/o
57947	el/cit/oz/o⟦出/胞ᶜᴵ/症ᴼ/o⟧:【PIV】Alekstera movig^o de veziketo, kiu kunig^as kun la c^ela membrano, eligante sian enhavon eksteren: multaj sekrecioj eliras de c^elo per ekzocitozo.##偽分解##過細分解 el/c/i/t/oz/o
57948	ekzo/cit/oz/o⟦外ᴱᶻ/胞ᶜᴵ/症ᴼ/o⟧:【PIV】Alekstera movig^o de veziketo, kiu kunig^as kun la c^ela membrano, eligante sian enhavon eksteren: multaj sekrecioj eliras de c^elo per ekzocitozo.##偽分解##過細分解 ekzo/c/i/t/oz/o
57949	en/cit/oz/o⟦内/胞ᶜᴵ/症ᴼ/o⟧:【PIV】Alinterna movig^o (kalikig^o) de parto de la c^ela membrano, kies rezulto estas enc^ela veziko entenanta ion solidan au^ likvan de la ekstero: fagocitado estas endocitozo, per kiu solidaj nutraj^oj penetras en la c^elon.##偽分解##過細分解 en/c/i/t/oz/o
57950	endo/cit/oz/o⟦内ᴱᴰ/胞ᶜᴵ/症ᴼ/o⟧:【PIV】Alinterna movig^o (kalikig^o) de parto de la c^ela membrano, kies rezulto estas enc^ela veziko entenanta ion solidan au^ likvan de la ekstero: fagocitado estas endocitozo, per kiu solidaj nutraj^oj penetras en la c^elon.##偽分解##過細分解 endo/c/i/t/oz/o
57999	bicikl/o[4.4.0]/dek/an/o⟦车ᴮᶜ/o[4.4.0]/癸/an/o⟧:【化】【PIV】C 10 H 18, iomete mentodora likvo, uzata kiel industria solvanto por vaksoj, lakoj; produkto de la hidrogenado de naftaleno. Sin. (sinonimo) dekalino.##偽分解(PIV正式分解)##過細分解 bicikl/o[4.4.0]/dek/a/n/o
58008	lakt/o/dens/o/metr/o⟦乳/o/密/o/计ᴹ/o⟧:【PIV】Densometro, por mezuri denson k purecon de lakto.##偽分解
58018	vitr/o/dent/in/o⟦玻/o/齿/in/o⟧:【動】【PIV】Vitrobrila, malmola substanco, kiu tegas la dentinon de la denta krono de la nemamulaj vertebruloj.##偽分解(PIV正式分解)
58034	faz/dia/gram/o⟦相ᶠ/通ᴰ/图ᴳᴹ/o⟧:【理】【化】【PIV】Diagramo, montranta la stabilajn fazojn k faztransirojn de iu substanco kiel funkciojn de la termodinamikaj variabloj ekz. (ekzemple) premo (P), volumeno (V) k temperaturo (T).##偽分解##過細分解 faz/dia/g/r/a/m/o
58035	nivel/dia/gram/o⟦平ᴺ/通ᴰ/图ᴳᴹ/o⟧:【PIV】Diagramo, montranta la variadon de la niveloj (de tensio, kurentintenso, povumo) lau^longe de transsenda sistemo, ekz. (ekzemple) konduktolineo.##偽分解##過細分解 nivel/dia/g/r/a/m/o
58051	kvantum/krom/o/dinamik/o⟦量子/色ᴷᴹ/o/力ᴰ/o⟧:【PIV】Kampteorio, pri la forta nuklea interago.##偽分解(PIV正式分解)
58093	sub/domin/ant/o⟦下/治ᴰ/在/o⟧:【楽】【PIV】Tono je kvarta distanco de la toniko.##偽分解
58094	super/domin/ant/o⟦上ˢᴾ/治ᴰ/在/o⟧:【楽】【PIV】Tono je sesta distanco de la toniko.##偽分解
58123	plen/du/t/o⟦满/二/t/o⟧:【PIV】Plej granda intervalo inter du sinsekvaj tonoj de diatona gamo.##偽分解(PIV正式分解)
58124	du/on/du/t/o⟦二/分/二/t/o⟧:【PIV】En la Okcidenta muziko, la plej malgranda intervalo inter du sinsekvaj tonoj: E-F estas diatona duon duto; F-F diesa estas kromata duon duto. Vd temperi 2.##偽分解(PIV正式分解)
58136	pseu^do/efedr/in/o⟦伪ᴾ/木ᴱᶠ/in/o⟧:【化】【PIV】Natura optika izomero de efedrino, uzata por mildigi katarsimptomojn.##偽分解(PIV正式分解)
58160	pale/o/eko/log/o⟦古ᴾᴬ/o/境ᴱ/学家/o⟧:【生態】【PIV】Specialisto pri paleo ekologio.##偽分解
58161	pale/o/eko/logi/o⟦古ᴾᴬ/o/境ᴱ/学ᴸᴳ/o⟧:【PIV】Ekologio de la biosfero en la pasinteco, ekde la apero de la vivo sur Tero.##偽分解
58162	radi/o/eko/logi/o⟦射ᴿ/o/境ᴱ/学ᴸᴳ/o⟧:【生態】【PIV】Scienco pri la efikoj de la jonigaj radiadoj al la ekosistemoj, i.a. (interalie, inter aliaj) pri la radioaktiva poluado.##偽分解
58182	valent/elektr/on/o⟦价ⱽ/电/子ᴼ/o⟧:【理】【化】【PIV】Elektrono libera por formi ligojn.##偽分解
58184	term/o/element/o⟦热ᵀ/o/素/o⟧:【電】【PIV】Aparato, enhavanta termoparon en elektra kontakto kun hejta elemento el drato, k uzata por mezuri malgrandajn kurentojn.##偽分解(PIV正式分解)##過細分解 t/e/r/m/o/element/o
58190	poli/o/encefal/it/o⟦多ᴾ/o/脑ᴱ/炎ᵀ/o⟧:【医】【PIV】Epidemia malsano simila al poliomjelito, sed trafanta la encefalon.##偽分解(PIV正式分解)
58210	hiper/eritr/o/cit/emi/o⟦超/红ᴱ/o/胞ᶜᴵ/血ᴱ/o⟧:【医】【PIV】Enesto de tro da eritrocitoj en la sango. Vd hiperglobulemio.##偽分解##過細分解 hiper/eritr/o/c/i/t/emi/o
58233	hiper/estez/o⟦超/感ᴱ/o⟧:【PIV】Hipersensiveco.##偽分解(PIV正式分解)
58234	hipo/estez/o⟦亚/感ᴱ/o⟧:【PIV】Hiposensiveco.##偽分解(PIV正式分解)
58235	sen/estez/ig/i⟦无/感ᴱ/使/i⟧:【医】【PIV】Anestezi.##偽分解(PIV正式分解)
58238	poli/et/en/o⟦多ᴾ/小/en/o⟧:【PIV】Mola, travidebla plasto, el kiu oni faras sakojn, skatolojn, ktp (kaj tiel plu).##偽分解(PIV正式分解)##過細分解 poli/e/t/e/n/o
58241	tio/eter/o:【化】【PIV】Organika sulfido.##偽分解(PIV正式分解)##過細分解 t/i/o/eter/o
58337	di/met/oksi/fen/ol/o⟦神/置/氧/焚风/ol/o⟧:【PIV】Gvajakolo.##偽分解(PIV正式分解)##過細分解 d/i/m/e/t/oksi/f/e/n/o/l/o
58338	poli/klor/bi/fen/il/o⟦多ᴾ/氯/生ᴮᴵ/fen/基/o⟧:【化】【生態】【PIV】Sintezita substanco, uzata i.a. (interalie, inter aliaj) en kondensatoroj, kiu estas tre persista en la medio k i.a. (interalie, inter aliaj) perturbas la reproduktig^on de fokoj.##偽分解(PIV正式分解)##過細分解 poli/klor/bi/f/e/n/il/o
58339	tio/fen/ol/o:【化】【PIV】C 6 H 5-SH.##偽分解(PIV正式分解)##過細分解 t/i/o/f/e/n/o/l/o
58353	heksa/cian/o/fer/at/o⟦六ᴴᴬ/青/o/铁/盐ᴬ/o⟧:【化】【PIV】Salo de heksacianofer(III)ata acido H 3 au^ de heksacianofer(II)ata acido H 4 : heksacianofer(III)ato, heksacianofer(II)ato.##偽分解(PIV正式分解)
58384	mi/o/fibr/it/o⟦肌/o/纤/炎ᵀ/o⟧:【医】【PIV】Inflamo de la konektivo senpere c^irkau^anta la faskojn de skeletaj muskol fibroj.##偽分解(PIV正式分解)
58404	nitr/o/gen/fiks/ad/o⟦氮/o/生ᴳ/定/行/o⟧:【生態】【PIV】Fiksado de la atmosfera nitrogeno fare de bakterioj liberaj au^ simbiozantaj kun plantoj, i.a. (interalie, inter aliaj) fabacoj. -> nodeto 2.##偽分解(PIV正式分解)
58443	plant/fizi/o/logi/o⟦植/物理ᶠᴵ/o/学ᴸᴳ/o⟧:【植】【PIV】Fiziologio de la plantoj.##偽分解
58444	psik/o/fizi/o/logi/o⟦心ᴾˢ/o/物理ᶠᴵ/o/学ᴸᴳ/o⟧:【PIV】Scienco pri la rilatoj inter la psikaj k la fiziologiaj faktoj.##偽分解
58464	mikro/flau^r/o⟦微/植相/o⟧:【PIV】Flau^ro 2.##偽分解
58465	lakt/o/flav/in/o⟦乳/o/黄/女/o⟧:【PIV】= ribo flavino.##偽分解(PIV正式分解)
58466	rib/o/flav/in/o⟦醋栗/o/黄/in/o⟧:【化】【PIV】Flava, akvosolvebla substanco C 17 H 20 O 6 N 4 (vitamino B2), kies manko kau^zas i.a. (interalie, inter aliaj) lezojn de la hau^to k mukozoj: ribo flavino trovig^as libera en la naturo k ankau^ kiel konsistiga parto de kunenzimoj grave rolantaj en la c^ela metabolo. Vd flavnukleotido, flavoproteino.##偽分解(PIV正式分解)
58547	te/foli/in/o⟦茶/叶/in/o⟧:【化】【PIV】Teofilino.##偽分解(PIV正式分解)
58555	term/o/font/o⟦热ᵀ/o/泉/o⟧:【PIV】Fonto el varma k minerala akvo, uzata por kuracado.##偽分解(PIV正式分解)##過細分解 t/e/r/m/o/font/o
58608	hipo/fosf/it/o⟦亚/磷/盐ᴵ/o⟧:【化】【PIV】Salo de hipo fosfita acido, H 3 PO 2.##偽分解(PIV正式分解)
58609	meta/fosf/at/o⟦超ᴹ/磷/盐ᴬ/o⟧:【化】【PIV】Salo de meta fosfata acido, HPO 3.##偽分解(PIV正式分解)
58610	meta/fosf/it/o⟦超ᴹ/磷/盐ᴵ/o⟧:【化】【PIV】Salo de meta fosfita acido, HPO 2.##偽分解(PIV正式分解)
58611	pir/o/fosf/at/o⟦火ᴾ/o/磷/盐ᴬ/o⟧:【化】【PIV】Salo de piro fosfata acido, H 4 P 2 O 7.##偽分解(PIV正式分解)##過細分解 p/i/r/o/fosf/at/o
58612	super/fosf/at/o⟦上ˢᴾ/磷/盐ᴬ/o⟧:【化】【PIV】Kalcia acida fosfato, uzata kiel sterko, proksimuma formulo CaH 4 (PO 4) 2.##偽分解(PIV正式分解)
58613	tio/fosf/at/o⟦tio/磷/盐ᴬ/o⟧:【化】【PIV】Salo de tiofosfata acido, H 3 PO 3 S: adenoziltiofosfato, analogo de la nukleotido adenozil fosfato, estas uzata en biokemia esplorado.##偽分解(PIV正式分解)##過細分解 t/i/o/fosf/at/o
58620	radi/o/fot/o/graf/o⟦射ᴿ/o/拍/o/记ᴳ/o⟧:【PIV】Transsendo de fotografaj^oj, faksimilaj desegnaj^oj, skriboj ktp (kaj tiel plu) pere de elektromagnetaj ondoj.##偽分解(PIV正式分解)
58621	flagr/o/fot/o/metr/o⟦闪ᶠᴳ/o/光ᶠ/o/计ᴹ/o⟧:【PIV】Speco de fotometro, c^e kiu flagranta lumo estas uzata por mezurado de lumigo.##偽分解
58679	fen/ol/ftalein/o⟦焚风/ol/ftalein/o⟧:【PIV】Plej simpla, tricikla ftaleino, uzata kiel acid-alkala indikanto k laksiganto.##偽分解(PIV正式分解)##過細分解 f/e/n/o/l/ftalein/o
58719	pir/o/gajl/o⟦火ᴾ/o/树瘤/o⟧:【PIV】(evi (evitinda)) = pirogajlolo.##偽分解(PIV正式分解)##過細分解 p/i/r/o/gajl/o
58720	pir/o/gajl/ol/o⟦梨/o/树瘤/ol/o⟧:【化】【PIV】1,2,3-trihidroksi-benzeno, C 6 H 3 (OH) 3, produkto de la pirolizo de gajlata acido kun perdo de CO 2; g^i estas grava fotografia rivelanto.##偽分解(PIV正式分解)##過細分解 p/i/r/o/gajl/o/l/o
58725	vir/gamet/o/genez/o⟦男/配子/o/源ᴳ/o⟧:【PIV】Spermatogenezo.##偽分解(PIV正式分解)
58743	sun/gener/ator/o⟦阳/生ᴳᴿ/具ᴬ/o⟧:【PIV】Generatoro, uzanta la energion de la suno por produkti elektron.##偽分解(PIV正式分解)
58744	bio/genez/o⟦生ᴮᴼ/源ᴳ/o⟧:【生】【PIV】1 Estig^o de la vivo sur tero. 2 (ark. (arkaismo, arkaisme)) Estig^o de vivulo el alia vivulo. Vd ontogenezo, filogenezo, abiogenezo.##偽分解
58771	met/il/glik/ol/o⟦甲/基/糖ᴳᴵ/ol/o⟧:【PIV】1,2−propandiolo.##偽分解(PIV正式分解)##過細分解 m/e/t/il/glik/o/l/o
58772	penta/metilen/glik/ol/o⟦五ᴾ/亚甲/糖ᴳᴵ/ol/o⟧:【化】【PIV】HO-(CH 2) 5-OH, viskeca, oleeca likvo uzata en bremsfluidoj, poliesteraj plastoj k gluoj.##偽分解(PIV正式分解)##過細分解 penta/metilen/glik/o/l/o
58781	hetero/glob/in/o⟦异ᴴ/球ᴳ/in/o⟧:【化】【生】【PIV】Heteroproteino, konsistanta el hemo k globino, kiu transportas au^ staplas oksigenon.##偽分解(PIV正式分解)
58782	hemoglobin/emi/o⟦hemoglobin/血ᴱ/o⟧:【医】【PIV】C^eesto de hemo globino en la sangoplasmo au^ resp. (respektive) en la urino, pro hemolizo.##偽分解(PIV正式分解)
58783	hemoglobin/uri/o⟦hemoglobin/尿/o⟧:【医】【PIV】C^eesto de hemo globino en la sangoplasmo au^ resp. (respektive) en la urino, pro hemolizo.##偽分解(PIV正式分解)
58785	mi/o/glob/in/o⟦肌/o/球ᴳ/in/o⟧:【化】【生】【PIV】Muskol globino.##偽分解(PIV正式分解)
58786	muskol/glob/in/o⟦筋/球ᴳ/女/o⟧:【PIV】Hetero globino de la striitaj k kora muskoloj, kiu staplas oksigenon. Sin. (sinonimo) mioglobino.##偽分解(PIV正式分解)
58789	sang/o/glob/in/o⟦血/o/球ᴳ/in/o⟧:【化】【生】【PIV】Hemo globino 1.##偽分解(PIV正式分解)
58790	hiper/globul/emi/o⟦超/血球/血ᴱ/o⟧:【医】【PIV】Enesto de tro da globuloj en la sango; troglobuleco. Vd hipereritrocitemio.##偽分解(PIV正式分解)
58797	mal/gluk/o/liz/o⟦反/糖ᴳᴸ/o/解ᴸ/o⟧:【生】【化】【PIV】Estig^o de glukozo el piruvata k.a. (kaj aliaj) malgrandaj organikaj acidoj per reakcioj grandparte inversaj al tiuj de glukolizo.##偽分解(PIV正式分解)
58798	nov/gluk/o/genez/o⟦新/糖ᴳᴸ/o/源ᴳ/o⟧:【生】【化】【PIV】Estig^o de glukozo el piruvata k.a. (kaj aliaj) malgrandaj organikaj acidoj per reakcioj grandparte inversaj al tiuj de glukolizo.##偽分解(PIV正式分解)
58799	radi/o/goni/o/metr/o⟦射ᴿ/o/角ᴳ/o/计ᴹ/o⟧:【PIV】Ricevilo, ekipita per turnebla kadra anteno, k servanta por esplori la direkton de radiosendiloj. Vd radiobirilo.##偽分解
58813	mikro/grajn/a⟦微/粒ᴳ/a⟧:【PIV】Etgrajna.##偽分解
58821	hiper/granul/o/cit/emi/o⟦超/粒ᴳᴺ/o/胞ᶜᴵ/血ᴱ/o⟧:【PIV】Resp. (Respektive) tro granda au^ ne sufic^e granda kvanto de granulocitoj en la sango.##偽分解##過細分解 hiper/granul/o/c/i/t/emi/o
58822	hipo/granul/o/cit/emi/o⟦亚/粒ᴳᴺ/o/胞ᶜᴵ/血ᴱ/o⟧:【PIV】Resp. (Respektive) tro granda au^ ne sufic^e granda kvanto de granulocitoj en la sango.##偽分解##過細分解 hipo/granul/o/c/i/t/emi/o
58936	cikl/o/heks/an/on/o⟦环ᶜ/o/己/an/分/o⟧:【化】【PIV】C 6 H 10 O, grava bazmaterialo por la fabrikado de multaj kemiaj^oj, i.a. (interalie, inter aliaj) nilono.##偽分解(PIV正式分解)##過細分解 cikl/o/heks/a/n/o/n/o
58942	hemo/liz/in/o⟦血ᴴ/解ᴸ/in/o⟧:【生】【医】【PIV】(kn (kolektiva nomo)) Substanco, estiganta hemo lizon: sera hemolizino (post transfuzo de fremda sango); hemolizino de kobro, de mikrobo.##偽分解(PIV正式分解)
58957	karbon/hidr/id/o⟦碳/水ᴴ/子/o⟧:【化】【PIV】= hidrokarbono.##偽分解(PIV正式分解)##過細分解 karbon/h/i/d/r/id/o
58964	pale/o/hist/o/logi/o⟦古ᴾᴬ/o/织ᴴ/o/学ᴸᴳ/o⟧:【PIV】Scienco pri la fosiliaj histoj.##偽分解
58971	bi/holo/morf/a⟦二ᴮ/全ᴴ/形ᴹ/a⟧:【PIV】(pp (se paroli pri) bildigo) Estanta holomorfa k havanta holomorfan inverson.##偽分解
58972	bi/holo/morfi/o⟦二ᴮ/全ᴴ/形ᴹᴵ/o⟧:【PIV】Biholomorfa bildigo.##偽分解
58974	ko/homo/log/a⟦ko/同ᴴ/log/a⟧:【数】【PIV】Du kocikloj estas homologaj, se ilia diferenco estas korando de koc^eno.##偽分解
58975	ko/homo/logi/o⟦ko/同ᴴ/学ᴸᴳ/o⟧:【数】【PIV】1 Strukturo konstruita el nekohomologaj kocikloj. 2 Branc^o de la matematiko, kie oni studas kohomologion 1.##偽分解
59012	incid/indik/ator/o⟦射ᴵ/指ᴵ/具ᴬ/o⟧:【PIV】Instrumento indikanta la angulon, en plano de simetrio inter la trajektorio k la longakso de aviadilo.##偽分解(PIV正式分解)
59013	izol/indik/ator/o⟦隔/指ᴵ/具ᴬ/o⟧:【PIV】Instrumento, por mezuri la izolitecon de konduktilo.##偽分解(PIV正式分解)
59014	horizontal/indik/ator/o⟦横/指ᴵ/具ᴬ/o⟧:【PIV】Instrumento indikanta la angulojn de la transakso k longakso de aviadilo en flugado, rilate al la vertikalo.##偽分解(PIV正式分解)
59016	rapid/indik/ator/o⟦速/指ᴵ/具ᴬ/o⟧:【PIV】Instrumento, indikanta la rapidecon de veturilo, aviadilo, s^ipo ks (kaj simile, kaj similaj).##偽分解(PIV正式分解)
59017	voj/indik/ator/o⟦路/指ᴵ/具ᴬ/o⟧:【PIV】Instrumento, utiliganta giroskopon, k indikanta c^ian s^ang^ig^on en la direkto de aviadilo for de la rekta vojo.##偽分解(PIV正式分解)
59075	hipo/jod/it/a⟦亚/碘/盐ᴵ/a⟧:【PIV】Epiteto de acido HIO.##偽分解(PIV正式分解)
59199	poli/karbon/at/o⟦多ᴾ/碳/盐ᴬ/o⟧:【PIV】Malmola travidebla plasto, uzata anstatau^ vitro.##偽分解(PIV正式分解)
59200	hidr/o/karbon/at/o⟦水ᴴ/o/碳/盐ᴬ/o⟧:【PIV】Acida karbonato.##偽分解(PIV正式分解)##過細分解 h/i/d/r/o/karbon/at/o
59234	term/o/kau^ter/o⟦热ᵀ/o/灼/o⟧:【医】【PIV】Instrumento por fari fajropunktojn: en operacio termo kau^tero ebligas tranc^i histojn au^ koaguli sangon per bruligo.##偽分解(PIV正式分解)##過細分解 t/e/r/m/o/kau^ter/o
59238	el/kav/ator/o⟦出/洞/具ᴬ/o⟧:【技】【PIV】Fortika mas^ino, por elkavigi el tero. Vd fosmas^ino, skrapmas^ino.##偽分解(PIV正式分解)
59266	tio/keton/o:【PIV】= tiono.##偽分解(PIV正式分解)##過細分解 t/i/o/keton/o
59269	hidr/o/kinon/o⟦水ᴴ/o/kinon/o⟧:【PIV】Reduktita formo de kinono, rolanta en la c^elaj oksido-reduktoj, fotorivelanto.##偽分解(PIV正式分解)##過細分解 h/i/d/r/o/kinon/o
59270	hidr/o/benzo/kinon/o⟦水ᴴ/o/安息香/kinon/o⟧:【PIV】Reduktita formo de kinono, rolanta en la c^elaj oksido-reduktoj, fotorivelanto.##偽分解(PIV正式分解)##過細分解 h/i/d/r/o/benzo/kinon/o
59304	bio/klimat/o/logi/o⟦生ᴮᴼ/气候/o/学ᴸᴳ/o⟧:【PIV】Scienco pri la mezo-k mikro-klimato de la vivmedioj.##偽分解
59314	hipo/klor/id/emi/o⟦亚/氯/化ᴵᴰ/血ᴱ/o⟧:【PIV】Troo, resp. (respektive) nesufic^o de kloridoj en la sango.##偽分解(PIV正式分解)
59316	hipo/klor/it/o⟦亚/氯/盐ᴵ/o⟧:【化】【PIV】Salo de hipo klorita acido HClO.##偽分解(PIV正式分解)
59318	per/klor/at/o⟦过ᴾᴱᴿ/氯/盐ᴬ/o⟧:【化】【PIV】Salo de perklorata acido, HClO 4.##偽分解(PIV正式分解)##過細分解 p/e/r/klor/at/o
59319	sen/klor/id/ig^/o⟦无/氯/化ᴵᴰ/成/o⟧:【PIV】Perdo de la kloridoj de la organismo, ekz. (ekzemple) en okazo de abundaj vomoj au^ diareoj.##偽分解
59331	anti/kod/on/o⟦抗ᴬ/码/分/o⟧:【PIV】(evi (evitinda)) = kontrau^ kodono.##偽分解(PIV正式分解)##過細分解 anti/kod/o/n/o
59333	kontrau^/kod/on/o⟦对/码/分/o⟧:【PIV】Triopo da nukleotidoj el transdona RNA, kiu kongruas kun kodono de la responda mesag^a RNA. Sin. (sinonimo) kontrau^ kodero (de la gena kodo).##偽分解(PIV正式分解)##過細分解 kontrau^/kod/o/n/o
59338	enter/o/kojl/it/o⟦肠ᴱ/o/结肠/炎ᵀ/o⟧:【医】【PIV】Inflamo de la mukozoj k de la maldika intesto k de la kojlo.##偽分解(PIV正式分解)
59443	iris/o/koroid/it/o⟦虹膜/o/脉膜/炎ᵀ/o⟧:【医】【PIV】Inflamo de iriso k koroido.##偽分解
59447	hidr/o/kortizon/o⟦水ᴴ/o/kortizon/o⟧:【生】【PIV】Kortizolo.##偽分解(PIV正式分解)##過細分解 h/i/d/r/o/kortizon/o
59475	dis/kred/it/ig/i⟦散/信/受/使/i⟧:【PIV】Miskreditigi: ili diskreditigas nian ideon ; g^ia diskreditigado k detruado .##偽分解
59497	mikro/kristal/a⟦微/晶/a⟧:【地質】【PIV】(pp (se paroli pri) petro, senatente pri g^ia deveno) Konsistanta precipe au^ tute el nur mikroskope videblaj kristaloj. Vd etgrajna, mikrolita.##偽分解
59505	bi/kromi/at/o⟦二ᴮ/金ᴷᴿ/盐ᴬ/o⟧:【PIV】(ark. (arkaismo, arkaisme)) = dikromiato.##偽分解(PIV正式分解)
59506	di/kromi/at/o⟦二ᴰᴵ/金ᴷᴿ/盐ᴬ/o⟧:【化】【PIV】Salo de dikromiata acido, H 2 Cr 2 O 7.##偽分解(PIV正式分解)##過細分解 d/i/kromi/at/o
59629	izo/leu^cin/o⟦等ᴵ/亮ᴸ/o⟧:【化】【PIV】Aminacido tre parenca al leu^cino, CH 3-CH 2-CH(CH 3)-CH(NH 2)-COOH; simb. (simbolo): Ile.##偽分解(PIV正式分解)
59692	fosfo/lip/az/o⟦磷ᶠᴼ/唇/az/o⟧:【化】【PIV】Enzimo, katalizanta la hidrolizon de glicerofosfolipidoj.##偽分解(PIV正式分解)##過細分解 fosfo/l/i/p/az/o
59757	gren/malt/oz/aj^/o⟦谷ᴳ/麦芽/糖ᴼ/物/o⟧:【PIV】Ameo.##偽分解(PIV正式分解)
59769	eter/o/mani/o⟦eter/o/狂/o⟧:【PIV】Manio ebriig^i per etero.##偽分解
59770	vag/o/mani/o⟦荡/o/狂/o⟧:【医】【PIV】Malsaneca impulso vagadi.##偽分解
59777	sfigm/o/man/o/metr/o⟦脉ˢ/o/手/o/计ᴹ/o⟧:【医】【PIV】Iu arteria tensimetro.##偽分解##強語根分解##過細分解 sfigm/o/m/a/n/o/metr/o
59825	ost/o/medol/it/o⟦骨/o/髓ᴹᴰ/炎ᵀ/o⟧:【医】【PIV】Samtempa inflamo de osto k de ties medolo.##偽分解
59833	di/mer/o⟦二ᴰᴵ/链节/o⟧:【PIV】Molekulo, konsistanta el du meroj.##偽分解(PIV正式分解)##過細分解 d/i/mer/o
59834	mono/mer/o⟦单/链节/o⟧:【PIV】Molekulo, responda al mero, uzata en la fabrikado de poli mero.##偽分解(PIV正式分解)
59835	oligo/mer/o⟦寡ᴼ/链节/o⟧:【PIV】Molekulo, konsistanta el kelkaj meroj: dekstrino estas oligo mero au^ poli mero de glukozo.##偽分解(PIV正式分解)
59836	poli/mer/az/o⟦多ᴾ/链节/az/o⟧:【PIV】Enzimo, katalizanta polimerigon.##偽分解(PIV正式分解)
59837	poli/mer/ec/o⟦多ᴾ/链节/性/o⟧:【PIV】Eco de poli meroj, kiuj diferencas inter si nur pro la nombro de meroj.##偽分解(PIV正式分解)
59838	mal/poli/mer/ig/i⟦反/多ᴾ/链节/使/i⟧:【PIV】Malkombini polimeron en mono merojn.##偽分解(PIV正式分解)
59839	homo/poli/mer/o⟦同ᴴ/多ᴾ/链节/o⟧:【PIV】Poli mero, konsistanta el unuspecaj meroj: polietileno estas homopolimero de etileno.##偽分解(PIV正式分解)
59840	hetero/poli/mer/o⟦异ᴴ/多ᴾ/链节/o⟧:【化】【PIV】Poli mero, konsistanta el plurspecaj meroj: proteinoj estas heteropolimeroj de aminacidoj.##偽分解(PIV正式分解)
59841	tetra/mer/o⟦四ᵀ/链节/o⟧:【PIV】Molekulo, konsistanta el kvar meroj.##偽分解(PIV正式分解)
59842	tri/mer/o⟦三/链节/o⟧:【PIV】Molekulo, konsistanta el tri meroj.##偽分解(PIV正式分解)
59843	elast/o/poli/mer/o⟦弹ᴱ/o/多ᴾ/链节/o⟧:【化】【PIV】Poli mero, karakterizata de elastaj ecoj: kau^c^uko estas elasto mero. Rim. (Rimarko) La vortfino mero trovig^as en iuj sciencaj nomoj ne analizeblaj: izomero, mezomero k.a. (kaj aliaj)##偽分解(PIV正式分解)
59862	kilo/metr/il/o⟦千ᴷᴵ/计ᴹ/具/o⟧:【PIV】Nombrilo, kiu sumigas la veturitajn distancojn. Vd ciklometro.##偽分解
59866	mikro/mezur/il/o⟦微/测/具/o⟧:【技】【PIV】Instrumento por precize mezuri tre maldikajn objektojn per antau^eniro de s^rau^bo: okularia, objektiva mikro mezurilo de mikroskopo.##偽分解
59885	elektr/on/mikro/skop/o⟦电/子ᴼ/微/镜ˢᴷ/o⟧:【PIV】Mikroskopo, en kiu la lumradioj estas anstatau^ataj de elektronfluo: elektron mikroskopo pligrandigas g^is 100-oble pli ol la foton mikroskopo.##偽分解
59886	fot/on/mikro/skop/o⟦光ᶠ/子ᴼ/微/镜ˢᴷ/o⟧:【PIV】Mikroskopo 1.##偽分解
59904	anti/militar/ism/o⟦抗ᴬ/军ᴹ/主义/o⟧:【PIV】Idearo k sinteno kontrau^a al la influo k politiko de la militemuloj. Vd pacifismo, pacifisto.##偽分解
59905	anti/militar/ist/o⟦抗ᴬ/军ᴹ/家/o⟧:【PIV】Tiu, kiu kontrau^batalas la militarismon.##偽分解
59939	di/et/il/morfin/o⟦二/乙/基/morfin/o⟧:【PIV】Heroino.##偽分解(PIV正式分解)##過細分解 d/i/e/t/il/morfin/o
59940	centi/morgan/o⟦厘/morgan/o⟧:【生】【PIV】Centona unuo de la proporcio de postmejozaj rekombinaj^oj inter du genlokoj; esprimas la distancon inter genoj de la sama kromosomo.##偽分解(PIV正式分解)
59954	mikro/mov/a⟦微/动/a⟧:【PIV】(pp (se paroli pri) s^rau^bo) Servanta por malrapide k tre malmulte movi la tubon de mikroskopo au^ de alia optika aparato.##偽分解
60018	glomerul/o/nefr/it/o⟦球ᴳᴹ/o/肾ᴺ/炎ᵀ/o⟧:【医】【PIV】Inflamo de reno(j), en kiu c^efe la glomeruloj estas trafitaj.##偽分解(PIV正式分解)
60020	pio/nefr/it/o⟦脓ᴾᴵ/肾ᴺ/炎ᵀ/o⟧:【PIV】Pusa rena afekcio kun grava rena detruo k funkciperdo.##偽分解(PIV正式分解)
60021	pus/nefr/it/o⟦脓/肾ᴺ/炎ᵀ/o⟧:【PIV】Pusa rena afekcio kun grava rena detruo k funkciperdo.##偽分解(PIV正式分解)
60029	poli/neu^r/it/o⟦多ᴾ/神经ᴺᵁ̆/炎ᵀ/o⟧:【PIV】Malsano, karakterizata de samtempa inflamo de multaj nervoj.##偽分解(PIV正式分解)
60030	trofi/neu^r/oz/o⟦养ᵀ/神经ᴺᵁ̆/症ᴼ/o⟧:【PIV】Kn (Kolektiva nomo) de afekcioj, karakterizataj de nutradaj perturboj sen difinita lezo de la nerva sistemo.##偽分解(PIV正式分解)
60031	anti/neu^tr/on/o⟦抗ᴬ/中ᴺᴱ/子ᴼ/o⟧:【PIV】La antipartiklo de neu^trono.##偽分解
60038	hipo/nitr/it/o⟦亚/氮/盐ᴵ/o⟧:【化】【PIV】Salo de hipo nitrita acido H 2 N 2 O 2.##偽分解(PIV正式分解)
60039	sen/nitr/at/ig/o⟦无/氮/盐ᴬ/使/o⟧:【生態】【PIV】Reduktado de nitrato al nitrito, amonio k ec^ nitrogeno fare de nitratreduktaj bakterioj.##偽分解(PIV正式分解)
60065	okt/an/nombr/o⟦八度ᴼᴷ/an/数/o⟧:【PIV】Mezuro de la kvalito de benzino kompare kun pura izooktano (2,2,4-trimetilpentano), kiu havas la valoron 100, k heptano kun valoro 0.##偽分解(PIV正式分解)##過細分解 o/k/t/a/n/nombr/o
60067	plur/nomial/o⟦多ᴾᴿ/nomial/o⟧:【PIV】Potenco de plurtermo k ties elvolvaj^o: (a + b + c) ^n = a ^n + … estas trinomialo.##偽分解(PIV正式分解)
60075	para/normal/a⟦para/正ᴺ/a⟧:【PIV】(pp (se paroli pri) fenomeno, pruvita au^ ne) Ne klarigebla per la objektivaj scioj, klarigita de iuj per nekonataj fortoj i.a. (interalie, inter aliaj) psikaj. Vd levitacio, telekinezo, telepatio, -> parapsikologio.##偽分解(PIV正式分解)
60076	para/normal/o⟦para/正ᴺ/o⟧:【PIV】Tia fenomeno.##偽分解(PIV正式分解)
60084	ekzo/nukle/az/o⟦外ᴱᶻ/核ᴺ/az/o⟧:【生】【PIV】Enzimo, kiu tranc^as la fosfatesteran ligon inter la finaj nukleotidoj de plurnukleotida kateno.##偽分解(PIV正式分解)
60085	endo/nukle/az/o⟦内ᴱᴰ/核ᴺ/az/o⟧:【生】【PIV】Enzimo, kiu tranc^as la fosfatesteran ligon inter nefinaj nukleotidoj de plurnukleotida kateno.##偽分解(PIV正式分解)
60107	per/oksid/i⟦过ᴾᴱᴿ/氧化/i⟧:【PIV】(tr (transitiva)) 1 Oksidi substancon al pli alta oksida grado ol normale. 2 Tre heligi la harojn, uzante peroksidon: peroksidita blondulino.##偽分解(PIV正式分解)##過細分解 p/e/r/oksid/i
60108	per/oksid/az/o⟦过ᴾᴱᴿ/氧化/az/o⟧:【化】【PIV】Enzimo, kiu katalizas peroksidajn reakciojn, g^enerale la malkomponig^on: H 2 O 2 → H 2 O + ½O 2.##偽分解(PIV正式分解)##過細分解 p/e/r/oksid/az/o
60114	mono/ol/o⟦单/ol/o⟧:【化】【PIV】(kemio) Alkoholo kun unu hidroksila grupo (-OH).##偽分解(PIV正式分解)##過細分解 mono/o/l/o
60115	di/ol/o⟦二ᴰᴵ/ol/o⟧:【化】【PIV】(kemio) Alkoholo kun du hidroksilaj grupoj (-OH).##偽分解(PIV正式分解)##過細分解 d/i/o/l/o
60116	tri/ol/o⟦三/ol/o⟧:【化】【PIV】(kemio) Alkoholo kun tri hidroksilaj grupoj (-OH).##偽分解(PIV正式分解)##過細分解 tri/o/l/o
60117	tetra/ol/o⟦四ᵀ/ol/o⟧:【化】【PIV】(kemio) Alkoholo kun kvar hidroksilaj grupoj (-OH).##偽分解(PIV正式分解)##過細分解 tetra/o/l/o
60118	poli/ol/o⟦多ᴾ/ol/o⟧:【PIV】Alkoholo kun unu, du, tri, kvar… pluraj hidroksioj.##偽分解(PIV正式分解)##過細分解 poli/o/l/o
60125	du/on/ombr/o/polar/i/metr/o⟦二/分/影/o/极ᴾᴿ/i/计ᴹ/o⟧:【PIV】Polarimetro, en kiu ambau^ vidkampoj estas reduktataj al duon ombro per nikoloj.##偽分解
60127	mikro/ond/o⟦微/波/o⟧:【理】【PIV】Elektromagneta ondo kun ondlongo inter 1 m k 1 mm (milimetro(j)): mikro onda kuirilo.##偽分解
60165	ald/oz/o⟦中音/糖ᴼ/o⟧:【化】【PIV】Aldehida monosakarido.##偽分解(PIV正式分解)
60166	de/oksi/oz/o⟦从/氧/糖ᴼ/o⟧:【化】【PIV】Monosakarido, C n H 2n O n-1 au^ C n H 2n O n-2, kun unu au^ du oksigenatomoj malpli ol en ordinara monosakarido.##偽分解(PIV正式分解)
60167	furan/oz/o⟦furan/糖ᴼ/o⟧:【PIV】Monosakarido, karakterizata de kvinedra heterociklo (parenca al furano), konsistanta el 4 karbonatomoj k unu oksigenatomo: glukofuranozo; rib ozo estas furanozo.##偽分解(PIV正式分解)
60168	ket/oz/o⟦ket/糖ᴼ/o⟧:【化】【PIV】Ketona monosakarido.##偽分解(PIV正式分解)
60169	piran/oz/o⟦piran/糖ᴼ/o⟧:【PIV】Monosakarido, karakterizata de sesedra heterociklo (parenca al pirano), konsistanta el 5 karbonatomoj k unu oksigenatomo: glukopiranozo.##偽分解(PIV正式分解)
60170	sap/oz/id/o⟦皂/糖ᴼ/子/o⟧:【PIV】Saponino.##偽分解(PIV正式分解)
60171	pent/ozan/o⟦五ᴾᴱ/ozan/o⟧:【PIV】(kn (kolektiva nomo)) Polisakarido de pentozo, trovig^anta i.a. (interalie, inter aliaj) en hemicelulozo: pentozana sulfato (artefarita heparinsimila antikoagula substanco).##偽分解(PIV正式分解)##過細分解 p/e/n/t/ozan/o
60194	mikro/paleont/o/logi/o⟦微/古ᴾᴺ/o/学ᴸᴳ/o⟧:【PIV】Paleontologio de la mikroskopaj fosilioj.##偽分解##強語根分解
60258	fit/o/pat/o/logi/o⟦植ᶠ/o/病ᴾ/o/学ᴸᴳ/o⟧:【植】【PIV】Patologio de la plantoj.##偽分解##過細分解 fit/o/p/a/t/o/logi/o
60259	plant/pat/o/logi/o⟦植/病ᴾ/o/学ᴸᴳ/o⟧:【植】【PIV】Patologio de la plantoj.##偽分解##過細分解 plant/p/a/t/o/logi/o
60260	psik/o/pat/o/logi/o⟦心ᴾˢ/o/病ᴾ/o/学ᴸᴳ/o⟧:【医】【PIV】Studo de la psikaj malordoj.##偽分解##過細分解 psik/o/p/a/t/o/logi/o
60261	sem/pat/o/logi/o⟦种/病ᴾ/o/学ᴸᴳ/o⟧:【植】【PIV】Patologio de la semoj.##偽分解##過細分解 sem/p/a/t/o/logi/o
60268	sam/patr/i/an/o⟦同/父/i/员ᴬ/o⟧:【PIV】Ano de la sama patrujo.##偽分解
60306	2,2,4-tri/met/il/pent/an/o⟦2,2,4-三/甲/基/戊/an/o⟧:【化】【PIV】(CH 3) 3 C-CH 2-CH(CH 3) 2, izooktano. -> oktannombro.##偽分解(PIV正式分解)##過細分解 2,2,4-tri/m/e/t/il/p/e/n/t/a/n/o
60309	enter/o/peptid/az/o⟦肠ᴱ/o/peptid/az/o⟧:【生】【化】【PIV】Enzimo, sekreciata de la intesta mukozo k aktiviganta tripsinogenon al tripsino.##偽分解(PIV正式分解)
60380	mikro/pipet/o⟦微/移液/o⟧:【PIV】Pipeto, uzata c^efe de biokemiistoj por elpreni mikrolitrojn da likvoj.##偽分解
60409	tele/graf/plant/o⟦远/记ᴳ/植/o⟧:【PIV】Oscila desmodio.##偽分解(PIV正式分解)
60415	karot/en/plastid/o⟦胡萝卜/en/质体/o⟧:【PIV】Plastido kun karotenoidaj pigmentoj, de flava g^is rug^a. Sin. (sinonimo) kromoplasto.##偽分解(PIV正式分解)##過細分解 karot/e/n/plastid/o
60423	klor/platen/at/o⟦氯/白金/盐ᴬ/o⟧:【化】【PIV】Salo de (heksa)klor platenata acido, H 2 PtCl 6.##偽分解(PIV正式分解)
60424	heksa/klor/platen/at/o⟦六ᴴᴬ/氯/白金/盐ᴬ/o⟧:【化】【PIV】Salo de (heksa)klor platenata acido, H 2 PtCl 6.##偽分解(PIV正式分解)
60454	eritr/o/cit/o/poez/o⟦红ᴱ/o/胞ᶜᴵ/o/生ᴾ/o⟧:【PIV】Eritropoezo.##偽分解##過細分解 eritr/o/c/i/t/o/poez/o
60456	leu^ko/cit/o/poez/o⟦白ᴸ/胞ᶜᴵ/o/生ᴾ/o⟧:【PIV】Leu^kopoezo.##偽分解##過細分解 leu^ko/c/i/t/o/poez/o
60546	ripar/pro/cent/o⟦修/因ᴾ/百/o⟧:【PIV】Procento de materialo provizore neuzebla pro difekto.##偽分解
60565	izo/prop/il/o⟦等ᴵ/丙/基/o⟧:【化】【PIV】La radiko (CH 3) 2 CH-: izopropilbenzeno, C 6 H 5-CH(CH 3) 2.##偽分解(PIV正式分解)
60566	izo/propol/o⟦等ᴵ/propol/o⟧:【PIV】2-propanolo.##偽分解
60703	term/o/regul/ig/o⟦热ᵀ/o/规/使/o⟧:【生】【PIV】Reguligo de varmo-produktado k -perdoj c^e homeotermaj vivuloj, el kio rezultas konstanta temperaturo de ilia korpo.##偽分解(PIV正式分解)##過細分解 t/e/r/m/o/regul/ig/o
60705	term/o/regul/ig/il/o⟦热ᵀ/o/规/使/具/o⟧:【PIV】Au^tomata aparato, por la reguligo de la varmo.##偽分解(PIV正式分解)##過細分解 t/e/r/m/o/regul/ig/il/o
60718	term/o/relajs/o⟦热ᵀ/o/转ᴿᴸ/o⟧:【電】【PIV】Relajso, sensiva al variado de temperaturo.##偽分解(PIV正式分解)##過細分解 t/e/r/m/o/relajs/o
60735	de/oksi/rib/oz/o⟦从/氧/醋栗/糖ᴼ/o⟧:【化】【PIV】Sukero (pentozo), kiu diferencas de ribozo nur pro manko de unu atomo de oksigeno, CH 2 OH(CHOH) 2 CH 2 CHO; parto de la molekulo de la deoksi ribonukleaj acidoj. Vd ribo II, nukleo.##偽分解(PIV正式分解)
60827	di/sakar/id/o⟦二ᴰᴵ/蔗/子/o⟧:【PIV】(kemio) Sakarido konsistanta el du monosakaridaj unuoj (ekz. sakarozo, laktozo).##偽分解(PIV正式分解)##過細分解 d/i/sakar/id/o
60828	tri/sakar/id/o⟦三/蔗/子/o⟧:【PIV】(kemio) Sakarido konsistanta el tri monosakaridaj unuoj.##偽分解(PIV正式分解)
60829	oligo/sakar/id/o⟦寡ᴼ/蔗/子/o⟧:【化】【PIV】Sakarido, konsistanta el du, tri…, kelkaj au^ multaj mono sakaridoj duope ligitaj per oksigenatomo.##偽分解(PIV正式分解)
60830	poli/sakar/id/o⟦多ᴾ/蔗/子/o⟧:【化】【PIV】Sakarido, konsistanta el du, tri…, kelkaj au^ multaj mono sakaridoj duope ligitaj per oksigenatomo.##偽分解(PIV正式分解)
60831	hetero/poli/sakar/id/o⟦异ᴴ/多ᴾ/蔗/子/o⟧:【PIV】Poli sakarido, konsistanta el plurspecaj mono sakaridoj.##偽分解(PIV正式分解)
60832	homo/poli/sakar/id/o⟦同ᴴ/多ᴾ/蔗/子/o⟧:【PIV】Poli sakarido, konsistanta el multaj molekuloj de la sama mono sakarido.##偽分解(PIV正式分解)
60833	mono/sakar/id/o⟦单/蔗/子/o⟧:【化】【PIV】Sakarido, konsistanta el nur unu polihidroksila aldehido au^ ketono. Sin. (sinonimo) ozo, simpla sukero.##偽分解(PIV正式分解)
60834	muk/o/poli/sakar/id/o⟦粘/o/多ᴾ/蔗/子/o⟧:【PIV】Kn (Kolektiva nomo) de kompleksaj heteropolisakaridoj - kun sulfato, funkcioj aminoj k funkcioj acidoj -, konsistaj^oj de tre viskecaj glikoproteinoj de la interc^ela spaco de animalaj histoj.##偽分解(PIV正式分解)
60840	ot/o/salping/it/o⟦耳ᴼᵀ/o/管ˢ/炎ᵀ/o⟧:【医】【PIV】Inflamo de otosalpingo(j).##偽分解(PIV正式分解)
60956	alumini/silici/at/o⟦铝/硅ˢᴵ/盐ᴬ/o⟧:【地質】【PIV】Siliciato, en kiu Al anstatau^as iajn atomojn de Si de la tetraedroj: la feldspatoj estas alumini siliciatoj.##偽分解(PIV正式分解)
60957	c^en/silici/at/o⟦链/硅ˢᴵ/盐ᴬ/o⟧:【地質】【PIV】Siliciato el kvaredroj, arig^intaj en rektan c^enon, simplan (ekz. (ekzemple) piroksenoj) au^ duoblan (ekz. (ekzemple) amfiboloj).##偽分解(PIV正式分解)
60958	par/silici/at/o⟦偶/硅ˢᴵ/盐ᴬ/o⟧:【地質】【PIV】Siliciato el duopaj (paraj) kvaredroj; ekz. (ekzemple) epidoto.##偽分解(PIV正式分解)
60959	foli/silici/at/o⟦叶/硅ˢᴵ/盐ᴬ/o⟧:【地質】【PIV】Siliciato el kvaredroj, arig^intaj en foliaj^ojn; ekz. (ekzemple) glimoj.##偽分解(PIV正式分解)
60960	fluor/silici/at/o⟦气ᶠ/硅ˢᴵ/盐ᴬ/o⟧:【化】【PIV】Salo de fluor siliciata acido, H 2 SiF 6.##偽分解(PIV正式分解)
60961	ret/silici/at/o⟦网/硅ˢᴵ/盐ᴬ/o⟧:【地質】【PIV】Siliciato el kvaredroj, arig^intaj en tridimensian reton; ekz. (ekzemple) kvarco, feldspatoj.##偽分解(PIV正式分解)
60962	ring/silici/at/o⟦环/硅ˢᴵ/盐ᴬ/o⟧:【地質】【PIV】Siliciato el kvaredroj, arig^intaj en ringojn pro ligoj-O-O-; ekz. (ekzemple) berilo, turmalino.##偽分解(PIV正式分解)
60963	izol/silici/at/o⟦隔/硅ˢᴵ/盐ᴬ/o⟧:【地質】【PIV】Siliciato el unuopaj (izolaj) kvaredroj; ekz. (ekzemple) grenatoj, peridotoj.##偽分解(PIV正式分解)
60976	mal/sin/kron/ig^/i⟦反/共ˢ/时ᴷ/成/i⟧:【PIV】(pp (se paroli pri) elektra mas^ino, filmo ktp (kaj tiel plu)) Perdi la sinkronecon.##偽分解##過細分解 mal/s/i/n/k/r/o/n/ig^/i
60998	plat/skler/oz/o⟦扁/硬ˢ/症ᴼ/o⟧:【PIV】Afekcio de la nervaj centroj, karakterizata de skleraj platoj trovig^antaj surface de la cerebraj giroj k de la mjelo, kiuj lau^ siaj lokig^oj estigas plej diversajn nervajn simptomojn: plat sklerozo devenas el degenero de la mjelino.##偽分解
61022	fit/o/soci/o/logi/o⟦植ᶠ/o/社/o/学ᴸᴳ/o⟧:【PIV】Scienco pri la vegetaj^aj kunaj^oj, pli speciale asocioj.##偽分解
61067	cefal/o/spin/a⟦头ᶜ/o/脊/a⟧:【PIV】Rilata al cerbo au^ cefalo k al spino: cerbo spina likvo.##偽分解(PIV正式分解)
61070	en/spir/ator/o⟦内/息/具ᴬ/o⟧:【医】【PIV】1 Aparataro por enspirado de aerosoloj au^ vaporigitaj kuracaj substancoj. 2 Sekuriga arang^aj^o kontrau^ la enspirado de malvarma aero, de polvo en fabrikoj ks (kaj simile, kaj similaj).##偽分解(PIV正式分解)
61081	spor/angi/spor/o⟦胞子/脉ᴬᴺ/胞子/o⟧:【植】【PIV】Sporo, formig^anta en sporangio.##偽分解
61130	kolesterol/emi/o⟦胆醇/血ᴱ/o⟧:【生】【医】【PIV】Kvanto de kole sterolo en la sango.##偽分解(PIV正式分解)
61139	gonad/o/stimul/in/o⟦性腺/o/激ˢ/in/o⟧:【生】【PIV】(kn (kolektiva nomo)) Hipofiza hormono, kiu stimulas la gonadojn: luteo stimulino k foliklo stimulino estas la precipaj gonadostimulinoj.##偽分解(PIV正式分解)
61179	bi/sulf/at/o⟦二ᴮ/硫/盐ᴬ/o⟧:【化】【PIV】Acida salo de sulfata acido: natria bisulfato, NaHSO 4.##偽分解(PIV正式分解)
61180	hidr/o/gen/sulf/at/o⟦水ᴴ/o/生ᴳ/硫/盐ᴬ/o⟧:【化】【PIV】Acida salo de sulfata acido: natria bisulfato, NaHSO 4.##偽分解(PIV正式分解)##過細分解 h/i/d/r/o/gen/sulf/at/o
61181	bi/sulf/it/o⟦二ᴮ/硫/盐ᴵ/o⟧:【化】【PIV】Salo de la acida sulfita acido: natria bisulfito, NaHSO 3 estas uzata kiel antibakteria substanco en cidro-k vinfarad o.##偽分解(PIV正式分解)
61182	hidr/o/gen/sulf/it/o⟦水ᴴ/o/生ᴳ/硫/盐ᴵ/o⟧:【化】【PIV】Salo de la acida sulfita acido: natria bisulfito, NaHSO 3 estas uzata kiel antibakteria substanco en cidro-k vinfarad o.##偽分解(PIV正式分解)##過細分解 h/i/d/r/o/gen/sulf/it/o
61183	hidr/o/sulf/it/o⟦水ᴴ/o/硫/盐ᴵ/o⟧:【PIV】(ark. (arkaismo, arkaisme)) = ditionito (Vd (vidu) tion/).##偽分解(PIV正式分解)##過細分解 h/i/d/r/o/sulf/it/o
61184	meta/bi/sulf/it/o⟦超ᴹ/二ᴮ/硫/盐ᴵ/o⟧:【化】【PIV】Salo de la acido H 2 S 2 O 5: natria metabisulfito estas uzata kiel antioksidanto en la farmacia industrio.##偽分解(PIV正式分解)
61185	per/sulf/at/oj⟦过ᴾᴱᴿ/硫/盐ᴬ/oj⟧:【化】【PIV】Saloj de la nestabilaj peroksi sulfata acido, H 2 SO 5, k peroksidisulfata acido, H 2 S 2 O 8: natria persulfato, Na 2 S 2 O 8, estas iniciatanto de polimerizado en la fabrikado de iaj plastoj.##偽分解(PIV正式分解)##過細分解 p/e/r/sulf/at/oj
61186	pir/o/sulf/at/o⟦火ᴾ/o/硫/盐ᴬ/o⟧:【化】【PIV】Salo de pirosulfata (disulfata) acido HO-S(O 2)-O-S(O 2)-OH.##偽分解(PIV正式分解)##過細分解 p/i/r/o/sulf/at/o
61187	pir/o/sulf/it/o⟦火ᴾ/o/硫/盐ᴵ/o⟧:【PIV】= metabisulfito.##偽分解(PIV正式分解)##過細分解 p/i/r/o/sulf/it/o
61188	tio/sulf/at/o⟦tio/硫/盐ᴬ/o⟧:【化】【PIV】Salo de tiosulfata acido, H 2 S 2 O 3: natria tiosulfato estas fotografia fiksanto.##偽分解(PIV正式分解)##過細分解 t/i/o/sulf/at/o
61189	tio/sulf/it/o⟦tio/硫/盐ᴵ/o⟧:【化】【PIV】Salo de tiosulfa acido, H 2 S 2 O 2.##偽分解(PIV正式分解)##過細分解 t/i/o/sulf/it/o
61330	izo/s^unt/o⟦等ᴵ/分流/o⟧:【PIV】S^unto, kies rezistanco estas egala al tiu de alia s^unto, lokita serie kun g^i.##偽分解(PIV正式分解)
61371	gajl/o/tan/in/o⟦树瘤/o/制革/in/o⟧:【化】【PIV】(kn (kolektiva nomo)) Hidrolizebla tanino, polimero de gajlata acido k de glukozo.##偽分解(PIV正式分解)
61377	bor/o/tartr/at/o⟦矿ᴮ/o/酒石/盐ᴬ/o⟧:【化】【PIV】Salo de kombinaj^o el tartrata k borata acidoj.##偽分解(PIV正式分解)
61406	radi/o/tele/fon/i/o⟦射ᴿ/o/远/声ᶠᴼ/i/o⟧:【PIV】Telefonio 1, uzanta elektromagnetajn ondojn.##偽分解
61407	fot/o/tele/grafi/o⟦拍/o/远/志ᴳ/o⟧:【PIV】Sistemo de transsendado de bildoj per telegrafio.##偽分解
61436	hipo/tensi/ig/il/o⟦亚/压ᵀ/使/具/o⟧:【医】【PIV】Medikamento, estiganta hipo tension.##偽分解
61448	bio/terapi/o⟦生ᴮᴼ/疗/o⟧:【PIV】Kuracado per biologiaj substancoj au^ mikroboj.##偽分解
61449	aktin/o/terapi/o⟦射ᴬ/o/疗/o⟧:【PIV】Terapio per aktinaj radiadoj.##偽分解(PIV正式分解)
61450	fokus/terapi/o⟦焦点/疗/o⟧:【PIV】Psika terapio, celanta klarigi k per tio kuraci specifan konflikton perturbo-generan en homo.##偽分解
61451	frid/o/terapi/o⟦冷ᶠ/o/疗/o⟧:【PIV】Terapia uzo de la malvarmo kreita jen per frida dus^o au^ bano, malseka envolvig^o, glacioveziko, jen per metila klorido, karbonacida neg^o k.a. (kaj aliaj).##偽分解
61452	hipnot/o/terapi/o⟦催眠/o/疗/o⟧:【PIV】Terapia uzo de hipnoto, ekz. (ekzemple) por malpliigi dolorojn.##偽分解
61453	insulin/o/terapi/o⟦胰岛素/o/疗/o⟧:【PIV】Terapio per insulino.##偽分解(PIV正式分解)
61454	kelat/o/terapi/o⟦kelat/o/疗/o⟧:【PIV】Terapia uzo de kelatigantoj kontrau^ pezmetalaj toksig^oj.##偽分解(PIV正式分解)
61455	kemi/terapi/o⟦化学/疗/o⟧:【PIV】Kuracado, pli speciale de kanceroj, per kemiaj substancoj.##偽分解
61456	kinez/o/terapi/o⟦动ᴷᶻ/o/疗/o⟧:【PIV】C^iu kuracado per movoj aktivaj au^ pasivaj.##偽分解(PIV正式分解)
61457	kinez/o/terapi/ist/o⟦动ᴷᶻ/o/疗/家/o⟧:【PIV】Fakulo pri kinezo terapio.##偽分解(PIV正式分解)
61458	kolaps/o/terapi/o⟦崩/o/疗/o⟧:【PIV】(ark. (arkaismo, arkaisme)) Tuto de la terapiaj metodoj medicinaj au^ kirurgiaj, kiuj ebligas al la pulmo cikatrig^i per platigo de g^iaj kavernoj (pneu^motorako, torakoplastio k.a. (kaj aliaj)).##偽分解
61459	konvulsi/terapi/o⟦抽风/疗/o⟧:【PIV】Traktado de diversaj psikozoj per konvulsiaj s^okoj.##偽分解
61460	kortik/o/terapi/o⟦皮ᴷ/o/疗/o⟧:【PIV】Terapio per kortikosteroidoj (kortizono k parencaj hormonoj k iliaj derivaj^oj).##偽分解(PIV正式分解)
61461	kortizon/terapi/o⟦kortizon/疗/o⟧:【PIV】Terapio per kortikosteroidoj (kortizono k parencaj hormonoj k iliaj derivaj^oj).##偽分解(PIV正式分解)
61462	kuri/terapi/o⟦廷/疗/o⟧:【PIV】(ark. (arkaismo, arkaisme)) Terapio per radiumo k artefaritaj radioelementoj.##偽分解
61463	lum/terapi/o⟦光/疗/o⟧:【PIV】Foto terapio.##偽分解
61464	mekanik/o/terapi/o⟦械/o/疗/o⟧:【PIV】Uzo de specialaj mekanikaj aparatoj por kuracocele movi la artikojn ktp (kaj tiel plu).##偽分解
61465	ozon/terapi/o⟦臭氧/疗/o⟧:【PIV】Terapio per miksaj^o el oksigeno k ozono.##偽分解
61466	sun/terapi/o⟦阳/疗/o⟧:【PIV】Terapio per la sunradioj.##偽分解
61467	term/o/terapi/o⟦热ᵀ/o/疗/o⟧:【PIV】Varmo terapio.##偽分解(PIV正式分解)##過細分解 t/e/r/m/o/terapi/o
61473	elektr/o/term/ik/o⟦电/o/热ᵀ/学ᴵ/o⟧:【PIV】Scienco pri la varmo, produktata de kurento.##偽分解##過細分解 elektr/o/t/e/r/m/ik/o
61484	di/tionat/o⟦二ᴰᴵ/硫ᵀ/o⟧:【化】【PIV】Salo de ditionata acido, H 2 O 6 S 2, unu el la politionataj acidoj.##偽分解##過細分解 d/i/tionat/o
61485	tetra/tionat/o⟦四ᵀ/硫ᵀ/o⟧:【化】【PIV】Salo de tetrationata acido, H 2 O 6 S 4.##偽分解
61514	but/il/hidr/oksi/toluen/o⟦丁/基/水ᴴ/氧/toluen/o⟧:【化】【PIV】C 15 H 24 O, (BHT) antioksidanto, uzata por malhelpi la rancig^adon de mang^aj^oj.##偽分解(PIV正式分解)##過細分解 b/u/t/il/h/i/d/r/oksi/toluen/o
61518	du/ton/al/ec/o⟦二/调/al/性/o⟧:【PIV】Kunekzisto de du tonaloj.##偽分解
61519	mult/ton/al/ec/o⟦多/调/al/性/o⟧:【PIV】Kunekzisto de diversaj tonaloj.##偽分解
61520	ne/ton/al/a⟦不/调/al/a⟧:【楽】【PIV】Komponita lau^ sistemo, kiu ne obeas la tonalajn regulojn de la harmonio: netonala muziko.##偽分解
61521	sen/ton/al/a⟦无/调/al/a⟧:【楽】【PIV】Komponita lau^ sistemo, kiu ne obeas la tonalajn regulojn de la harmonio: netonala muziko.##偽分解
61527	cefal/o/torak/o⟦头ᶜ/o/胸ᵀ/o⟧:【動】【PIV】Antau^a parto de la korpo de iuj artropodoj (krustacoj, araneuloj), kiu devenas el la kunig^o de la kapo k torako.##偽分解(PIV正式分解)
61566	hiper/trofi/a⟦超/养ᵀ/a⟧:【PIV】Superkreskinta pro hiper trofio.##偽分解(PIV正式分解)
61567	hiper/trofi/i⟦超/养ᵀ/i⟧:【PIV】(tr (transitiva)) Fari organon hipertrofia.##偽分解(PIV正式分解)
61631	tio/ure/o⟦tio/尿素/o⟧:【化】【PIV】H 2 N-CS-NH 2, fotografia fiksanto, vulkaniza reakcianto.##偽分解(PIV正式分解)##過細分解 t/i/o/ure/o
61795	proto/zo/oz/o⟦原ᴾᵀ/兽ᶻ/症ᴼ/o⟧:【医】【PIV】Kn (Kolektiva nomo) por infektaj malsanoj de homo k bestoj, kau^zataj de protozooj.##偽分解(PIV正式分解)
61834	tri/klor/id/o⟦三/氯/化ᴵᴰ/o⟧:【PIV】Kombinaj^o, konsistanta el du, tri atomoj de kloro k unu atomo de metalo: hidrarga dikloro, HgCl2.##偽分解
61839	endo/plasm/a⟦内ᴱᴰ/浆/a⟧:【生】【PIV】Trovig^anta interne de la c^elplasmo: endoplasma reto (Sin. enc^ela reto).##偽分解(PIV正式分解)
61841	di/sulf/id/o⟦二ᴰᴵ/硫/化ᴵᴰ/o⟧:【化】【PIV】Organika substanco kun la g^enerala formulo R-S-S-R: la aminacido cistino estas disulfido, kiu grave rolas en la strukturo de proteinoj.##偽分解(PIV正式分解)##過細分解 d/i/sulf/id/o
61859	hidr/o/gen/karbon/at/o⟦水ᴴ/o/生ᴳ/碳/盐ᴬ/o⟧:【PIV】Acida karbonato.##偽分解(PIV正式分解)##過細分解 h/i/d/r/o/gen/karbon/at/o
61876	di/oksid/o⟦二ᴰᴵ/氧化/o⟧:【PIV】Oksido kun du oksigenatomoj: karbona dioksido (Vd karbono).##偽分解(PIV正式分解)##過細分解 d/i/oksid/o
61877	mono/oksid/o⟦单/氧化/o⟧:【PIV】Oksido kun unu oksigenatomo: karbona monooksido (Vd karbono).##偽分解(PIV正式分解)
61900	##重複語Alg^er/i/an/o:【PIV】Civitano de Alg^erio.##偽分解
61925	Asir/i/an/o:【PIV】1 Ano de la popolo log^anta en Asirio: ve al la Asiriano, la vergo de Mia kolero! . 2 Ano de etno vivanta nun en diversaj landoj, i.a. (interalie, inter aliaj) de Mezoriento k Transkau^kazio.##偽分解
61945	Bapt/ist/o:【PIV】Vira nomo (ofte Johan-Baptisto).##偽分解(衝突語)
61951	bohem/i/o:【PIV】Vivmaniero, en kiu mals^atataj estas sociaj konvencioj, regulaj okupoj k severaj moroj: la Montmartra bohemio.##偽分解(衝突語)
61968	##重複語Dor/i/an/o:【PIV】Ano el unu el la helenaj triboj, kiuj sekvis la Ah^ajanojn en Grekion. Vd Iono.##偽分解
61992	franc/i/o:【化】【PIV】Radioaktiva elemento, Fr, atomnumero 87, atommaso 223,02.##偽分解(衝突語)
62030	ion/i/o⟦离子ᴵ/i/o⟧:【化】【PIV】(ark. (arkaismo, arkaisme)) Radioaktiva elemento, Io, atomnumero 90, atommaso 230, izotopo de torio.##偽分解(衝突語)
62045	Kab/o-Verd/a:【PIV】Rilata al Kabo-Verdo (insulara respubliko okcidente de Afriko).##偽分解
62054	Kap/et/o:【PIV】Kromnomo de Hugo (941−996), fondinto de dinastio de Franciaj reg^oj.##偽分解(衝突語)
62070	klement/in/o⟦klement/女/o⟧:【植】【PIV】Frukto tre simila al mandarino, sed malfrue maturig^inta, kun orang^e rug^a s^elo.##偽分解(衝突語)
62092	ligur/i/o:【PIV】Speco de gemo.##偽分解(衝突語)
62114	mar/i/o⟦海/i/o⟧:【PIV】Ano de gento, log^anta en Mariujo k c^irkau^aj regionoj.##偽分解
62201	Roman/o:【PIV】1 Civitano de Romo: municipoj fonditaj de la Romanoj ; (f (figurasence)) mi nun ne volas resti Dano, mi ankau^ apartenas al la Romanoj . 2 Log^anto de Romo: Epistolo al la Romanoj. 3 (ark. (arkaismo, arkaisme), maj. (majuskle) au^ min. (minuskle)) Homo, parolanta latinidan lingvon: slavoj ofte posedas en E. pli bonan stilon, ol germanoj au^ Romanoj . / 1 Literatura eposa proza verko, konsistanta el longa rakonto pri image elpensitaj au^ arang^itaj faktoj: li ne estis amanto de la anglaj romanoj pri guvernantinoj ; biografia, aventura, detektiva, sciencfikcia romano; nigra romano (antau^e kun fantomoj, rabistoj ks (kaj simile, kaj similaj), nun kun gangsteraj perfortaj^oj); mantelponarda romano (kiel «La Tri Musketeroj»). Vd fabelo, felietono, historio, novelo. 2 Mezepoka rakonto, plejofte versa, pri la fabelaj aventuroj de kavalira heroo: la romanoj de la Tablo Ronda; la romano de Gralo; (ironie) la romano de Renardo. 3 (f (figurasence)) Rakonto, plena de neatenditaj okazaj^oj; pli-malpli vers^ajna rakonto: lia vivo estis vera romano; la plej rimarkinda el c^iuj romanoj .##偽分解(衝突語)
62202	Roman/a:【PIV】(maj. (majuskle) au^ min. (minuskle)) Rilata al la antikvaj Romanoj: la Romana cemento (hidrau^lika); la Romana (latinida) fundamento de nia lingvo . Rim. (Rimarko) Pro la eblaj konfuzoj kun roman estas pli bone konservi la komencan majusklon c^e Romano, Romana.##偽分解(衝突語)
62204	Roman/ist/o:【PIV】Specialisto pri la latinidaj lingvoj.##偽分解(衝突語)
62209	ruten/i/o:【化】【PIV】Rutenujo. Regiono, sudokcidente de Karpatoj, aparteninta al Hungario, al C^eh^oslovakio, nun parto de Ukrainio (23°E, 48°30′N). / 1 Elemento, Ru, kun amfotera karaktero, atomnumero 44, atommaso 101,07: rutenia triklorido (RuCl 3); ruteniaj kombinaj^oj. 2 Metalo.##偽分解(衝突語)
62219	SATan/o:【PIV】Ano de SAT.##偽分解(衝突語)
62230	##重複語Sir/i/a:【PIV】Rilata al Sirio: la siria lingvo (U dialekto de la aramea).##偽分解
62231	##重複語Sir/i/an/o:【PIV】Ano de la c^efa gento de Sirio: vaganta Siriano .##偽分解
62260	##重複語Tom/ism/o:【キ】【PIV】Filozofia k teologia sistemo de Tomaso la Akvinano, esence konsistanta en adapto de la filozofio de Aristotelo al la kristanismaj dogmoj.##偽分解(PIV正式分解)##過細分解 T/o/m/ism/o
